2026-10-06 15:07:25,708 [INFO] Activator:176 - 


2026-10-06 15:07:25,713 [INFO] Activator:177 - !SESSION log4j initialized
2026-10-06 15:07:30,498 [INFO] LogOutputStream:77 - [STDOUT_REDIRECT] 
2026-10-06 15:07:31,239 [INFO] ApplicationProperties:184 - Using Application install path: C:\ST\STM32CubeIDE_1.19.0\STM32CubeIDE\plugins\com.st.stm32cube.common.mx_6.15.0.202507011659
2026-10-06 15:07:31,256 [INFO] DbMcusXml:78 - Set database path to: C:\ST\STM32CubeIDE_1.19.0\STM32CubeIDE\plugins\com.st.stm32cube.common.mx_6.15.0.202507011659\\db\/mcu/
2026-10-06 15:07:31,256 [INFO] ApiDb:274 - Set plugin database path to: C:\ST\STM32CubeIDE_1.19.0\STM32CubeIDE\plugins\com.st.stm32cube.common.mx_6.15.0.202507011659\\db\/plugins/boardmanager/
2026-10-06 15:07:31,257 [WARN] ApiDb:259 - Overriding images path with different value:  => C:\ST\STM32CubeIDE_1.19.0\STM32CubeIDE\plugins\com.st.stm32cube.common.mx_6.15.0.202507011659\\db\/plugins/mcufinder/images/
2026-10-06 15:07:31,265 [INFO] ApiDb:250 - Set database path to: C:\Users\DELL\.stmcufinder\plugins\mcufinder//mcu/
2026-10-06 15:07:31,266 [INFO] DbMcusAds:125 - Set database path to: C:\Users\DELL\.stmcufinder\plugins\mcufinder//mcu/
2026-10-06 15:07:31,268 [INFO] CrossReferenceDbSqlite:203 - Set database path to: C:\Users\DELL\.stmcufinder\plugins\mcufinder//mcu/cs/
2026-10-06 15:07:31,364 [INFO] RulesReader:64 - Compatibility file has been processed (317 Rules)
2026-10-06 15:07:31,434 [INFO] DbMcusXml:78 - Set database path to: C:\ST\STM32CubeIDE_1.19.0\STM32CubeIDE\plugins\com.st.stm32cube.common.mx_6.15.0.202507011659\\db\/mcu/
2026-10-06 15:07:31,434 [INFO] ApiDb:274 - Set plugin database path to: C:\ST\STM32CubeIDE_1.19.0\STM32CubeIDE\plugins\com.st.stm32cube.common.mx_6.15.0.202507011659\\db\/plugins/boardmanager/
2026-10-06 15:07:31,434 [INFO] ApiDb:261 - Set plugin images path to: C:\ST\STM32CubeIDE_1.19.0\STM32CubeIDE\plugins\com.st.stm32cube.common.mx_6.15.0.202507011659\\db\/plugins/mcufinder/images/
2026-10-06 15:07:31,434 [WARN] DbFile:41 - Overriding database path with different value: C:\Users\DELL\.stmcufinder\plugins\mcufinder/ => C:\Users\DELL\.stmcufinder\plugins\mcufinder
2026-10-06 15:07:31,434 [INFO] ApiDb:250 - Set database path to: C:\Users\DELL\.stmcufinder\plugins\mcufinder//mcu/
2026-10-06 15:07:31,434 [WARN] DbFile:41 - Overriding database path with different value: C:\Users\DELL\.stmcufinder\plugins\mcufinder/ => C:\Users\DELL\.stmcufinder\plugins\mcufinder
2026-10-06 15:07:31,434 [INFO] DbMcusAds:125 - Set database path to: C:\Users\DELL\.stmcufinder\plugins\mcufinder//mcu/
2026-10-06 15:07:31,434 [WARN] DbFile:41 - Overriding database path with different value: C:\Users\DELL\.stmcufinder\plugins\mcufinder/ => C:\Users\DELL\.stmcufinder\plugins\mcufinder
2026-10-06 15:07:31,435 [WARN] DbFile:41 - Overriding database path with different value: C:\Users\DELL\.stmcufinder\plugins\mcufinder/ => C:\Users\DELL\.stmcufinder\plugins\mcufinder
2026-10-06 15:07:31,435 [INFO] CrossReferenceDbSqlite:203 - Set database path to: C:\Users\DELL\.stmcufinder\plugins\mcufinder//mcu/cs/
2026-10-06 15:07:31,493 [INFO] MainPanel:274 - HeapMemory: 268435456
2026-10-06 15:07:31,589 [INFO] DbMcusXml:78 - Set database path to: C:\ST\STM32CubeIDE_1.19.0\STM32CubeIDE\plugins\com.st.stm32cube.common.mx_6.15.0.202507011659\\db\/mcu/
2026-10-06 15:07:31,589 [INFO] ApiDb:274 - Set plugin database path to: C:\ST\STM32CubeIDE_1.19.0\STM32CubeIDE\plugins\com.st.stm32cube.common.mx_6.15.0.202507011659\\db\/plugins/boardmanager/
2026-10-06 15:07:31,589 [INFO] ApiDb:261 - Set plugin images path to: C:\ST\STM32CubeIDE_1.19.0\STM32CubeIDE\plugins\com.st.stm32cube.common.mx_6.15.0.202507011659\\db\/plugins/mcufinder/images/
2026-10-06 15:07:31,590 [WARN] DbFile:41 - Overriding database path with different value: C:\Users\DELL\.stmcufinder\plugins\mcufinder/ => C:\Users\DELL\.stmcufinder\plugins\mcufinder
2026-10-06 15:07:31,590 [INFO] ApiDb:250 - Set database path to: C:\Users\DELL\.stmcufinder\plugins\mcufinder//mcu/
2026-10-06 15:07:31,590 [WARN] DbFile:41 - Overriding database path with different value: C:\Users\DELL\.stmcufinder\plugins\mcufinder/ => C:\Users\DELL\.stmcufinder\plugins\mcufinder
2026-10-06 15:07:31,590 [INFO] DbMcusAds:125 - Set database path to: C:\Users\DELL\.stmcufinder\plugins\mcufinder//mcu/
2026-10-06 15:07:31,590 [WARN] DbFile:41 - Overriding database path with different value: C:\Users\DELL\.stmcufinder\plugins\mcufinder/ => C:\Users\DELL\.stmcufinder\plugins\mcufinder
2026-10-06 15:07:31,590 [WARN] DbFile:41 - Overriding database path with different value: C:\Users\DELL\.stmcufinder\plugins\mcufinder/ => C:\Users\DELL\.stmcufinder\plugins\mcufinder
2026-10-06 15:07:31,590 [INFO] CrossReferenceDbSqlite:203 - Set database path to: C:\Users\DELL\.stmcufinder\plugins\mcufinder//mcu/cs/
2026-10-06 15:07:31,606 [INFO] ApplicationProperties:184 - Using Application install path: C:\ST\STM32CubeIDE_1.19.0\STM32CubeIDE\plugins\com.st.stm32cube.common.mx_6.15.0.202507011659
2026-10-06 15:07:31,607 [INFO] PluginManage:196 - Search for loadable plugins [exclusion list=, ]
2026-10-06 15:07:31,609 [INFO] PluginManage:310 - Check plugin analytics
2026-10-06 15:07:31,741 [INFO] AnalyticsPlugin:253 - Accepted Software Licenses: STM32CubeMX.6.18.1
2026-10-06 15:07:31,741 [INFO] AnalyticsPlugin:255 - Accepted CMSIS Pack Licenses: 
2026-10-06 15:07:31,741 [INFO] AnalyticsPlugin:257 - Accepted Firmware Licenses: FW.F1.1.8.7
2026-10-06 15:07:31,743 [INFO] PluginManage:359 - Loaded plugin analytics (category:tool,tabindex:-1)
2026-10-06 15:07:31,743 [INFO] PluginManage:310 - Check plugin cadmodel
2026-10-06 15:07:31,748 [INFO] CADModel:105 - Init CAD model plugin
2026-10-06 15:07:31,748 [INFO] PluginManage:359 - Loaded plugin cadmodel (category:power,tabindex:5)
2026-10-06 15:07:31,748 [INFO] PluginManage:310 - Check plugin clock
2026-10-06 15:07:31,756 [INFO] PluginManage:359 - Loaded plugin clock (category:base,tabindex:2)
2026-10-06 15:07:31,756 [INFO] PluginManage:310 - Check plugin ddr
2026-10-06 15:07:31,758 [INFO] PluginManage:359 - Loaded plugin ddr (category:tool,tabindex:6)
2026-10-06 15:07:31,758 [INFO] PluginManage:310 - Check plugin filemanager
2026-10-06 15:07:31,873 [INFO] PluginManage:359 - Loaded plugin filemanager (category:base,tabindex:10)
2026-10-06 15:07:31,873 [INFO] PluginManage:310 - Check plugin ipmanager
2026-10-06 15:07:31,878 [INFO] PluginManage:359 - Loaded plugin ipmanager (category:base,tabindex:5)
2026-10-06 15:07:31,878 [INFO] PluginManage:310 - Check plugin lpbam
2026-10-06 15:07:31,885 [INFO] PluginManage:359 - Loaded plugin lpbam (category:base,tabindex:0)
2026-10-06 15:07:31,885 [INFO] PluginManage:310 - Check plugin memorymap
2026-10-06 15:07:31,898 [INFO] PluginManage:359 - Loaded plugin memorymap (category:base,tabindex:4)
2026-10-06 15:07:31,898 [INFO] PluginManage:310 - Check plugin pinoutandconfiguration
2026-10-06 15:07:31,907 [INFO] PluginManage:359 - Loaded plugin pinoutandconfiguration (category:base,tabindex:1)
2026-10-06 15:07:31,907 [INFO] PluginManage:310 - Check plugin pinoutconfig
2026-10-06 15:07:31,983 [WARN] SupportedApi:132 - Cannot load RTOS API schema: s4s-elt-must-match.1: The content of 'definitions' must match (annotation?, (simpleType | complexType)?, (unique | key | keyref)*)). A problem was found starting at: attribute.
2026-10-06 15:07:32,092 [INFO] PluginManage:359 - Loaded plugin pinoutconfig (category:base,tabindex:0)
2026-10-06 15:07:32,092 [INFO] PluginManage:310 - Check plugin power
2026-10-06 15:07:32,101 [INFO] PluginManage:359 - Loaded plugin power (category:power,tabindex:4)
2026-10-06 15:07:32,101 [INFO] PluginManage:310 - Check plugin projectmanager
2026-10-06 15:07:32,113 [INFO] PluginManage:359 - Loaded plugin projectmanager (category:projectmanager,tabindex:4)
2026-10-06 15:07:32,113 [INFO] PluginManage:310 - Check plugin rif
2026-10-06 15:07:32,122 [INFO] PluginManage:359 - Loaded plugin rif (category:base,tabindex:3)
2026-10-06 15:07:32,123 [INFO] PluginManage:310 - Check plugin thirdparty
2026-10-06 15:07:32,247 [INFO] PluginManage:359 - Loaded plugin thirdparty (category:base,tabindex:-1)
2026-10-06 15:07:32,247 [WARN] IntegrityCheckThread:84 - waiting for thirdparty lock release [integrity check]
2026-10-06 15:07:32,247 [INFO] IntegrityCheckThread:86 - entering critical section [integrity check]
2026-10-06 15:07:32,247 [INFO] PluginManage:310 - Check plugin tools
2026-10-06 15:07:32,248 [INFO] ThirdPartyUpdaterWithRetryManager:70 - Updater plugin not ready yet. [1/15]
2026-10-06 15:07:32,250 [INFO] PluginManage:359 - Loaded plugin tools (category:base,tabindex:7)
2026-10-06 15:07:32,250 [INFO] PluginManage:310 - Check plugin tutovideos
2026-10-06 15:07:32,431 [INFO] PluginManage:359 - Loaded plugin tutovideos (category:base,tabindex:-1)
2026-10-06 15:07:32,431 [INFO] PluginManage:310 - Check plugin updater
2026-10-06 15:07:32,448 [INFO] PluginManage:359 - Loaded plugin updater (category:base,tabindex:12)
2026-10-06 15:07:32,449 [INFO] PluginManage:310 - Check plugin userauth
2026-10-06 15:07:32,452 [INFO] UserAuth:118 - Init User Auth plugin
2026-10-06 15:07:32,453 [INFO] PluginManage:359 - Loaded plugin userauth (category:base,tabindex:14)
2026-10-06 15:07:32,453 [INFO] PluginManage:283 - PluginManage : Loaded plugins [18]
2026-10-06 15:07:32,616 [INFO] PinOutPanel:1589 - setPackage(No Configuration,No Configuration)
2026-10-06 15:07:32,679 [INFO] CADModel:165 - CPN selected for project level
2026-10-06 15:07:32,679 [INFO] CADModel:114 - Register for checkConnection events
2026-10-06 15:07:32,698 [INFO] IPUIPlugin:80 - create IPUIPlugin
2026-10-06 15:07:32,699 [INFO] PluginManager:220 - loadIPPluginJar : add adc
2026-10-06 15:07:32,701 [INFO] IPUIPlugin:80 - create IPUIPlugin
2026-10-06 15:07:32,701 [INFO] PluginManager:220 - loadIPPluginJar : add aes
2026-10-06 15:07:32,703 [INFO] IPUIPlugin:80 - create IPUIPlugin
2026-10-06 15:07:32,704 [INFO] PluginManager:220 - loadIPPluginJar : add can
2026-10-06 15:07:32,705 [INFO] IPUIPlugin:80 - create IPUIPlugin
2026-10-06 15:07:32,705 [INFO] PluginManager:220 - loadIPPluginJar : add comp
2026-10-06 15:07:32,707 [INFO] IPUIPlugin:80 - create IPUIPlugin
2026-10-06 15:07:32,707 [INFO] PluginManager:220 - loadIPPluginJar : add cryp
2026-10-06 15:07:32,723 [INFO] IPUIPlugin:80 - create IPUIPlugin
2026-10-06 15:07:32,723 [INFO] PluginManager:220 - loadIPPluginJar : add ddr_ctrl_phy
2026-10-06 15:07:32,725 [INFO] IPUIPlugin:80 - create IPUIPlugin
2026-10-06 15:07:32,725 [INFO] PluginManager:220 - loadIPPluginJar : add dfsdm
2026-10-06 15:07:32,731 [INFO] IPUIPlugin:80 - create IPUIPlugin
2026-10-06 15:07:32,731 [INFO] PluginManager:220 - loadIPPluginJar : add dma
2026-10-06 15:07:32,733 [INFO] IPUIPlugin:80 - create IPUIPlugin
2026-10-06 15:07:32,734 [INFO] PluginManager:220 - loadIPPluginJar : add dma3
2026-10-06 15:07:32,736 [INFO] IPUIPlugin:80 - create IPUIPlugin
2026-10-06 15:07:32,736 [INFO] PluginManager:220 - loadIPPluginJar : add extmemmanager
2026-10-06 15:07:32,737 [INFO] IPUIPlugin:80 - create IPUIPlugin
2026-10-06 15:07:32,737 [INFO] PluginManager:220 - loadIPPluginJar : add fatfs
2026-10-06 15:07:32,741 [INFO] IPUIPlugin:80 - create IPUIPlugin
2026-10-06 15:07:32,741 [INFO] PluginManager:220 - loadIPPluginJar : add fmc
2026-10-06 15:07:32,746 [INFO] IPUIPlugin:80 - create IPUIPlugin
2026-10-06 15:07:32,746 [INFO] PluginManager:220 - loadIPPluginJar : add freertos
2026-10-06 15:07:32,747 [INFO] IPUIPlugin:80 - create IPUIPlugin
2026-10-06 15:07:32,748 [INFO] PluginManager:220 - loadIPPluginJar : add genericplugin
2026-10-06 15:07:32,749 [INFO] IPUIPlugin:80 - create IPUIPlugin
2026-10-06 15:07:32,749 [INFO] PluginManager:220 - loadIPPluginJar : add gfxmmu
2026-10-06 15:07:32,754 [INFO] IPUIPlugin:80 - create IPUIPlugin
2026-10-06 15:07:32,754 [INFO] PluginManager:220 - loadIPPluginJar : add gic
2026-10-06 15:07:32,757 [INFO] IPUIPlugin:80 - create IPUIPlugin
2026-10-06 15:07:32,757 [INFO] PluginManager:220 - loadIPPluginJar : add gpio
2026-10-06 15:07:32,759 [INFO] IPUIPlugin:80 - create IPUIPlugin
2026-10-06 15:07:32,759 [INFO] PluginManager:220 - loadIPPluginJar : add gtzc
2026-10-06 15:07:32,761 [INFO] IPUIPlugin:80 - create IPUIPlugin
2026-10-06 15:07:32,761 [INFO] PluginManager:220 - loadIPPluginJar : add hash
2026-10-06 15:07:32,764 [INFO] IPUIPlugin:80 - create IPUIPlugin
2026-10-06 15:07:32,764 [INFO] PluginManager:220 - loadIPPluginJar : add i2c
2026-10-06 15:07:32,767 [INFO] IPUIPlugin:80 - create IPUIPlugin
2026-10-06 15:07:32,767 [INFO] PluginManager:220 - loadIPPluginJar : add i2s
2026-10-06 15:07:32,770 [INFO] IPUIPlugin:80 - create IPUIPlugin
2026-10-06 15:07:32,770 [INFO] PluginManager:220 - loadIPPluginJar : add i3c
2026-10-06 15:07:32,773 [INFO] IPUIPlugin:80 - create IPUIPlugin
2026-10-06 15:07:32,774 [INFO] PluginManager:220 - loadIPPluginJar : add ipddr
2026-10-06 15:07:32,780 [INFO] IPUIPlugin:80 - create IPUIPlugin
2026-10-06 15:07:32,780 [INFO] PluginManager:220 - loadIPPluginJar : add linkedlist
2026-10-06 15:07:32,783 [INFO] IPUIPlugin:80 - create IPUIPlugin
2026-10-06 15:07:32,783 [INFO] PluginManager:220 - loadIPPluginJar : add lorawan
2026-10-06 15:07:32,784 [INFO] IPUIPlugin:80 - create IPUIPlugin
2026-10-06 15:07:32,784 [INFO] PluginManager:220 - loadIPPluginJar : add ltdc
2026-10-06 15:07:32,789 [INFO] IPUIPlugin:80 - create IPUIPlugin
2026-10-06 15:07:32,789 [INFO] PluginManager:220 - loadIPPluginJar : add mdma
2026-10-06 15:07:32,792 [INFO] IPUIPlugin:80 - create IPUIPlugin
2026-10-06 15:07:32,792 [INFO] PluginManager:220 - loadIPPluginJar : add nvic
2026-10-06 15:07:32,794 [INFO] IPUIPlugin:80 - create IPUIPlugin
2026-10-06 15:07:32,794 [INFO] PluginManager:220 - loadIPPluginJar : add opamp
2026-10-06 15:07:32,797 [INFO] IPUIPlugin:80 - create IPUIPlugin
2026-10-06 15:07:32,797 [INFO] PluginManager:220 - loadIPPluginJar : add openamp
2026-10-06 15:07:32,799 [INFO] IPUIPlugin:80 - create IPUIPlugin
2026-10-06 15:07:32,799 [INFO] PluginManager:220 - loadIPPluginJar : add pdm2pcm
2026-10-06 15:07:32,804 [INFO] IPUIPlugin:80 - create IPUIPlugin
2026-10-06 15:07:32,805 [INFO] PluginManager:220 - loadIPPluginJar : add plateformsettings
2026-10-06 15:07:32,807 [INFO] IPUIPlugin:80 - create IPUIPlugin
2026-10-06 15:07:32,807 [INFO] PluginManager:220 - loadIPPluginJar : add quadspi
2026-10-06 15:07:32,808 [INFO] IPUIPlugin:80 - create IPUIPlugin
2026-10-06 15:07:32,809 [INFO] PluginManager:220 - loadIPPluginJar : add radio
2026-10-06 15:07:32,812 [INFO] IPUIPlugin:80 - create IPUIPlugin
2026-10-06 15:07:32,812 [INFO] PluginManager:220 - loadIPPluginJar : add resmgrutility
2026-10-06 15:07:32,814 [INFO] IPUIPlugin:80 - create IPUIPlugin
2026-10-06 15:07:32,814 [INFO] PluginManager:220 - loadIPPluginJar : add sai
2026-10-06 15:07:32,816 [INFO] IPUIPlugin:80 - create IPUIPlugin
2026-10-06 15:07:32,816 [INFO] PluginManager:220 - loadIPPluginJar : add spi
2026-10-06 15:07:32,821 [INFO] IPUIPlugin:80 - create IPUIPlugin
2026-10-06 15:07:32,821 [INFO] PluginManager:220 - loadIPPluginJar : add stm32_wpan
2026-10-06 15:07:32,822 [INFO] IPUIPlugin:80 - create IPUIPlugin
2026-10-06 15:07:32,822 [INFO] PluginManager:220 - loadIPPluginJar : add tim
2026-10-06 15:07:32,824 [INFO] IPUIPlugin:80 - create IPUIPlugin
2026-10-06 15:07:32,825 [INFO] PluginManager:220 - loadIPPluginJar : add touchsensing
2026-10-06 15:07:32,826 [INFO] IPUIPlugin:80 - create IPUIPlugin
2026-10-06 15:07:32,826 [INFO] PluginManager:220 - loadIPPluginJar : add tracer_emb
2026-10-06 15:07:32,828 [INFO] IPUIPlugin:80 - create IPUIPlugin
2026-10-06 15:07:32,828 [INFO] PluginManager:220 - loadIPPluginJar : add ts
2026-10-06 15:07:32,829 [INFO] IPUIPlugin:80 - create IPUIPlugin
2026-10-06 15:07:32,829 [INFO] PluginManager:220 - loadIPPluginJar : add tsc
2026-10-06 15:07:32,830 [INFO] IPUIPlugin:80 - create IPUIPlugin
2026-10-06 15:07:32,830 [INFO] PluginManager:220 - loadIPPluginJar : add ucpd
2026-10-06 15:07:32,832 [INFO] IPUIPlugin:80 - create IPUIPlugin
2026-10-06 15:07:32,833 [INFO] PluginManager:220 - loadIPPluginJar : add usart
2026-10-06 15:07:32,835 [INFO] IPUIPlugin:80 - create IPUIPlugin
2026-10-06 15:07:32,835 [INFO] PluginManager:220 - loadIPPluginJar : add usbx
2026-10-06 15:07:32,945 [FATAL] Updater:351 - Updater called before beeing initialized
2026-10-06 15:07:32,965 [INFO] RulesReader:64 - Compatibility file has been processed (317 Rules)
2026-10-06 15:07:32,973 [INFO] RulesReader:64 - Compatibility file has been processed (317 Rules)
2026-10-06 15:07:32,981 [INFO] CADModel:165 - CPN selected for project level
2026-10-06 15:07:32,982 [INFO] CADModel:114 - Register for checkConnection events
2026-10-06 15:07:32,982 [FATAL] Updater:351 - Updater called before beeing initialized
2026-10-06 15:07:32,982 [ERROR] CADModel:125 - Updater not yet initialized, retry later 
2026-10-06 15:07:33,108 [FATAL] Updater:351 - Updater called before beeing initialized
2026-10-06 15:07:33,110 [INFO] CADModel:165 - CPN selected for project level
2026-10-06 15:07:33,110 [INFO] CADModel:114 - Register for checkConnection events
2026-10-06 15:07:33,110 [FATAL] Updater:351 - Updater called before beeing initialized
2026-10-06 15:07:33,110 [ERROR] CADModel:125 - Updater not yet initialized, retry later 
2026-10-06 15:07:33,113 [FATAL] Updater:351 - Updater called before beeing initialized
2026-10-06 15:07:33,230 [FATAL] Updater:351 - Updater called before beeing initialized
2026-10-06 15:07:33,234 [INFO] DbMcusAds:53 - JSON generation date=Tue Sep 22 19:25:16 ICT 2026 (1790079916640)
2026-10-06 15:07:33,234 [FATAL] Updater:351 - Updater called before beeing initialized
2026-10-06 15:07:33,269 [WARN] DetailPanel:346 - Failed to get advertising image, set to default
2026-10-06 15:07:33,332 [FATAL] Updater:351 - Updater called before beeing initialized
2026-10-06 15:07:33,333 [FATAL] Updater:351 - Updater called before beeing initialized
2026-10-06 15:07:33,333 [FATAL] Updater:351 - Updater called before beeing initialized
2026-10-06 15:07:33,334 [WARN] DetailPanel:346 - Failed to get advertising image, set to default
2026-10-06 15:07:33,335 [FATAL] Updater:351 - Updater called before beeing initialized
2026-10-06 15:07:33,370 [ERROR] Updater:1198 - MainUpdater not yet initialized. External WinMGr cannot be set.
2026-10-06 15:07:33,372 [INFO] Updater:1134 - Updater Version found : 6.15.0
2026-10-06 15:07:33,385 [INFO] ApplicationProperties:184 - Using Application install path: C:\ST\STM32CubeIDE_1.19.0\STM32CubeIDE\plugins\com.st.stm32cube.common.mx_6.15.0.202507011659
2026-10-06 15:07:33,415 [INFO] MainUpdater:525 - Copy updater definitions from MX database
2026-10-06 15:07:34,463 [INFO] MainUpdater:2872 - connection check result : 10
2026-10-06 15:07:34,464 [INFO] MainUpdater:3604 - Updater definition file requires update
2026-10-06 15:07:34,464 [INFO] MainUpdater:289 - Updater Check For Update Now.
2026-10-06 15:07:34,464 [INFO] MicroXplorer:498 - Change Database Version : DB.6.0.150
2026-10-06 15:07:34,468 [INFO] McuFinderGlobals:63 - Set McuFinder mode to 2 (CubeIDE integrated)
2026-10-06 15:07:34,469 [INFO] UserAuth:171 - activating auth plugin
2026-10-06 15:07:34,471 [INFO] UserAuth:487 - Internet connection configuration mode: 1
2026-10-06 15:07:34,486 [INFO] JxBrowserEngine:152 - Initiate JxBrowser Engine with user profile folder
2026-10-06 15:07:34,590 [INFO] ServerAccessManage:452 - Complete download http(s) 200
2026-10-06 15:07:34,591 [INFO] ServerAccessManage:509 - Download File updaters.zip
2026-10-06 15:07:35,007 [INFO] FileExtend:248 - Unzip File : updaters.zip
2026-10-06 15:07:35,008 [INFO] FileExtend:263 - Standard Zip Deflate
2026-10-06 15:07:35,248 [WARN] MainUpdater:1193 - Updater busy. Cannot search thirdparties
2026-10-06 15:07:35,248 [INFO] ThirdPartyUpdaterWithRetryManager:96 - Updater plugin is busy. [1/15]
2026-10-06 15:07:35,681 [INFO] ServerAccessManage:452 - Complete download http(s) 200
2026-10-06 15:07:35,682 [INFO] ServerAccessManage:509 - Download File PacksControlFlags.xml
2026-10-06 15:07:35,702 [INFO] WebApp:169 - Instantiating new browser for Auth
2026-10-06 15:07:35,874 [INFO] ServerAccessManage:452 - Complete download http(s) 200
2026-10-06 15:07:35,874 [INFO] ServerAccessManage:509 - Download File cubemx.pidx
2026-10-06 15:07:35,954 [INFO] LoadServerUpdatesThread:375 - End of LoadServerUpdate Thread
2026-10-06 15:07:36,101 [INFO] CheckServerUpdateThread:120 - End of CheckServer Thread
2026-10-06 15:07:36,308 [INFO] WebApp:463 - Apply proxy settings
2026-10-06 15:07:36,309 [INFO] WebApp:548 - Chromium requires no authentication
2026-10-06 15:07:36,319 [INFO] WebApp:491 - Direct internet connection detected
2026-10-06 15:07:36,337 [INFO] WebApp:900 - Register for checkConnection events
2026-10-06 15:07:36,337 [INFO] WebApp:463 - Apply proxy settings
2026-10-06 15:07:36,337 [INFO] WebApp:548 - Chromium requires no authentication
2026-10-06 15:07:36,338 [INFO] WebApp:491 - Direct internet connection detected
2026-10-06 15:07:36,465 [INFO] WebApp:225 - Starting web application
2026-10-06 15:07:36,465 [INFO] WebApp:593 - Web application path used C:\ST\STM32CubeIDE_1.19.0\STM32CubeIDE\plugins\com.st.stm32cube.common.mx_6.15.0.202507011659\db\plugins\mcufinder\reactClient1\index.html
2026-10-06 15:07:36,661 [ERROR] LogOutputStream:75 - [STDERR_REDIRECT] [Fatal Error] :1:1: Premature end of file.
2026-10-06 15:07:36,662 [ERROR] LogOutputStream:75 - [STDERR_REDIRECT] 
2026-10-06 15:07:36,935 [INFO] WebApp:191 - Connection restablished
2026-10-06 15:07:37,650 [ERROR] LogOutputStream:75 - [STDERR_REDIRECT] [Fatal Error] :1:1: Premature end of file.
2026-10-06 15:07:37,650 [ERROR] LogOutputStream:75 - [STDERR_REDIRECT] 
2026-10-06 15:07:38,486 [WARN] PackLoader:240 - Cannot read IP mode file for STMicroelectronics.X-CUBE-AZRTOS-H7.3.5.0
2026-10-06 15:07:38,496 [WARN] PackLoader:240 - Cannot read IP mode file for STMicroelectronics.FP-ATR-ASTRA1.2.0.3
2026-10-06 15:07:38,502 [ERROR] Engine:466 - C:\Users\DELL\.stm32cubemx\thirdparties\pdsc\STMicroelectronics.X-CUBE-SMBUS.2.1.1.pdsc: PDSC version is not supported
2026-10-06 15:07:38,518 [WARN] PackLoader:240 - Cannot read IP mode file for STMicroelectronics.X-CUBE-AZRTOS-F7.1.1.0
2026-10-06 15:07:38,527 [WARN] PackLoader:240 - Cannot read IP mode file for STMicroelectronics.X-CUBE-FREERTOS.1.6.0
2026-10-06 15:07:38,535 [WARN] PackLoader:240 - Cannot read IP mode file for STMicroelectronics.FP-SNS-MOTENV1.5.1.0
2026-10-06 15:07:38,556 [WARN] PackLoader:240 - Cannot read IP mode file for STMicroelectronics.X-CUBE-AZRTOS-H7RS.1.3.0
2026-10-06 15:07:38,567 [WARN] PackLoader:240 - Cannot read IP mode file for WES.I-CUBE-Cesium.1.4.0
2026-10-06 15:07:38,575 [WARN] PackLoader:240 - Cannot read IP mode file for STMicroelectronics.X-CUBE-DISPLAY.3.0.0
2026-10-06 15:07:38,586 [WARN] PackLoader:240 - Cannot read IP mode file for STMicroelectronics.X-CUBE-GNSS1.7.1.1
2026-10-06 15:07:38,590 [WARN] PackLoader:240 - Cannot read IP mode file for STMicroelectronics.FP-SNS-MOTENVWB1.1.5.0
2026-10-06 15:07:38,596 [WARN] PackLoader:240 - Cannot read IP mode file for STMicroelectronics.X-CUBE-NFC10.1.0.0
2026-10-06 15:07:38,603 [WARN] PackLoader:240 - Cannot read IP mode file for STMicroelectronics.X-CUBE-ST60.1.1.0
2026-10-06 15:07:38,608 [WARN] PackLoader:240 - Cannot read IP mode file for emotas.I-CUBE-CANOPEN.1.3.0
2026-10-06 15:07:38,613 [WARN] PackLoader:240 - Cannot read IP mode file for wolfSSL.I-CUBE-wolfSSL.5.9.2
2026-10-06 15:07:38,616 [ERROR] Engine:466 - C:\Users\DELL\.stm32cubemx\thirdparties\pdsc\STMicroelectronics.X-CUBE-WBA.1.1.0.pdsc: PDSC version is not supported
2026-10-06 15:07:38,621 [WARN] PackLoader:240 - Cannot read IP mode file for STMicroelectronics.FP-SNS-STBOX1.2.1.0
2026-10-06 15:07:38,626 [WARN] PackLoader:240 - Cannot read IP mode file for STMicroelectronics.FP-SNS-SMARTAG2.1.2.0
2026-10-06 15:07:38,632 [WARN] PackLoader:240 - Cannot read IP mode file for STMicroelectronics.FP-SNS-FLIGHT1.5.1.0
2026-10-06 15:07:38,638 [INFO] LogOutputStream:77 - [STDOUT_REDIRECT] 1 : Invalid condition id : UX_CORESTACK_Condition cause : null
2026-10-06 15:07:38,639 [INFO] LogOutputStream:77 - [STDOUT_REDIRECT] 1 : Invalid condition id : UX_CORESTACK_Condition cause : null
2026-10-06 15:07:38,640 [INFO] LogOutputStream:77 - [STDOUT_REDIRECT] 1 : Invalid condition id : UX_CORESTACK_Condition cause : null
2026-10-06 15:07:38,642 [INFO] LogOutputStream:77 - [STDOUT_REDIRECT] 1 : Invalid condition id : UX_CORESTACK_Condition cause : null
2026-10-06 15:07:38,642 [INFO] LogOutputStream:77 - [STDOUT_REDIRECT] 1 : Invalid condition id : UX_CORESTACK_Condition cause : null
2026-10-06 15:07:38,646 [WARN] PackLoader:240 - Cannot read IP mode file for STMicroelectronics.X-CUBE-AZRTOS-WL.2.0.0
2026-10-06 15:07:38,654 [WARN] PackLoader:240 - Cannot read IP mode file for STMicroelectronics.X-CUBE-BLE2.3.3.0
2026-10-06 15:07:38,660 [ERROR] LogOutputStream:75 - [STDERR_REDIRECT] [Fatal Error] :1:1: Premature end of file.
2026-10-06 15:07:38,661 [ERROR] LogOutputStream:75 - [STDERR_REDIRECT] 
2026-10-06 15:07:38,681 [WARN] PackLoader:240 - Cannot read IP mode file for Infineon.AIROC-Wi-Fi-Bluetooth-STM32.1.8.0
2026-10-06 15:07:38,690 [WARN] PackLoader:240 - Cannot read IP mode file for STMicroelectronics.X-CUBE-NFC9.1.0.0
2026-10-06 15:07:38,696 [WARN] PackLoader:240 - Cannot read IP mode file for STMicroelectronics.X-CUBE-BLE1.7.1.0
2026-10-06 15:07:38,699 [WARN] PackLoader:240 - Cannot read IP mode file for wolfSSL.I-CUBE-wolfMQTT.1.19.2
2026-10-06 15:07:38,704 [WARN] PackLoader:240 - Cannot read IP mode file for STMicroelectronics.X-CUBE-EEPRMA1.5.2.0
2026-10-06 15:07:38,715 [WARN] PackLoader:240 - Cannot read IP mode file for STMicroelectronics.X-CUBE-AZRTOS-G0.1.1.0
2026-10-06 15:07:38,721 [WARN] PackLoader:240 - Cannot read IP mode file for STMicroelectronics.X-CUBE-NFC4.3.0.0
2026-10-06 15:07:38,728 [WARN] PackLoader:240 - Cannot read IP mode file for EmbeddedOffice.I-CUBE-FS-RTOS.1.0.1
2026-10-06 15:07:38,732 [WARN] PackLoader:240 - Cannot read IP mode file for wolfSSL.I-CUBE-wolfTPM.3.8.0
2026-10-06 15:07:38,736 [WARN] PackLoader:240 - Cannot read IP mode file for STMicroelectronics.X-CUBE-TCPP.4.2.0
2026-10-06 15:07:38,740 [WARN] PackLoader:240 - Cannot read IP mode file for RealThread.X-CUBE-RT-Thread_Nano.4.1.1
2026-10-06 15:07:38,748 [WARN] PackLoader:240 - Cannot read IP mode file for STMicroelectronics.FP-ATR-SIGFOX1.3.2.0
2026-10-06 15:07:38,753 [WARN] PackLoader:240 - Cannot read IP mode file for ITTIA_DB.I-CUBE-ITTIADB.8.9.0
2026-10-06 15:07:38,756 [WARN] PackLoader:240 - Cannot read IP mode file for Cesanta.I-CUBE-Mongoose.7.21.7
2026-10-06 15:07:38,761 [WARN] PackLoader:240 - Cannot read IP mode file for STMicroelectronics.X-CUBE-NFC6.3.2.0
2026-10-06 15:07:38,767 [WARN] PackLoader:240 - Cannot read IP mode file for STMicroelectronics.X-CUBE-AI.10.2.1
2026-10-06 15:07:38,784 [WARN] PackLoader:240 - Cannot read IP mode file for SEGGER.I-CUBE-embOS.1.3.1
2026-10-06 15:07:38,818 [ERROR] Engine:466 - C:\Users\DELL\.stm32cubemx\thirdparties\pdsc\STMicroelectronics.FP-SNS-STAIOTCFT.2.0.0.pdsc: PDSC version is not supported
2026-10-06 15:07:38,823 [WARN] PackLoader:240 - Cannot read IP mode file for STMicroelectronics.X-CUBE-NFC13.1.0.0
2026-10-06 15:07:38,828 [WARN] PackLoader:240 - Cannot read IP mode file for STMicroelectronics.X-CUBE-PM33A1.1.0.0
2026-10-06 15:07:38,838 [WARN] PackLoader:240 - Cannot read IP mode file for STMicroelectronics.X-CUBE-AZRTOS-F4.1.1.0
2026-10-06 15:07:38,842 [WARN] PackLoader:240 - Cannot read IP mode file for STMicroelectronics.X-CUBE-ISPU.2.1.0
2026-10-06 15:07:38,852 [WARN] PackLoader:240 - Cannot read IP mode file for STMicroelectronics.X-CUBE-IPS.3.2.0
2026-10-06 15:07:38,861 [WARN] PackLoader:240 - Cannot read IP mode file for STMicroelectronics.eDS-WB_DPC_TT-BIDIR.2.1.1
2026-10-06 15:07:38,866 [WARN] PackLoader:240 - Cannot read IP mode file for STMicroelectronics.X-CUBE-NFC12.1.0.0
2026-10-06 15:07:38,876 [WARN] PackLoader:240 - Cannot read IP mode file for STMicroelectronics.X-CUBE-AZRTOS-L5.2.0.0
2026-10-06 15:07:38,882 [WARN] PackLoader:240 - Cannot read IP mode file for STMicroelectronics.X-CUBE-ALGOBUILD.1.5.0
2026-10-06 15:07:38,886 [WARN] PackLoader:240 - Cannot read IP mode file for STMicroelectronics.eDS-WB_DPC_VIENNA.1.2.0
2026-10-06 15:07:38,908 [WARN] PackLoader:240 - Cannot read IP mode file for STMicroelectronics.X-CUBE-MEMS1.13.0.0
2026-10-06 15:07:38,963 [WARN] PackLoader:240 - Cannot read IP mode file for STMicroelectronics.eDS-WB_DPC_3PH2L-BIDIR.1.1.1
2026-10-06 15:07:38,966 [ERROR] Engine:466 - C:\Users\DELL\.stm32cubemx\thirdparties\pdsc\STMicroelectronics.X-CUBE-ST67W61.1.3.0.pdsc: PDSC version is not supported
2026-10-06 15:07:38,972 [WARN] PackLoader:240 - Cannot read IP mode file for STMicroelectronics.X-CUBE-TOUCHGFX.4.26.1
2026-10-06 15:07:38,978 [WARN] PackLoader:240 - Cannot read IP mode file for STMicroelectronics.X-CUBE-DPower.1.3.0
2026-10-06 15:07:38,991 [WARN] ConditionMgr:438 - getConditionDescription Invalid condition id : LAN8742 Phy interface Condition cause : null
2026-10-06 15:07:38,992 [WARN] PackLoader:240 - Cannot read IP mode file for STMicroelectronics.X-CUBE-AZRTOS-L4.2.0.0
2026-10-06 15:07:38,993 [WARN] ConditionMgr:1044 - genDependencies : Invalid condition id : LAN8742 Phy interface Condition cause : null
2026-10-06 15:07:38,993 [WARN] ConditionMgr:1044 - genDependencies : Invalid condition id : LAN8742 Phy interface Condition cause : null
2026-10-06 15:07:38,994 [WARN] ConditionMgr:1044 - genDependencies : Invalid condition id : LAN8742 Phy interface Condition cause : null
2026-10-06 15:07:39,002 [WARN] PackLoader:240 - Cannot read IP mode file for STMicroelectronics.X-CUBE-SFXS2LP1.4.0.0
2026-10-06 15:07:39,008 [WARN] PackLoader:240 - Cannot read IP mode file for STMicroelectronics.X-CUBE-WB05N.2.1.0
2026-10-06 15:07:39,016 [WARN] ConditionMgr:438 - getConditionDescription Invalid condition id : UX DEVICE CLASS RTOS Condition cause : null
2026-10-06 15:07:39,016 [WARN] ConditionMgr:438 - getConditionDescription Invalid condition id : UX DEVICE CLASS RTOS Condition cause : null
2026-10-06 15:07:39,018 [WARN] PackLoader:240 - Cannot read IP mode file for STMicroelectronics.X-CUBE-AZRTOS-WB.2.0.0
2026-10-06 15:07:39,018 [WARN] ConditionMgr:1044 - genDependencies : Invalid condition id : UX DEVICE CLASS RTOS Condition cause : null
2026-10-06 15:07:39,018 [WARN] ConditionMgr:1044 - genDependencies : Invalid condition id : UX DEVICE CLASS RTOS Condition cause : null
2026-10-06 15:07:39,019 [WARN] ConditionMgr:1044 - genDependencies : Invalid condition id : UX DEVICE CLASS RTOS Condition cause : null
2026-10-06 15:07:39,019 [WARN] ConditionMgr:1044 - genDependencies : Invalid condition id : UX DEVICE CLASS RTOS Condition cause : null
2026-10-06 15:07:39,019 [WARN] ConditionMgr:1044 - genDependencies : Invalid condition id : UX DEVICE CLASS RTOS Condition cause : null
2026-10-06 15:07:39,025 [WARN] ConditionMgr:438 - getConditionDescription Invalid condition id : Cortex-A Device cause : null
2026-10-06 15:07:39,033 [WARN] ConditionMgr:1044 - genDependencies : Invalid condition id : Cortex-A Device cause : null
2026-10-06 15:07:39,033 [WARN] ConditionMgr:1044 - genDependencies : Invalid condition id : Cortex-A Device cause : null
2026-10-06 15:07:39,033 [WARN] ConditionMgr:1044 - genDependencies : Invalid condition id : Cortex-A Device cause : null
2026-10-06 15:07:39,038 [WARN] PackLoader:240 - Cannot read IP mode file for STMicroelectronics.X-CUBE-STSE01.2.0.0
2026-10-06 15:07:39,046 [WARN] PackLoader:240 - Cannot read IP mode file for STMicroelectronics.X-CUBE-SUBG2.5.0.0
2026-10-06 15:07:39,066 [WARN] PackLoader:240 - Cannot read IP mode file for STMicroelectronics.X-CUBE-AZRTOS-G4.2.0.0
2026-10-06 15:07:39,073 [WARN] PackLoader:240 - Cannot read IP mode file for wolfSSL.I-CUBE-wolfSSH.1.4.20
2026-10-06 15:07:39,079 [WARN] PackLoader:240 - Cannot read IP mode file for STMicroelectronics.X-CUBE-NFC7.2.0.0
2026-10-06 15:07:39,084 [ERROR] Engine:466 - C:\Users\DELL\.stm32cubemx\thirdparties\pdsc\STMicroelectronics.X-CUBE-BLEMGR.4.2.0.pdsc: PDSC version is not supported
2026-10-06 15:07:39,088 [WARN] PackLoader:240 - Cannot read IP mode file for STMicroelectronics.X-CUBE-ALS.1.0.2
2026-10-06 15:07:39,097 [WARN] PackLoader:240 - Cannot read IP mode file for STMicroelectronics.X-CUBE-TOF1.3.4.3
2026-10-06 15:07:39,103 [INFO] ThirdParty:978 - Integrity check success = true
2026-10-06 15:07:39,103 [INFO] IntegrityCheckThread:100 - exiting critical section [integrity check]
2026-10-06 15:07:39,103 [INFO] IntegrityCheckThread:103 - End integrity checks thread
2026-10-06 15:07:39,648 [ERROR] LogOutputStream:75 - [STDERR_REDIRECT] [Fatal Error] :1:1: Premature end of file.
2026-10-06 15:07:39,648 [ERROR] LogOutputStream:75 - [STDERR_REDIRECT] 
2026-10-06 15:07:40,647 [ERROR] LogOutputStream:75 - [STDERR_REDIRECT] [Fatal Error] :1:1: Premature end of file.
2026-10-06 15:07:40,647 [ERROR] LogOutputStream:75 - [STDERR_REDIRECT] 
2026-10-06 15:07:41,646 [ERROR] LogOutputStream:75 - [STDERR_REDIRECT] [Fatal Error] :1:1: Premature end of file.
2026-10-06 15:07:41,646 [ERROR] LogOutputStream:75 - [STDERR_REDIRECT] 
2026-10-06 15:07:42,648 [ERROR] LogOutputStream:75 - [STDERR_REDIRECT] [Fatal Error] :1:1: Premature end of file.
2026-10-06 15:07:42,648 [ERROR] LogOutputStream:75 - [STDERR_REDIRECT] 
2026-10-06 15:07:43,646 [ERROR] LogOutputStream:75 - [STDERR_REDIRECT] [Fatal Error] :1:1: Premature end of file.
2026-10-06 15:07:43,646 [ERROR] LogOutputStream:75 - [STDERR_REDIRECT] 
2026-10-06 15:07:44,645 [ERROR] LogOutputStream:75 - [STDERR_REDIRECT] [Fatal Error] :1:1: Premature end of file.
2026-10-06 15:07:44,645 [ERROR] LogOutputStream:75 - [STDERR_REDIRECT] 
2026-10-06 15:07:45,649 [ERROR] LogOutputStream:75 - [STDERR_REDIRECT] [Fatal Error] :1:1: Premature end of file.
2026-10-06 15:07:45,649 [ERROR] LogOutputStream:75 - [STDERR_REDIRECT] 
2026-10-06 15:07:46,648 [ERROR] LogOutputStream:75 - [STDERR_REDIRECT] [Fatal Error] :1:1: Premature end of file.
2026-10-06 15:07:46,648 [ERROR] LogOutputStream:75 - [STDERR_REDIRECT] 
2026-10-06 15:07:47,646 [ERROR] LogOutputStream:75 - [STDERR_REDIRECT] [Fatal Error] :1:1: Premature end of file.
2026-10-06 15:07:47,646 [ERROR] LogOutputStream:75 - [STDERR_REDIRECT] 
2026-10-06 15:07:48,647 [ERROR] LogOutputStream:75 - [STDERR_REDIRECT] [Fatal Error] :1:1: Premature end of file.
2026-10-06 15:07:48,647 [ERROR] LogOutputStream:75 - [STDERR_REDIRECT] 
2026-10-06 15:07:49,648 [ERROR] LogOutputStream:75 - [STDERR_REDIRECT] [Fatal Error] :1:1: Premature end of file.
2026-10-06 15:07:49,648 [ERROR] LogOutputStream:75 - [STDERR_REDIRECT] 
2026-10-06 15:07:50,652 [ERROR] LogOutputStream:75 - [STDERR_REDIRECT] [Fatal Error] :1:1: Premature end of file.
2026-10-06 15:07:50,652 [ERROR] LogOutputStream:75 - [STDERR_REDIRECT] 
2026-10-06 15:07:51,651 [ERROR] LogOutputStream:75 - [STDERR_REDIRECT] [Fatal Error] :1:1: Premature end of file.
2026-10-06 15:07:51,651 [ERROR] LogOutputStream:75 - [STDERR_REDIRECT] 
2026-10-06 15:07:52,647 [ERROR] LogOutputStream:75 - [STDERR_REDIRECT] [Fatal Error] :1:1: Premature end of file.
2026-10-06 15:07:52,647 [ERROR] LogOutputStream:75 - [STDERR_REDIRECT] 
2026-10-06 15:07:53,644 [ERROR] LogOutputStream:75 - [STDERR_REDIRECT] [Fatal Error] :1:1: Premature end of file.
2026-10-06 15:07:53,644 [ERROR] LogOutputStream:75 - [STDERR_REDIRECT] 
2026-10-06 15:07:54,648 [ERROR] LogOutputStream:75 - [STDERR_REDIRECT] [Fatal Error] :1:1: Premature end of file.
2026-10-06 15:07:54,648 [ERROR] LogOutputStream:75 - [STDERR_REDIRECT] 
2026-10-06 15:07:55,646 [ERROR] LogOutputStream:75 - [STDERR_REDIRECT] [Fatal Error] :1:1: Premature end of file.
2026-10-06 15:07:55,646 [ERROR] LogOutputStream:75 - [STDERR_REDIRECT] 
2026-10-06 15:07:56,646 [ERROR] LogOutputStream:75 - [STDERR_REDIRECT] [Fatal Error] :1:1: Premature end of file.
2026-10-06 15:07:56,646 [ERROR] LogOutputStream:75 - [STDERR_REDIRECT] 
2026-10-06 15:07:57,648 [ERROR] LogOutputStream:75 - [STDERR_REDIRECT] [Fatal Error] :1:1: Premature end of file.
2026-10-06 15:07:57,648 [ERROR] LogOutputStream:75 - [STDERR_REDIRECT] 
2026-10-06 15:07:58,649 [ERROR] LogOutputStream:75 - [STDERR_REDIRECT] [Fatal Error] :1:1: Premature end of file.
2026-10-06 15:07:58,649 [ERROR] LogOutputStream:75 - [STDERR_REDIRECT] 
2026-10-06 15:07:59,649 [ERROR] LogOutputStream:75 - [STDERR_REDIRECT] [Fatal Error] :1:1: Premature end of file.
2026-10-06 15:07:59,650 [ERROR] LogOutputStream:75 - [STDERR_REDIRECT] 
2026-10-06 15:08:00,647 [ERROR] LogOutputStream:75 - [STDERR_REDIRECT] [Fatal Error] :1:1: Premature end of file.
2026-10-06 15:08:00,647 [ERROR] LogOutputStream:75 - [STDERR_REDIRECT] 
2026-10-06 15:08:01,646 [ERROR] LogOutputStream:75 - [STDERR_REDIRECT] [Fatal Error] :1:1: Premature end of file.
2026-10-06 15:08:01,646 [ERROR] LogOutputStream:75 - [STDERR_REDIRECT] 
2026-10-06 15:08:02,647 [ERROR] LogOutputStream:75 - [STDERR_REDIRECT] [Fatal Error] :1:1: Premature end of file.
2026-10-06 15:08:02,647 [ERROR] LogOutputStream:75 - [STDERR_REDIRECT] 
2026-10-06 15:08:03,648 [ERROR] LogOutputStream:75 - [STDERR_REDIRECT] [Fatal Error] :1:1: Premature end of file.
2026-10-06 15:08:03,648 [ERROR] LogOutputStream:75 - [STDERR_REDIRECT] 
2026-10-06 15:08:04,647 [ERROR] LogOutputStream:75 - [STDERR_REDIRECT] [Fatal Error] :1:1: Premature end of file.
2026-10-06 15:08:04,648 [ERROR] LogOutputStream:75 - [STDERR_REDIRECT] 
2026-10-06 15:08:05,649 [ERROR] LogOutputStream:75 - [STDERR_REDIRECT] [Fatal Error] :1:1: Premature end of file.
2026-10-06 15:08:05,649 [ERROR] LogOutputStream:75 - [STDERR_REDIRECT] 
2026-10-06 15:08:06,646 [ERROR] LogOutputStream:75 - [STDERR_REDIRECT] [Fatal Error] :1:1: Premature end of file.
2026-10-06 15:08:06,646 [ERROR] LogOutputStream:75 - [STDERR_REDIRECT] 
2026-10-06 15:08:07,647 [ERROR] LogOutputStream:75 - [STDERR_REDIRECT] [Fatal Error] :1:1: Premature end of file.
2026-10-06 15:08:07,648 [ERROR] LogOutputStream:75 - [STDERR_REDIRECT] 
2026-10-06 15:08:08,651 [ERROR] LogOutputStream:75 - [STDERR_REDIRECT] [Fatal Error] :1:1: Premature end of file.
2026-10-06 15:08:08,651 [ERROR] LogOutputStream:75 - [STDERR_REDIRECT] 
2026-10-06 15:08:09,647 [ERROR] LogOutputStream:75 - [STDERR_REDIRECT] [Fatal Error] :1:1: Premature end of file.
2026-10-06 15:08:09,647 [ERROR] LogOutputStream:75 - [STDERR_REDIRECT] 
2026-10-06 15:08:10,646 [ERROR] LogOutputStream:75 - [STDERR_REDIRECT] [Fatal Error] :1:1: Premature end of file.
2026-10-06 15:08:10,646 [ERROR] LogOutputStream:75 - [STDERR_REDIRECT] 
2026-10-06 15:08:11,647 [ERROR] LogOutputStream:75 - [STDERR_REDIRECT] [Fatal Error] :1:1: Premature end of file.
2026-10-06 15:08:11,647 [ERROR] LogOutputStream:75 - [STDERR_REDIRECT] 
2026-10-06 15:08:12,650 [ERROR] LogOutputStream:75 - [STDERR_REDIRECT] [Fatal Error] :1:1: Premature end of file.
2026-10-06 15:08:12,650 [ERROR] LogOutputStream:75 - [STDERR_REDIRECT] 
2026-10-06 15:08:13,648 [ERROR] LogOutputStream:75 - [STDERR_REDIRECT] [Fatal Error] :1:1: Premature end of file.
2026-10-06 15:08:13,648 [ERROR] LogOutputStream:75 - [STDERR_REDIRECT] 
2026-10-06 15:08:14,646 [ERROR] LogOutputStream:75 - [STDERR_REDIRECT] [Fatal Error] :1:1: Premature end of file.
2026-10-06 15:08:14,646 [ERROR] LogOutputStream:75 - [STDERR_REDIRECT] 
2026-10-06 15:08:15,647 [ERROR] LogOutputStream:75 - [STDERR_REDIRECT] [Fatal Error] :1:1: Premature end of file.
2026-10-06 15:08:15,647 [ERROR] LogOutputStream:75 - [STDERR_REDIRECT] 
2026-10-06 15:08:16,647 [ERROR] LogOutputStream:75 - [STDERR_REDIRECT] [Fatal Error] :1:1: Premature end of file.
2026-10-06 15:08:16,647 [ERROR] LogOutputStream:75 - [STDERR_REDIRECT] 
2026-10-06 15:08:17,648 [ERROR] LogOutputStream:75 - [STDERR_REDIRECT] [Fatal Error] :1:1: Premature end of file.
2026-10-06 15:08:17,648 [ERROR] LogOutputStream:75 - [STDERR_REDIRECT] 
2026-10-06 15:08:18,649 [ERROR] LogOutputStream:75 - [STDERR_REDIRECT] [Fatal Error] :1:1: Premature end of file.
2026-10-06 15:08:18,650 [ERROR] LogOutputStream:75 - [STDERR_REDIRECT] 
2026-10-06 15:08:19,648 [ERROR] LogOutputStream:75 - [STDERR_REDIRECT] [Fatal Error] :1:1: Premature end of file.
2026-10-06 15:08:19,648 [ERROR] LogOutputStream:75 - [STDERR_REDIRECT] 
2026-10-06 15:08:20,649 [ERROR] LogOutputStream:75 - [STDERR_REDIRECT] [Fatal Error] :1:1: Premature end of file.
2026-10-06 15:08:20,649 [ERROR] LogOutputStream:75 - [STDERR_REDIRECT] 
2026-10-06 15:08:21,649 [ERROR] LogOutputStream:75 - [STDERR_REDIRECT] [Fatal Error] :1:1: Premature end of file.
2026-10-06 15:08:21,649 [ERROR] LogOutputStream:75 - [STDERR_REDIRECT] 
2026-10-06 15:08:22,647 [ERROR] LogOutputStream:75 - [STDERR_REDIRECT] [Fatal Error] :1:1: Premature end of file.
2026-10-06 15:08:22,647 [ERROR] LogOutputStream:75 - [STDERR_REDIRECT] 
2026-10-06 15:08:23,601 [INFO] WebApp:194 - Connection lost
2026-10-06 15:08:23,650 [ERROR] LogOutputStream:75 - [STDERR_REDIRECT] [Fatal Error] :1:1: Premature end of file.
2026-10-06 15:08:23,650 [ERROR] LogOutputStream:75 - [STDERR_REDIRECT] 
2026-10-06 15:08:23,762 [INFO] WebApp:191 - Connection restablished
2026-10-06 15:08:24,647 [ERROR] LogOutputStream:75 - [STDERR_REDIRECT] [Fatal Error] :1:1: Premature end of file.
2026-10-06 15:08:24,647 [ERROR] LogOutputStream:75 - [STDERR_REDIRECT] 
2026-10-06 15:08:25,649 [ERROR] LogOutputStream:75 - [STDERR_REDIRECT] [Fatal Error] :1:1: Premature end of file.
2026-10-06 15:08:25,649 [ERROR] LogOutputStream:75 - [STDERR_REDIRECT] 
2026-10-06 15:08:26,647 [ERROR] LogOutputStream:75 - [STDERR_REDIRECT] [Fatal Error] :1:1: Premature end of file.
2026-10-06 15:08:26,647 [ERROR] LogOutputStream:75 - [STDERR_REDIRECT] 
2026-10-06 15:08:27,648 [ERROR] LogOutputStream:75 - [STDERR_REDIRECT] [Fatal Error] :1:1: Premature end of file.
2026-10-06 15:08:27,648 [ERROR] LogOutputStream:75 - [STDERR_REDIRECT] 
2026-10-06 15:08:28,646 [ERROR] LogOutputStream:75 - [STDERR_REDIRECT] [Fatal Error] :1:1: Premature end of file.
2026-10-06 15:08:28,646 [ERROR] LogOutputStream:75 - [STDERR_REDIRECT] 
2026-10-06 15:08:29,647 [ERROR] LogOutputStream:75 - [STDERR_REDIRECT] [Fatal Error] :1:1: Premature end of file.
2026-10-06 15:08:29,647 [ERROR] LogOutputStream:75 - [STDERR_REDIRECT] 
2026-10-06 15:08:30,660 [ERROR] LogOutputStream:75 - [STDERR_REDIRECT] [Fatal Error] :1:1: Premature end of file.
2026-10-06 15:08:30,660 [ERROR] LogOutputStream:75 - [STDERR_REDIRECT] 
2026-10-06 15:08:31,646 [ERROR] LogOutputStream:75 - [STDERR_REDIRECT] [Fatal Error] :1:1: Premature end of file.
2026-10-06 15:08:31,647 [ERROR] LogOutputStream:75 - [STDERR_REDIRECT] 
2026-10-06 15:08:32,659 [ERROR] LogOutputStream:75 - [STDERR_REDIRECT] [Fatal Error] :1:1: Premature end of file.
2026-10-06 15:08:32,659 [ERROR] LogOutputStream:75 - [STDERR_REDIRECT] 
2026-10-06 15:08:33,653 [ERROR] LogOutputStream:75 - [STDERR_REDIRECT] [Fatal Error] :1:1: Premature end of file.
2026-10-06 15:08:33,653 [ERROR] LogOutputStream:75 - [STDERR_REDIRECT] 
2026-10-06 15:08:34,647 [ERROR] LogOutputStream:75 - [STDERR_REDIRECT] [Fatal Error] :1:1: Premature end of file.
2026-10-06 15:08:34,647 [ERROR] LogOutputStream:75 - [STDERR_REDIRECT] 
2026-10-06 15:08:35,646 [ERROR] LogOutputStream:75 - [STDERR_REDIRECT] [Fatal Error] :1:1: Premature end of file.
2026-10-06 15:08:35,647 [ERROR] LogOutputStream:75 - [STDERR_REDIRECT] 
2026-10-06 15:08:36,647 [ERROR] LogOutputStream:75 - [STDERR_REDIRECT] [Fatal Error] :1:1: Premature end of file.
2026-10-06 15:08:36,647 [ERROR] LogOutputStream:75 - [STDERR_REDIRECT] 
2026-10-06 15:08:37,650 [ERROR] LogOutputStream:75 - [STDERR_REDIRECT] [Fatal Error] :1:1: Premature end of file.
2026-10-06 15:08:37,650 [ERROR] LogOutputStream:75 - [STDERR_REDIRECT] 
2026-10-06 15:08:38,646 [ERROR] LogOutputStream:75 - [STDERR_REDIRECT] [Fatal Error] :1:1: Premature end of file.
2026-10-06 15:08:38,646 [ERROR] LogOutputStream:75 - [STDERR_REDIRECT] 
2026-10-06 15:08:39,650 [ERROR] LogOutputStream:75 - [STDERR_REDIRECT] [Fatal Error] :1:1: Premature end of file.
2026-10-06 15:08:39,650 [ERROR] LogOutputStream:75 - [STDERR_REDIRECT] 
2026-10-06 15:08:40,650 [ERROR] LogOutputStream:75 - [STDERR_REDIRECT] [Fatal Error] :1:1: Premature end of file.
2026-10-06 15:08:40,650 [ERROR] LogOutputStream:75 - [STDERR_REDIRECT] 
2026-10-06 15:08:41,645 [ERROR] LogOutputStream:75 - [STDERR_REDIRECT] [Fatal Error] :1:1: Premature end of file.
2026-10-06 15:08:41,645 [ERROR] LogOutputStream:75 - [STDERR_REDIRECT] 
2026-10-06 15:08:42,648 [ERROR] LogOutputStream:75 - [STDERR_REDIRECT] [Fatal Error] :1:1: Premature end of file.
2026-10-06 15:08:42,648 [ERROR] LogOutputStream:75 - [STDERR_REDIRECT] 
2026-10-06 15:08:43,648 [ERROR] LogOutputStream:75 - [STDERR_REDIRECT] [Fatal Error] :1:1: Premature end of file.
2026-10-06 15:08:43,649 [ERROR] LogOutputStream:75 - [STDERR_REDIRECT] 
2026-10-06 15:08:44,646 [ERROR] LogOutputStream:75 - [STDERR_REDIRECT] [Fatal Error] :1:1: Premature end of file.
2026-10-06 15:08:44,646 [ERROR] LogOutputStream:75 - [STDERR_REDIRECT] 
2026-10-06 15:08:45,645 [ERROR] LogOutputStream:75 - [STDERR_REDIRECT] [Fatal Error] :1:1: Premature end of file.
2026-10-06 15:08:45,646 [ERROR] LogOutputStream:75 - [STDERR_REDIRECT] 
2026-10-06 15:08:46,649 [ERROR] LogOutputStream:75 - [STDERR_REDIRECT] [Fatal Error] :1:1: Premature end of file.
2026-10-06 15:08:46,650 [ERROR] LogOutputStream:75 - [STDERR_REDIRECT] 
2026-10-06 15:08:47,647 [ERROR] LogOutputStream:75 - [STDERR_REDIRECT] [Fatal Error] :1:1: Premature end of file.
2026-10-06 15:08:47,647 [ERROR] LogOutputStream:75 - [STDERR_REDIRECT] 
2026-10-06 15:08:48,652 [ERROR] LogOutputStream:75 - [STDERR_REDIRECT] [Fatal Error] :1:1: Premature end of file.
2026-10-06 15:08:48,652 [ERROR] LogOutputStream:75 - [STDERR_REDIRECT] 
2026-10-06 15:08:49,653 [ERROR] LogOutputStream:75 - [STDERR_REDIRECT] [Fatal Error] :1:1: Premature end of file.
2026-10-06 15:08:49,654 [ERROR] LogOutputStream:75 - [STDERR_REDIRECT] 
2026-10-06 15:08:50,652 [ERROR] LogOutputStream:75 - [STDERR_REDIRECT] [Fatal Error] :1:1: Premature end of file.
2026-10-06 15:08:50,652 [ERROR] LogOutputStream:75 - [STDERR_REDIRECT] 
2026-10-06 15:08:51,651 [ERROR] LogOutputStream:75 - [STDERR_REDIRECT] [Fatal Error] :1:1: Premature end of file.
2026-10-06 15:08:51,652 [ERROR] LogOutputStream:75 - [STDERR_REDIRECT] 
2026-10-06 15:08:52,652 [ERROR] LogOutputStream:75 - [STDERR_REDIRECT] [Fatal Error] :1:1: Premature end of file.
2026-10-06 15:08:52,652 [ERROR] LogOutputStream:75 - [STDERR_REDIRECT] 
2026-10-06 15:08:53,648 [ERROR] LogOutputStream:75 - [STDERR_REDIRECT] [Fatal Error] :1:1: Premature end of file.
2026-10-06 15:08:53,649 [ERROR] LogOutputStream:75 - [STDERR_REDIRECT] 
2026-10-06 15:08:54,646 [ERROR] LogOutputStream:75 - [STDERR_REDIRECT] [Fatal Error] :1:1: Premature end of file.
2026-10-06 15:08:54,646 [ERROR] LogOutputStream:75 - [STDERR_REDIRECT] 
2026-10-06 15:08:55,647 [ERROR] LogOutputStream:75 - [STDERR_REDIRECT] [Fatal Error] :1:1: Premature end of file.
2026-10-06 15:08:55,647 [ERROR] LogOutputStream:75 - [STDERR_REDIRECT] 
2026-10-06 15:08:56,647 [ERROR] LogOutputStream:75 - [STDERR_REDIRECT] [Fatal Error] :1:1: Premature end of file.
2026-10-06 15:08:56,647 [ERROR] LogOutputStream:75 - [STDERR_REDIRECT] 
2026-10-06 15:08:57,647 [ERROR] LogOutputStream:75 - [STDERR_REDIRECT] [Fatal Error] :1:1: Premature end of file.
2026-10-06 15:08:57,647 [ERROR] LogOutputStream:75 - [STDERR_REDIRECT] 
2026-10-06 15:08:58,646 [ERROR] LogOutputStream:75 - [STDERR_REDIRECT] [Fatal Error] :1:1: Premature end of file.
2026-10-06 15:08:58,646 [ERROR] LogOutputStream:75 - [STDERR_REDIRECT] 
2026-10-06 15:08:59,646 [ERROR] LogOutputStream:75 - [STDERR_REDIRECT] [Fatal Error] :1:1: Premature end of file.
2026-10-06 15:08:59,647 [ERROR] LogOutputStream:75 - [STDERR_REDIRECT] 
2026-10-06 15:09:00,646 [ERROR] LogOutputStream:75 - [STDERR_REDIRECT] [Fatal Error] :1:1: Premature end of file.
2026-10-06 15:09:00,646 [ERROR] LogOutputStream:75 - [STDERR_REDIRECT] 
2026-10-06 15:09:01,647 [ERROR] LogOutputStream:75 - [STDERR_REDIRECT] [Fatal Error] :1:1: Premature end of file.
2026-10-06 15:09:01,647 [ERROR] LogOutputStream:75 - [STDERR_REDIRECT] 
2026-10-06 15:09:02,647 [ERROR] LogOutputStream:75 - [STDERR_REDIRECT] [Fatal Error] :1:1: Premature end of file.
2026-10-06 15:09:02,647 [ERROR] LogOutputStream:75 - [STDERR_REDIRECT] 
2026-10-06 15:09:03,646 [ERROR] LogOutputStream:75 - [STDERR_REDIRECT] [Fatal Error] :1:1: Premature end of file.
2026-10-06 15:09:03,646 [ERROR] LogOutputStream:75 - [STDERR_REDIRECT] 
2026-10-06 15:09:04,648 [ERROR] LogOutputStream:75 - [STDERR_REDIRECT] [Fatal Error] :1:1: Premature end of file.
2026-10-06 15:09:04,648 [ERROR] LogOutputStream:75 - [STDERR_REDIRECT] 
2026-10-06 15:09:05,645 [ERROR] LogOutputStream:75 - [STDERR_REDIRECT] [Fatal Error] :1:1: Premature end of file.
2026-10-06 15:09:05,645 [ERROR] LogOutputStream:75 - [STDERR_REDIRECT] 
2026-10-06 15:09:06,647 [ERROR] LogOutputStream:75 - [STDERR_REDIRECT] [Fatal Error] :1:1: Premature end of file.
2026-10-06 15:09:06,647 [ERROR] LogOutputStream:75 - [STDERR_REDIRECT] 
2026-10-06 15:09:07,654 [ERROR] LogOutputStream:75 - [STDERR_REDIRECT] [Fatal Error] :1:1: Premature end of file.
2026-10-06 15:09:07,655 [ERROR] LogOutputStream:75 - [STDERR_REDIRECT] 
2026-10-06 15:09:08,652 [ERROR] LogOutputStream:75 - [STDERR_REDIRECT] [Fatal Error] :1:1: Premature end of file.
2026-10-06 15:09:08,652 [ERROR] LogOutputStream:75 - [STDERR_REDIRECT] 
2026-10-06 15:09:09,667 [ERROR] LogOutputStream:75 - [STDERR_REDIRECT] [Fatal Error] :1:1: Premature end of file.
2026-10-06 15:09:09,667 [ERROR] LogOutputStream:75 - [STDERR_REDIRECT] 
2026-10-06 15:09:10,651 [ERROR] LogOutputStream:75 - [STDERR_REDIRECT] [Fatal Error] :1:1: Premature end of file.
2026-10-06 15:09:10,651 [ERROR] LogOutputStream:75 - [STDERR_REDIRECT] 
2026-10-06 15:09:11,651 [ERROR] LogOutputStream:75 - [STDERR_REDIRECT] [Fatal Error] :1:1: Premature end of file.
2026-10-06 15:09:11,651 [ERROR] LogOutputStream:75 - [STDERR_REDIRECT] 
2026-10-06 15:09:12,651 [ERROR] LogOutputStream:75 - [STDERR_REDIRECT] [Fatal Error] :1:1: Premature end of file.
2026-10-06 15:09:12,651 [ERROR] LogOutputStream:75 - [STDERR_REDIRECT] 
2026-10-06 15:09:13,649 [ERROR] LogOutputStream:75 - [STDERR_REDIRECT] [Fatal Error] :1:1: Premature end of file.
2026-10-06 15:09:13,649 [ERROR] LogOutputStream:75 - [STDERR_REDIRECT] 
2026-10-06 15:09:14,647 [ERROR] LogOutputStream:75 - [STDERR_REDIRECT] [Fatal Error] :1:1: Premature end of file.
2026-10-06 15:09:14,648 [ERROR] LogOutputStream:75 - [STDERR_REDIRECT] 
2026-10-06 15:09:15,645 [ERROR] LogOutputStream:75 - [STDERR_REDIRECT] [Fatal Error] :1:1: Premature end of file.
2026-10-06 15:09:15,645 [ERROR] LogOutputStream:75 - [STDERR_REDIRECT] 
2026-10-06 15:09:16,646 [ERROR] LogOutputStream:75 - [STDERR_REDIRECT] [Fatal Error] :1:1: Premature end of file.
2026-10-06 15:09:16,647 [ERROR] LogOutputStream:75 - [STDERR_REDIRECT] 
2026-10-06 15:09:17,648 [ERROR] LogOutputStream:75 - [STDERR_REDIRECT] [Fatal Error] :1:1: Premature end of file.
2026-10-06 15:09:17,648 [ERROR] LogOutputStream:75 - [STDERR_REDIRECT] 
2026-10-06 15:09:18,646 [ERROR] LogOutputStream:75 - [STDERR_REDIRECT] [Fatal Error] :1:1: Premature end of file.
2026-10-06 15:09:18,646 [ERROR] LogOutputStream:75 - [STDERR_REDIRECT] 
2026-10-06 15:09:19,646 [ERROR] LogOutputStream:75 - [STDERR_REDIRECT] [Fatal Error] :1:1: Premature end of file.
2026-10-06 15:09:19,647 [ERROR] LogOutputStream:75 - [STDERR_REDIRECT] 
2026-10-06 15:09:20,646 [ERROR] LogOutputStream:75 - [STDERR_REDIRECT] [Fatal Error] :1:1: Premature end of file.
2026-10-06 15:09:20,646 [ERROR] LogOutputStream:75 - [STDERR_REDIRECT] 
2026-10-06 15:09:21,649 [ERROR] LogOutputStream:75 - [STDERR_REDIRECT] [Fatal Error] :1:1: Premature end of file.
2026-10-06 15:09:21,649 [ERROR] LogOutputStream:75 - [STDERR_REDIRECT] 
2026-10-06 15:09:22,654 [ERROR] LogOutputStream:75 - [STDERR_REDIRECT] [Fatal Error] :1:1: Premature end of file.
2026-10-06 15:09:22,655 [ERROR] LogOutputStream:75 - [STDERR_REDIRECT] 
2026-10-06 15:09:23,648 [ERROR] LogOutputStream:75 - [STDERR_REDIRECT] [Fatal Error] :1:1: Premature end of file.
2026-10-06 15:09:23,649 [ERROR] LogOutputStream:75 - [STDERR_REDIRECT] 
2026-10-06 15:09:24,659 [ERROR] LogOutputStream:75 - [STDERR_REDIRECT] [Fatal Error] :1:1: Premature end of file.
2026-10-06 15:09:24,659 [ERROR] LogOutputStream:75 - [STDERR_REDIRECT] 
2026-10-06 15:09:25,664 [ERROR] LogOutputStream:75 - [STDERR_REDIRECT] [Fatal Error] :1:1: Premature end of file.
2026-10-06 15:09:25,664 [ERROR] LogOutputStream:75 - [STDERR_REDIRECT] 
2026-10-06 15:09:26,706 [ERROR] LogOutputStream:75 - [STDERR_REDIRECT] [Fatal Error] :1:1: Premature end of file.
2026-10-06 15:09:26,707 [ERROR] LogOutputStream:75 - [STDERR_REDIRECT] 
2026-10-06 15:09:27,668 [ERROR] LogOutputStream:75 - [STDERR_REDIRECT] [Fatal Error] :1:1: Premature end of file.
2026-10-06 15:09:27,668 [ERROR] LogOutputStream:75 - [STDERR_REDIRECT] 
2026-10-06 15:09:28,674 [ERROR] LogOutputStream:75 - [STDERR_REDIRECT] [Fatal Error] :1:1: Premature end of file.
2026-10-06 15:09:28,674 [ERROR] LogOutputStream:75 - [STDERR_REDIRECT] 
2026-10-06 15:09:29,671 [ERROR] LogOutputStream:75 - [STDERR_REDIRECT] [Fatal Error] :1:1: Premature end of file.
2026-10-06 15:09:29,671 [ERROR] LogOutputStream:75 - [STDERR_REDIRECT] 
2026-10-06 15:09:30,669 [ERROR] LogOutputStream:75 - [STDERR_REDIRECT] [Fatal Error] :1:1: Premature end of file.
2026-10-06 15:09:30,670 [ERROR] LogOutputStream:75 - [STDERR_REDIRECT] 
2026-10-06 15:09:31,675 [ERROR] LogOutputStream:75 - [STDERR_REDIRECT] [Fatal Error] :1:1: Premature end of file.
2026-10-06 15:09:31,675 [ERROR] LogOutputStream:75 - [STDERR_REDIRECT] 
2026-10-06 15:09:32,662 [ERROR] LogOutputStream:75 - [STDERR_REDIRECT] [Fatal Error] :1:1: Premature end of file.
2026-10-06 15:09:32,662 [ERROR] LogOutputStream:75 - [STDERR_REDIRECT] 
2026-10-06 15:09:33,663 [ERROR] LogOutputStream:75 - [STDERR_REDIRECT] [Fatal Error] :1:1: Premature end of file.
2026-10-06 15:09:33,664 [ERROR] LogOutputStream:75 - [STDERR_REDIRECT] 
2026-10-06 15:09:34,668 [ERROR] LogOutputStream:75 - [STDERR_REDIRECT] [Fatal Error] :1:1: Premature end of file.
2026-10-06 15:09:34,669 [ERROR] LogOutputStream:75 - [STDERR_REDIRECT] 
2026-10-06 15:09:35,656 [ERROR] LogOutputStream:75 - [STDERR_REDIRECT] [Fatal Error] :1:1: Premature end of file.
2026-10-06 15:09:35,657 [ERROR] LogOutputStream:75 - [STDERR_REDIRECT] 
2026-10-06 15:09:36,667 [ERROR] LogOutputStream:75 - [STDERR_REDIRECT] [Fatal Error] :1:1: Premature end of file.
2026-10-06 15:09:36,668 [ERROR] LogOutputStream:75 - [STDERR_REDIRECT] 
2026-10-06 15:09:37,661 [ERROR] LogOutputStream:75 - [STDERR_REDIRECT] [Fatal Error] :1:1: Premature end of file.
2026-10-06 15:09:37,662 [ERROR] LogOutputStream:75 - [STDERR_REDIRECT] 
2026-10-06 15:09:38,649 [ERROR] LogOutputStream:75 - [STDERR_REDIRECT] [Fatal Error] :1:1: Premature end of file.
2026-10-06 15:09:38,649 [ERROR] LogOutputStream:75 - [STDERR_REDIRECT] 
2026-10-06 15:09:39,662 [ERROR] LogOutputStream:75 - [STDERR_REDIRECT] [Fatal Error] :1:1: Premature end of file.
2026-10-06 15:09:39,662 [ERROR] LogOutputStream:75 - [STDERR_REDIRECT] 
2026-10-06 15:09:40,657 [ERROR] LogOutputStream:75 - [STDERR_REDIRECT] [Fatal Error] :1:1: Premature end of file.
2026-10-06 15:09:40,657 [ERROR] LogOutputStream:75 - [STDERR_REDIRECT] 
2026-10-06 15:09:41,651 [ERROR] LogOutputStream:75 - [STDERR_REDIRECT] [Fatal Error] :1:1: Premature end of file.
2026-10-06 15:09:41,652 [ERROR] LogOutputStream:75 - [STDERR_REDIRECT] 
2026-10-06 15:09:42,655 [ERROR] LogOutputStream:75 - [STDERR_REDIRECT] [Fatal Error] :1:1: Premature end of file.
2026-10-06 15:09:42,656 [ERROR] LogOutputStream:75 - [STDERR_REDIRECT] 
2026-10-06 15:09:43,651 [ERROR] LogOutputStream:75 - [STDERR_REDIRECT] [Fatal Error] :1:1: Premature end of file.
2026-10-06 15:09:43,651 [ERROR] LogOutputStream:75 - [STDERR_REDIRECT] 
2026-10-06 15:09:44,654 [ERROR] LogOutputStream:75 - [STDERR_REDIRECT] [Fatal Error] :1:1: Premature end of file.
2026-10-06 15:09:44,655 [ERROR] LogOutputStream:75 - [STDERR_REDIRECT] 
2026-10-06 15:09:45,650 [ERROR] LogOutputStream:75 - [STDERR_REDIRECT] [Fatal Error] :1:1: Premature end of file.
2026-10-06 15:09:45,651 [ERROR] LogOutputStream:75 - [STDERR_REDIRECT] 
2026-10-06 15:09:46,656 [ERROR] LogOutputStream:75 - [STDERR_REDIRECT] [Fatal Error] :1:1: Premature end of file.
2026-10-06 15:09:46,657 [ERROR] LogOutputStream:75 - [STDERR_REDIRECT] 
2026-10-06 15:09:47,658 [ERROR] LogOutputStream:75 - [STDERR_REDIRECT] [Fatal Error] :1:1: Premature end of file.
2026-10-06 15:09:47,658 [ERROR] LogOutputStream:75 - [STDERR_REDIRECT] 
2026-10-06 15:09:48,661 [ERROR] LogOutputStream:75 - [STDERR_REDIRECT] [Fatal Error] :1:1: Premature end of file.
2026-10-06 15:09:48,661 [ERROR] LogOutputStream:75 - [STDERR_REDIRECT] 
2026-10-06 15:09:49,656 [ERROR] LogOutputStream:75 - [STDERR_REDIRECT] [Fatal Error] :1:1: Premature end of file.
2026-10-06 15:09:49,656 [ERROR] LogOutputStream:75 - [STDERR_REDIRECT] 
2026-10-06 15:09:50,647 [ERROR] LogOutputStream:75 - [STDERR_REDIRECT] [Fatal Error] :1:1: Premature end of file.
2026-10-06 15:09:50,647 [ERROR] LogOutputStream:75 - [STDERR_REDIRECT] 
2026-10-06 15:09:51,647 [ERROR] LogOutputStream:75 - [STDERR_REDIRECT] [Fatal Error] :1:1: Premature end of file.
2026-10-06 15:09:51,648 [ERROR] LogOutputStream:75 - [STDERR_REDIRECT] 
2026-10-06 15:09:52,650 [ERROR] LogOutputStream:75 - [STDERR_REDIRECT] [Fatal Error] :1:1: Premature end of file.
2026-10-06 15:09:52,650 [ERROR] LogOutputStream:75 - [STDERR_REDIRECT] 
2026-10-06 15:09:53,665 [ERROR] LogOutputStream:75 - [STDERR_REDIRECT] [Fatal Error] :1:1: Premature end of file.
2026-10-06 15:09:53,665 [ERROR] LogOutputStream:75 - [STDERR_REDIRECT] 
2026-10-06 15:09:54,662 [ERROR] LogOutputStream:75 - [STDERR_REDIRECT] [Fatal Error] :1:1: Premature end of file.
2026-10-06 15:09:54,662 [ERROR] LogOutputStream:75 - [STDERR_REDIRECT] 
2026-10-06 15:09:55,655 [ERROR] LogOutputStream:75 - [STDERR_REDIRECT] [Fatal Error] :1:1: Premature end of file.
2026-10-06 15:09:55,655 [ERROR] LogOutputStream:75 - [STDERR_REDIRECT] 
2026-10-06 15:09:56,661 [ERROR] LogOutputStream:75 - [STDERR_REDIRECT] [Fatal Error] :1:1: Premature end of file.
2026-10-06 15:09:56,661 [ERROR] LogOutputStream:75 - [STDERR_REDIRECT] 
2026-10-06 15:09:57,656 [ERROR] LogOutputStream:75 - [STDERR_REDIRECT] [Fatal Error] :1:1: Premature end of file.
2026-10-06 15:09:57,656 [ERROR] LogOutputStream:75 - [STDERR_REDIRECT] 
2026-10-06 15:09:58,658 [ERROR] LogOutputStream:75 - [STDERR_REDIRECT] [Fatal Error] :1:1: Premature end of file.
2026-10-06 15:09:58,658 [ERROR] LogOutputStream:75 - [STDERR_REDIRECT] 
2026-10-06 15:09:59,661 [ERROR] LogOutputStream:75 - [STDERR_REDIRECT] [Fatal Error] :1:1: Premature end of file.
2026-10-06 15:09:59,662 [ERROR] LogOutputStream:75 - [STDERR_REDIRECT] 
2026-10-06 15:10:00,650 [ERROR] LogOutputStream:75 - [STDERR_REDIRECT] [Fatal Error] :1:1: Premature end of file.
2026-10-06 15:10:00,650 [ERROR] LogOutputStream:75 - [STDERR_REDIRECT] 
2026-10-06 15:10:01,662 [ERROR] LogOutputStream:75 - [STDERR_REDIRECT] [Fatal Error] :1:1: Premature end of file.
2026-10-06 15:10:01,662 [ERROR] LogOutputStream:75 - [STDERR_REDIRECT] 
2026-10-06 15:10:02,656 [ERROR] LogOutputStream:75 - [STDERR_REDIRECT] [Fatal Error] :1:1: Premature end of file.
2026-10-06 15:10:02,656 [ERROR] LogOutputStream:75 - [STDERR_REDIRECT] 
2026-10-06 15:10:03,652 [ERROR] LogOutputStream:75 - [STDERR_REDIRECT] [Fatal Error] :1:1: Premature end of file.
2026-10-06 15:10:03,652 [ERROR] LogOutputStream:75 - [STDERR_REDIRECT] 
2026-10-06 15:10:04,656 [ERROR] LogOutputStream:75 - [STDERR_REDIRECT] [Fatal Error] :1:1: Premature end of file.
2026-10-06 15:10:04,656 [ERROR] LogOutputStream:75 - [STDERR_REDIRECT] 
2026-10-06 15:10:05,653 [ERROR] LogOutputStream:75 - [STDERR_REDIRECT] [Fatal Error] :1:1: Premature end of file.
2026-10-06 15:10:05,653 [ERROR] LogOutputStream:75 - [STDERR_REDIRECT] 
2026-10-06 15:10:06,664 [ERROR] LogOutputStream:75 - [STDERR_REDIRECT] [Fatal Error] :1:1: Premature end of file.
2026-10-06 15:10:06,664 [ERROR] LogOutputStream:75 - [STDERR_REDIRECT] 
2026-10-06 15:10:07,659 [ERROR] LogOutputStream:75 - [STDERR_REDIRECT] [Fatal Error] :1:1: Premature end of file.
2026-10-06 15:10:07,659 [ERROR] LogOutputStream:75 - [STDERR_REDIRECT] 
2026-10-06 15:10:08,657 [ERROR] LogOutputStream:75 - [STDERR_REDIRECT] [Fatal Error] :1:1: Premature end of file.
2026-10-06 15:10:08,657 [ERROR] LogOutputStream:75 - [STDERR_REDIRECT] 
2026-10-06 15:10:09,656 [ERROR] LogOutputStream:75 - [STDERR_REDIRECT] [Fatal Error] :1:1: Premature end of file.
2026-10-06 15:10:09,657 [ERROR] LogOutputStream:75 - [STDERR_REDIRECT] 
2026-10-06 15:10:10,663 [ERROR] LogOutputStream:75 - [STDERR_REDIRECT] [Fatal Error] :1:1: Premature end of file.
2026-10-06 15:10:10,664 [ERROR] LogOutputStream:75 - [STDERR_REDIRECT] 
2026-10-06 15:10:11,659 [ERROR] LogOutputStream:75 - [STDERR_REDIRECT] [Fatal Error] :1:1: Premature end of file.
2026-10-06 15:10:11,660 [ERROR] LogOutputStream:75 - [STDERR_REDIRECT] 
2026-10-06 15:10:12,651 [ERROR] LogOutputStream:75 - [STDERR_REDIRECT] [Fatal Error] :1:1: Premature end of file.
2026-10-06 15:10:12,652 [ERROR] LogOutputStream:75 - [STDERR_REDIRECT] 
2026-10-06 15:10:13,653 [ERROR] LogOutputStream:75 - [STDERR_REDIRECT] [Fatal Error] :1:1: Premature end of file.
2026-10-06 15:10:13,653 [ERROR] LogOutputStream:75 - [STDERR_REDIRECT] 
2026-10-06 15:10:14,650 [ERROR] LogOutputStream:75 - [STDERR_REDIRECT] [Fatal Error] :1:1: Premature end of file.
2026-10-06 15:10:14,650 [ERROR] LogOutputStream:75 - [STDERR_REDIRECT] 
2026-10-06 15:10:15,666 [ERROR] LogOutputStream:75 - [STDERR_REDIRECT] [Fatal Error] :1:1: Premature end of file.
2026-10-06 15:10:15,666 [ERROR] LogOutputStream:75 - [STDERR_REDIRECT] 
2026-10-06 15:10:16,660 [ERROR] LogOutputStream:75 - [STDERR_REDIRECT] [Fatal Error] :1:1: Premature end of file.
2026-10-06 15:10:16,660 [ERROR] LogOutputStream:75 - [STDERR_REDIRECT] 
2026-10-06 15:10:17,652 [ERROR] LogOutputStream:75 - [STDERR_REDIRECT] [Fatal Error] :1:1: Premature end of file.
2026-10-06 15:10:17,652 [ERROR] LogOutputStream:75 - [STDERR_REDIRECT] 
2026-10-06 15:10:18,662 [ERROR] LogOutputStream:75 - [STDERR_REDIRECT] [Fatal Error] :1:1: Premature end of file.
2026-10-06 15:10:18,662 [ERROR] LogOutputStream:75 - [STDERR_REDIRECT] 
2026-10-06 15:10:19,655 [ERROR] LogOutputStream:75 - [STDERR_REDIRECT] [Fatal Error] :1:1: Premature end of file.
2026-10-06 15:10:19,655 [ERROR] LogOutputStream:75 - [STDERR_REDIRECT] 
2026-10-06 15:10:20,660 [ERROR] LogOutputStream:75 - [STDERR_REDIRECT] [Fatal Error] :1:1: Premature end of file.
2026-10-06 15:10:20,661 [ERROR] LogOutputStream:75 - [STDERR_REDIRECT] 
2026-10-06 15:10:21,657 [ERROR] LogOutputStream:75 - [STDERR_REDIRECT] [Fatal Error] :1:1: Premature end of file.
2026-10-06 15:10:21,657 [ERROR] LogOutputStream:75 - [STDERR_REDIRECT] 
2026-10-06 15:10:22,648 [ERROR] LogOutputStream:75 - [STDERR_REDIRECT] [Fatal Error] :1:1: Premature end of file.
2026-10-06 15:10:22,648 [ERROR] LogOutputStream:75 - [STDERR_REDIRECT] 
2026-10-06 15:10:23,665 [ERROR] LogOutputStream:75 - [STDERR_REDIRECT] [Fatal Error] :1:1: Premature end of file.
2026-10-06 15:10:23,666 [ERROR] LogOutputStream:75 - [STDERR_REDIRECT] 
2026-10-06 15:10:24,656 [ERROR] LogOutputStream:75 - [STDERR_REDIRECT] [Fatal Error] :1:1: Premature end of file.
2026-10-06 15:10:24,656 [ERROR] LogOutputStream:75 - [STDERR_REDIRECT] 
2026-10-06 15:10:25,659 [ERROR] LogOutputStream:75 - [STDERR_REDIRECT] [Fatal Error] :1:1: Premature end of file.
2026-10-06 15:10:25,659 [ERROR] LogOutputStream:75 - [STDERR_REDIRECT] 
2026-10-06 15:10:26,651 [ERROR] LogOutputStream:75 - [STDERR_REDIRECT] [Fatal Error] :1:1: Premature end of file.
2026-10-06 15:10:26,651 [ERROR] LogOutputStream:75 - [STDERR_REDIRECT] 
2026-10-06 15:10:27,659 [ERROR] LogOutputStream:75 - [STDERR_REDIRECT] [Fatal Error] :1:1: Premature end of file.
2026-10-06 15:10:27,660 [ERROR] LogOutputStream:75 - [STDERR_REDIRECT] 
2026-10-06 15:10:28,650 [ERROR] LogOutputStream:75 - [STDERR_REDIRECT] [Fatal Error] :1:1: Premature end of file.
2026-10-06 15:10:28,650 [ERROR] LogOutputStream:75 - [STDERR_REDIRECT] 
2026-10-06 15:10:29,651 [ERROR] LogOutputStream:75 - [STDERR_REDIRECT] [Fatal Error] :1:1: Premature end of file.
2026-10-06 15:10:29,651 [ERROR] LogOutputStream:75 - [STDERR_REDIRECT] 
2026-10-06 15:10:30,660 [ERROR] LogOutputStream:75 - [STDERR_REDIRECT] [Fatal Error] :1:1: Premature end of file.
2026-10-06 15:10:30,660 [ERROR] LogOutputStream:75 - [STDERR_REDIRECT] 
2026-10-06 15:10:31,658 [ERROR] LogOutputStream:75 - [STDERR_REDIRECT] [Fatal Error] :1:1: Premature end of file.
2026-10-06 15:10:31,658 [ERROR] LogOutputStream:75 - [STDERR_REDIRECT] 
2026-10-06 15:10:32,655 [ERROR] LogOutputStream:75 - [STDERR_REDIRECT] [Fatal Error] :1:1: Premature end of file.
2026-10-06 15:10:32,655 [ERROR] LogOutputStream:75 - [STDERR_REDIRECT] 
2026-10-06 15:10:33,648 [ERROR] LogOutputStream:75 - [STDERR_REDIRECT] [Fatal Error] :1:1: Premature end of file.
2026-10-06 15:10:33,649 [ERROR] LogOutputStream:75 - [STDERR_REDIRECT] 
2026-10-06 15:10:34,671 [ERROR] LogOutputStream:75 - [STDERR_REDIRECT] [Fatal Error] :1:1: Premature end of file.
2026-10-06 15:10:34,672 [ERROR] LogOutputStream:75 - [STDERR_REDIRECT] 
2026-10-06 15:10:35,654 [ERROR] LogOutputStream:75 - [STDERR_REDIRECT] [Fatal Error] :1:1: Premature end of file.
2026-10-06 15:10:35,654 [ERROR] LogOutputStream:75 - [STDERR_REDIRECT] 
2026-10-06 15:10:36,662 [ERROR] LogOutputStream:75 - [STDERR_REDIRECT] [Fatal Error] :1:1: Premature end of file.
2026-10-06 15:10:36,664 [ERROR] LogOutputStream:75 - [STDERR_REDIRECT] 
2026-10-06 15:10:37,649 [ERROR] LogOutputStream:75 - [STDERR_REDIRECT] [Fatal Error] :1:1: Premature end of file.
2026-10-06 15:10:37,650 [ERROR] LogOutputStream:75 - [STDERR_REDIRECT] 
2026-10-06 15:10:38,655 [ERROR] LogOutputStream:75 - [STDERR_REDIRECT] [Fatal Error] :1:1: Premature end of file.
2026-10-06 15:10:38,656 [ERROR] LogOutputStream:75 - [STDERR_REDIRECT] 
2026-10-06 15:10:39,665 [ERROR] LogOutputStream:75 - [STDERR_REDIRECT] [Fatal Error] :1:1: Premature end of file.
2026-10-06 15:10:39,665 [ERROR] LogOutputStream:75 - [STDERR_REDIRECT] 
2026-10-06 15:10:40,664 [ERROR] LogOutputStream:75 - [STDERR_REDIRECT] [Fatal Error] :1:1: Premature end of file.
2026-10-06 15:10:40,664 [ERROR] LogOutputStream:75 - [STDERR_REDIRECT] 
2026-10-06 15:10:41,652 [ERROR] LogOutputStream:75 - [STDERR_REDIRECT] [Fatal Error] :1:1: Premature end of file.
2026-10-06 15:10:41,652 [ERROR] LogOutputStream:75 - [STDERR_REDIRECT] 
2026-10-06 15:10:42,649 [ERROR] LogOutputStream:75 - [STDERR_REDIRECT] [Fatal Error] :1:1: Premature end of file.
2026-10-06 15:10:42,649 [ERROR] LogOutputStream:75 - [STDERR_REDIRECT] 
2026-10-06 15:10:43,654 [ERROR] LogOutputStream:75 - [STDERR_REDIRECT] [Fatal Error] :1:1: Premature end of file.
2026-10-06 15:10:43,654 [ERROR] LogOutputStream:75 - [STDERR_REDIRECT] 
2026-10-06 15:10:44,662 [ERROR] LogOutputStream:75 - [STDERR_REDIRECT] [Fatal Error] :1:1: Premature end of file.
2026-10-06 15:10:44,663 [ERROR] LogOutputStream:75 - [STDERR_REDIRECT] 
2026-10-06 15:10:45,666 [ERROR] LogOutputStream:75 - [STDERR_REDIRECT] [Fatal Error] :1:1: Premature end of file.
2026-10-06 15:10:45,666 [ERROR] LogOutputStream:75 - [STDERR_REDIRECT] 
2026-10-06 15:10:46,671 [ERROR] LogOutputStream:75 - [STDERR_REDIRECT] [Fatal Error] :1:1: Premature end of file.
2026-10-06 15:10:46,671 [ERROR] LogOutputStream:75 - [STDERR_REDIRECT] 
2026-10-06 15:10:47,676 [ERROR] LogOutputStream:75 - [STDERR_REDIRECT] [Fatal Error] :1:1: Premature end of file.
2026-10-06 15:10:47,677 [ERROR] LogOutputStream:75 - [STDERR_REDIRECT] 
2026-10-06 15:10:48,665 [ERROR] LogOutputStream:75 - [STDERR_REDIRECT] [Fatal Error] :1:1: Premature end of file.
2026-10-06 15:10:48,665 [ERROR] LogOutputStream:75 - [STDERR_REDIRECT] 
2026-10-06 15:10:49,658 [ERROR] LogOutputStream:75 - [STDERR_REDIRECT] [Fatal Error] :1:1: Premature end of file.
2026-10-06 15:10:49,659 [ERROR] LogOutputStream:75 - [STDERR_REDIRECT] 
2026-10-06 15:10:50,654 [ERROR] LogOutputStream:75 - [STDERR_REDIRECT] [Fatal Error] :1:1: Premature end of file.
2026-10-06 15:10:50,655 [ERROR] LogOutputStream:75 - [STDERR_REDIRECT] 
2026-10-06 15:10:51,656 [ERROR] LogOutputStream:75 - [STDERR_REDIRECT] [Fatal Error] :1:1: Premature end of file.
2026-10-06 15:10:51,656 [ERROR] LogOutputStream:75 - [STDERR_REDIRECT] 
2026-10-06 15:10:52,651 [ERROR] LogOutputStream:75 - [STDERR_REDIRECT] [Fatal Error] :1:1: Premature end of file.
2026-10-06 15:10:52,651 [ERROR] LogOutputStream:75 - [STDERR_REDIRECT] 
2026-10-06 15:10:53,665 [ERROR] LogOutputStream:75 - [STDERR_REDIRECT] [Fatal Error] :1:1: Premature end of file.
2026-10-06 15:10:53,665 [ERROR] LogOutputStream:75 - [STDERR_REDIRECT] 
2026-10-06 15:10:54,657 [ERROR] LogOutputStream:75 - [STDERR_REDIRECT] [Fatal Error] :1:1: Premature end of file.
2026-10-06 15:10:54,657 [ERROR] LogOutputStream:75 - [STDERR_REDIRECT] 
2026-10-06 15:10:55,664 [ERROR] LogOutputStream:75 - [STDERR_REDIRECT] [Fatal Error] :1:1: Premature end of file.
2026-10-06 15:10:55,664 [ERROR] LogOutputStream:75 - [STDERR_REDIRECT] 
2026-10-06 15:10:56,650 [ERROR] LogOutputStream:75 - [STDERR_REDIRECT] [Fatal Error] :1:1: Premature end of file.
2026-10-06 15:10:56,651 [ERROR] LogOutputStream:75 - [STDERR_REDIRECT] 
2026-10-06 15:10:57,667 [ERROR] LogOutputStream:75 - [STDERR_REDIRECT] [Fatal Error] :1:1: Premature end of file.
2026-10-06 15:10:57,667 [ERROR] LogOutputStream:75 - [STDERR_REDIRECT] 
2026-10-06 15:10:58,658 [ERROR] LogOutputStream:75 - [STDERR_REDIRECT] [Fatal Error] :1:1: Premature end of file.
2026-10-06 15:10:58,658 [ERROR] LogOutputStream:75 - [STDERR_REDIRECT] 
2026-10-06 15:10:59,658 [ERROR] LogOutputStream:75 - [STDERR_REDIRECT] [Fatal Error] :1:1: Premature end of file.
2026-10-06 15:10:59,658 [ERROR] LogOutputStream:75 - [STDERR_REDIRECT] 
2026-10-06 15:11:00,654 [ERROR] LogOutputStream:75 - [STDERR_REDIRECT] [Fatal Error] :1:1: Premature end of file.
2026-10-06 15:11:00,655 [ERROR] LogOutputStream:75 - [STDERR_REDIRECT] 
2026-10-06 15:11:01,712 [ERROR] LogOutputStream:75 - [STDERR_REDIRECT] [Fatal Error] :1:1: Premature end of file.
2026-10-06 15:11:01,713 [ERROR] LogOutputStream:75 - [STDERR_REDIRECT] 
2026-10-06 15:11:02,675 [ERROR] LogOutputStream:75 - [STDERR_REDIRECT] [Fatal Error] :1:1: Premature end of file.
2026-10-06 15:11:02,676 [ERROR] LogOutputStream:75 - [STDERR_REDIRECT] 
2026-10-06 15:11:03,652 [ERROR] LogOutputStream:75 - [STDERR_REDIRECT] [Fatal Error] :1:1: Premature end of file.
2026-10-06 15:11:03,654 [ERROR] LogOutputStream:75 - [STDERR_REDIRECT] 
2026-10-06 15:11:04,654 [ERROR] LogOutputStream:75 - [STDERR_REDIRECT] [Fatal Error] :1:1: Premature end of file.
2026-10-06 15:11:04,654 [ERROR] LogOutputStream:75 - [STDERR_REDIRECT] 
2026-10-06 15:11:05,657 [ERROR] LogOutputStream:75 - [STDERR_REDIRECT] [Fatal Error] :1:1: Premature end of file.
2026-10-06 15:11:05,657 [ERROR] LogOutputStream:75 - [STDERR_REDIRECT] 
2026-10-06 15:11:06,661 [ERROR] LogOutputStream:75 - [STDERR_REDIRECT] [Fatal Error] :1:1: Premature end of file.
2026-10-06 15:11:06,662 [ERROR] LogOutputStream:75 - [STDERR_REDIRECT] 
2026-10-06 15:11:07,668 [ERROR] LogOutputStream:75 - [STDERR_REDIRECT] [Fatal Error] :1:1: Premature end of file.
2026-10-06 15:11:07,669 [ERROR] LogOutputStream:75 - [STDERR_REDIRECT] 
2026-10-06 15:11:08,666 [ERROR] LogOutputStream:75 - [STDERR_REDIRECT] [Fatal Error] :1:1: Premature end of file.
2026-10-06 15:11:08,666 [ERROR] LogOutputStream:75 - [STDERR_REDIRECT] 
2026-10-06 15:11:09,655 [ERROR] LogOutputStream:75 - [STDERR_REDIRECT] [Fatal Error] :1:1: Premature end of file.
2026-10-06 15:11:09,655 [ERROR] LogOutputStream:75 - [STDERR_REDIRECT] 
2026-10-06 15:11:10,652 [ERROR] LogOutputStream:75 - [STDERR_REDIRECT] [Fatal Error] :1:1: Premature end of file.
2026-10-06 15:11:10,652 [ERROR] LogOutputStream:75 - [STDERR_REDIRECT] 
2026-10-06 15:11:11,658 [ERROR] LogOutputStream:75 - [STDERR_REDIRECT] [Fatal Error] :1:1: Premature end of file.
2026-10-06 15:11:11,658 [ERROR] LogOutputStream:75 - [STDERR_REDIRECT] 
2026-10-06 15:11:12,660 [ERROR] LogOutputStream:75 - [STDERR_REDIRECT] [Fatal Error] :1:1: Premature end of file.
2026-10-06 15:11:12,661 [ERROR] LogOutputStream:75 - [STDERR_REDIRECT] 
2026-10-06 15:11:13,667 [ERROR] LogOutputStream:75 - [STDERR_REDIRECT] [Fatal Error] :1:1: Premature end of file.
2026-10-06 15:11:13,667 [ERROR] LogOutputStream:75 - [STDERR_REDIRECT] 
2026-10-06 15:11:14,669 [ERROR] LogOutputStream:75 - [STDERR_REDIRECT] [Fatal Error] :1:1: Premature end of file.
2026-10-06 15:11:14,670 [ERROR] LogOutputStream:75 - [STDERR_REDIRECT] 
2026-10-06 15:11:15,654 [ERROR] LogOutputStream:75 - [STDERR_REDIRECT] [Fatal Error] :1:1: Premature end of file.
2026-10-06 15:11:15,654 [ERROR] LogOutputStream:75 - [STDERR_REDIRECT] 
2026-10-06 15:11:16,667 [ERROR] LogOutputStream:75 - [STDERR_REDIRECT] [Fatal Error] :1:1: Premature end of file.
2026-10-06 15:11:16,667 [ERROR] LogOutputStream:75 - [STDERR_REDIRECT] 
2026-10-06 15:11:17,670 [ERROR] LogOutputStream:75 - [STDERR_REDIRECT] [Fatal Error] :1:1: Premature end of file.
2026-10-06 15:11:17,670 [ERROR] LogOutputStream:75 - [STDERR_REDIRECT] 
2026-10-06 15:11:18,662 [ERROR] LogOutputStream:75 - [STDERR_REDIRECT] [Fatal Error] :1:1: Premature end of file.
2026-10-06 15:11:18,662 [ERROR] LogOutputStream:75 - [STDERR_REDIRECT] 
2026-10-06 15:11:19,667 [ERROR] LogOutputStream:75 - [STDERR_REDIRECT] [Fatal Error] :1:1: Premature end of file.
2026-10-06 15:11:19,667 [ERROR] LogOutputStream:75 - [STDERR_REDIRECT] 
2026-10-06 15:11:20,655 [ERROR] LogOutputStream:75 - [STDERR_REDIRECT] [Fatal Error] :1:1: Premature end of file.
2026-10-06 15:11:20,655 [ERROR] LogOutputStream:75 - [STDERR_REDIRECT] 
2026-10-06 15:11:21,661 [ERROR] LogOutputStream:75 - [STDERR_REDIRECT] [Fatal Error] :1:1: Premature end of file.
2026-10-06 15:11:21,661 [ERROR] LogOutputStream:75 - [STDERR_REDIRECT] 
2026-10-06 15:11:22,660 [ERROR] LogOutputStream:75 - [STDERR_REDIRECT] [Fatal Error] :1:1: Premature end of file.
2026-10-06 15:11:22,660 [ERROR] LogOutputStream:75 - [STDERR_REDIRECT] 
2026-10-06 15:11:23,654 [ERROR] LogOutputStream:75 - [STDERR_REDIRECT] [Fatal Error] :1:1: Premature end of file.
2026-10-06 15:11:23,655 [ERROR] LogOutputStream:75 - [STDERR_REDIRECT] 
2026-10-06 15:11:24,653 [ERROR] LogOutputStream:75 - [STDERR_REDIRECT] [Fatal Error] :1:1: Premature end of file.
2026-10-06 15:11:24,654 [ERROR] LogOutputStream:75 - [STDERR_REDIRECT] 
2026-10-06 15:11:25,674 [ERROR] LogOutputStream:75 - [STDERR_REDIRECT] [Fatal Error] :1:1: Premature end of file.
2026-10-06 15:11:25,675 [ERROR] LogOutputStream:75 - [STDERR_REDIRECT] 
2026-10-06 15:11:26,657 [ERROR] LogOutputStream:75 - [STDERR_REDIRECT] [Fatal Error] :1:1: Premature end of file.
2026-10-06 15:11:26,657 [ERROR] LogOutputStream:75 - [STDERR_REDIRECT] 
2026-10-06 15:11:27,667 [ERROR] LogOutputStream:75 - [STDERR_REDIRECT] [Fatal Error] :1:1: Premature end of file.
2026-10-06 15:11:27,668 [ERROR] LogOutputStream:75 - [STDERR_REDIRECT] 
2026-10-06 15:11:28,657 [ERROR] LogOutputStream:75 - [STDERR_REDIRECT] [Fatal Error] :1:1: Premature end of file.
2026-10-06 15:11:28,657 [ERROR] LogOutputStream:75 - [STDERR_REDIRECT] 
2026-10-06 15:11:29,653 [ERROR] LogOutputStream:75 - [STDERR_REDIRECT] [Fatal Error] :1:1: Premature end of file.
2026-10-06 15:11:29,653 [ERROR] LogOutputStream:75 - [STDERR_REDIRECT] 
2026-10-06 15:11:30,663 [ERROR] LogOutputStream:75 - [STDERR_REDIRECT] [Fatal Error] :1:1: Premature end of file.
2026-10-06 15:11:30,663 [ERROR] LogOutputStream:75 - [STDERR_REDIRECT] 
2026-10-06 15:11:31,662 [ERROR] LogOutputStream:75 - [STDERR_REDIRECT] [Fatal Error] :1:1: Premature end of file.
2026-10-06 15:11:31,662 [ERROR] LogOutputStream:75 - [STDERR_REDIRECT] 
2026-10-06 15:11:32,667 [ERROR] LogOutputStream:75 - [STDERR_REDIRECT] [Fatal Error] :1:1: Premature end of file.
2026-10-06 15:11:32,667 [ERROR] LogOutputStream:75 - [STDERR_REDIRECT] 
2026-10-06 15:11:33,654 [ERROR] LogOutputStream:75 - [STDERR_REDIRECT] [Fatal Error] :1:1: Premature end of file.
2026-10-06 15:11:33,654 [ERROR] LogOutputStream:75 - [STDERR_REDIRECT] 
2026-10-06 15:11:34,685 [ERROR] LogOutputStream:75 - [STDERR_REDIRECT] [Fatal Error] :1:1: Premature end of file.
2026-10-06 15:11:34,686 [ERROR] LogOutputStream:75 - [STDERR_REDIRECT] 
2026-10-06 15:11:35,659 [ERROR] LogOutputStream:75 - [STDERR_REDIRECT] [Fatal Error] :1:1: Premature end of file.
2026-10-06 15:11:35,659 [ERROR] LogOutputStream:75 - [STDERR_REDIRECT] 
2026-10-06 15:11:36,661 [ERROR] LogOutputStream:75 - [STDERR_REDIRECT] [Fatal Error] :1:1: Premature end of file.
2026-10-06 15:11:36,661 [ERROR] LogOutputStream:75 - [STDERR_REDIRECT] 
2026-10-06 15:11:37,676 [ERROR] LogOutputStream:75 - [STDERR_REDIRECT] [Fatal Error] :1:1: Premature end of file.
2026-10-06 15:11:37,676 [ERROR] LogOutputStream:75 - [STDERR_REDIRECT] 
2026-10-06 15:11:38,665 [ERROR] LogOutputStream:75 - [STDERR_REDIRECT] [Fatal Error] :1:1: Premature end of file.
2026-10-06 15:11:38,665 [ERROR] LogOutputStream:75 - [STDERR_REDIRECT] 
2026-10-06 15:11:39,658 [ERROR] LogOutputStream:75 - [STDERR_REDIRECT] [Fatal Error] :1:1: Premature end of file.
2026-10-06 15:11:39,659 [ERROR] LogOutputStream:75 - [STDERR_REDIRECT] 
2026-10-06 15:11:40,669 [ERROR] LogOutputStream:75 - [STDERR_REDIRECT] [Fatal Error] :1:1: Premature end of file.
2026-10-06 15:11:40,670 [ERROR] LogOutputStream:75 - [STDERR_REDIRECT] 
2026-10-06 15:11:41,657 [ERROR] LogOutputStream:75 - [STDERR_REDIRECT] [Fatal Error] :1:1: Premature end of file.
2026-10-06 15:11:41,657 [ERROR] LogOutputStream:75 - [STDERR_REDIRECT] 
2026-10-06 15:11:42,661 [ERROR] LogOutputStream:75 - [STDERR_REDIRECT] [Fatal Error] :1:1: Premature end of file.
2026-10-06 15:11:42,661 [ERROR] LogOutputStream:75 - [STDERR_REDIRECT] 
2026-10-06 15:11:43,660 [ERROR] LogOutputStream:75 - [STDERR_REDIRECT] [Fatal Error] :1:1: Premature end of file.
2026-10-06 15:11:43,660 [ERROR] LogOutputStream:75 - [STDERR_REDIRECT] 
2026-10-06 15:11:44,659 [ERROR] LogOutputStream:75 - [STDERR_REDIRECT] [Fatal Error] :1:1: Premature end of file.
2026-10-06 15:11:44,659 [ERROR] LogOutputStream:75 - [STDERR_REDIRECT] 
2026-10-06 15:11:45,662 [ERROR] LogOutputStream:75 - [STDERR_REDIRECT] [Fatal Error] :1:1: Premature end of file.
2026-10-06 15:11:45,663 [ERROR] LogOutputStream:75 - [STDERR_REDIRECT] 
2026-10-06 15:11:46,647 [ERROR] LogOutputStream:75 - [STDERR_REDIRECT] [Fatal Error] :1:1: Premature end of file.
2026-10-06 15:11:46,647 [ERROR] LogOutputStream:75 - [STDERR_REDIRECT] 
2026-10-06 15:11:47,670 [ERROR] LogOutputStream:75 - [STDERR_REDIRECT] [Fatal Error] :1:1: Premature end of file.
2026-10-06 15:11:47,670 [ERROR] LogOutputStream:75 - [STDERR_REDIRECT] 
2026-10-06 15:11:48,663 [ERROR] LogOutputStream:75 - [STDERR_REDIRECT] [Fatal Error] :1:1: Premature end of file.
2026-10-06 15:11:48,664 [ERROR] LogOutputStream:75 - [STDERR_REDIRECT] 
2026-10-06 15:11:49,655 [ERROR] LogOutputStream:75 - [STDERR_REDIRECT] [Fatal Error] :1:1: Premature end of file.
2026-10-06 15:11:49,656 [ERROR] LogOutputStream:75 - [STDERR_REDIRECT] 
2026-10-06 15:11:50,663 [ERROR] LogOutputStream:75 - [STDERR_REDIRECT] [Fatal Error] :1:1: Premature end of file.
2026-10-06 15:11:50,663 [ERROR] LogOutputStream:75 - [STDERR_REDIRECT] 
2026-10-06 15:11:51,661 [ERROR] LogOutputStream:75 - [STDERR_REDIRECT] [Fatal Error] :1:1: Premature end of file.
2026-10-06 15:11:51,662 [ERROR] LogOutputStream:75 - [STDERR_REDIRECT] 
2026-10-06 15:11:52,656 [ERROR] LogOutputStream:75 - [STDERR_REDIRECT] [Fatal Error] :1:1: Premature end of file.
2026-10-06 15:11:52,656 [ERROR] LogOutputStream:75 - [STDERR_REDIRECT] 
2026-10-06 15:11:53,651 [ERROR] LogOutputStream:75 - [STDERR_REDIRECT] [Fatal Error] :1:1: Premature end of file.
2026-10-06 15:11:53,651 [ERROR] LogOutputStream:75 - [STDERR_REDIRECT] 
2026-10-06 15:11:54,676 [ERROR] LogOutputStream:75 - [STDERR_REDIRECT] [Fatal Error] :1:1: Premature end of file.
2026-10-06 15:11:54,676 [ERROR] LogOutputStream:75 - [STDERR_REDIRECT] 
2026-10-06 15:11:55,670 [ERROR] LogOutputStream:75 - [STDERR_REDIRECT] [Fatal Error] :1:1: Premature end of file.
2026-10-06 15:11:55,670 [ERROR] LogOutputStream:75 - [STDERR_REDIRECT] 
2026-10-06 15:11:56,671 [ERROR] LogOutputStream:75 - [STDERR_REDIRECT] [Fatal Error] :1:1: Premature end of file.
2026-10-06 15:11:56,672 [ERROR] LogOutputStream:75 - [STDERR_REDIRECT] 
2026-10-06 15:11:57,660 [ERROR] LogOutputStream:75 - [STDERR_REDIRECT] [Fatal Error] :1:1: Premature end of file.
2026-10-06 15:11:57,660 [ERROR] LogOutputStream:75 - [STDERR_REDIRECT] 
2026-10-06 15:11:58,661 [ERROR] LogOutputStream:75 - [STDERR_REDIRECT] [Fatal Error] :1:1: Premature end of file.
2026-10-06 15:11:58,661 [ERROR] LogOutputStream:75 - [STDERR_REDIRECT] 
2026-10-06 15:11:59,667 [ERROR] LogOutputStream:75 - [STDERR_REDIRECT] [Fatal Error] :1:1: Premature end of file.
2026-10-06 15:11:59,667 [ERROR] LogOutputStream:75 - [STDERR_REDIRECT] 
2026-10-06 15:12:00,671 [ERROR] LogOutputStream:75 - [STDERR_REDIRECT] [Fatal Error] :1:1: Premature end of file.
2026-10-06 15:12:00,671 [ERROR] LogOutputStream:75 - [STDERR_REDIRECT] 
2026-10-06 15:12:01,667 [ERROR] LogOutputStream:75 - [STDERR_REDIRECT] [Fatal Error] :1:1: Premature end of file.
2026-10-06 15:12:01,667 [ERROR] LogOutputStream:75 - [STDERR_REDIRECT] 
2026-10-06 15:12:02,668 [ERROR] LogOutputStream:75 - [STDERR_REDIRECT] [Fatal Error] :1:1: Premature end of file.
2026-10-06 15:12:02,668 [ERROR] LogOutputStream:75 - [STDERR_REDIRECT] 
2026-10-06 15:12:03,673 [ERROR] LogOutputStream:75 - [STDERR_REDIRECT] [Fatal Error] :1:1: Premature end of file.
2026-10-06 15:12:03,673 [ERROR] LogOutputStream:75 - [STDERR_REDIRECT] 
2026-10-06 15:12:04,666 [ERROR] LogOutputStream:75 - [STDERR_REDIRECT] [Fatal Error] :1:1: Premature end of file.
2026-10-06 15:12:04,666 [ERROR] LogOutputStream:75 - [STDERR_REDIRECT] 
2026-10-06 15:12:05,666 [ERROR] LogOutputStream:75 - [STDERR_REDIRECT] [Fatal Error] :1:1: Premature end of file.
2026-10-06 15:12:05,666 [ERROR] LogOutputStream:75 - [STDERR_REDIRECT] 
2026-10-06 15:12:06,648 [ERROR] LogOutputStream:75 - [STDERR_REDIRECT] [Fatal Error] :1:1: Premature end of file.
2026-10-06 15:12:06,648 [ERROR] LogOutputStream:75 - [STDERR_REDIRECT] 
2026-10-06 15:12:07,674 [ERROR] LogOutputStream:75 - [STDERR_REDIRECT] [Fatal Error] :1:1: Premature end of file.
2026-10-06 15:12:07,674 [ERROR] LogOutputStream:75 - [STDERR_REDIRECT] 
2026-10-06 15:12:08,671 [ERROR] LogOutputStream:75 - [STDERR_REDIRECT] [Fatal Error] :1:1: Premature end of file.
2026-10-06 15:12:08,671 [ERROR] LogOutputStream:75 - [STDERR_REDIRECT] 
2026-10-06 15:12:09,658 [ERROR] LogOutputStream:75 - [STDERR_REDIRECT] [Fatal Error] :1:1: Premature end of file.
2026-10-06 15:12:09,658 [ERROR] LogOutputStream:75 - [STDERR_REDIRECT] 
2026-10-06 15:12:10,666 [ERROR] LogOutputStream:75 - [STDERR_REDIRECT] [Fatal Error] :1:1: Premature end of file.
2026-10-06 15:12:10,667 [ERROR] LogOutputStream:75 - [STDERR_REDIRECT] 
2026-10-06 15:12:11,670 [ERROR] LogOutputStream:75 - [STDERR_REDIRECT] [Fatal Error] :1:1: Premature end of file.
2026-10-06 15:12:11,670 [ERROR] LogOutputStream:75 - [STDERR_REDIRECT] 
2026-10-06 15:12:12,658 [ERROR] LogOutputStream:75 - [STDERR_REDIRECT] [Fatal Error] :1:1: Premature end of file.
2026-10-06 15:12:12,659 [ERROR] LogOutputStream:75 - [STDERR_REDIRECT] 
2026-10-06 15:12:13,672 [ERROR] LogOutputStream:75 - [STDERR_REDIRECT] [Fatal Error] :1:1: Premature end of file.
2026-10-06 15:12:13,673 [ERROR] LogOutputStream:75 - [STDERR_REDIRECT] 
2026-10-06 15:12:14,675 [ERROR] LogOutputStream:75 - [STDERR_REDIRECT] [Fatal Error] :1:1: Premature end of file.
2026-10-06 15:12:14,675 [ERROR] LogOutputStream:75 - [STDERR_REDIRECT] 
2026-10-06 15:12:15,645 [ERROR] LogOutputStream:75 - [STDERR_REDIRECT] [Fatal Error] :1:1: Premature end of file.
2026-10-06 15:12:15,646 [ERROR] LogOutputStream:75 - [STDERR_REDIRECT] 
2026-10-06 15:12:16,654 [ERROR] LogOutputStream:75 - [STDERR_REDIRECT] [Fatal Error] :1:1: Premature end of file.
2026-10-06 15:12:16,654 [ERROR] LogOutputStream:75 - [STDERR_REDIRECT] 
2026-10-06 15:12:17,653 [ERROR] LogOutputStream:75 - [STDERR_REDIRECT] [Fatal Error] :1:1: Premature end of file.
2026-10-06 15:12:17,653 [ERROR] LogOutputStream:75 - [STDERR_REDIRECT] 
2026-10-06 15:12:18,660 [ERROR] LogOutputStream:75 - [STDERR_REDIRECT] [Fatal Error] :1:1: Premature end of file.
2026-10-06 15:12:18,660 [ERROR] LogOutputStream:75 - [STDERR_REDIRECT] 
2026-10-06 15:12:19,663 [ERROR] LogOutputStream:75 - [STDERR_REDIRECT] [Fatal Error] :1:1: Premature end of file.
2026-10-06 15:12:19,664 [ERROR] LogOutputStream:75 - [STDERR_REDIRECT] 
2026-10-06 15:12:20,666 [ERROR] LogOutputStream:75 - [STDERR_REDIRECT] [Fatal Error] :1:1: Premature end of file.
2026-10-06 15:12:20,666 [ERROR] LogOutputStream:75 - [STDERR_REDIRECT] 
2026-10-06 15:12:21,653 [ERROR] LogOutputStream:75 - [STDERR_REDIRECT] [Fatal Error] :1:1: Premature end of file.
2026-10-06 15:12:21,653 [ERROR] LogOutputStream:75 - [STDERR_REDIRECT] 
2026-10-06 15:12:22,649 [ERROR] LogOutputStream:75 - [STDERR_REDIRECT] [Fatal Error] :1:1: Premature end of file.
2026-10-06 15:12:22,649 [ERROR] LogOutputStream:75 - [STDERR_REDIRECT] 
2026-10-06 15:12:23,658 [ERROR] LogOutputStream:75 - [STDERR_REDIRECT] [Fatal Error] :1:1: Premature end of file.
2026-10-06 15:12:23,658 [ERROR] LogOutputStream:75 - [STDERR_REDIRECT] 
2026-10-06 15:12:24,665 [ERROR] LogOutputStream:75 - [STDERR_REDIRECT] [Fatal Error] :1:1: Premature end of file.
2026-10-06 15:12:24,666 [ERROR] LogOutputStream:75 - [STDERR_REDIRECT] 
2026-10-06 15:12:25,666 [ERROR] LogOutputStream:75 - [STDERR_REDIRECT] [Fatal Error] :1:1: Premature end of file.
2026-10-06 15:12:25,666 [ERROR] LogOutputStream:75 - [STDERR_REDIRECT] 
2026-10-06 15:12:26,676 [ERROR] LogOutputStream:75 - [STDERR_REDIRECT] [Fatal Error] :1:1: Premature end of file.
2026-10-06 15:12:26,676 [ERROR] LogOutputStream:75 - [STDERR_REDIRECT] 
2026-10-06 15:12:27,667 [ERROR] LogOutputStream:75 - [STDERR_REDIRECT] [Fatal Error] :1:1: Premature end of file.
2026-10-06 15:12:27,667 [ERROR] LogOutputStream:75 - [STDERR_REDIRECT] 
2026-10-06 15:12:28,663 [ERROR] LogOutputStream:75 - [STDERR_REDIRECT] [Fatal Error] :1:1: Premature end of file.
2026-10-06 15:12:28,663 [ERROR] LogOutputStream:75 - [STDERR_REDIRECT] 
2026-10-06 15:12:29,662 [ERROR] LogOutputStream:75 - [STDERR_REDIRECT] [Fatal Error] :1:1: Premature end of file.
2026-10-06 15:12:29,663 [ERROR] LogOutputStream:75 - [STDERR_REDIRECT] 
2026-10-06 15:12:30,651 [ERROR] LogOutputStream:75 - [STDERR_REDIRECT] [Fatal Error] :1:1: Premature end of file.
2026-10-06 15:12:30,652 [ERROR] LogOutputStream:75 - [STDERR_REDIRECT] 
2026-10-06 15:12:31,651 [ERROR] LogOutputStream:75 - [STDERR_REDIRECT] [Fatal Error] :1:1: Premature end of file.
2026-10-06 15:12:31,651 [ERROR] LogOutputStream:75 - [STDERR_REDIRECT] 
2026-10-06 15:12:32,660 [ERROR] LogOutputStream:75 - [STDERR_REDIRECT] [Fatal Error] :1:1: Premature end of file.
2026-10-06 15:12:32,661 [ERROR] LogOutputStream:75 - [STDERR_REDIRECT] 
2026-10-06 15:12:33,666 [ERROR] LogOutputStream:75 - [STDERR_REDIRECT] [Fatal Error] :1:1: Premature end of file.
2026-10-06 15:12:33,666 [ERROR] LogOutputStream:75 - [STDERR_REDIRECT] 
2026-10-06 15:12:34,655 [ERROR] LogOutputStream:75 - [STDERR_REDIRECT] [Fatal Error] :1:1: Premature end of file.
2026-10-06 15:12:34,655 [ERROR] LogOutputStream:75 - [STDERR_REDIRECT] 
2026-10-06 15:12:35,657 [ERROR] LogOutputStream:75 - [STDERR_REDIRECT] [Fatal Error] :1:1: Premature end of file.
2026-10-06 15:12:35,657 [ERROR] LogOutputStream:75 - [STDERR_REDIRECT] 
2026-10-06 15:12:36,667 [ERROR] LogOutputStream:75 - [STDERR_REDIRECT] [Fatal Error] :1:1: Premature end of file.
2026-10-06 15:12:36,667 [ERROR] LogOutputStream:75 - [STDERR_REDIRECT] 
2026-10-06 15:12:37,662 [ERROR] LogOutputStream:75 - [STDERR_REDIRECT] [Fatal Error] :1:1: Premature end of file.
2026-10-06 15:12:37,662 [ERROR] LogOutputStream:75 - [STDERR_REDIRECT] 
2026-10-06 15:12:38,663 [ERROR] LogOutputStream:75 - [STDERR_REDIRECT] [Fatal Error] :1:1: Premature end of file.
2026-10-06 15:12:38,663 [ERROR] LogOutputStream:75 - [STDERR_REDIRECT] 
2026-10-06 15:12:39,662 [ERROR] LogOutputStream:75 - [STDERR_REDIRECT] [Fatal Error] :1:1: Premature end of file.
2026-10-06 15:12:39,662 [ERROR] LogOutputStream:75 - [STDERR_REDIRECT] 
2026-10-06 15:12:40,660 [ERROR] LogOutputStream:75 - [STDERR_REDIRECT] [Fatal Error] :1:1: Premature end of file.
2026-10-06 15:12:40,661 [ERROR] LogOutputStream:75 - [STDERR_REDIRECT] 
2026-10-06 15:12:41,657 [ERROR] LogOutputStream:75 - [STDERR_REDIRECT] [Fatal Error] :1:1: Premature end of file.
2026-10-06 15:12:41,657 [ERROR] LogOutputStream:75 - [STDERR_REDIRECT] 
2026-10-06 15:12:42,653 [ERROR] LogOutputStream:75 - [STDERR_REDIRECT] [Fatal Error] :1:1: Premature end of file.
2026-10-06 15:12:42,653 [ERROR] LogOutputStream:75 - [STDERR_REDIRECT] 
2026-10-06 15:12:43,654 [ERROR] LogOutputStream:75 - [STDERR_REDIRECT] [Fatal Error] :1:1: Premature end of file.
2026-10-06 15:12:43,654 [ERROR] LogOutputStream:75 - [STDERR_REDIRECT] 
2026-10-06 15:12:44,662 [ERROR] LogOutputStream:75 - [STDERR_REDIRECT] [Fatal Error] :1:1: Premature end of file.
2026-10-06 15:12:44,662 [ERROR] LogOutputStream:75 - [STDERR_REDIRECT] 
2026-10-06 15:12:45,647 [ERROR] LogOutputStream:75 - [STDERR_REDIRECT] [Fatal Error] :1:1: Premature end of file.
2026-10-06 15:12:45,648 [ERROR] LogOutputStream:75 - [STDERR_REDIRECT] 
2026-10-06 15:12:46,658 [ERROR] LogOutputStream:75 - [STDERR_REDIRECT] [Fatal Error] :1:1: Premature end of file.
2026-10-06 15:12:46,658 [ERROR] LogOutputStream:75 - [STDERR_REDIRECT] 
2026-10-06 15:12:47,662 [ERROR] LogOutputStream:75 - [STDERR_REDIRECT] [Fatal Error] :1:1: Premature end of file.
2026-10-06 15:12:47,663 [ERROR] LogOutputStream:75 - [STDERR_REDIRECT] 
2026-10-06 15:12:48,668 [ERROR] LogOutputStream:75 - [STDERR_REDIRECT] [Fatal Error] :1:1: Premature end of file.
2026-10-06 15:12:48,668 [ERROR] LogOutputStream:75 - [STDERR_REDIRECT] 
2026-10-06 15:12:49,660 [ERROR] LogOutputStream:75 - [STDERR_REDIRECT] [Fatal Error] :1:1: Premature end of file.
2026-10-06 15:12:49,660 [ERROR] LogOutputStream:75 - [STDERR_REDIRECT] 
2026-10-06 15:12:50,652 [ERROR] LogOutputStream:75 - [STDERR_REDIRECT] [Fatal Error] :1:1: Premature end of file.
2026-10-06 15:12:50,652 [ERROR] LogOutputStream:75 - [STDERR_REDIRECT] 
2026-10-06 15:12:51,659 [ERROR] LogOutputStream:75 - [STDERR_REDIRECT] [Fatal Error] :1:1: Premature end of file.
2026-10-06 15:12:51,659 [ERROR] LogOutputStream:75 - [STDERR_REDIRECT] 
2026-10-06 15:12:52,658 [ERROR] LogOutputStream:75 - [STDERR_REDIRECT] [Fatal Error] :1:1: Premature end of file.
2026-10-06 15:12:52,659 [ERROR] LogOutputStream:75 - [STDERR_REDIRECT] 
2026-10-06 15:12:53,674 [ERROR] LogOutputStream:75 - [STDERR_REDIRECT] [Fatal Error] :1:1: Premature end of file.
2026-10-06 15:12:53,675 [ERROR] LogOutputStream:75 - [STDERR_REDIRECT] 
2026-10-06 15:12:54,672 [ERROR] LogOutputStream:75 - [STDERR_REDIRECT] [Fatal Error] :1:1: Premature end of file.
2026-10-06 15:12:54,672 [ERROR] LogOutputStream:75 - [STDERR_REDIRECT] 
2026-10-06 15:12:55,671 [ERROR] LogOutputStream:75 - [STDERR_REDIRECT] [Fatal Error] :1:1: Premature end of file.
2026-10-06 15:12:55,671 [ERROR] LogOutputStream:75 - [STDERR_REDIRECT] 
2026-10-06 15:12:56,655 [ERROR] LogOutputStream:75 - [STDERR_REDIRECT] [Fatal Error] :1:1: Premature end of file.
2026-10-06 15:12:56,655 [ERROR] LogOutputStream:75 - [STDERR_REDIRECT] 
2026-10-06 15:12:57,655 [ERROR] LogOutputStream:75 - [STDERR_REDIRECT] [Fatal Error] :1:1: Premature end of file.
2026-10-06 15:12:57,656 [ERROR] LogOutputStream:75 - [STDERR_REDIRECT] 
2026-10-06 15:12:58,665 [ERROR] LogOutputStream:75 - [STDERR_REDIRECT] [Fatal Error] :1:1: Premature end of file.
2026-10-06 15:12:58,666 [ERROR] LogOutputStream:75 - [STDERR_REDIRECT] 
2026-10-06 15:12:59,665 [ERROR] LogOutputStream:75 - [STDERR_REDIRECT] [Fatal Error] :1:1: Premature end of file.
2026-10-06 15:12:59,666 [ERROR] LogOutputStream:75 - [STDERR_REDIRECT] 
2026-10-06 15:13:00,695 [ERROR] LogOutputStream:75 - [STDERR_REDIRECT] [Fatal Error] :1:1: Premature end of file.
2026-10-06 15:13:00,697 [ERROR] LogOutputStream:75 - [STDERR_REDIRECT] 
2026-10-06 15:13:01,685 [ERROR] LogOutputStream:75 - [STDERR_REDIRECT] [Fatal Error] :1:1: Premature end of file.
2026-10-06 15:13:01,685 [ERROR] LogOutputStream:75 - [STDERR_REDIRECT] 
2026-10-06 15:13:02,659 [ERROR] LogOutputStream:75 - [STDERR_REDIRECT] [Fatal Error] :1:1: Premature end of file.
2026-10-06 15:13:02,659 [ERROR] LogOutputStream:75 - [STDERR_REDIRECT] 
2026-10-06 15:13:03,662 [ERROR] LogOutputStream:75 - [STDERR_REDIRECT] [Fatal Error] :1:1: Premature end of file.
2026-10-06 15:13:03,662 [ERROR] LogOutputStream:75 - [STDERR_REDIRECT] 
2026-10-06 15:13:04,662 [ERROR] LogOutputStream:75 - [STDERR_REDIRECT] [Fatal Error] :1:1: Premature end of file.
2026-10-06 15:13:04,662 [ERROR] LogOutputStream:75 - [STDERR_REDIRECT] 
2026-10-06 15:13:05,650 [ERROR] LogOutputStream:75 - [STDERR_REDIRECT] [Fatal Error] :1:1: Premature end of file.
2026-10-06 15:13:05,651 [ERROR] LogOutputStream:75 - [STDERR_REDIRECT] 
2026-10-06 15:13:06,663 [ERROR] LogOutputStream:75 - [STDERR_REDIRECT] [Fatal Error] :1:1: Premature end of file.
2026-10-06 15:13:06,663 [ERROR] LogOutputStream:75 - [STDERR_REDIRECT] 
2026-10-06 15:13:07,667 [ERROR] LogOutputStream:75 - [STDERR_REDIRECT] [Fatal Error] :1:1: Premature end of file.
2026-10-06 15:13:07,667 [ERROR] LogOutputStream:75 - [STDERR_REDIRECT] 
2026-10-06 15:13:08,653 [ERROR] LogOutputStream:75 - [STDERR_REDIRECT] [Fatal Error] :1:1: Premature end of file.
2026-10-06 15:13:08,653 [ERROR] LogOutputStream:75 - [STDERR_REDIRECT] 
2026-10-06 15:13:09,668 [ERROR] LogOutputStream:75 - [STDERR_REDIRECT] [Fatal Error] :1:1: Premature end of file.
2026-10-06 15:13:09,668 [ERROR] LogOutputStream:75 - [STDERR_REDIRECT] 
2026-10-06 15:13:10,662 [ERROR] LogOutputStream:75 - [STDERR_REDIRECT] [Fatal Error] :1:1: Premature end of file.
2026-10-06 15:13:10,662 [ERROR] LogOutputStream:75 - [STDERR_REDIRECT] 
2026-10-06 15:13:11,665 [ERROR] LogOutputStream:75 - [STDERR_REDIRECT] [Fatal Error] :1:1: Premature end of file.
2026-10-06 15:13:11,665 [ERROR] LogOutputStream:75 - [STDERR_REDIRECT] 
2026-10-06 15:13:12,657 [ERROR] LogOutputStream:75 - [STDERR_REDIRECT] [Fatal Error] :1:1: Premature end of file.
2026-10-06 15:13:12,657 [ERROR] LogOutputStream:75 - [STDERR_REDIRECT] 
2026-10-06 15:13:13,658 [ERROR] LogOutputStream:75 - [STDERR_REDIRECT] [Fatal Error] :1:1: Premature end of file.
2026-10-06 15:13:13,658 [ERROR] LogOutputStream:75 - [STDERR_REDIRECT] 
2026-10-06 15:13:14,661 [ERROR] LogOutputStream:75 - [STDERR_REDIRECT] [Fatal Error] :1:1: Premature end of file.
2026-10-06 15:13:14,661 [ERROR] LogOutputStream:75 - [STDERR_REDIRECT] 
2026-10-06 15:13:15,656 [ERROR] LogOutputStream:75 - [STDERR_REDIRECT] [Fatal Error] :1:1: Premature end of file.
2026-10-06 15:13:15,656 [ERROR] LogOutputStream:75 - [STDERR_REDIRECT] 
2026-10-06 15:13:16,664 [ERROR] LogOutputStream:75 - [STDERR_REDIRECT] [Fatal Error] :1:1: Premature end of file.
2026-10-06 15:13:16,664 [ERROR] LogOutputStream:75 - [STDERR_REDIRECT] 
2026-10-06 15:13:17,660 [ERROR] LogOutputStream:75 - [STDERR_REDIRECT] [Fatal Error] :1:1: Premature end of file.
2026-10-06 15:13:17,660 [ERROR] LogOutputStream:75 - [STDERR_REDIRECT] 
2026-10-06 15:13:18,647 [ERROR] LogOutputStream:75 - [STDERR_REDIRECT] [Fatal Error] :1:1: Premature end of file.
2026-10-06 15:13:18,647 [ERROR] LogOutputStream:75 - [STDERR_REDIRECT] 
2026-10-06 15:13:19,663 [ERROR] LogOutputStream:75 - [STDERR_REDIRECT] [Fatal Error] :1:1: Premature end of file.
2026-10-06 15:13:19,664 [ERROR] LogOutputStream:75 - [STDERR_REDIRECT] 
2026-10-06 15:13:20,662 [ERROR] LogOutputStream:75 - [STDERR_REDIRECT] [Fatal Error] :1:1: Premature end of file.
2026-10-06 15:13:20,662 [ERROR] LogOutputStream:75 - [STDERR_REDIRECT] 
2026-10-06 15:13:21,659 [ERROR] LogOutputStream:75 - [STDERR_REDIRECT] [Fatal Error] :1:1: Premature end of file.
2026-10-06 15:13:21,659 [ERROR] LogOutputStream:75 - [STDERR_REDIRECT] 
2026-10-06 15:13:22,650 [ERROR] LogOutputStream:75 - [STDERR_REDIRECT] [Fatal Error] :1:1: Premature end of file.
2026-10-06 15:13:22,651 [ERROR] LogOutputStream:75 - [STDERR_REDIRECT] 
2026-10-06 15:13:23,651 [ERROR] LogOutputStream:75 - [STDERR_REDIRECT] [Fatal Error] :1:1: Premature end of file.
2026-10-06 15:13:23,651 [ERROR] LogOutputStream:75 - [STDERR_REDIRECT] 
2026-10-06 15:13:24,653 [ERROR] LogOutputStream:75 - [STDERR_REDIRECT] [Fatal Error] :1:1: Premature end of file.
2026-10-06 15:13:24,653 [ERROR] LogOutputStream:75 - [STDERR_REDIRECT] 
2026-10-06 15:13:25,674 [ERROR] LogOutputStream:75 - [STDERR_REDIRECT] [Fatal Error] :1:1: Premature end of file.
2026-10-06 15:13:25,675 [ERROR] LogOutputStream:75 - [STDERR_REDIRECT] 
2026-10-06 15:13:26,675 [ERROR] LogOutputStream:75 - [STDERR_REDIRECT] [Fatal Error] :1:1: Premature end of file.
2026-10-06 15:13:26,675 [ERROR] LogOutputStream:75 - [STDERR_REDIRECT] 
2026-10-06 15:13:27,655 [ERROR] LogOutputStream:75 - [STDERR_REDIRECT] [Fatal Error] :1:1: Premature end of file.
2026-10-06 15:13:27,655 [ERROR] LogOutputStream:75 - [STDERR_REDIRECT] 
2026-10-06 15:13:28,653 [ERROR] LogOutputStream:75 - [STDERR_REDIRECT] [Fatal Error] :1:1: Premature end of file.
2026-10-06 15:13:28,653 [ERROR] LogOutputStream:75 - [STDERR_REDIRECT] 
2026-10-06 15:13:29,649 [ERROR] LogOutputStream:75 - [STDERR_REDIRECT] [Fatal Error] :1:1: Premature end of file.
2026-10-06 15:13:29,649 [ERROR] LogOutputStream:75 - [STDERR_REDIRECT] 
2026-10-06 15:13:30,670 [ERROR] LogOutputStream:75 - [STDERR_REDIRECT] [Fatal Error] :1:1: Premature end of file.
2026-10-06 15:13:30,670 [ERROR] LogOutputStream:75 - [STDERR_REDIRECT] 
2026-10-06 15:13:31,657 [ERROR] LogOutputStream:75 - [STDERR_REDIRECT] [Fatal Error] :1:1: Premature end of file.
2026-10-06 15:13:31,657 [ERROR] LogOutputStream:75 - [STDERR_REDIRECT] 
2026-10-06 15:13:32,652 [ERROR] LogOutputStream:75 - [STDERR_REDIRECT] [Fatal Error] :1:1: Premature end of file.
2026-10-06 15:13:32,652 [ERROR] LogOutputStream:75 - [STDERR_REDIRECT] 
2026-10-06 15:13:33,647 [ERROR] LogOutputStream:75 - [STDERR_REDIRECT] [Fatal Error] :1:1: Premature end of file.
2026-10-06 15:13:33,647 [ERROR] LogOutputStream:75 - [STDERR_REDIRECT] 
2026-10-06 15:13:34,671 [ERROR] LogOutputStream:75 - [STDERR_REDIRECT] [Fatal Error] :1:1: Premature end of file.
2026-10-06 15:13:34,671 [ERROR] LogOutputStream:75 - [STDERR_REDIRECT] 
2026-10-06 15:13:35,665 [ERROR] LogOutputStream:75 - [STDERR_REDIRECT] [Fatal Error] :1:1: Premature end of file.
2026-10-06 15:13:35,665 [ERROR] LogOutputStream:75 - [STDERR_REDIRECT] 
2026-10-06 15:13:36,653 [ERROR] LogOutputStream:75 - [STDERR_REDIRECT] [Fatal Error] :1:1: Premature end of file.
2026-10-06 15:13:36,653 [ERROR] LogOutputStream:75 - [STDERR_REDIRECT] 
2026-10-06 15:13:37,652 [ERROR] LogOutputStream:75 - [STDERR_REDIRECT] [Fatal Error] :1:1: Premature end of file.
2026-10-06 15:13:37,652 [ERROR] LogOutputStream:75 - [STDERR_REDIRECT] 
2026-10-06 15:13:38,658 [ERROR] LogOutputStream:75 - [STDERR_REDIRECT] [Fatal Error] :1:1: Premature end of file.
2026-10-06 15:13:38,658 [ERROR] LogOutputStream:75 - [STDERR_REDIRECT] 
2026-10-06 15:13:39,662 [ERROR] LogOutputStream:75 - [STDERR_REDIRECT] [Fatal Error] :1:1: Premature end of file.
2026-10-06 15:13:39,662 [ERROR] LogOutputStream:75 - [STDERR_REDIRECT] 
2026-10-06 15:13:40,660 [ERROR] LogOutputStream:75 - [STDERR_REDIRECT] [Fatal Error] :1:1: Premature end of file.
2026-10-06 15:13:40,660 [ERROR] LogOutputStream:75 - [STDERR_REDIRECT] 
2026-10-06 15:13:41,651 [ERROR] LogOutputStream:75 - [STDERR_REDIRECT] [Fatal Error] :1:1: Premature end of file.
2026-10-06 15:13:41,651 [ERROR] LogOutputStream:75 - [STDERR_REDIRECT] 
2026-10-06 15:13:42,661 [ERROR] LogOutputStream:75 - [STDERR_REDIRECT] [Fatal Error] :1:1: Premature end of file.
2026-10-06 15:13:42,661 [ERROR] LogOutputStream:75 - [STDERR_REDIRECT] 
2026-10-06 15:13:43,663 [ERROR] LogOutputStream:75 - [STDERR_REDIRECT] [Fatal Error] :1:1: Premature end of file.
2026-10-06 15:13:43,663 [ERROR] LogOutputStream:75 - [STDERR_REDIRECT] 
2026-10-06 15:13:44,666 [ERROR] LogOutputStream:75 - [STDERR_REDIRECT] [Fatal Error] :1:1: Premature end of file.
2026-10-06 15:13:44,666 [ERROR] LogOutputStream:75 - [STDERR_REDIRECT] 
2026-10-06 15:13:45,656 [ERROR] LogOutputStream:75 - [STDERR_REDIRECT] [Fatal Error] :1:1: Premature end of file.
2026-10-06 15:13:45,657 [ERROR] LogOutputStream:75 - [STDERR_REDIRECT] 
2026-10-06 15:13:46,651 [ERROR] LogOutputStream:75 - [STDERR_REDIRECT] [Fatal Error] :1:1: Premature end of file.
2026-10-06 15:13:46,651 [ERROR] LogOutputStream:75 - [STDERR_REDIRECT] 
2026-10-06 15:13:47,663 [ERROR] LogOutputStream:75 - [STDERR_REDIRECT] [Fatal Error] :1:1: Premature end of file.
2026-10-06 15:13:47,663 [ERROR] LogOutputStream:75 - [STDERR_REDIRECT] 
2026-10-06 15:13:48,645 [ERROR] LogOutputStream:75 - [STDERR_REDIRECT] [Fatal Error] :1:1: Premature end of file.
2026-10-06 15:13:48,645 [ERROR] LogOutputStream:75 - [STDERR_REDIRECT] 
2026-10-06 15:13:49,652 [ERROR] LogOutputStream:75 - [STDERR_REDIRECT] [Fatal Error] :1:1: Premature end of file.
2026-10-06 15:13:49,652 [ERROR] LogOutputStream:75 - [STDERR_REDIRECT] 
2026-10-06 15:13:50,670 [ERROR] LogOutputStream:75 - [STDERR_REDIRECT] [Fatal Error] :1:1: Premature end of file.
2026-10-06 15:13:50,670 [ERROR] LogOutputStream:75 - [STDERR_REDIRECT] 
2026-10-06 15:13:51,659 [ERROR] LogOutputStream:75 - [STDERR_REDIRECT] [Fatal Error] :1:1: Premature end of file.
2026-10-06 15:13:51,659 [ERROR] LogOutputStream:75 - [STDERR_REDIRECT] 
2026-10-06 15:13:52,650 [ERROR] LogOutputStream:75 - [STDERR_REDIRECT] [Fatal Error] :1:1: Premature end of file.
2026-10-06 15:13:52,650 [ERROR] LogOutputStream:75 - [STDERR_REDIRECT] 
2026-10-06 15:13:53,650 [ERROR] LogOutputStream:75 - [STDERR_REDIRECT] [Fatal Error] :1:1: Premature end of file.
2026-10-06 15:13:53,650 [ERROR] LogOutputStream:75 - [STDERR_REDIRECT] 
2026-10-06 15:13:54,670 [ERROR] LogOutputStream:75 - [STDERR_REDIRECT] [Fatal Error] :1:1: Premature end of file.
2026-10-06 15:13:54,670 [ERROR] LogOutputStream:75 - [STDERR_REDIRECT] 
2026-10-06 15:13:55,653 [ERROR] LogOutputStream:75 - [STDERR_REDIRECT] [Fatal Error] :1:1: Premature end of file.
2026-10-06 15:13:55,654 [ERROR] LogOutputStream:75 - [STDERR_REDIRECT] 
2026-10-06 15:13:56,655 [ERROR] LogOutputStream:75 - [STDERR_REDIRECT] [Fatal Error] :1:1: Premature end of file.
2026-10-06 15:13:56,656 [ERROR] LogOutputStream:75 - [STDERR_REDIRECT] 
2026-10-06 15:13:57,657 [ERROR] LogOutputStream:75 - [STDERR_REDIRECT] [Fatal Error] :1:1: Premature end of file.
2026-10-06 15:13:57,657 [ERROR] LogOutputStream:75 - [STDERR_REDIRECT] 
2026-10-06 15:13:58,657 [ERROR] LogOutputStream:75 - [STDERR_REDIRECT] [Fatal Error] :1:1: Premature end of file.
2026-10-06 15:13:58,657 [ERROR] LogOutputStream:75 - [STDERR_REDIRECT] 
2026-10-06 15:13:59,658 [ERROR] LogOutputStream:75 - [STDERR_REDIRECT] [Fatal Error] :1:1: Premature end of file.
2026-10-06 15:13:59,658 [ERROR] LogOutputStream:75 - [STDERR_REDIRECT] 
2026-10-06 15:14:00,657 [ERROR] LogOutputStream:75 - [STDERR_REDIRECT] [Fatal Error] :1:1: Premature end of file.
2026-10-06 15:14:00,657 [ERROR] LogOutputStream:75 - [STDERR_REDIRECT] 
2026-10-06 15:14:01,655 [ERROR] LogOutputStream:75 - [STDERR_REDIRECT] [Fatal Error] :1:1: Premature end of file.
2026-10-06 15:14:01,655 [ERROR] LogOutputStream:75 - [STDERR_REDIRECT] 
2026-10-06 15:14:02,660 [ERROR] LogOutputStream:75 - [STDERR_REDIRECT] [Fatal Error] :1:1: Premature end of file.
2026-10-06 15:14:02,660 [ERROR] LogOutputStream:75 - [STDERR_REDIRECT] 
2026-10-06 15:14:03,658 [ERROR] LogOutputStream:75 - [STDERR_REDIRECT] [Fatal Error] :1:1: Premature end of file.
2026-10-06 15:14:03,659 [ERROR] LogOutputStream:75 - [STDERR_REDIRECT] 
2026-10-06 15:14:04,661 [ERROR] LogOutputStream:75 - [STDERR_REDIRECT] [Fatal Error] :1:1: Premature end of file.
2026-10-06 15:14:04,661 [ERROR] LogOutputStream:75 - [STDERR_REDIRECT] 
2026-10-06 15:14:05,659 [ERROR] LogOutputStream:75 - [STDERR_REDIRECT] [Fatal Error] :1:1: Premature end of file.
2026-10-06 15:14:05,659 [ERROR] LogOutputStream:75 - [STDERR_REDIRECT] 
2026-10-06 15:14:06,668 [ERROR] LogOutputStream:75 - [STDERR_REDIRECT] [Fatal Error] :1:1: Premature end of file.
2026-10-06 15:14:06,669 [ERROR] LogOutputStream:75 - [STDERR_REDIRECT] 
2026-10-06 15:14:07,660 [ERROR] LogOutputStream:75 - [STDERR_REDIRECT] [Fatal Error] :1:1: Premature end of file.
2026-10-06 15:14:07,661 [ERROR] LogOutputStream:75 - [STDERR_REDIRECT] 
2026-10-06 15:14:08,651 [ERROR] LogOutputStream:75 - [STDERR_REDIRECT] [Fatal Error] :1:1: Premature end of file.
2026-10-06 15:14:08,652 [ERROR] LogOutputStream:75 - [STDERR_REDIRECT] 
2026-10-06 15:14:09,659 [ERROR] LogOutputStream:75 - [STDERR_REDIRECT] [Fatal Error] :1:1: Premature end of file.
2026-10-06 15:14:09,659 [ERROR] LogOutputStream:75 - [STDERR_REDIRECT] 
2026-10-06 15:14:10,663 [ERROR] LogOutputStream:75 - [STDERR_REDIRECT] [Fatal Error] :1:1: Premature end of file.
2026-10-06 15:14:10,663 [ERROR] LogOutputStream:75 - [STDERR_REDIRECT] 
2026-10-06 15:14:11,650 [ERROR] LogOutputStream:75 - [STDERR_REDIRECT] [Fatal Error] :1:1: Premature end of file.
2026-10-06 15:14:11,651 [ERROR] LogOutputStream:75 - [STDERR_REDIRECT] 
2026-10-06 15:14:12,653 [ERROR] LogOutputStream:75 - [STDERR_REDIRECT] [Fatal Error] :1:1: Premature end of file.
2026-10-06 15:14:12,653 [ERROR] LogOutputStream:75 - [STDERR_REDIRECT] 
2026-10-06 15:14:13,648 [ERROR] LogOutputStream:75 - [STDERR_REDIRECT] [Fatal Error] :1:1: Premature end of file.
2026-10-06 15:14:13,648 [ERROR] LogOutputStream:75 - [STDERR_REDIRECT] 
2026-10-06 15:14:14,658 [ERROR] LogOutputStream:75 - [STDERR_REDIRECT] [Fatal Error] :1:1: Premature end of file.
2026-10-06 15:14:14,659 [ERROR] LogOutputStream:75 - [STDERR_REDIRECT] 
2026-10-06 15:14:15,658 [ERROR] LogOutputStream:75 - [STDERR_REDIRECT] [Fatal Error] :1:1: Premature end of file.
2026-10-06 15:14:15,658 [ERROR] LogOutputStream:75 - [STDERR_REDIRECT] 
2026-10-06 15:14:16,668 [ERROR] LogOutputStream:75 - [STDERR_REDIRECT] [Fatal Error] :1:1: Premature end of file.
2026-10-06 15:14:16,668 [ERROR] LogOutputStream:75 - [STDERR_REDIRECT] 
2026-10-06 15:14:17,652 [ERROR] LogOutputStream:75 - [STDERR_REDIRECT] [Fatal Error] :1:1: Premature end of file.
2026-10-06 15:14:17,652 [ERROR] LogOutputStream:75 - [STDERR_REDIRECT] 
2026-10-06 15:14:18,648 [ERROR] LogOutputStream:75 - [STDERR_REDIRECT] [Fatal Error] :1:1: Premature end of file.
2026-10-06 15:14:18,648 [ERROR] LogOutputStream:75 - [STDERR_REDIRECT] 
2026-10-06 15:14:19,662 [ERROR] LogOutputStream:75 - [STDERR_REDIRECT] [Fatal Error] :1:1: Premature end of file.
2026-10-06 15:14:19,662 [ERROR] LogOutputStream:75 - [STDERR_REDIRECT] 
2026-10-06 15:14:20,651 [ERROR] LogOutputStream:75 - [STDERR_REDIRECT] [Fatal Error] :1:1: Premature end of file.
2026-10-06 15:14:20,651 [ERROR] LogOutputStream:75 - [STDERR_REDIRECT] 
2026-10-06 15:14:21,654 [ERROR] LogOutputStream:75 - [STDERR_REDIRECT] [Fatal Error] :1:1: Premature end of file.
2026-10-06 15:14:21,654 [ERROR] LogOutputStream:75 - [STDERR_REDIRECT] 
2026-10-06 15:14:22,661 [ERROR] LogOutputStream:75 - [STDERR_REDIRECT] [Fatal Error] :1:1: Premature end of file.
2026-10-06 15:14:22,661 [ERROR] LogOutputStream:75 - [STDERR_REDIRECT] 
2026-10-06 15:14:23,658 [ERROR] LogOutputStream:75 - [STDERR_REDIRECT] [Fatal Error] :1:1: Premature end of file.
2026-10-06 15:14:23,658 [ERROR] LogOutputStream:75 - [STDERR_REDIRECT] 
2026-10-06 15:14:24,674 [ERROR] LogOutputStream:75 - [STDERR_REDIRECT] [Fatal Error] :1:1: Premature end of file.
2026-10-06 15:14:24,674 [ERROR] LogOutputStream:75 - [STDERR_REDIRECT] 
2026-10-06 15:14:25,661 [ERROR] LogOutputStream:75 - [STDERR_REDIRECT] [Fatal Error] :1:1: Premature end of file.
2026-10-06 15:14:25,661 [ERROR] LogOutputStream:75 - [STDERR_REDIRECT] 
2026-10-06 15:14:26,672 [ERROR] LogOutputStream:75 - [STDERR_REDIRECT] [Fatal Error] :1:1: Premature end of file.
2026-10-06 15:14:26,673 [ERROR] LogOutputStream:75 - [STDERR_REDIRECT] 
2026-10-06 15:14:27,666 [ERROR] LogOutputStream:75 - [STDERR_REDIRECT] [Fatal Error] :1:1: Premature end of file.
2026-10-06 15:14:27,667 [ERROR] LogOutputStream:75 - [STDERR_REDIRECT] 
2026-10-06 15:14:28,649 [ERROR] LogOutputStream:75 - [STDERR_REDIRECT] [Fatal Error] :1:1: Premature end of file.
2026-10-06 15:14:28,649 [ERROR] LogOutputStream:75 - [STDERR_REDIRECT] 
2026-10-06 15:14:29,662 [ERROR] LogOutputStream:75 - [STDERR_REDIRECT] [Fatal Error] :1:1: Premature end of file.
2026-10-06 15:14:29,662 [ERROR] LogOutputStream:75 - [STDERR_REDIRECT] 
2026-10-06 15:14:30,670 [ERROR] LogOutputStream:75 - [STDERR_REDIRECT] [Fatal Error] :1:1: Premature end of file.
2026-10-06 15:14:30,670 [ERROR] LogOutputStream:75 - [STDERR_REDIRECT] 
2026-10-06 15:14:31,661 [ERROR] LogOutputStream:75 - [STDERR_REDIRECT] [Fatal Error] :1:1: Premature end of file.
2026-10-06 15:14:31,661 [ERROR] LogOutputStream:75 - [STDERR_REDIRECT] 
2026-10-06 15:14:32,658 [ERROR] LogOutputStream:75 - [STDERR_REDIRECT] [Fatal Error] :1:1: Premature end of file.
2026-10-06 15:14:32,658 [ERROR] LogOutputStream:75 - [STDERR_REDIRECT] 
2026-10-06 15:14:33,654 [ERROR] LogOutputStream:75 - [STDERR_REDIRECT] [Fatal Error] :1:1: Premature end of file.
2026-10-06 15:14:33,654 [ERROR] LogOutputStream:75 - [STDERR_REDIRECT] 
2026-10-06 15:14:34,663 [ERROR] LogOutputStream:75 - [STDERR_REDIRECT] [Fatal Error] :1:1: Premature end of file.
2026-10-06 15:14:34,663 [ERROR] LogOutputStream:75 - [STDERR_REDIRECT] 
2026-10-06 15:14:35,661 [ERROR] LogOutputStream:75 - [STDERR_REDIRECT] [Fatal Error] :1:1: Premature end of file.
2026-10-06 15:14:35,661 [ERROR] LogOutputStream:75 - [STDERR_REDIRECT] 
2026-10-06 15:14:36,667 [ERROR] LogOutputStream:75 - [STDERR_REDIRECT] [Fatal Error] :1:1: Premature end of file.
2026-10-06 15:14:36,667 [ERROR] LogOutputStream:75 - [STDERR_REDIRECT] 
2026-10-06 15:14:37,660 [ERROR] LogOutputStream:75 - [STDERR_REDIRECT] [Fatal Error] :1:1: Premature end of file.
2026-10-06 15:14:37,660 [ERROR] LogOutputStream:75 - [STDERR_REDIRECT] 
2026-10-06 15:14:38,657 [ERROR] LogOutputStream:75 - [STDERR_REDIRECT] [Fatal Error] :1:1: Premature end of file.
2026-10-06 15:14:38,658 [ERROR] LogOutputStream:75 - [STDERR_REDIRECT] 
2026-10-06 15:14:39,667 [ERROR] LogOutputStream:75 - [STDERR_REDIRECT] [Fatal Error] :1:1: Premature end of file.
2026-10-06 15:14:39,667 [ERROR] LogOutputStream:75 - [STDERR_REDIRECT] 
2026-10-06 15:14:40,647 [ERROR] LogOutputStream:75 - [STDERR_REDIRECT] [Fatal Error] :1:1: Premature end of file.
2026-10-06 15:14:40,647 [ERROR] LogOutputStream:75 - [STDERR_REDIRECT] 
2026-10-06 15:14:41,668 [ERROR] LogOutputStream:75 - [STDERR_REDIRECT] [Fatal Error] :1:1: Premature end of file.
2026-10-06 15:14:41,668 [ERROR] LogOutputStream:75 - [STDERR_REDIRECT] 
2026-10-06 15:14:42,663 [ERROR] LogOutputStream:75 - [STDERR_REDIRECT] [Fatal Error] :1:1: Premature end of file.
2026-10-06 15:14:42,663 [ERROR] LogOutputStream:75 - [STDERR_REDIRECT] 
2026-10-06 15:14:43,655 [ERROR] LogOutputStream:75 - [STDERR_REDIRECT] [Fatal Error] :1:1: Premature end of file.
2026-10-06 15:14:43,655 [ERROR] LogOutputStream:75 - [STDERR_REDIRECT] 
2026-10-06 15:14:44,654 [ERROR] LogOutputStream:75 - [STDERR_REDIRECT] [Fatal Error] :1:1: Premature end of file.
2026-10-06 15:14:44,654 [ERROR] LogOutputStream:75 - [STDERR_REDIRECT] 
2026-10-06 15:14:45,657 [ERROR] LogOutputStream:75 - [STDERR_REDIRECT] [Fatal Error] :1:1: Premature end of file.
2026-10-06 15:14:45,657 [ERROR] LogOutputStream:75 - [STDERR_REDIRECT] 
2026-10-06 15:14:46,672 [ERROR] LogOutputStream:75 - [STDERR_REDIRECT] [Fatal Error] :1:1: Premature end of file.
2026-10-06 15:14:46,672 [ERROR] LogOutputStream:75 - [STDERR_REDIRECT] 
2026-10-06 15:14:47,665 [ERROR] LogOutputStream:75 - [STDERR_REDIRECT] [Fatal Error] :1:1: Premature end of file.
2026-10-06 15:14:47,665 [ERROR] LogOutputStream:75 - [STDERR_REDIRECT] 
2026-10-06 15:14:48,653 [ERROR] LogOutputStream:75 - [STDERR_REDIRECT] [Fatal Error] :1:1: Premature end of file.
2026-10-06 15:14:48,653 [ERROR] LogOutputStream:75 - [STDERR_REDIRECT] 
2026-10-06 15:14:49,657 [ERROR] LogOutputStream:75 - [STDERR_REDIRECT] [Fatal Error] :1:1: Premature end of file.
2026-10-06 15:14:49,657 [ERROR] LogOutputStream:75 - [STDERR_REDIRECT] 
2026-10-06 15:14:50,659 [ERROR] LogOutputStream:75 - [STDERR_REDIRECT] [Fatal Error] :1:1: Premature end of file.
2026-10-06 15:14:50,659 [ERROR] LogOutputStream:75 - [STDERR_REDIRECT] 
2026-10-06 15:14:51,667 [ERROR] LogOutputStream:75 - [STDERR_REDIRECT] [Fatal Error] :1:1: Premature end of file.
2026-10-06 15:14:51,667 [ERROR] LogOutputStream:75 - [STDERR_REDIRECT] 
2026-10-06 15:14:52,664 [ERROR] LogOutputStream:75 - [STDERR_REDIRECT] [Fatal Error] :1:1: Premature end of file.
2026-10-06 15:14:52,664 [ERROR] LogOutputStream:75 - [STDERR_REDIRECT] 
2026-10-06 15:14:53,662 [ERROR] LogOutputStream:75 - [STDERR_REDIRECT] [Fatal Error] :1:1: Premature end of file.
2026-10-06 15:14:53,662 [ERROR] LogOutputStream:75 - [STDERR_REDIRECT] 
2026-10-06 15:14:54,663 [ERROR] LogOutputStream:75 - [STDERR_REDIRECT] [Fatal Error] :1:1: Premature end of file.
2026-10-06 15:14:54,663 [ERROR] LogOutputStream:75 - [STDERR_REDIRECT] 
2026-10-06 15:14:55,668 [ERROR] LogOutputStream:75 - [STDERR_REDIRECT] [Fatal Error] :1:1: Premature end of file.
2026-10-06 15:14:55,668 [ERROR] LogOutputStream:75 - [STDERR_REDIRECT] 
2026-10-06 15:14:56,672 [ERROR] LogOutputStream:75 - [STDERR_REDIRECT] [Fatal Error] :1:1: Premature end of file.
2026-10-06 15:14:56,672 [ERROR] LogOutputStream:75 - [STDERR_REDIRECT] 
2026-10-06 15:14:57,661 [ERROR] LogOutputStream:75 - [STDERR_REDIRECT] [Fatal Error] :1:1: Premature end of file.
2026-10-06 15:14:57,661 [ERROR] LogOutputStream:75 - [STDERR_REDIRECT] 
2026-10-06 15:14:58,676 [ERROR] LogOutputStream:75 - [STDERR_REDIRECT] [Fatal Error] :1:1: Premature end of file.
2026-10-06 15:14:58,676 [ERROR] LogOutputStream:75 - [STDERR_REDIRECT] 
2026-10-06 15:14:59,665 [ERROR] LogOutputStream:75 - [STDERR_REDIRECT] [Fatal Error] :1:1: Premature end of file.
2026-10-06 15:14:59,665 [ERROR] LogOutputStream:75 - [STDERR_REDIRECT] 
2026-10-06 15:15:00,661 [ERROR] LogOutputStream:75 - [STDERR_REDIRECT] [Fatal Error] :1:1: Premature end of file.
2026-10-06 15:15:00,662 [ERROR] LogOutputStream:75 - [STDERR_REDIRECT] 
2026-10-06 15:15:01,658 [ERROR] LogOutputStream:75 - [STDERR_REDIRECT] [Fatal Error] :1:1: Premature end of file.
2026-10-06 15:15:01,658 [ERROR] LogOutputStream:75 - [STDERR_REDIRECT] 
2026-10-06 15:15:02,676 [ERROR] LogOutputStream:75 - [STDERR_REDIRECT] [Fatal Error] :1:1: Premature end of file.
2026-10-06 15:15:02,676 [ERROR] LogOutputStream:75 - [STDERR_REDIRECT] 
2026-10-06 15:15:03,670 [ERROR] LogOutputStream:75 - [STDERR_REDIRECT] [Fatal Error] :1:1: Premature end of file.
2026-10-06 15:15:03,670 [ERROR] LogOutputStream:75 - [STDERR_REDIRECT] 
2026-10-06 15:15:04,672 [ERROR] LogOutputStream:75 - [STDERR_REDIRECT] [Fatal Error] :1:1: Premature end of file.
2026-10-06 15:15:04,672 [ERROR] LogOutputStream:75 - [STDERR_REDIRECT] 
2026-10-06 15:15:05,667 [ERROR] LogOutputStream:75 - [STDERR_REDIRECT] [Fatal Error] :1:1: Premature end of file.
2026-10-06 15:15:05,667 [ERROR] LogOutputStream:75 - [STDERR_REDIRECT] 
2026-10-06 15:15:06,655 [ERROR] LogOutputStream:75 - [STDERR_REDIRECT] [Fatal Error] :1:1: Premature end of file.
2026-10-06 15:15:06,655 [ERROR] LogOutputStream:75 - [STDERR_REDIRECT] 
2026-10-06 15:15:07,665 [ERROR] LogOutputStream:75 - [STDERR_REDIRECT] [Fatal Error] :1:1: Premature end of file.
2026-10-06 15:15:07,665 [ERROR] LogOutputStream:75 - [STDERR_REDIRECT] 
2026-10-06 15:15:08,655 [ERROR] LogOutputStream:75 - [STDERR_REDIRECT] [Fatal Error] :1:1: Premature end of file.
2026-10-06 15:15:08,655 [ERROR] LogOutputStream:75 - [STDERR_REDIRECT] 
2026-10-06 15:15:09,659 [ERROR] LogOutputStream:75 - [STDERR_REDIRECT] [Fatal Error] :1:1: Premature end of file.
2026-10-06 15:15:09,659 [ERROR] LogOutputStream:75 - [STDERR_REDIRECT] 
2026-10-06 15:15:10,650 [ERROR] LogOutputStream:75 - [STDERR_REDIRECT] [Fatal Error] :1:1: Premature end of file.
2026-10-06 15:15:10,650 [ERROR] LogOutputStream:75 - [STDERR_REDIRECT] 
2026-10-06 15:15:11,650 [ERROR] LogOutputStream:75 - [STDERR_REDIRECT] [Fatal Error] :1:1: Premature end of file.
2026-10-06 15:15:11,650 [ERROR] LogOutputStream:75 - [STDERR_REDIRECT] 
2026-10-06 15:15:12,667 [ERROR] LogOutputStream:75 - [STDERR_REDIRECT] [Fatal Error] :1:1: Premature end of file.
2026-10-06 15:15:12,667 [ERROR] LogOutputStream:75 - [STDERR_REDIRECT] 
2026-10-06 15:15:13,650 [ERROR] LogOutputStream:75 - [STDERR_REDIRECT] [Fatal Error] :1:1: Premature end of file.
2026-10-06 15:15:13,650 [ERROR] LogOutputStream:75 - [STDERR_REDIRECT] 
2026-10-06 15:15:13,946 [INFO] WebApp:194 - Connection lost
2026-10-06 15:15:14,099 [INFO] WebApp:191 - Connection restablished
2026-10-06 15:15:14,656 [ERROR] LogOutputStream:75 - [STDERR_REDIRECT] [Fatal Error] :1:1: Premature end of file.
2026-10-06 15:15:14,656 [ERROR] LogOutputStream:75 - [STDERR_REDIRECT] 
2026-10-06 15:15:15,685 [ERROR] LogOutputStream:75 - [STDERR_REDIRECT] [Fatal Error] :1:1: Premature end of file.
2026-10-06 15:15:15,685 [ERROR] LogOutputStream:75 - [STDERR_REDIRECT] 
2026-10-06 15:15:16,651 [ERROR] LogOutputStream:75 - [STDERR_REDIRECT] [Fatal Error] :1:1: Premature end of file.
2026-10-06 15:15:16,651 [ERROR] LogOutputStream:75 - [STDERR_REDIRECT] 
2026-10-06 15:15:17,197 [INFO] WebApp:194 - Connection lost
2026-10-06 15:15:17,358 [INFO] WebApp:191 - Connection restablished
2026-10-06 15:15:17,665 [ERROR] LogOutputStream:75 - [STDERR_REDIRECT] [Fatal Error] :1:1: Premature end of file.
2026-10-06 15:15:17,665 [ERROR] LogOutputStream:75 - [STDERR_REDIRECT] 
2026-10-06 15:15:18,649 [ERROR] LogOutputStream:75 - [STDERR_REDIRECT] [Fatal Error] :1:1: Premature end of file.
2026-10-06 15:15:18,649 [ERROR] LogOutputStream:75 - [STDERR_REDIRECT] 
2026-10-06 15:15:19,656 [ERROR] LogOutputStream:75 - [STDERR_REDIRECT] [Fatal Error] :1:1: Premature end of file.
2026-10-06 15:15:19,656 [ERROR] LogOutputStream:75 - [STDERR_REDIRECT] 
2026-10-06 15:15:20,664 [ERROR] LogOutputStream:75 - [STDERR_REDIRECT] [Fatal Error] :1:1: Premature end of file.
2026-10-06 15:15:20,664 [ERROR] LogOutputStream:75 - [STDERR_REDIRECT] 
2026-10-06 15:15:21,660 [ERROR] LogOutputStream:75 - [STDERR_REDIRECT] [Fatal Error] :1:1: Premature end of file.
2026-10-06 15:15:21,660 [ERROR] LogOutputStream:75 - [STDERR_REDIRECT] 
2026-10-06 15:15:22,654 [ERROR] LogOutputStream:75 - [STDERR_REDIRECT] [Fatal Error] :1:1: Premature end of file.
2026-10-06 15:15:22,655 [ERROR] LogOutputStream:75 - [STDERR_REDIRECT] 
2026-10-06 15:15:23,656 [ERROR] LogOutputStream:75 - [STDERR_REDIRECT] [Fatal Error] :1:1: Premature end of file.
2026-10-06 15:15:23,656 [ERROR] LogOutputStream:75 - [STDERR_REDIRECT] 
2026-10-06 15:15:24,659 [ERROR] LogOutputStream:75 - [STDERR_REDIRECT] [Fatal Error] :1:1: Premature end of file.
2026-10-06 15:15:24,659 [ERROR] LogOutputStream:75 - [STDERR_REDIRECT] 
2026-10-06 15:15:25,672 [ERROR] LogOutputStream:75 - [STDERR_REDIRECT] [Fatal Error] :1:1: Premature end of file.
2026-10-06 15:15:25,673 [ERROR] LogOutputStream:75 - [STDERR_REDIRECT] 
2026-10-06 15:15:26,671 [ERROR] LogOutputStream:75 - [STDERR_REDIRECT] [Fatal Error] :1:1: Premature end of file.
2026-10-06 15:15:26,671 [ERROR] LogOutputStream:75 - [STDERR_REDIRECT] 
2026-10-06 15:15:27,677 [ERROR] LogOutputStream:75 - [STDERR_REDIRECT] [Fatal Error] :1:1: Premature end of file.
2026-10-06 15:15:27,677 [ERROR] LogOutputStream:75 - [STDERR_REDIRECT] 
2026-10-06 15:15:28,666 [ERROR] LogOutputStream:75 - [STDERR_REDIRECT] [Fatal Error] :1:1: Premature end of file.
2026-10-06 15:15:28,666 [ERROR] LogOutputStream:75 - [STDERR_REDIRECT] 
2026-10-06 15:15:29,673 [ERROR] LogOutputStream:75 - [STDERR_REDIRECT] [Fatal Error] :1:1: Premature end of file.
2026-10-06 15:15:29,673 [ERROR] LogOutputStream:75 - [STDERR_REDIRECT] 
2026-10-06 15:15:30,655 [ERROR] LogOutputStream:75 - [STDERR_REDIRECT] [Fatal Error] :1:1: Premature end of file.
2026-10-06 15:15:30,656 [ERROR] LogOutputStream:75 - [STDERR_REDIRECT] 
2026-10-06 15:15:31,672 [ERROR] LogOutputStream:75 - [STDERR_REDIRECT] [Fatal Error] :1:1: Premature end of file.
2026-10-06 15:15:31,672 [ERROR] LogOutputStream:75 - [STDERR_REDIRECT] 
2026-10-06 15:15:32,674 [ERROR] LogOutputStream:75 - [STDERR_REDIRECT] [Fatal Error] :1:1: Premature end of file.
2026-10-06 15:15:32,674 [ERROR] LogOutputStream:75 - [STDERR_REDIRECT] 
2026-10-06 15:15:33,656 [ERROR] LogOutputStream:75 - [STDERR_REDIRECT] [Fatal Error] :1:1: Premature end of file.
2026-10-06 15:15:33,657 [ERROR] LogOutputStream:75 - [STDERR_REDIRECT] 
2026-10-06 15:15:34,671 [ERROR] LogOutputStream:75 - [STDERR_REDIRECT] [Fatal Error] :1:1: Premature end of file.
2026-10-06 15:15:34,671 [ERROR] LogOutputStream:75 - [STDERR_REDIRECT] 
2026-10-06 15:15:35,660 [ERROR] LogOutputStream:75 - [STDERR_REDIRECT] [Fatal Error] :1:1: Premature end of file.
2026-10-06 15:15:35,660 [ERROR] LogOutputStream:75 - [STDERR_REDIRECT] 
2026-10-06 15:15:36,651 [ERROR] LogOutputStream:75 - [STDERR_REDIRECT] [Fatal Error] :1:1: Premature end of file.
2026-10-06 15:15:36,651 [ERROR] LogOutputStream:75 - [STDERR_REDIRECT] 
2026-10-06 15:15:37,660 [ERROR] LogOutputStream:75 - [STDERR_REDIRECT] [Fatal Error] :1:1: Premature end of file.
2026-10-06 15:15:37,660 [ERROR] LogOutputStream:75 - [STDERR_REDIRECT] 
2026-10-06 15:15:38,654 [ERROR] LogOutputStream:75 - [STDERR_REDIRECT] [Fatal Error] :1:1: Premature end of file.
2026-10-06 15:15:38,655 [ERROR] LogOutputStream:75 - [STDERR_REDIRECT] 
2026-10-06 15:15:39,674 [ERROR] LogOutputStream:75 - [STDERR_REDIRECT] [Fatal Error] :1:1: Premature end of file.
2026-10-06 15:15:39,674 [ERROR] LogOutputStream:75 - [STDERR_REDIRECT] 
2026-10-06 15:15:40,663 [ERROR] LogOutputStream:75 - [STDERR_REDIRECT] [Fatal Error] :1:1: Premature end of file.
2026-10-06 15:15:40,663 [ERROR] LogOutputStream:75 - [STDERR_REDIRECT] 
2026-10-06 15:15:41,652 [ERROR] LogOutputStream:75 - [STDERR_REDIRECT] [Fatal Error] :1:1: Premature end of file.
2026-10-06 15:15:41,652 [ERROR] LogOutputStream:75 - [STDERR_REDIRECT] 
2026-10-06 15:15:42,651 [ERROR] LogOutputStream:75 - [STDERR_REDIRECT] [Fatal Error] :1:1: Premature end of file.
2026-10-06 15:15:42,651 [ERROR] LogOutputStream:75 - [STDERR_REDIRECT] 
2026-10-06 15:15:43,681 [ERROR] LogOutputStream:75 - [STDERR_REDIRECT] [Fatal Error] :1:1: Premature end of file.
2026-10-06 15:15:43,681 [ERROR] LogOutputStream:75 - [STDERR_REDIRECT] 
2026-10-06 15:15:44,665 [ERROR] LogOutputStream:75 - [STDERR_REDIRECT] [Fatal Error] :1:1: Premature end of file.
2026-10-06 15:15:44,665 [ERROR] LogOutputStream:75 - [STDERR_REDIRECT] 
2026-10-06 15:15:45,651 [ERROR] LogOutputStream:75 - [STDERR_REDIRECT] [Fatal Error] :1:1: Premature end of file.
2026-10-06 15:15:45,651 [ERROR] LogOutputStream:75 - [STDERR_REDIRECT] 
2026-10-06 15:15:46,658 [ERROR] LogOutputStream:75 - [STDERR_REDIRECT] [Fatal Error] :1:1: Premature end of file.
2026-10-06 15:15:46,658 [ERROR] LogOutputStream:75 - [STDERR_REDIRECT] 
2026-10-06 15:15:47,669 [ERROR] LogOutputStream:75 - [STDERR_REDIRECT] [Fatal Error] :1:1: Premature end of file.
2026-10-06 15:15:47,670 [ERROR] LogOutputStream:75 - [STDERR_REDIRECT] 
2026-10-06 15:15:48,660 [ERROR] LogOutputStream:75 - [STDERR_REDIRECT] [Fatal Error] :1:1: Premature end of file.
2026-10-06 15:15:48,660 [ERROR] LogOutputStream:75 - [STDERR_REDIRECT] 
2026-10-06 15:15:49,669 [ERROR] LogOutputStream:75 - [STDERR_REDIRECT] [Fatal Error] :1:1: Premature end of file.
2026-10-06 15:15:49,669 [ERROR] LogOutputStream:75 - [STDERR_REDIRECT] 
2026-10-06 15:15:50,661 [ERROR] LogOutputStream:75 - [STDERR_REDIRECT] [Fatal Error] :1:1: Premature end of file.
2026-10-06 15:15:50,661 [ERROR] LogOutputStream:75 - [STDERR_REDIRECT] 
2026-10-06 15:15:51,673 [ERROR] LogOutputStream:75 - [STDERR_REDIRECT] [Fatal Error] :1:1: Premature end of file.
2026-10-06 15:15:51,673 [ERROR] LogOutputStream:75 - [STDERR_REDIRECT] 
2026-10-06 15:15:52,672 [ERROR] LogOutputStream:75 - [STDERR_REDIRECT] [Fatal Error] :1:1: Premature end of file.
2026-10-06 15:15:52,672 [ERROR] LogOutputStream:75 - [STDERR_REDIRECT] 
2026-10-06 15:15:53,661 [ERROR] LogOutputStream:75 - [STDERR_REDIRECT] [Fatal Error] :1:1: Premature end of file.
2026-10-06 15:15:53,662 [ERROR] LogOutputStream:75 - [STDERR_REDIRECT] 
2026-10-06 15:15:54,672 [ERROR] LogOutputStream:75 - [STDERR_REDIRECT] [Fatal Error] :1:1: Premature end of file.
2026-10-06 15:15:54,672 [ERROR] LogOutputStream:75 - [STDERR_REDIRECT] 
2026-10-06 15:15:55,681 [ERROR] LogOutputStream:75 - [STDERR_REDIRECT] [Fatal Error] :1:1: Premature end of file.
2026-10-06 15:15:55,681 [ERROR] LogOutputStream:75 - [STDERR_REDIRECT] 
2026-10-06 15:15:56,662 [ERROR] LogOutputStream:75 - [STDERR_REDIRECT] [Fatal Error] :1:1: Premature end of file.
2026-10-06 15:15:56,662 [ERROR] LogOutputStream:75 - [STDERR_REDIRECT] 
2026-10-06 15:15:57,670 [ERROR] LogOutputStream:75 - [STDERR_REDIRECT] [Fatal Error] :1:1: Premature end of file.
2026-10-06 15:15:57,670 [ERROR] LogOutputStream:75 - [STDERR_REDIRECT] 
2026-10-06 15:15:58,662 [ERROR] LogOutputStream:75 - [STDERR_REDIRECT] [Fatal Error] :1:1: Premature end of file.
2026-10-06 15:15:58,662 [ERROR] LogOutputStream:75 - [STDERR_REDIRECT] 
2026-10-06 15:15:59,674 [ERROR] LogOutputStream:75 - [STDERR_REDIRECT] [Fatal Error] :1:1: Premature end of file.
2026-10-06 15:15:59,675 [ERROR] LogOutputStream:75 - [STDERR_REDIRECT] 
2026-10-06 15:16:00,670 [ERROR] LogOutputStream:75 - [STDERR_REDIRECT] [Fatal Error] :1:1: Premature end of file.
2026-10-06 15:16:00,670 [ERROR] LogOutputStream:75 - [STDERR_REDIRECT] 
2026-10-06 15:16:01,664 [ERROR] LogOutputStream:75 - [STDERR_REDIRECT] [Fatal Error] :1:1: Premature end of file.
2026-10-06 15:16:01,664 [ERROR] LogOutputStream:75 - [STDERR_REDIRECT] 
2026-10-06 15:16:02,667 [ERROR] LogOutputStream:75 - [STDERR_REDIRECT] [Fatal Error] :1:1: Premature end of file.
2026-10-06 15:16:02,668 [ERROR] LogOutputStream:75 - [STDERR_REDIRECT] 
2026-10-06 15:16:03,657 [ERROR] LogOutputStream:75 - [STDERR_REDIRECT] [Fatal Error] :1:1: Premature end of file.
2026-10-06 15:16:03,657 [ERROR] LogOutputStream:75 - [STDERR_REDIRECT] 
2026-10-06 15:16:04,661 [ERROR] LogOutputStream:75 - [STDERR_REDIRECT] [Fatal Error] :1:1: Premature end of file.
2026-10-06 15:16:04,661 [ERROR] LogOutputStream:75 - [STDERR_REDIRECT] 
2026-10-06 15:16:05,660 [ERROR] LogOutputStream:75 - [STDERR_REDIRECT] [Fatal Error] :1:1: Premature end of file.
2026-10-06 15:16:05,660 [ERROR] LogOutputStream:75 - [STDERR_REDIRECT] 
2026-10-06 15:16:06,660 [ERROR] LogOutputStream:75 - [STDERR_REDIRECT] [Fatal Error] :1:1: Premature end of file.
2026-10-06 15:16:06,660 [ERROR] LogOutputStream:75 - [STDERR_REDIRECT] 
2026-10-06 15:16:07,662 [ERROR] LogOutputStream:75 - [STDERR_REDIRECT] [Fatal Error] :1:1: Premature end of file.
2026-10-06 15:16:07,662 [ERROR] LogOutputStream:75 - [STDERR_REDIRECT] 
2026-10-06 15:16:08,648 [ERROR] LogOutputStream:75 - [STDERR_REDIRECT] [Fatal Error] :1:1: Premature end of file.
2026-10-06 15:16:08,648 [ERROR] LogOutputStream:75 - [STDERR_REDIRECT] 
2026-10-06 15:16:09,670 [ERROR] LogOutputStream:75 - [STDERR_REDIRECT] [Fatal Error] :1:1: Premature end of file.
2026-10-06 15:16:09,670 [ERROR] LogOutputStream:75 - [STDERR_REDIRECT] 
2026-10-06 15:16:10,667 [ERROR] LogOutputStream:75 - [STDERR_REDIRECT] [Fatal Error] :1:1: Premature end of file.
2026-10-06 15:16:10,667 [ERROR] LogOutputStream:75 - [STDERR_REDIRECT] 
2026-10-06 15:16:11,668 [ERROR] LogOutputStream:75 - [STDERR_REDIRECT] [Fatal Error] :1:1: Premature end of file.
2026-10-06 15:16:11,669 [ERROR] LogOutputStream:75 - [STDERR_REDIRECT] 
2026-10-06 15:16:12,653 [ERROR] LogOutputStream:75 - [STDERR_REDIRECT] [Fatal Error] :1:1: Premature end of file.
2026-10-06 15:16:12,653 [ERROR] LogOutputStream:75 - [STDERR_REDIRECT] 
2026-10-06 15:16:13,653 [ERROR] LogOutputStream:75 - [STDERR_REDIRECT] [Fatal Error] :1:1: Premature end of file.
2026-10-06 15:16:13,654 [ERROR] LogOutputStream:75 - [STDERR_REDIRECT] 
2026-10-06 15:16:14,662 [ERROR] LogOutputStream:75 - [STDERR_REDIRECT] [Fatal Error] :1:1: Premature end of file.
2026-10-06 15:16:14,662 [ERROR] LogOutputStream:75 - [STDERR_REDIRECT] 
2026-10-06 15:16:15,675 [ERROR] LogOutputStream:75 - [STDERR_REDIRECT] [Fatal Error] :1:1: Premature end of file.
2026-10-06 15:16:15,675 [ERROR] LogOutputStream:75 - [STDERR_REDIRECT] 
2026-10-06 15:16:16,663 [ERROR] LogOutputStream:75 - [STDERR_REDIRECT] [Fatal Error] :1:1: Premature end of file.
2026-10-06 15:16:16,663 [ERROR] LogOutputStream:75 - [STDERR_REDIRECT] 
2026-10-06 15:16:17,667 [ERROR] LogOutputStream:75 - [STDERR_REDIRECT] [Fatal Error] :1:1: Premature end of file.
2026-10-06 15:16:17,667 [ERROR] LogOutputStream:75 - [STDERR_REDIRECT] 
2026-10-06 15:16:18,670 [ERROR] LogOutputStream:75 - [STDERR_REDIRECT] [Fatal Error] :1:1: Premature end of file.
2026-10-06 15:16:18,670 [ERROR] LogOutputStream:75 - [STDERR_REDIRECT] 
2026-10-06 15:16:19,655 [ERROR] LogOutputStream:75 - [STDERR_REDIRECT] [Fatal Error] :1:1: Premature end of file.
2026-10-06 15:16:19,655 [ERROR] LogOutputStream:75 - [STDERR_REDIRECT] 
2026-10-06 15:16:20,663 [ERROR] LogOutputStream:75 - [STDERR_REDIRECT] [Fatal Error] :1:1: Premature end of file.
2026-10-06 15:16:20,663 [ERROR] LogOutputStream:75 - [STDERR_REDIRECT] 
2026-10-06 15:16:21,657 [ERROR] LogOutputStream:75 - [STDERR_REDIRECT] [Fatal Error] :1:1: Premature end of file.
2026-10-06 15:16:21,657 [ERROR] LogOutputStream:75 - [STDERR_REDIRECT] 
2026-10-06 15:16:22,659 [ERROR] LogOutputStream:75 - [STDERR_REDIRECT] [Fatal Error] :1:1: Premature end of file.
2026-10-06 15:16:22,659 [ERROR] LogOutputStream:75 - [STDERR_REDIRECT] 
2026-10-06 15:16:23,653 [ERROR] LogOutputStream:75 - [STDERR_REDIRECT] [Fatal Error] :1:1: Premature end of file.
2026-10-06 15:16:23,653 [ERROR] LogOutputStream:75 - [STDERR_REDIRECT] 
2026-10-06 15:16:24,661 [ERROR] LogOutputStream:75 - [STDERR_REDIRECT] [Fatal Error] :1:1: Premature end of file.
2026-10-06 15:16:24,661 [ERROR] LogOutputStream:75 - [STDERR_REDIRECT] 
2026-10-06 15:16:25,666 [ERROR] LogOutputStream:75 - [STDERR_REDIRECT] [Fatal Error] :1:1: Premature end of file.
2026-10-06 15:16:25,666 [ERROR] LogOutputStream:75 - [STDERR_REDIRECT] 
2026-10-06 15:16:26,661 [ERROR] LogOutputStream:75 - [STDERR_REDIRECT] [Fatal Error] :1:1: Premature end of file.
2026-10-06 15:16:26,662 [ERROR] LogOutputStream:75 - [STDERR_REDIRECT] 
2026-10-06 15:16:27,670 [ERROR] LogOutputStream:75 - [STDERR_REDIRECT] [Fatal Error] :1:1: Premature end of file.
2026-10-06 15:16:27,670 [ERROR] LogOutputStream:75 - [STDERR_REDIRECT] 
2026-10-06 15:16:28,670 [ERROR] LogOutputStream:75 - [STDERR_REDIRECT] [Fatal Error] :1:1: Premature end of file.
2026-10-06 15:16:28,670 [ERROR] LogOutputStream:75 - [STDERR_REDIRECT] 
2026-10-06 15:16:29,671 [ERROR] LogOutputStream:75 - [STDERR_REDIRECT] [Fatal Error] :1:1: Premature end of file.
2026-10-06 15:16:29,671 [ERROR] LogOutputStream:75 - [STDERR_REDIRECT] 
2026-10-06 15:16:30,664 [ERROR] LogOutputStream:75 - [STDERR_REDIRECT] [Fatal Error] :1:1: Premature end of file.
2026-10-06 15:16:30,664 [ERROR] LogOutputStream:75 - [STDERR_REDIRECT] 
2026-10-06 15:16:31,665 [ERROR] LogOutputStream:75 - [STDERR_REDIRECT] [Fatal Error] :1:1: Premature end of file.
2026-10-06 15:16:31,666 [ERROR] LogOutputStream:75 - [STDERR_REDIRECT] 
2026-10-06 15:16:32,666 [ERROR] LogOutputStream:75 - [STDERR_REDIRECT] [Fatal Error] :1:1: Premature end of file.
2026-10-06 15:16:32,666 [ERROR] LogOutputStream:75 - [STDERR_REDIRECT] 
2026-10-06 15:16:33,646 [ERROR] LogOutputStream:75 - [STDERR_REDIRECT] [Fatal Error] :1:1: Premature end of file.
2026-10-06 15:16:33,646 [ERROR] LogOutputStream:75 - [STDERR_REDIRECT] 
2026-10-06 15:16:34,657 [ERROR] LogOutputStream:75 - [STDERR_REDIRECT] [Fatal Error] :1:1: Premature end of file.
2026-10-06 15:16:34,657 [ERROR] LogOutputStream:75 - [STDERR_REDIRECT] 
2026-10-06 15:16:35,661 [ERROR] LogOutputStream:75 - [STDERR_REDIRECT] [Fatal Error] :1:1: Premature end of file.
2026-10-06 15:16:35,661 [ERROR] LogOutputStream:75 - [STDERR_REDIRECT] 
2026-10-06 15:16:36,654 [ERROR] LogOutputStream:75 - [STDERR_REDIRECT] [Fatal Error] :1:1: Premature end of file.
2026-10-06 15:16:36,654 [ERROR] LogOutputStream:75 - [STDERR_REDIRECT] 
2026-10-06 15:16:37,663 [ERROR] LogOutputStream:75 - [STDERR_REDIRECT] [Fatal Error] :1:1: Premature end of file.
2026-10-06 15:16:37,663 [ERROR] LogOutputStream:75 - [STDERR_REDIRECT] 
2026-10-06 15:16:38,664 [ERROR] LogOutputStream:75 - [STDERR_REDIRECT] [Fatal Error] :1:1: Premature end of file.
2026-10-06 15:16:38,664 [ERROR] LogOutputStream:75 - [STDERR_REDIRECT] 
2026-10-06 15:16:39,664 [ERROR] LogOutputStream:75 - [STDERR_REDIRECT] [Fatal Error] :1:1: Premature end of file.
2026-10-06 15:16:39,664 [ERROR] LogOutputStream:75 - [STDERR_REDIRECT] 
2026-10-06 15:16:40,649 [ERROR] LogOutputStream:75 - [STDERR_REDIRECT] [Fatal Error] :1:1: Premature end of file.
2026-10-06 15:16:40,649 [ERROR] LogOutputStream:75 - [STDERR_REDIRECT] 
2026-10-06 15:16:41,649 [ERROR] LogOutputStream:75 - [STDERR_REDIRECT] [Fatal Error] :1:1: Premature end of file.
2026-10-06 15:16:41,649 [ERROR] LogOutputStream:75 - [STDERR_REDIRECT] 
2026-10-06 15:16:42,656 [ERROR] LogOutputStream:75 - [STDERR_REDIRECT] [Fatal Error] :1:1: Premature end of file.
2026-10-06 15:16:42,656 [ERROR] LogOutputStream:75 - [STDERR_REDIRECT] 
2026-10-06 15:16:43,659 [ERROR] LogOutputStream:75 - [STDERR_REDIRECT] [Fatal Error] :1:1: Premature end of file.
2026-10-06 15:16:43,660 [ERROR] LogOutputStream:75 - [STDERR_REDIRECT] 
2026-10-06 15:16:44,653 [ERROR] LogOutputStream:75 - [STDERR_REDIRECT] [Fatal Error] :1:1: Premature end of file.
2026-10-06 15:16:44,653 [ERROR] LogOutputStream:75 - [STDERR_REDIRECT] 
2026-10-06 15:16:45,661 [ERROR] LogOutputStream:75 - [STDERR_REDIRECT] [Fatal Error] :1:1: Premature end of file.
2026-10-06 15:16:45,661 [ERROR] LogOutputStream:75 - [STDERR_REDIRECT] 
2026-10-06 15:16:46,668 [ERROR] LogOutputStream:75 - [STDERR_REDIRECT] [Fatal Error] :1:1: Premature end of file.
2026-10-06 15:16:46,668 [ERROR] LogOutputStream:75 - [STDERR_REDIRECT] 
2026-10-06 15:16:47,662 [ERROR] LogOutputStream:75 - [STDERR_REDIRECT] [Fatal Error] :1:1: Premature end of file.
2026-10-06 15:16:47,662 [ERROR] LogOutputStream:75 - [STDERR_REDIRECT] 
2026-10-06 15:16:48,661 [ERROR] LogOutputStream:75 - [STDERR_REDIRECT] [Fatal Error] :1:1: Premature end of file.
2026-10-06 15:16:48,661 [ERROR] LogOutputStream:75 - [STDERR_REDIRECT] 
2026-10-06 15:16:49,668 [ERROR] LogOutputStream:75 - [STDERR_REDIRECT] [Fatal Error] :1:1: Premature end of file.
2026-10-06 15:16:49,668 [ERROR] LogOutputStream:75 - [STDERR_REDIRECT] 
2026-10-06 15:16:50,660 [ERROR] LogOutputStream:75 - [STDERR_REDIRECT] [Fatal Error] :1:1: Premature end of file.
2026-10-06 15:16:50,661 [ERROR] LogOutputStream:75 - [STDERR_REDIRECT] 
2026-10-06 15:16:51,655 [ERROR] LogOutputStream:75 - [STDERR_REDIRECT] [Fatal Error] :1:1: Premature end of file.
2026-10-06 15:16:51,655 [ERROR] LogOutputStream:75 - [STDERR_REDIRECT] 
2026-10-06 15:16:52,668 [ERROR] LogOutputStream:75 - [STDERR_REDIRECT] [Fatal Error] :1:1: Premature end of file.
2026-10-06 15:16:52,669 [ERROR] LogOutputStream:75 - [STDERR_REDIRECT] 
2026-10-06 15:16:53,661 [ERROR] LogOutputStream:75 - [STDERR_REDIRECT] [Fatal Error] :1:1: Premature end of file.
2026-10-06 15:16:53,661 [ERROR] LogOutputStream:75 - [STDERR_REDIRECT] 
2026-10-06 15:16:54,672 [ERROR] LogOutputStream:75 - [STDERR_REDIRECT] [Fatal Error] :1:1: Premature end of file.
2026-10-06 15:16:54,673 [ERROR] LogOutputStream:75 - [STDERR_REDIRECT] 
2026-10-06 15:16:55,676 [ERROR] LogOutputStream:75 - [STDERR_REDIRECT] [Fatal Error] :1:1: Premature end of file.
2026-10-06 15:16:55,676 [ERROR] LogOutputStream:75 - [STDERR_REDIRECT] 
2026-10-06 15:16:56,674 [ERROR] LogOutputStream:75 - [STDERR_REDIRECT] [Fatal Error] :1:1: Premature end of file.
2026-10-06 15:16:56,674 [ERROR] LogOutputStream:75 - [STDERR_REDIRECT] 
2026-10-06 15:16:57,660 [ERROR] LogOutputStream:75 - [STDERR_REDIRECT] [Fatal Error] :1:1: Premature end of file.
2026-10-06 15:16:57,660 [ERROR] LogOutputStream:75 - [STDERR_REDIRECT] 
2026-10-06 15:16:58,669 [ERROR] LogOutputStream:75 - [STDERR_REDIRECT] [Fatal Error] :1:1: Premature end of file.
2026-10-06 15:16:58,669 [ERROR] LogOutputStream:75 - [STDERR_REDIRECT] 
2026-10-06 15:16:59,658 [ERROR] LogOutputStream:75 - [STDERR_REDIRECT] [Fatal Error] :1:1: Premature end of file.
2026-10-06 15:16:59,658 [ERROR] LogOutputStream:75 - [STDERR_REDIRECT] 
2026-10-06 15:17:00,658 [ERROR] LogOutputStream:75 - [STDERR_REDIRECT] [Fatal Error] :1:1: Premature end of file.
2026-10-06 15:17:00,658 [ERROR] LogOutputStream:75 - [STDERR_REDIRECT] 
2026-10-06 15:17:01,656 [ERROR] LogOutputStream:75 - [STDERR_REDIRECT] [Fatal Error] :1:1: Premature end of file.
2026-10-06 15:17:01,656 [ERROR] LogOutputStream:75 - [STDERR_REDIRECT] 
2026-10-06 15:17:02,663 [ERROR] LogOutputStream:75 - [STDERR_REDIRECT] [Fatal Error] :1:1: Premature end of file.
2026-10-06 15:17:02,663 [ERROR] LogOutputStream:75 - [STDERR_REDIRECT] 
2026-10-06 15:17:03,670 [ERROR] LogOutputStream:75 - [STDERR_REDIRECT] [Fatal Error] :1:1: Premature end of file.
2026-10-06 15:17:03,670 [ERROR] LogOutputStream:75 - [STDERR_REDIRECT] 
2026-10-06 15:17:04,651 [ERROR] LogOutputStream:75 - [STDERR_REDIRECT] [Fatal Error] :1:1: Premature end of file.
2026-10-06 15:17:04,651 [ERROR] LogOutputStream:75 - [STDERR_REDIRECT] 
2026-10-06 15:17:05,662 [ERROR] LogOutputStream:75 - [STDERR_REDIRECT] [Fatal Error] :1:1: Premature end of file.
2026-10-06 15:17:05,662 [ERROR] LogOutputStream:75 - [STDERR_REDIRECT] 
2026-10-06 15:17:06,664 [ERROR] LogOutputStream:75 - [STDERR_REDIRECT] [Fatal Error] :1:1: Premature end of file.
2026-10-06 15:17:06,664 [ERROR] LogOutputStream:75 - [STDERR_REDIRECT] 
2026-10-06 15:17:07,653 [ERROR] LogOutputStream:75 - [STDERR_REDIRECT] [Fatal Error] :1:1: Premature end of file.
2026-10-06 15:17:07,653 [ERROR] LogOutputStream:75 - [STDERR_REDIRECT] 
2026-10-06 15:17:08,654 [ERROR] LogOutputStream:75 - [STDERR_REDIRECT] [Fatal Error] :1:1: Premature end of file.
2026-10-06 15:17:08,655 [ERROR] LogOutputStream:75 - [STDERR_REDIRECT] 
2026-10-06 15:17:09,671 [ERROR] LogOutputStream:75 - [STDERR_REDIRECT] [Fatal Error] :1:1: Premature end of file.
2026-10-06 15:17:09,671 [ERROR] LogOutputStream:75 - [STDERR_REDIRECT] 
2026-10-06 15:17:10,665 [ERROR] LogOutputStream:75 - [STDERR_REDIRECT] [Fatal Error] :1:1: Premature end of file.
2026-10-06 15:17:10,665 [ERROR] LogOutputStream:75 - [STDERR_REDIRECT] 
2026-10-06 15:17:11,666 [ERROR] LogOutputStream:75 - [STDERR_REDIRECT] [Fatal Error] :1:1: Premature end of file.
2026-10-06 15:17:11,666 [ERROR] LogOutputStream:75 - [STDERR_REDIRECT] 
2026-10-06 15:17:12,659 [ERROR] LogOutputStream:75 - [STDERR_REDIRECT] [Fatal Error] :1:1: Premature end of file.
2026-10-06 15:17:12,659 [ERROR] LogOutputStream:75 - [STDERR_REDIRECT] 
2026-10-06 15:17:13,664 [ERROR] LogOutputStream:75 - [STDERR_REDIRECT] [Fatal Error] :1:1: Premature end of file.
2026-10-06 15:17:13,664 [ERROR] LogOutputStream:75 - [STDERR_REDIRECT] 
2026-10-06 15:17:14,673 [ERROR] LogOutputStream:75 - [STDERR_REDIRECT] [Fatal Error] :1:1: Premature end of file.
2026-10-06 15:17:14,673 [ERROR] LogOutputStream:75 - [STDERR_REDIRECT] 
2026-10-06 15:17:15,659 [ERROR] LogOutputStream:75 - [STDERR_REDIRECT] [Fatal Error] :1:1: Premature end of file.
2026-10-06 15:17:15,659 [ERROR] LogOutputStream:75 - [STDERR_REDIRECT] 
2026-10-06 15:17:16,658 [ERROR] LogOutputStream:75 - [STDERR_REDIRECT] [Fatal Error] :1:1: Premature end of file.
2026-10-06 15:17:16,658 [ERROR] LogOutputStream:75 - [STDERR_REDIRECT] 
2026-10-06 15:17:17,662 [ERROR] LogOutputStream:75 - [STDERR_REDIRECT] [Fatal Error] :1:1: Premature end of file.
2026-10-06 15:17:17,662 [ERROR] LogOutputStream:75 - [STDERR_REDIRECT] 
2026-10-06 15:17:18,677 [ERROR] LogOutputStream:75 - [STDERR_REDIRECT] [Fatal Error] :1:1: Premature end of file.
2026-10-06 15:17:18,677 [ERROR] LogOutputStream:75 - [STDERR_REDIRECT] 
2026-10-06 15:17:19,656 [ERROR] LogOutputStream:75 - [STDERR_REDIRECT] [Fatal Error] :1:1: Premature end of file.
2026-10-06 15:17:19,657 [ERROR] LogOutputStream:75 - [STDERR_REDIRECT] 
2026-10-06 15:17:20,673 [ERROR] LogOutputStream:75 - [STDERR_REDIRECT] [Fatal Error] :1:1: Premature end of file.
2026-10-06 15:17:20,673 [ERROR] LogOutputStream:75 - [STDERR_REDIRECT] 
2026-10-06 15:17:21,664 [ERROR] LogOutputStream:75 - [STDERR_REDIRECT] [Fatal Error] :1:1: Premature end of file.
2026-10-06 15:17:21,664 [ERROR] LogOutputStream:75 - [STDERR_REDIRECT] 
2026-10-06 15:17:22,664 [ERROR] LogOutputStream:75 - [STDERR_REDIRECT] [Fatal Error] :1:1: Premature end of file.
2026-10-06 15:17:22,664 [ERROR] LogOutputStream:75 - [STDERR_REDIRECT] 
2026-10-06 15:17:23,650 [ERROR] LogOutputStream:75 - [STDERR_REDIRECT] [Fatal Error] :1:1: Premature end of file.
2026-10-06 15:17:23,650 [ERROR] LogOutputStream:75 - [STDERR_REDIRECT] 
2026-10-06 15:17:24,658 [ERROR] LogOutputStream:75 - [STDERR_REDIRECT] [Fatal Error] :1:1: Premature end of file.
2026-10-06 15:17:24,658 [ERROR] LogOutputStream:75 - [STDERR_REDIRECT] 
2026-10-06 15:17:25,660 [ERROR] LogOutputStream:75 - [STDERR_REDIRECT] [Fatal Error] :1:1: Premature end of file.
2026-10-06 15:17:25,660 [ERROR] LogOutputStream:75 - [STDERR_REDIRECT] 
2026-10-06 15:17:26,652 [ERROR] LogOutputStream:75 - [STDERR_REDIRECT] [Fatal Error] :1:1: Premature end of file.
2026-10-06 15:17:26,653 [ERROR] LogOutputStream:75 - [STDERR_REDIRECT] 
2026-10-06 15:17:27,649 [ERROR] LogOutputStream:75 - [STDERR_REDIRECT] [Fatal Error] :1:1: Premature end of file.
2026-10-06 15:17:27,649 [ERROR] LogOutputStream:75 - [STDERR_REDIRECT] 
2026-10-06 15:17:28,647 [ERROR] LogOutputStream:75 - [STDERR_REDIRECT] [Fatal Error] :1:1: Premature end of file.
2026-10-06 15:17:28,648 [ERROR] LogOutputStream:75 - [STDERR_REDIRECT] 
2026-10-06 15:17:29,650 [ERROR] LogOutputStream:75 - [STDERR_REDIRECT] [Fatal Error] :1:1: Premature end of file.
2026-10-06 15:17:29,650 [ERROR] LogOutputStream:75 - [STDERR_REDIRECT] 
2026-10-06 15:17:30,653 [ERROR] LogOutputStream:75 - [STDERR_REDIRECT] [Fatal Error] :1:1: Premature end of file.
2026-10-06 15:17:30,653 [ERROR] LogOutputStream:75 - [STDERR_REDIRECT] 
2026-10-06 15:17:31,658 [ERROR] LogOutputStream:75 - [STDERR_REDIRECT] [Fatal Error] :1:1: Premature end of file.
2026-10-06 15:17:31,658 [ERROR] LogOutputStream:75 - [STDERR_REDIRECT] 
2026-10-06 15:17:32,657 [ERROR] LogOutputStream:75 - [STDERR_REDIRECT] [Fatal Error] :1:1: Premature end of file.
2026-10-06 15:17:32,657 [ERROR] LogOutputStream:75 - [STDERR_REDIRECT] 
2026-10-06 15:17:33,653 [ERROR] LogOutputStream:75 - [STDERR_REDIRECT] [Fatal Error] :1:1: Premature end of file.
2026-10-06 15:17:33,653 [ERROR] LogOutputStream:75 - [STDERR_REDIRECT] 
2026-10-06 15:17:34,658 [ERROR] LogOutputStream:75 - [STDERR_REDIRECT] [Fatal Error] :1:1: Premature end of file.
2026-10-06 15:17:34,658 [ERROR] LogOutputStream:75 - [STDERR_REDIRECT] 
2026-10-06 15:17:35,661 [ERROR] LogOutputStream:75 - [STDERR_REDIRECT] [Fatal Error] :1:1: Premature end of file.
2026-10-06 15:17:35,661 [ERROR] LogOutputStream:75 - [STDERR_REDIRECT] 
2026-10-06 15:17:36,658 [ERROR] LogOutputStream:75 - [STDERR_REDIRECT] [Fatal Error] :1:1: Premature end of file.
2026-10-06 15:17:36,658 [ERROR] LogOutputStream:75 - [STDERR_REDIRECT] 
2026-10-06 15:17:37,656 [ERROR] LogOutputStream:75 - [STDERR_REDIRECT] [Fatal Error] :1:1: Premature end of file.
2026-10-06 15:17:37,656 [ERROR] LogOutputStream:75 - [STDERR_REDIRECT] 
2026-10-06 15:17:38,670 [ERROR] LogOutputStream:75 - [STDERR_REDIRECT] [Fatal Error] :1:1: Premature end of file.
2026-10-06 15:17:38,672 [ERROR] LogOutputStream:75 - [STDERR_REDIRECT] 
2026-10-06 15:17:39,663 [ERROR] LogOutputStream:75 - [STDERR_REDIRECT] [Fatal Error] :1:1: Premature end of file.
2026-10-06 15:17:39,663 [ERROR] LogOutputStream:75 - [STDERR_REDIRECT] 
2026-10-06 15:17:40,658 [ERROR] LogOutputStream:75 - [STDERR_REDIRECT] [Fatal Error] :1:1: Premature end of file.
2026-10-06 15:17:40,658 [ERROR] LogOutputStream:75 - [STDERR_REDIRECT] 
2026-10-06 15:17:41,660 [ERROR] LogOutputStream:75 - [STDERR_REDIRECT] [Fatal Error] :1:1: Premature end of file.
2026-10-06 15:17:41,660 [ERROR] LogOutputStream:75 - [STDERR_REDIRECT] 
2026-10-06 15:17:42,656 [ERROR] LogOutputStream:75 - [STDERR_REDIRECT] [Fatal Error] :1:1: Premature end of file.
2026-10-06 15:17:42,657 [ERROR] LogOutputStream:75 - [STDERR_REDIRECT] 
2026-10-06 15:17:43,660 [ERROR] LogOutputStream:75 - [STDERR_REDIRECT] [Fatal Error] :1:1: Premature end of file.
2026-10-06 15:17:43,660 [ERROR] LogOutputStream:75 - [STDERR_REDIRECT] 
2026-10-06 15:17:44,663 [ERROR] LogOutputStream:75 - [STDERR_REDIRECT] [Fatal Error] :1:1: Premature end of file.
2026-10-06 15:17:44,663 [ERROR] LogOutputStream:75 - [STDERR_REDIRECT] 
2026-10-06 15:17:45,656 [ERROR] LogOutputStream:75 - [STDERR_REDIRECT] [Fatal Error] :1:1: Premature end of file.
2026-10-06 15:17:45,656 [ERROR] LogOutputStream:75 - [STDERR_REDIRECT] 
2026-10-06 15:17:46,665 [ERROR] LogOutputStream:75 - [STDERR_REDIRECT] [Fatal Error] :1:1: Premature end of file.
2026-10-06 15:17:46,665 [ERROR] LogOutputStream:75 - [STDERR_REDIRECT] 
2026-10-06 15:17:47,666 [ERROR] LogOutputStream:75 - [STDERR_REDIRECT] [Fatal Error] :1:1: Premature end of file.
2026-10-06 15:17:47,666 [ERROR] LogOutputStream:75 - [STDERR_REDIRECT] 
2026-10-06 15:17:48,676 [ERROR] LogOutputStream:75 - [STDERR_REDIRECT] [Fatal Error] :1:1: Premature end of file.
2026-10-06 15:17:48,676 [ERROR] LogOutputStream:75 - [STDERR_REDIRECT] 
2026-10-06 15:17:49,649 [ERROR] LogOutputStream:75 - [STDERR_REDIRECT] [Fatal Error] :1:1: Premature end of file.
2026-10-06 15:17:49,649 [ERROR] LogOutputStream:75 - [STDERR_REDIRECT] 
2026-10-06 15:17:50,661 [ERROR] LogOutputStream:75 - [STDERR_REDIRECT] [Fatal Error] :1:1: Premature end of file.
2026-10-06 15:17:50,661 [ERROR] LogOutputStream:75 - [STDERR_REDIRECT] 
2026-10-06 15:17:51,662 [ERROR] LogOutputStream:75 - [STDERR_REDIRECT] [Fatal Error] :1:1: Premature end of file.
2026-10-06 15:17:51,662 [ERROR] LogOutputStream:75 - [STDERR_REDIRECT] 
2026-10-06 15:17:52,662 [ERROR] LogOutputStream:75 - [STDERR_REDIRECT] [Fatal Error] :1:1: Premature end of file.
2026-10-06 15:17:52,662 [ERROR] LogOutputStream:75 - [STDERR_REDIRECT] 
2026-10-06 15:17:53,654 [ERROR] LogOutputStream:75 - [STDERR_REDIRECT] [Fatal Error] :1:1: Premature end of file.
2026-10-06 15:17:53,654 [ERROR] LogOutputStream:75 - [STDERR_REDIRECT] 
2026-10-06 15:17:54,650 [ERROR] LogOutputStream:75 - [STDERR_REDIRECT] [Fatal Error] :1:1: Premature end of file.
2026-10-06 15:17:54,650 [ERROR] LogOutputStream:75 - [STDERR_REDIRECT] 
2026-10-06 15:17:55,661 [ERROR] LogOutputStream:75 - [STDERR_REDIRECT] [Fatal Error] :1:1: Premature end of file.
2026-10-06 15:17:55,662 [ERROR] LogOutputStream:75 - [STDERR_REDIRECT] 
2026-10-06 15:17:56,681 [ERROR] LogOutputStream:75 - [STDERR_REDIRECT] [Fatal Error] :1:1: Premature end of file.
2026-10-06 15:17:56,681 [ERROR] LogOutputStream:75 - [STDERR_REDIRECT] 
2026-10-06 15:17:57,649 [ERROR] LogOutputStream:75 - [STDERR_REDIRECT] [Fatal Error] :1:1: Premature end of file.
2026-10-06 15:17:57,649 [ERROR] LogOutputStream:75 - [STDERR_REDIRECT] 
2026-10-06 15:17:58,657 [ERROR] LogOutputStream:75 - [STDERR_REDIRECT] [Fatal Error] :1:1: Premature end of file.
2026-10-06 15:17:58,657 [ERROR] LogOutputStream:75 - [STDERR_REDIRECT] 
2026-10-06 15:17:59,652 [ERROR] LogOutputStream:75 - [STDERR_REDIRECT] [Fatal Error] :1:1: Premature end of file.
2026-10-06 15:17:59,652 [ERROR] LogOutputStream:75 - [STDERR_REDIRECT] 
2026-10-06 15:18:00,673 [ERROR] LogOutputStream:75 - [STDERR_REDIRECT] [Fatal Error] :1:1: Premature end of file.
2026-10-06 15:18:00,673 [ERROR] LogOutputStream:75 - [STDERR_REDIRECT] 
2026-10-06 15:18:01,668 [ERROR] LogOutputStream:75 - [STDERR_REDIRECT] [Fatal Error] :1:1: Premature end of file.
2026-10-06 15:18:01,668 [ERROR] LogOutputStream:75 - [STDERR_REDIRECT] 
2026-10-06 15:18:02,657 [ERROR] LogOutputStream:75 - [STDERR_REDIRECT] [Fatal Error] :1:1: Premature end of file.
2026-10-06 15:18:02,657 [ERROR] LogOutputStream:75 - [STDERR_REDIRECT] 
2026-10-06 15:18:03,662 [ERROR] LogOutputStream:75 - [STDERR_REDIRECT] [Fatal Error] :1:1: Premature end of file.
2026-10-06 15:18:03,662 [ERROR] LogOutputStream:75 - [STDERR_REDIRECT] 
2026-10-06 15:18:04,661 [ERROR] LogOutputStream:75 - [STDERR_REDIRECT] [Fatal Error] :1:1: Premature end of file.
2026-10-06 15:18:04,661 [ERROR] LogOutputStream:75 - [STDERR_REDIRECT] 
2026-10-06 15:18:05,664 [ERROR] LogOutputStream:75 - [STDERR_REDIRECT] [Fatal Error] :1:1: Premature end of file.
2026-10-06 15:18:05,664 [ERROR] LogOutputStream:75 - [STDERR_REDIRECT] 
2026-10-06 15:18:06,655 [ERROR] LogOutputStream:75 - [STDERR_REDIRECT] [Fatal Error] :1:1: Premature end of file.
2026-10-06 15:18:06,655 [ERROR] LogOutputStream:75 - [STDERR_REDIRECT] 
2026-10-06 15:18:07,656 [ERROR] LogOutputStream:75 - [STDERR_REDIRECT] [Fatal Error] :1:1: Premature end of file.
2026-10-06 15:18:07,656 [ERROR] LogOutputStream:75 - [STDERR_REDIRECT] 
2026-10-06 15:18:08,663 [ERROR] LogOutputStream:75 - [STDERR_REDIRECT] [Fatal Error] :1:1: Premature end of file.
2026-10-06 15:18:08,663 [ERROR] LogOutputStream:75 - [STDERR_REDIRECT] 
2026-10-06 15:18:09,654 [ERROR] LogOutputStream:75 - [STDERR_REDIRECT] [Fatal Error] :1:1: Premature end of file.
2026-10-06 15:18:09,654 [ERROR] LogOutputStream:75 - [STDERR_REDIRECT] 
2026-10-06 15:18:10,665 [ERROR] LogOutputStream:75 - [STDERR_REDIRECT] [Fatal Error] :1:1: Premature end of file.
2026-10-06 15:18:10,665 [ERROR] LogOutputStream:75 - [STDERR_REDIRECT] 
2026-10-06 15:18:11,650 [ERROR] LogOutputStream:75 - [STDERR_REDIRECT] [Fatal Error] :1:1: Premature end of file.
2026-10-06 15:18:11,650 [ERROR] LogOutputStream:75 - [STDERR_REDIRECT] 
2026-10-06 15:18:12,652 [ERROR] LogOutputStream:75 - [STDERR_REDIRECT] [Fatal Error] :1:1: Premature end of file.
2026-10-06 15:18:12,652 [ERROR] LogOutputStream:75 - [STDERR_REDIRECT] 
2026-10-06 15:18:13,648 [ERROR] LogOutputStream:75 - [STDERR_REDIRECT] [Fatal Error] :1:1: Premature end of file.
2026-10-06 15:18:13,649 [ERROR] LogOutputStream:75 - [STDERR_REDIRECT] 
2026-10-06 15:18:14,659 [ERROR] LogOutputStream:75 - [STDERR_REDIRECT] [Fatal Error] :1:1: Premature end of file.
2026-10-06 15:18:14,659 [ERROR] LogOutputStream:75 - [STDERR_REDIRECT] 
2026-10-06 15:18:15,655 [ERROR] LogOutputStream:75 - [STDERR_REDIRECT] [Fatal Error] :1:1: Premature end of file.
2026-10-06 15:18:15,655 [ERROR] LogOutputStream:75 - [STDERR_REDIRECT] 
2026-10-06 15:18:16,669 [ERROR] LogOutputStream:75 - [STDERR_REDIRECT] [Fatal Error] :1:1: Premature end of file.
2026-10-06 15:18:16,669 [ERROR] LogOutputStream:75 - [STDERR_REDIRECT] 
2026-10-06 15:18:17,657 [ERROR] LogOutputStream:75 - [STDERR_REDIRECT] [Fatal Error] :1:1: Premature end of file.
2026-10-06 15:18:17,657 [ERROR] LogOutputStream:75 - [STDERR_REDIRECT] 
2026-10-06 15:18:18,651 [ERROR] LogOutputStream:75 - [STDERR_REDIRECT] [Fatal Error] :1:1: Premature end of file.
2026-10-06 15:18:18,651 [ERROR] LogOutputStream:75 - [STDERR_REDIRECT] 
2026-10-06 15:18:19,654 [ERROR] LogOutputStream:75 - [STDERR_REDIRECT] [Fatal Error] :1:1: Premature end of file.
2026-10-06 15:18:19,654 [ERROR] LogOutputStream:75 - [STDERR_REDIRECT] 
2026-10-06 15:18:20,656 [ERROR] LogOutputStream:75 - [STDERR_REDIRECT] [Fatal Error] :1:1: Premature end of file.
2026-10-06 15:18:20,656 [ERROR] LogOutputStream:75 - [STDERR_REDIRECT] 
2026-10-06 15:18:21,658 [ERROR] LogOutputStream:75 - [STDERR_REDIRECT] [Fatal Error] :1:1: Premature end of file.
2026-10-06 15:18:21,658 [ERROR] LogOutputStream:75 - [STDERR_REDIRECT] 
2026-10-06 15:18:22,657 [ERROR] LogOutputStream:75 - [STDERR_REDIRECT] [Fatal Error] :1:1: Premature end of file.
2026-10-06 15:18:22,657 [ERROR] LogOutputStream:75 - [STDERR_REDIRECT] 
2026-10-06 15:18:23,662 [ERROR] LogOutputStream:75 - [STDERR_REDIRECT] [Fatal Error] :1:1: Premature end of file.
2026-10-06 15:18:23,662 [ERROR] LogOutputStream:75 - [STDERR_REDIRECT] 
2026-10-06 15:18:24,655 [ERROR] LogOutputStream:75 - [STDERR_REDIRECT] [Fatal Error] :1:1: Premature end of file.
2026-10-06 15:18:24,655 [ERROR] LogOutputStream:75 - [STDERR_REDIRECT] 
2026-10-06 15:18:25,675 [ERROR] LogOutputStream:75 - [STDERR_REDIRECT] [Fatal Error] :1:1: Premature end of file.
2026-10-06 15:18:25,675 [ERROR] LogOutputStream:75 - [STDERR_REDIRECT] 
2026-10-06 15:18:26,658 [ERROR] LogOutputStream:75 - [STDERR_REDIRECT] [Fatal Error] :1:1: Premature end of file.
2026-10-06 15:18:26,658 [ERROR] LogOutputStream:75 - [STDERR_REDIRECT] 
2026-10-06 15:18:27,663 [ERROR] LogOutputStream:75 - [STDERR_REDIRECT] [Fatal Error] :1:1: Premature end of file.
2026-10-06 15:18:27,663 [ERROR] LogOutputStream:75 - [STDERR_REDIRECT] 
2026-10-06 15:18:28,651 [ERROR] LogOutputStream:75 - [STDERR_REDIRECT] [Fatal Error] :1:1: Premature end of file.
2026-10-06 15:18:28,651 [ERROR] LogOutputStream:75 - [STDERR_REDIRECT] 
2026-10-06 15:18:29,664 [ERROR] LogOutputStream:75 - [STDERR_REDIRECT] [Fatal Error] :1:1: Premature end of file.
2026-10-06 15:18:29,664 [ERROR] LogOutputStream:75 - [STDERR_REDIRECT] 
2026-10-06 15:18:30,668 [ERROR] LogOutputStream:75 - [STDERR_REDIRECT] [Fatal Error] :1:1: Premature end of file.
2026-10-06 15:18:30,668 [ERROR] LogOutputStream:75 - [STDERR_REDIRECT] 
2026-10-06 15:18:31,653 [ERROR] LogOutputStream:75 - [STDERR_REDIRECT] [Fatal Error] :1:1: Premature end of file.
2026-10-06 15:18:31,653 [ERROR] LogOutputStream:75 - [STDERR_REDIRECT] 
2026-10-06 15:18:32,665 [ERROR] LogOutputStream:75 - [STDERR_REDIRECT] [Fatal Error] :1:1: Premature end of file.
2026-10-06 15:18:32,665 [ERROR] LogOutputStream:75 - [STDERR_REDIRECT] 
2026-10-06 15:18:33,653 [ERROR] LogOutputStream:75 - [STDERR_REDIRECT] [Fatal Error] :1:1: Premature end of file.
2026-10-06 15:18:33,653 [ERROR] LogOutputStream:75 - [STDERR_REDIRECT] 
2026-10-06 15:18:34,648 [ERROR] LogOutputStream:75 - [STDERR_REDIRECT] [Fatal Error] :1:1: Premature end of file.
2026-10-06 15:18:34,648 [ERROR] LogOutputStream:75 - [STDERR_REDIRECT] 
2026-10-06 15:18:35,657 [ERROR] LogOutputStream:75 - [STDERR_REDIRECT] [Fatal Error] :1:1: Premature end of file.
2026-10-06 15:18:35,659 [ERROR] LogOutputStream:75 - [STDERR_REDIRECT] 
2026-10-06 15:18:36,671 [ERROR] LogOutputStream:75 - [STDERR_REDIRECT] [Fatal Error] :1:1: Premature end of file.
2026-10-06 15:18:36,671 [ERROR] LogOutputStream:75 - [STDERR_REDIRECT] 
2026-10-06 15:18:37,668 [ERROR] LogOutputStream:75 - [STDERR_REDIRECT] [Fatal Error] :1:1: Premature end of file.
2026-10-06 15:18:37,669 [ERROR] LogOutputStream:75 - [STDERR_REDIRECT] 
2026-10-06 15:18:38,650 [ERROR] LogOutputStream:75 - [STDERR_REDIRECT] [Fatal Error] :1:1: Premature end of file.
2026-10-06 15:18:38,650 [ERROR] LogOutputStream:75 - [STDERR_REDIRECT] 
2026-10-06 15:18:39,650 [ERROR] LogOutputStream:75 - [STDERR_REDIRECT] [Fatal Error] :1:1: Premature end of file.
2026-10-06 15:18:39,650 [ERROR] LogOutputStream:75 - [STDERR_REDIRECT] 
2026-10-06 15:18:40,665 [ERROR] LogOutputStream:75 - [STDERR_REDIRECT] [Fatal Error] :1:1: Premature end of file.
2026-10-06 15:18:40,665 [ERROR] LogOutputStream:75 - [STDERR_REDIRECT] 
2026-10-06 15:18:41,664 [ERROR] LogOutputStream:75 - [STDERR_REDIRECT] [Fatal Error] :1:1: Premature end of file.
2026-10-06 15:18:41,664 [ERROR] LogOutputStream:75 - [STDERR_REDIRECT] 
2026-10-06 15:18:42,657 [ERROR] LogOutputStream:75 - [STDERR_REDIRECT] [Fatal Error] :1:1: Premature end of file.
2026-10-06 15:18:42,657 [ERROR] LogOutputStream:75 - [STDERR_REDIRECT] 
2026-10-06 15:18:43,652 [ERROR] LogOutputStream:75 - [STDERR_REDIRECT] [Fatal Error] :1:1: Premature end of file.
2026-10-06 15:18:43,652 [ERROR] LogOutputStream:75 - [STDERR_REDIRECT] 
2026-10-06 15:18:44,665 [ERROR] LogOutputStream:75 - [STDERR_REDIRECT] [Fatal Error] :1:1: Premature end of file.
2026-10-06 15:18:44,665 [ERROR] LogOutputStream:75 - [STDERR_REDIRECT] 
2026-10-06 15:18:45,656 [ERROR] LogOutputStream:75 - [STDERR_REDIRECT] [Fatal Error] :1:1: Premature end of file.
2026-10-06 15:18:45,656 [ERROR] LogOutputStream:75 - [STDERR_REDIRECT] 
2026-10-06 15:18:46,650 [ERROR] LogOutputStream:75 - [STDERR_REDIRECT] [Fatal Error] :1:1: Premature end of file.
2026-10-06 15:18:46,650 [ERROR] LogOutputStream:75 - [STDERR_REDIRECT] 
2026-10-06 15:18:47,655 [ERROR] LogOutputStream:75 - [STDERR_REDIRECT] [Fatal Error] :1:1: Premature end of file.
2026-10-06 15:18:47,655 [ERROR] LogOutputStream:75 - [STDERR_REDIRECT] 
2026-10-06 15:18:48,660 [ERROR] LogOutputStream:75 - [STDERR_REDIRECT] [Fatal Error] :1:1: Premature end of file.
2026-10-06 15:18:48,660 [ERROR] LogOutputStream:75 - [STDERR_REDIRECT] 
2026-10-06 15:18:49,664 [ERROR] LogOutputStream:75 - [STDERR_REDIRECT] [Fatal Error] :1:1: Premature end of file.
2026-10-06 15:18:49,664 [ERROR] LogOutputStream:75 - [STDERR_REDIRECT] 
2026-10-06 15:18:50,662 [ERROR] LogOutputStream:75 - [STDERR_REDIRECT] [Fatal Error] :1:1: Premature end of file.
2026-10-06 15:18:50,662 [ERROR] LogOutputStream:75 - [STDERR_REDIRECT] 
2026-10-06 15:18:51,653 [ERROR] LogOutputStream:75 - [STDERR_REDIRECT] [Fatal Error] :1:1: Premature end of file.
2026-10-06 15:18:51,653 [ERROR] LogOutputStream:75 - [STDERR_REDIRECT] 
2026-10-06 15:18:52,664 [ERROR] LogOutputStream:75 - [STDERR_REDIRECT] [Fatal Error] :1:1: Premature end of file.
2026-10-06 15:18:52,664 [ERROR] LogOutputStream:75 - [STDERR_REDIRECT] 
2026-10-06 15:18:53,655 [ERROR] LogOutputStream:75 - [STDERR_REDIRECT] [Fatal Error] :1:1: Premature end of file.
2026-10-06 15:18:53,655 [ERROR] LogOutputStream:75 - [STDERR_REDIRECT] 
2026-10-06 15:18:54,665 [ERROR] LogOutputStream:75 - [STDERR_REDIRECT] [Fatal Error] :1:1: Premature end of file.
2026-10-06 15:18:54,665 [ERROR] LogOutputStream:75 - [STDERR_REDIRECT] 
2026-10-06 15:18:55,651 [ERROR] LogOutputStream:75 - [STDERR_REDIRECT] [Fatal Error] :1:1: Premature end of file.
2026-10-06 15:18:55,651 [ERROR] LogOutputStream:75 - [STDERR_REDIRECT] 
2026-10-06 15:18:56,667 [ERROR] LogOutputStream:75 - [STDERR_REDIRECT] [Fatal Error] :1:1: Premature end of file.
2026-10-06 15:18:56,667 [ERROR] LogOutputStream:75 - [STDERR_REDIRECT] 
2026-10-06 15:18:57,667 [ERROR] LogOutputStream:75 - [STDERR_REDIRECT] [Fatal Error] :1:1: Premature end of file.
2026-10-06 15:18:57,667 [ERROR] LogOutputStream:75 - [STDERR_REDIRECT] 
2026-10-06 15:18:58,666 [ERROR] LogOutputStream:75 - [STDERR_REDIRECT] [Fatal Error] :1:1: Premature end of file.
2026-10-06 15:18:58,666 [ERROR] LogOutputStream:75 - [STDERR_REDIRECT] 
2026-10-06 15:18:59,649 [ERROR] LogOutputStream:75 - [STDERR_REDIRECT] [Fatal Error] :1:1: Premature end of file.
2026-10-06 15:18:59,649 [ERROR] LogOutputStream:75 - [STDERR_REDIRECT] 
2026-10-06 15:19:00,668 [ERROR] LogOutputStream:75 - [STDERR_REDIRECT] [Fatal Error] :1:1: Premature end of file.
2026-10-06 15:19:00,670 [ERROR] LogOutputStream:75 - [STDERR_REDIRECT] 
2026-10-06 15:19:01,670 [ERROR] LogOutputStream:75 - [STDERR_REDIRECT] [Fatal Error] :1:1: Premature end of file.
2026-10-06 15:19:01,670 [ERROR] LogOutputStream:75 - [STDERR_REDIRECT] 
2026-10-06 15:19:02,655 [ERROR] LogOutputStream:75 - [STDERR_REDIRECT] [Fatal Error] :1:1: Premature end of file.
2026-10-06 15:19:02,655 [ERROR] LogOutputStream:75 - [STDERR_REDIRECT] 
2026-10-06 15:19:03,670 [ERROR] LogOutputStream:75 - [STDERR_REDIRECT] [Fatal Error] :1:1: Premature end of file.
2026-10-06 15:19:03,670 [ERROR] LogOutputStream:75 - [STDERR_REDIRECT] 
2026-10-06 15:19:04,658 [ERROR] LogOutputStream:75 - [STDERR_REDIRECT] [Fatal Error] :1:1: Premature end of file.
2026-10-06 15:19:04,659 [ERROR] LogOutputStream:75 - [STDERR_REDIRECT] 
2026-10-06 15:19:05,655 [ERROR] LogOutputStream:75 - [STDERR_REDIRECT] [Fatal Error] :1:1: Premature end of file.
2026-10-06 15:19:05,655 [ERROR] LogOutputStream:75 - [STDERR_REDIRECT] 
2026-10-06 15:19:06,660 [ERROR] LogOutputStream:75 - [STDERR_REDIRECT] [Fatal Error] :1:1: Premature end of file.
2026-10-06 15:19:06,660 [ERROR] LogOutputStream:75 - [STDERR_REDIRECT] 
2026-10-06 15:19:07,651 [ERROR] LogOutputStream:75 - [STDERR_REDIRECT] [Fatal Error] :1:1: Premature end of file.
2026-10-06 15:19:07,651 [ERROR] LogOutputStream:75 - [STDERR_REDIRECT] 
2026-10-06 15:19:08,667 [ERROR] LogOutputStream:75 - [STDERR_REDIRECT] [Fatal Error] :1:1: Premature end of file.
2026-10-06 15:19:08,667 [ERROR] LogOutputStream:75 - [STDERR_REDIRECT] 
2026-10-06 15:19:09,658 [ERROR] LogOutputStream:75 - [STDERR_REDIRECT] [Fatal Error] :1:1: Premature end of file.
2026-10-06 15:19:09,660 [ERROR] LogOutputStream:75 - [STDERR_REDIRECT] 
2026-10-06 15:19:10,653 [ERROR] LogOutputStream:75 - [STDERR_REDIRECT] [Fatal Error] :1:1: Premature end of file.
2026-10-06 15:19:10,653 [ERROR] LogOutputStream:75 - [STDERR_REDIRECT] 
2026-10-06 15:19:11,659 [ERROR] LogOutputStream:75 - [STDERR_REDIRECT] [Fatal Error] :1:1: Premature end of file.
2026-10-06 15:19:11,659 [ERROR] LogOutputStream:75 - [STDERR_REDIRECT] 
2026-10-06 15:19:12,649 [ERROR] LogOutputStream:75 - [STDERR_REDIRECT] [Fatal Error] :1:1: Premature end of file.
2026-10-06 15:19:12,649 [ERROR] LogOutputStream:75 - [STDERR_REDIRECT] 
2026-10-06 15:19:13,660 [ERROR] LogOutputStream:75 - [STDERR_REDIRECT] [Fatal Error] :1:1: Premature end of file.
2026-10-06 15:19:13,660 [ERROR] LogOutputStream:75 - [STDERR_REDIRECT] 
2026-10-06 15:19:14,657 [ERROR] LogOutputStream:75 - [STDERR_REDIRECT] [Fatal Error] :1:1: Premature end of file.
2026-10-06 15:19:14,657 [ERROR] LogOutputStream:75 - [STDERR_REDIRECT] 
2026-10-06 15:19:15,656 [ERROR] LogOutputStream:75 - [STDERR_REDIRECT] [Fatal Error] :1:1: Premature end of file.
2026-10-06 15:19:15,656 [ERROR] LogOutputStream:75 - [STDERR_REDIRECT] 
2026-10-06 15:19:16,661 [ERROR] LogOutputStream:75 - [STDERR_REDIRECT] [Fatal Error] :1:1: Premature end of file.
2026-10-06 15:19:16,661 [ERROR] LogOutputStream:75 - [STDERR_REDIRECT] 
2026-10-06 15:19:17,665 [ERROR] LogOutputStream:75 - [STDERR_REDIRECT] [Fatal Error] :1:1: Premature end of file.
2026-10-06 15:19:17,665 [ERROR] LogOutputStream:75 - [STDERR_REDIRECT] 
2026-10-06 15:19:18,668 [ERROR] LogOutputStream:75 - [STDERR_REDIRECT] [Fatal Error] :1:1: Premature end of file.
2026-10-06 15:19:18,668 [ERROR] LogOutputStream:75 - [STDERR_REDIRECT] 
2026-10-06 15:19:19,648 [ERROR] LogOutputStream:75 - [STDERR_REDIRECT] [Fatal Error] :1:1: Premature end of file.
2026-10-06 15:19:19,649 [ERROR] LogOutputStream:75 - [STDERR_REDIRECT] 
2026-10-06 15:19:20,666 [ERROR] LogOutputStream:75 - [STDERR_REDIRECT] [Fatal Error] :1:1: Premature end of file.
2026-10-06 15:19:20,666 [ERROR] LogOutputStream:75 - [STDERR_REDIRECT] 
2026-10-06 15:19:21,654 [ERROR] LogOutputStream:75 - [STDERR_REDIRECT] [Fatal Error] :1:1: Premature end of file.
2026-10-06 15:19:21,654 [ERROR] LogOutputStream:75 - [STDERR_REDIRECT] 
2026-10-06 15:19:22,657 [ERROR] LogOutputStream:75 - [STDERR_REDIRECT] [Fatal Error] :1:1: Premature end of file.
2026-10-06 15:19:22,657 [ERROR] LogOutputStream:75 - [STDERR_REDIRECT] 
2026-10-06 15:19:23,666 [ERROR] LogOutputStream:75 - [STDERR_REDIRECT] [Fatal Error] :1:1: Premature end of file.
2026-10-06 15:19:23,666 [ERROR] LogOutputStream:75 - [STDERR_REDIRECT] 
2026-10-06 15:19:24,668 [ERROR] LogOutputStream:75 - [STDERR_REDIRECT] [Fatal Error] :1:1: Premature end of file.
2026-10-06 15:19:24,668 [ERROR] LogOutputStream:75 - [STDERR_REDIRECT] 
2026-10-06 15:19:25,653 [ERROR] LogOutputStream:75 - [STDERR_REDIRECT] [Fatal Error] :1:1: Premature end of file.
2026-10-06 15:19:25,653 [ERROR] LogOutputStream:75 - [STDERR_REDIRECT] 
2026-10-06 15:19:26,656 [ERROR] LogOutputStream:75 - [STDERR_REDIRECT] [Fatal Error] :1:1: Premature end of file.
2026-10-06 15:19:26,656 [ERROR] LogOutputStream:75 - [STDERR_REDIRECT] 
2026-10-06 15:19:27,665 [ERROR] LogOutputStream:75 - [STDERR_REDIRECT] [Fatal Error] :1:1: Premature end of file.
2026-10-06 15:19:27,665 [ERROR] LogOutputStream:75 - [STDERR_REDIRECT] 
2026-10-06 15:19:28,661 [ERROR] LogOutputStream:75 - [STDERR_REDIRECT] [Fatal Error] :1:1: Premature end of file.
2026-10-06 15:19:28,661 [ERROR] LogOutputStream:75 - [STDERR_REDIRECT] 
2026-10-06 15:19:29,649 [ERROR] LogOutputStream:75 - [STDERR_REDIRECT] [Fatal Error] :1:1: Premature end of file.
2026-10-06 15:19:29,649 [ERROR] LogOutputStream:75 - [STDERR_REDIRECT] 
2026-10-06 15:19:30,669 [ERROR] LogOutputStream:75 - [STDERR_REDIRECT] [Fatal Error] :1:1: Premature end of file.
2026-10-06 15:19:30,669 [ERROR] LogOutputStream:75 - [STDERR_REDIRECT] 
2026-10-06 15:19:31,668 [ERROR] LogOutputStream:75 - [STDERR_REDIRECT] [Fatal Error] :1:1: Premature end of file.
2026-10-06 15:19:31,668 [ERROR] LogOutputStream:75 - [STDERR_REDIRECT] 
2026-10-06 15:19:32,657 [ERROR] LogOutputStream:75 - [STDERR_REDIRECT] [Fatal Error] :1:1: Premature end of file.
2026-10-06 15:19:32,657 [ERROR] LogOutputStream:75 - [STDERR_REDIRECT] 
2026-10-06 15:19:33,663 [ERROR] LogOutputStream:75 - [STDERR_REDIRECT] [Fatal Error] :1:1: Premature end of file.
2026-10-06 15:19:33,663 [ERROR] LogOutputStream:75 - [STDERR_REDIRECT] 
2026-10-06 15:19:34,664 [ERROR] LogOutputStream:75 - [STDERR_REDIRECT] [Fatal Error] :1:1: Premature end of file.
2026-10-06 15:19:34,664 [ERROR] LogOutputStream:75 - [STDERR_REDIRECT] 
2026-10-06 15:19:35,661 [ERROR] LogOutputStream:75 - [STDERR_REDIRECT] [Fatal Error] :1:1: Premature end of file.
2026-10-06 15:19:35,661 [ERROR] LogOutputStream:75 - [STDERR_REDIRECT] 
2026-10-06 15:19:36,663 [ERROR] LogOutputStream:75 - [STDERR_REDIRECT] [Fatal Error] :1:1: Premature end of file.
2026-10-06 15:19:36,663 [ERROR] LogOutputStream:75 - [STDERR_REDIRECT] 
2026-10-06 15:19:37,673 [ERROR] LogOutputStream:75 - [STDERR_REDIRECT] [Fatal Error] :1:1: Premature end of file.
2026-10-06 15:19:37,673 [ERROR] LogOutputStream:75 - [STDERR_REDIRECT] 
2026-10-06 15:19:38,670 [ERROR] LogOutputStream:75 - [STDERR_REDIRECT] [Fatal Error] :1:1: Premature end of file.
2026-10-06 15:19:38,670 [ERROR] LogOutputStream:75 - [STDERR_REDIRECT] 
2026-10-06 15:19:39,662 [ERROR] LogOutputStream:75 - [STDERR_REDIRECT] [Fatal Error] :1:1: Premature end of file.
2026-10-06 15:19:39,662 [ERROR] LogOutputStream:75 - [STDERR_REDIRECT] 
2026-10-06 15:19:40,664 [ERROR] LogOutputStream:75 - [STDERR_REDIRECT] [Fatal Error] :1:1: Premature end of file.
2026-10-06 15:19:40,664 [ERROR] LogOutputStream:75 - [STDERR_REDIRECT] 
2026-10-06 15:19:41,665 [ERROR] LogOutputStream:75 - [STDERR_REDIRECT] [Fatal Error] :1:1: Premature end of file.
2026-10-06 15:19:41,665 [ERROR] LogOutputStream:75 - [STDERR_REDIRECT] 
2026-10-06 15:19:42,653 [ERROR] LogOutputStream:75 - [STDERR_REDIRECT] [Fatal Error] :1:1: Premature end of file.
2026-10-06 15:19:42,653 [ERROR] LogOutputStream:75 - [STDERR_REDIRECT] 
2026-10-06 15:19:43,660 [ERROR] LogOutputStream:75 - [STDERR_REDIRECT] [Fatal Error] :1:1: Premature end of file.
2026-10-06 15:19:43,660 [ERROR] LogOutputStream:75 - [STDERR_REDIRECT] 
2026-10-06 15:19:44,655 [ERROR] LogOutputStream:75 - [STDERR_REDIRECT] [Fatal Error] :1:1: Premature end of file.
2026-10-06 15:19:44,655 [ERROR] LogOutputStream:75 - [STDERR_REDIRECT] 
2026-10-06 15:19:45,673 [ERROR] LogOutputStream:75 - [STDERR_REDIRECT] [Fatal Error] :1:1: Premature end of file.
2026-10-06 15:19:45,674 [ERROR] LogOutputStream:75 - [STDERR_REDIRECT] 
2026-10-06 15:19:46,665 [ERROR] LogOutputStream:75 - [STDERR_REDIRECT] [Fatal Error] :1:1: Premature end of file.
2026-10-06 15:19:46,665 [ERROR] LogOutputStream:75 - [STDERR_REDIRECT] 
2026-10-06 15:19:47,676 [ERROR] LogOutputStream:75 - [STDERR_REDIRECT] [Fatal Error] :1:1: Premature end of file.
2026-10-06 15:19:47,676 [ERROR] LogOutputStream:75 - [STDERR_REDIRECT] 
2026-10-06 15:19:48,661 [ERROR] LogOutputStream:75 - [STDERR_REDIRECT] [Fatal Error] :1:1: Premature end of file.
2026-10-06 15:19:48,661 [ERROR] LogOutputStream:75 - [STDERR_REDIRECT] 
2026-10-06 15:19:49,661 [ERROR] LogOutputStream:75 - [STDERR_REDIRECT] [Fatal Error] :1:1: Premature end of file.
2026-10-06 15:19:49,661 [ERROR] LogOutputStream:75 - [STDERR_REDIRECT] 
2026-10-06 15:19:50,670 [ERROR] LogOutputStream:75 - [STDERR_REDIRECT] [Fatal Error] :1:1: Premature end of file.
2026-10-06 15:19:50,670 [ERROR] LogOutputStream:75 - [STDERR_REDIRECT] 
2026-10-06 15:19:51,663 [ERROR] LogOutputStream:75 - [STDERR_REDIRECT] [Fatal Error] :1:1: Premature end of file.
2026-10-06 15:19:51,663 [ERROR] LogOutputStream:75 - [STDERR_REDIRECT] 
2026-10-06 15:19:52,659 [ERROR] LogOutputStream:75 - [STDERR_REDIRECT] [Fatal Error] :1:1: Premature end of file.
2026-10-06 15:19:52,659 [ERROR] LogOutputStream:75 - [STDERR_REDIRECT] 
2026-10-06 15:19:53,676 [ERROR] LogOutputStream:75 - [STDERR_REDIRECT] [Fatal Error] :1:1: Premature end of file.
2026-10-06 15:19:53,676 [ERROR] LogOutputStream:75 - [STDERR_REDIRECT] 
2026-10-06 15:19:54,656 [ERROR] LogOutputStream:75 - [STDERR_REDIRECT] [Fatal Error] :1:1: Premature end of file.
2026-10-06 15:19:54,656 [ERROR] LogOutputStream:75 - [STDERR_REDIRECT] 
2026-10-06 15:19:55,662 [ERROR] LogOutputStream:75 - [STDERR_REDIRECT] [Fatal Error] :1:1: Premature end of file.
2026-10-06 15:19:55,662 [ERROR] LogOutputStream:75 - [STDERR_REDIRECT] 
2026-10-06 15:19:56,670 [ERROR] LogOutputStream:75 - [STDERR_REDIRECT] [Fatal Error] :1:1: Premature end of file.
2026-10-06 15:19:56,670 [ERROR] LogOutputStream:75 - [STDERR_REDIRECT] 
2026-10-06 15:19:57,668 [ERROR] LogOutputStream:75 - [STDERR_REDIRECT] [Fatal Error] :1:1: Premature end of file.
2026-10-06 15:19:57,668 [ERROR] LogOutputStream:75 - [STDERR_REDIRECT] 
2026-10-06 15:19:58,674 [ERROR] LogOutputStream:75 - [STDERR_REDIRECT] [Fatal Error] :1:1: Premature end of file.
2026-10-06 15:19:58,675 [ERROR] LogOutputStream:75 - [STDERR_REDIRECT] 
2026-10-06 15:19:59,675 [ERROR] LogOutputStream:75 - [STDERR_REDIRECT] [Fatal Error] :1:1: Premature end of file.
2026-10-06 15:19:59,676 [ERROR] LogOutputStream:75 - [STDERR_REDIRECT] 
2026-10-06 15:20:00,664 [ERROR] LogOutputStream:75 - [STDERR_REDIRECT] [Fatal Error] :1:1: Premature end of file.
2026-10-06 15:20:00,664 [ERROR] LogOutputStream:75 - [STDERR_REDIRECT] 
2026-10-06 15:20:01,660 [ERROR] LogOutputStream:75 - [STDERR_REDIRECT] [Fatal Error] :1:1: Premature end of file.
2026-10-06 15:20:01,660 [ERROR] LogOutputStream:75 - [STDERR_REDIRECT] 
2026-10-06 15:20:02,652 [ERROR] LogOutputStream:75 - [STDERR_REDIRECT] [Fatal Error] :1:1: Premature end of file.
2026-10-06 15:20:02,652 [ERROR] LogOutputStream:75 - [STDERR_REDIRECT] 
2026-10-06 15:20:03,658 [ERROR] LogOutputStream:75 - [STDERR_REDIRECT] [Fatal Error] :1:1: Premature end of file.
2026-10-06 15:20:03,658 [ERROR] LogOutputStream:75 - [STDERR_REDIRECT] 
2026-10-06 15:20:04,676 [ERROR] LogOutputStream:75 - [STDERR_REDIRECT] [Fatal Error] :1:1: Premature end of file.
2026-10-06 15:20:04,676 [ERROR] LogOutputStream:75 - [STDERR_REDIRECT] 
2026-10-06 15:20:05,664 [ERROR] LogOutputStream:75 - [STDERR_REDIRECT] [Fatal Error] :1:1: Premature end of file.
2026-10-06 15:20:05,664 [ERROR] LogOutputStream:75 - [STDERR_REDIRECT] 
2026-10-06 15:20:06,653 [ERROR] LogOutputStream:75 - [STDERR_REDIRECT] [Fatal Error] :1:1: Premature end of file.
2026-10-06 15:20:06,653 [ERROR] LogOutputStream:75 - [STDERR_REDIRECT] 
2026-10-06 15:20:07,665 [ERROR] LogOutputStream:75 - [STDERR_REDIRECT] [Fatal Error] :1:1: Premature end of file.
2026-10-06 15:20:07,665 [ERROR] LogOutputStream:75 - [STDERR_REDIRECT] 
2026-10-06 15:20:08,662 [ERROR] LogOutputStream:75 - [STDERR_REDIRECT] [Fatal Error] :1:1: Premature end of file.
2026-10-06 15:20:08,662 [ERROR] LogOutputStream:75 - [STDERR_REDIRECT] 
2026-10-06 15:20:09,671 [ERROR] LogOutputStream:75 - [STDERR_REDIRECT] [Fatal Error] :1:1: Premature end of file.
2026-10-06 15:20:09,671 [ERROR] LogOutputStream:75 - [STDERR_REDIRECT] 
2026-10-06 15:20:10,653 [ERROR] LogOutputStream:75 - [STDERR_REDIRECT] [Fatal Error] :1:1: Premature end of file.
2026-10-06 15:20:10,653 [ERROR] LogOutputStream:75 - [STDERR_REDIRECT] 
2026-10-06 15:20:11,654 [ERROR] LogOutputStream:75 - [STDERR_REDIRECT] [Fatal Error] :1:1: Premature end of file.
2026-10-06 15:20:11,654 [ERROR] LogOutputStream:75 - [STDERR_REDIRECT] 
2026-10-06 15:20:12,668 [ERROR] LogOutputStream:75 - [STDERR_REDIRECT] [Fatal Error] :1:1: Premature end of file.
2026-10-06 15:20:12,668 [ERROR] LogOutputStream:75 - [STDERR_REDIRECT] 
2026-10-06 15:20:13,667 [ERROR] LogOutputStream:75 - [STDERR_REDIRECT] [Fatal Error] :1:1: Premature end of file.
2026-10-06 15:20:13,667 [ERROR] LogOutputStream:75 - [STDERR_REDIRECT] 
2026-10-06 15:20:14,667 [ERROR] LogOutputStream:75 - [STDERR_REDIRECT] [Fatal Error] :1:1: Premature end of file.
2026-10-06 15:20:14,667 [ERROR] LogOutputStream:75 - [STDERR_REDIRECT] 
2026-10-06 15:20:15,666 [ERROR] LogOutputStream:75 - [STDERR_REDIRECT] [Fatal Error] :1:1: Premature end of file.
2026-10-06 15:20:15,666 [ERROR] LogOutputStream:75 - [STDERR_REDIRECT] 
2026-10-06 15:20:16,659 [ERROR] LogOutputStream:75 - [STDERR_REDIRECT] [Fatal Error] :1:1: Premature end of file.
2026-10-06 15:20:16,659 [ERROR] LogOutputStream:75 - [STDERR_REDIRECT] 
2026-10-06 15:20:17,661 [ERROR] LogOutputStream:75 - [STDERR_REDIRECT] [Fatal Error] :1:1: Premature end of file.
2026-10-06 15:20:17,662 [ERROR] LogOutputStream:75 - [STDERR_REDIRECT] 
2026-10-06 15:20:18,659 [ERROR] LogOutputStream:75 - [STDERR_REDIRECT] [Fatal Error] :1:1: Premature end of file.
2026-10-06 15:20:18,659 [ERROR] LogOutputStream:75 - [STDERR_REDIRECT] 
2026-10-06 15:20:19,650 [ERROR] LogOutputStream:75 - [STDERR_REDIRECT] [Fatal Error] :1:1: Premature end of file.
2026-10-06 15:20:19,650 [ERROR] LogOutputStream:75 - [STDERR_REDIRECT] 
2026-10-06 15:20:20,666 [ERROR] LogOutputStream:75 - [STDERR_REDIRECT] [Fatal Error] :1:1: Premature end of file.
2026-10-06 15:20:20,666 [ERROR] LogOutputStream:75 - [STDERR_REDIRECT] 
2026-10-06 15:20:21,660 [ERROR] LogOutputStream:75 - [STDERR_REDIRECT] [Fatal Error] :1:1: Premature end of file.
2026-10-06 15:20:21,660 [ERROR] LogOutputStream:75 - [STDERR_REDIRECT] 
2026-10-06 15:20:22,673 [ERROR] LogOutputStream:75 - [STDERR_REDIRECT] [Fatal Error] :1:1: Premature end of file.
2026-10-06 15:20:22,673 [ERROR] LogOutputStream:75 - [STDERR_REDIRECT] 
2026-10-06 15:20:23,664 [ERROR] LogOutputStream:75 - [STDERR_REDIRECT] [Fatal Error] :1:1: Premature end of file.
2026-10-06 15:20:23,664 [ERROR] LogOutputStream:75 - [STDERR_REDIRECT] 
2026-10-06 15:20:24,670 [ERROR] LogOutputStream:75 - [STDERR_REDIRECT] [Fatal Error] :1:1: Premature end of file.
2026-10-06 15:20:24,670 [ERROR] LogOutputStream:75 - [STDERR_REDIRECT] 
2026-10-06 15:20:25,676 [ERROR] LogOutputStream:75 - [STDERR_REDIRECT] [Fatal Error] :1:1: Premature end of file.
2026-10-06 15:20:25,677 [ERROR] LogOutputStream:75 - [STDERR_REDIRECT] 
2026-10-06 15:20:26,675 [ERROR] LogOutputStream:75 - [STDERR_REDIRECT] [Fatal Error] :1:1: Premature end of file.
2026-10-06 15:20:26,675 [ERROR] LogOutputStream:75 - [STDERR_REDIRECT] 
2026-10-06 15:20:27,665 [ERROR] LogOutputStream:75 - [STDERR_REDIRECT] [Fatal Error] :1:1: Premature end of file.
2026-10-06 15:20:27,665 [ERROR] LogOutputStream:75 - [STDERR_REDIRECT] 
2026-10-06 15:20:28,674 [ERROR] LogOutputStream:75 - [STDERR_REDIRECT] [Fatal Error] :1:1: Premature end of file.
2026-10-06 15:20:28,674 [ERROR] LogOutputStream:75 - [STDERR_REDIRECT] 
2026-10-06 15:20:29,668 [ERROR] LogOutputStream:75 - [STDERR_REDIRECT] [Fatal Error] :1:1: Premature end of file.
2026-10-06 15:20:29,669 [ERROR] LogOutputStream:75 - [STDERR_REDIRECT] 
2026-10-06 15:20:30,663 [ERROR] LogOutputStream:75 - [STDERR_REDIRECT] [Fatal Error] :1:1: Premature end of file.
2026-10-06 15:20:30,663 [ERROR] LogOutputStream:75 - [STDERR_REDIRECT] 
2026-10-06 15:20:31,664 [ERROR] LogOutputStream:75 - [STDERR_REDIRECT] [Fatal Error] :1:1: Premature end of file.
2026-10-06 15:20:31,664 [ERROR] LogOutputStream:75 - [STDERR_REDIRECT] 
2026-10-06 15:20:32,656 [ERROR] LogOutputStream:75 - [STDERR_REDIRECT] [Fatal Error] :1:1: Premature end of file.
2026-10-06 15:20:32,656 [ERROR] LogOutputStream:75 - [STDERR_REDIRECT] 
2026-10-06 15:20:33,678 [ERROR] LogOutputStream:75 - [STDERR_REDIRECT] [Fatal Error] :1:1: Premature end of file.
2026-10-06 15:20:33,679 [ERROR] LogOutputStream:75 - [STDERR_REDIRECT] 
2026-10-06 15:20:34,671 [ERROR] LogOutputStream:75 - [STDERR_REDIRECT] [Fatal Error] :1:1: Premature end of file.
2026-10-06 15:20:34,671 [ERROR] LogOutputStream:75 - [STDERR_REDIRECT] 
2026-10-06 15:20:35,650 [ERROR] LogOutputStream:75 - [STDERR_REDIRECT] [Fatal Error] :1:1: Premature end of file.
2026-10-06 15:20:35,650 [ERROR] LogOutputStream:75 - [STDERR_REDIRECT] 
2026-10-06 15:20:36,659 [ERROR] LogOutputStream:75 - [STDERR_REDIRECT] [Fatal Error] :1:1: Premature end of file.
2026-10-06 15:20:36,659 [ERROR] LogOutputStream:75 - [STDERR_REDIRECT] 
2026-10-06 15:20:37,652 [ERROR] LogOutputStream:75 - [STDERR_REDIRECT] [Fatal Error] :1:1: Premature end of file.
2026-10-06 15:20:37,652 [ERROR] LogOutputStream:75 - [STDERR_REDIRECT] 
2026-10-06 15:20:38,652 [ERROR] LogOutputStream:75 - [STDERR_REDIRECT] [Fatal Error] :1:1: Premature end of file.
2026-10-06 15:20:38,653 [ERROR] LogOutputStream:75 - [STDERR_REDIRECT] 
2026-10-06 15:20:39,652 [ERROR] LogOutputStream:75 - [STDERR_REDIRECT] [Fatal Error] :1:1: Premature end of file.
2026-10-06 15:20:39,652 [ERROR] LogOutputStream:75 - [STDERR_REDIRECT] 
2026-10-06 15:20:40,650 [ERROR] LogOutputStream:75 - [STDERR_REDIRECT] [Fatal Error] :1:1: Premature end of file.
2026-10-06 15:20:40,650 [ERROR] LogOutputStream:75 - [STDERR_REDIRECT] 
2026-10-06 15:20:41,666 [ERROR] LogOutputStream:75 - [STDERR_REDIRECT] [Fatal Error] :1:1: Premature end of file.
2026-10-06 15:20:41,666 [ERROR] LogOutputStream:75 - [STDERR_REDIRECT] 
2026-10-06 15:20:42,657 [ERROR] LogOutputStream:75 - [STDERR_REDIRECT] [Fatal Error] :1:1: Premature end of file.
2026-10-06 15:20:42,657 [ERROR] LogOutputStream:75 - [STDERR_REDIRECT] 
2026-10-06 15:20:43,667 [ERROR] LogOutputStream:75 - [STDERR_REDIRECT] [Fatal Error] :1:1: Premature end of file.
2026-10-06 15:20:43,667 [ERROR] LogOutputStream:75 - [STDERR_REDIRECT] 
2026-10-06 15:20:44,656 [ERROR] LogOutputStream:75 - [STDERR_REDIRECT] [Fatal Error] :1:1: Premature end of file.
2026-10-06 15:20:44,656 [ERROR] LogOutputStream:75 - [STDERR_REDIRECT] 
2026-10-06 15:20:45,660 [ERROR] LogOutputStream:75 - [STDERR_REDIRECT] [Fatal Error] :1:1: Premature end of file.
2026-10-06 15:20:45,660 [ERROR] LogOutputStream:75 - [STDERR_REDIRECT] 
2026-10-06 15:20:46,668 [ERROR] LogOutputStream:75 - [STDERR_REDIRECT] [Fatal Error] :1:1: Premature end of file.
2026-10-06 15:20:46,668 [ERROR] LogOutputStream:75 - [STDERR_REDIRECT] 
2026-10-06 15:20:47,657 [ERROR] LogOutputStream:75 - [STDERR_REDIRECT] [Fatal Error] :1:1: Premature end of file.
2026-10-06 15:20:47,658 [ERROR] LogOutputStream:75 - [STDERR_REDIRECT] 
2026-10-06 15:20:48,660 [ERROR] LogOutputStream:75 - [STDERR_REDIRECT] [Fatal Error] :1:1: Premature end of file.
2026-10-06 15:20:48,661 [ERROR] LogOutputStream:75 - [STDERR_REDIRECT] 
2026-10-06 15:20:49,664 [ERROR] LogOutputStream:75 - [STDERR_REDIRECT] [Fatal Error] :1:1: Premature end of file.
2026-10-06 15:20:49,664 [ERROR] LogOutputStream:75 - [STDERR_REDIRECT] 
2026-10-06 15:20:50,653 [ERROR] LogOutputStream:75 - [STDERR_REDIRECT] [Fatal Error] :1:1: Premature end of file.
2026-10-06 15:20:50,653 [ERROR] LogOutputStream:75 - [STDERR_REDIRECT] 
2026-10-06 15:20:51,659 [ERROR] LogOutputStream:75 - [STDERR_REDIRECT] [Fatal Error] :1:1: Premature end of file.
2026-10-06 15:20:51,659 [ERROR] LogOutputStream:75 - [STDERR_REDIRECT] 
2026-10-06 15:20:52,666 [ERROR] LogOutputStream:75 - [STDERR_REDIRECT] [Fatal Error] :1:1: Premature end of file.
2026-10-06 15:20:52,667 [ERROR] LogOutputStream:75 - [STDERR_REDIRECT] 
2026-10-06 15:20:53,652 [ERROR] LogOutputStream:75 - [STDERR_REDIRECT] [Fatal Error] :1:1: Premature end of file.
2026-10-06 15:20:53,653 [ERROR] LogOutputStream:75 - [STDERR_REDIRECT] 
2026-10-06 15:20:54,659 [ERROR] LogOutputStream:75 - [STDERR_REDIRECT] [Fatal Error] :1:1: Premature end of file.
2026-10-06 15:20:54,659 [ERROR] LogOutputStream:75 - [STDERR_REDIRECT] 
2026-10-06 15:20:55,648 [ERROR] LogOutputStream:75 - [STDERR_REDIRECT] [Fatal Error] :1:1: Premature end of file.
2026-10-06 15:20:55,648 [ERROR] LogOutputStream:75 - [STDERR_REDIRECT] 
2026-10-06 15:20:56,654 [ERROR] LogOutputStream:75 - [STDERR_REDIRECT] [Fatal Error] :1:1: Premature end of file.
2026-10-06 15:20:56,654 [ERROR] LogOutputStream:75 - [STDERR_REDIRECT] 
2026-10-06 15:20:57,665 [ERROR] LogOutputStream:75 - [STDERR_REDIRECT] [Fatal Error] :1:1: Premature end of file.
2026-10-06 15:20:57,665 [ERROR] LogOutputStream:75 - [STDERR_REDIRECT] 
2026-10-06 15:20:58,657 [ERROR] LogOutputStream:75 - [STDERR_REDIRECT] [Fatal Error] :1:1: Premature end of file.
2026-10-06 15:20:58,657 [ERROR] LogOutputStream:75 - [STDERR_REDIRECT] 
2026-10-06 15:20:59,660 [ERROR] LogOutputStream:75 - [STDERR_REDIRECT] [Fatal Error] :1:1: Premature end of file.
2026-10-06 15:20:59,660 [ERROR] LogOutputStream:75 - [STDERR_REDIRECT] 
2026-10-06 15:21:00,661 [ERROR] LogOutputStream:75 - [STDERR_REDIRECT] [Fatal Error] :1:1: Premature end of file.
2026-10-06 15:21:00,661 [ERROR] LogOutputStream:75 - [STDERR_REDIRECT] 
2026-10-06 15:21:01,652 [ERROR] LogOutputStream:75 - [STDERR_REDIRECT] [Fatal Error] :1:1: Premature end of file.
2026-10-06 15:21:01,652 [ERROR] LogOutputStream:75 - [STDERR_REDIRECT] 
2026-10-06 15:21:02,661 [ERROR] LogOutputStream:75 - [STDERR_REDIRECT] [Fatal Error] :1:1: Premature end of file.
2026-10-06 15:21:02,661 [ERROR] LogOutputStream:75 - [STDERR_REDIRECT] 
2026-10-06 15:21:03,662 [ERROR] LogOutputStream:75 - [STDERR_REDIRECT] [Fatal Error] :1:1: Premature end of file.
2026-10-06 15:21:03,662 [ERROR] LogOutputStream:75 - [STDERR_REDIRECT] 
2026-10-06 15:21:04,667 [ERROR] LogOutputStream:75 - [STDERR_REDIRECT] [Fatal Error] :1:1: Premature end of file.
2026-10-06 15:21:04,667 [ERROR] LogOutputStream:75 - [STDERR_REDIRECT] 
2026-10-06 15:21:05,686 [ERROR] LogOutputStream:75 - [STDERR_REDIRECT] [Fatal Error] :1:1: Premature end of file.
2026-10-06 15:21:05,686 [ERROR] LogOutputStream:75 - [STDERR_REDIRECT] 
2026-10-06 15:21:06,675 [ERROR] LogOutputStream:75 - [STDERR_REDIRECT] [Fatal Error] :1:1: Premature end of file.
2026-10-06 15:21:06,675 [ERROR] LogOutputStream:75 - [STDERR_REDIRECT] 
2026-10-06 15:21:07,658 [ERROR] LogOutputStream:75 - [STDERR_REDIRECT] [Fatal Error] :1:1: Premature end of file.
2026-10-06 15:21:07,658 [ERROR] LogOutputStream:75 - [STDERR_REDIRECT] 
2026-10-06 15:21:08,657 [ERROR] LogOutputStream:75 - [STDERR_REDIRECT] [Fatal Error] :1:1: Premature end of file.
2026-10-06 15:21:08,657 [ERROR] LogOutputStream:75 - [STDERR_REDIRECT] 
2026-10-06 15:21:09,673 [ERROR] LogOutputStream:75 - [STDERR_REDIRECT] [Fatal Error] :1:1: Premature end of file.
2026-10-06 15:21:09,673 [ERROR] LogOutputStream:75 - [STDERR_REDIRECT] 
2026-10-06 15:21:10,658 [ERROR] LogOutputStream:75 - [STDERR_REDIRECT] [Fatal Error] :1:1: Premature end of file.
2026-10-06 15:21:10,658 [ERROR] LogOutputStream:75 - [STDERR_REDIRECT] 
2026-10-06 15:21:11,654 [ERROR] LogOutputStream:75 - [STDERR_REDIRECT] [Fatal Error] :1:1: Premature end of file.
2026-10-06 15:21:11,654 [ERROR] LogOutputStream:75 - [STDERR_REDIRECT] 
2026-10-06 15:21:12,660 [ERROR] LogOutputStream:75 - [STDERR_REDIRECT] [Fatal Error] :1:1: Premature end of file.
2026-10-06 15:21:12,660 [ERROR] LogOutputStream:75 - [STDERR_REDIRECT] 
2026-10-06 15:21:13,666 [ERROR] LogOutputStream:75 - [STDERR_REDIRECT] [Fatal Error] :1:1: Premature end of file.
2026-10-06 15:21:13,666 [ERROR] LogOutputStream:75 - [STDERR_REDIRECT] 
2026-10-06 15:21:14,652 [ERROR] LogOutputStream:75 - [STDERR_REDIRECT] [Fatal Error] :1:1: Premature end of file.
2026-10-06 15:21:14,652 [ERROR] LogOutputStream:75 - [STDERR_REDIRECT] 
2026-10-06 15:21:15,649 [ERROR] LogOutputStream:75 - [STDERR_REDIRECT] [Fatal Error] :1:1: Premature end of file.
2026-10-06 15:21:15,649 [ERROR] LogOutputStream:75 - [STDERR_REDIRECT] 
2026-10-06 15:21:16,663 [ERROR] LogOutputStream:75 - [STDERR_REDIRECT] [Fatal Error] :1:1: Premature end of file.
2026-10-06 15:21:16,663 [ERROR] LogOutputStream:75 - [STDERR_REDIRECT] 
2026-10-06 15:21:17,661 [ERROR] LogOutputStream:75 - [STDERR_REDIRECT] [Fatal Error] :1:1: Premature end of file.
2026-10-06 15:21:17,661 [ERROR] LogOutputStream:75 - [STDERR_REDIRECT] 
2026-10-06 15:21:18,661 [ERROR] LogOutputStream:75 - [STDERR_REDIRECT] [Fatal Error] :1:1: Premature end of file.
2026-10-06 15:21:18,661 [ERROR] LogOutputStream:75 - [STDERR_REDIRECT] 
2026-10-06 15:21:19,652 [ERROR] LogOutputStream:75 - [STDERR_REDIRECT] [Fatal Error] :1:1: Premature end of file.
2026-10-06 15:21:19,652 [ERROR] LogOutputStream:75 - [STDERR_REDIRECT] 
2026-10-06 15:21:20,651 [ERROR] LogOutputStream:75 - [STDERR_REDIRECT] [Fatal Error] :1:1: Premature end of file.
2026-10-06 15:21:20,651 [ERROR] LogOutputStream:75 - [STDERR_REDIRECT] 
2026-10-06 15:21:21,658 [ERROR] LogOutputStream:75 - [STDERR_REDIRECT] [Fatal Error] :1:1: Premature end of file.
2026-10-06 15:21:21,658 [ERROR] LogOutputStream:75 - [STDERR_REDIRECT] 
2026-10-06 15:21:22,650 [ERROR] LogOutputStream:75 - [STDERR_REDIRECT] [Fatal Error] :1:1: Premature end of file.
2026-10-06 15:21:22,651 [ERROR] LogOutputStream:75 - [STDERR_REDIRECT] 
2026-10-06 15:21:23,669 [ERROR] LogOutputStream:75 - [STDERR_REDIRECT] [Fatal Error] :1:1: Premature end of file.
2026-10-06 15:21:23,669 [ERROR] LogOutputStream:75 - [STDERR_REDIRECT] 
2026-10-06 15:21:24,655 [ERROR] LogOutputStream:75 - [STDERR_REDIRECT] [Fatal Error] :1:1: Premature end of file.
2026-10-06 15:21:24,655 [ERROR] LogOutputStream:75 - [STDERR_REDIRECT] 
2026-10-06 15:21:25,668 [ERROR] LogOutputStream:75 - [STDERR_REDIRECT] [Fatal Error] :1:1: Premature end of file.
2026-10-06 15:21:25,668 [ERROR] LogOutputStream:75 - [STDERR_REDIRECT] 
2026-10-06 15:21:26,668 [ERROR] LogOutputStream:75 - [STDERR_REDIRECT] [Fatal Error] :1:1: Premature end of file.
2026-10-06 15:21:26,668 [ERROR] LogOutputStream:75 - [STDERR_REDIRECT] 
2026-10-06 15:21:27,663 [ERROR] LogOutputStream:75 - [STDERR_REDIRECT] [Fatal Error] :1:1: Premature end of file.
2026-10-06 15:21:27,663 [ERROR] LogOutputStream:75 - [STDERR_REDIRECT] 
2026-10-06 15:21:28,659 [ERROR] LogOutputStream:75 - [STDERR_REDIRECT] [Fatal Error] :1:1: Premature end of file.
2026-10-06 15:21:28,659 [ERROR] LogOutputStream:75 - [STDERR_REDIRECT] 
2026-10-06 15:21:29,670 [ERROR] LogOutputStream:75 - [STDERR_REDIRECT] [Fatal Error] :1:1: Premature end of file.
2026-10-06 15:21:29,670 [ERROR] LogOutputStream:75 - [STDERR_REDIRECT] 
2026-10-06 15:21:30,658 [ERROR] LogOutputStream:75 - [STDERR_REDIRECT] [Fatal Error] :1:1: Premature end of file.
2026-10-06 15:21:30,658 [ERROR] LogOutputStream:75 - [STDERR_REDIRECT] 
2026-10-06 15:21:31,656 [ERROR] LogOutputStream:75 - [STDERR_REDIRECT] [Fatal Error] :1:1: Premature end of file.
2026-10-06 15:21:31,657 [ERROR] LogOutputStream:75 - [STDERR_REDIRECT] 
2026-10-06 15:21:32,684 [ERROR] LogOutputStream:75 - [STDERR_REDIRECT] [Fatal Error] :1:1: Premature end of file.
2026-10-06 15:21:32,685 [ERROR] LogOutputStream:75 - [STDERR_REDIRECT] 
2026-10-06 15:21:33,661 [ERROR] LogOutputStream:75 - [STDERR_REDIRECT] [Fatal Error] :1:1: Premature end of file.
2026-10-06 15:21:33,661 [ERROR] LogOutputStream:75 - [STDERR_REDIRECT] 
2026-10-06 15:21:34,652 [ERROR] LogOutputStream:75 - [STDERR_REDIRECT] [Fatal Error] :1:1: Premature end of file.
2026-10-06 15:21:34,653 [ERROR] LogOutputStream:75 - [STDERR_REDIRECT] 
2026-10-06 15:21:35,664 [ERROR] LogOutputStream:75 - [STDERR_REDIRECT] [Fatal Error] :1:1: Premature end of file.
2026-10-06 15:21:35,664 [ERROR] LogOutputStream:75 - [STDERR_REDIRECT] 
2026-10-06 15:21:36,657 [ERROR] LogOutputStream:75 - [STDERR_REDIRECT] [Fatal Error] :1:1: Premature end of file.
2026-10-06 15:21:36,657 [ERROR] LogOutputStream:75 - [STDERR_REDIRECT] 
2026-10-06 15:21:37,662 [ERROR] LogOutputStream:75 - [STDERR_REDIRECT] [Fatal Error] :1:1: Premature end of file.
2026-10-06 15:21:37,662 [ERROR] LogOutputStream:75 - [STDERR_REDIRECT] 
2026-10-06 15:21:38,661 [ERROR] LogOutputStream:75 - [STDERR_REDIRECT] [Fatal Error] :1:1: Premature end of file.
2026-10-06 15:21:38,661 [ERROR] LogOutputStream:75 - [STDERR_REDIRECT] 
2026-10-06 15:21:39,659 [ERROR] LogOutputStream:75 - [STDERR_REDIRECT] [Fatal Error] :1:1: Premature end of file.
2026-10-06 15:21:39,660 [ERROR] LogOutputStream:75 - [STDERR_REDIRECT] 
2026-10-06 15:21:40,649 [ERROR] LogOutputStream:75 - [STDERR_REDIRECT] [Fatal Error] :1:1: Premature end of file.
2026-10-06 15:21:40,649 [ERROR] LogOutputStream:75 - [STDERR_REDIRECT] 
2026-10-06 15:21:41,671 [ERROR] LogOutputStream:75 - [STDERR_REDIRECT] [Fatal Error] :1:1: Premature end of file.
2026-10-06 15:21:41,672 [ERROR] LogOutputStream:75 - [STDERR_REDIRECT] 
2026-10-06 15:21:42,652 [ERROR] LogOutputStream:75 - [STDERR_REDIRECT] [Fatal Error] :1:1: Premature end of file.
2026-10-06 15:21:42,652 [ERROR] LogOutputStream:75 - [STDERR_REDIRECT] 
2026-10-06 15:21:43,664 [ERROR] LogOutputStream:75 - [STDERR_REDIRECT] [Fatal Error] :1:1: Premature end of file.
2026-10-06 15:21:43,664 [ERROR] LogOutputStream:75 - [STDERR_REDIRECT] 
2026-10-06 15:21:44,657 [ERROR] LogOutputStream:75 - [STDERR_REDIRECT] [Fatal Error] :1:1: Premature end of file.
2026-10-06 15:21:44,657 [ERROR] LogOutputStream:75 - [STDERR_REDIRECT] 
2026-10-06 15:21:45,658 [ERROR] LogOutputStream:75 - [STDERR_REDIRECT] [Fatal Error] :1:1: Premature end of file.
2026-10-06 15:21:45,658 [ERROR] LogOutputStream:75 - [STDERR_REDIRECT] 
2026-10-06 15:21:46,662 [ERROR] LogOutputStream:75 - [STDERR_REDIRECT] [Fatal Error] :1:1: Premature end of file.
2026-10-06 15:21:46,662 [ERROR] LogOutputStream:75 - [STDERR_REDIRECT] 
2026-10-06 15:21:47,677 [ERROR] LogOutputStream:75 - [STDERR_REDIRECT] [Fatal Error] :1:1: Premature end of file.
2026-10-06 15:21:47,677 [ERROR] LogOutputStream:75 - [STDERR_REDIRECT] 
2026-10-06 15:21:48,656 [ERROR] LogOutputStream:75 - [STDERR_REDIRECT] [Fatal Error] :1:1: Premature end of file.
2026-10-06 15:21:48,657 [ERROR] LogOutputStream:75 - [STDERR_REDIRECT] 
2026-10-06 15:21:49,674 [ERROR] LogOutputStream:75 - [STDERR_REDIRECT] [Fatal Error] :1:1: Premature end of file.
2026-10-06 15:21:49,674 [ERROR] LogOutputStream:75 - [STDERR_REDIRECT] 
2026-10-06 15:21:50,659 [ERROR] LogOutputStream:75 - [STDERR_REDIRECT] [Fatal Error] :1:1: Premature end of file.
2026-10-06 15:21:50,659 [ERROR] LogOutputStream:75 - [STDERR_REDIRECT] 
2026-10-06 15:21:51,655 [ERROR] LogOutputStream:75 - [STDERR_REDIRECT] [Fatal Error] :1:1: Premature end of file.
2026-10-06 15:21:51,655 [ERROR] LogOutputStream:75 - [STDERR_REDIRECT] 
2026-10-06 15:21:52,660 [ERROR] LogOutputStream:75 - [STDERR_REDIRECT] [Fatal Error] :1:1: Premature end of file.
2026-10-06 15:21:52,660 [ERROR] LogOutputStream:75 - [STDERR_REDIRECT] 
2026-10-06 15:21:53,659 [ERROR] LogOutputStream:75 - [STDERR_REDIRECT] [Fatal Error] :1:1: Premature end of file.
2026-10-06 15:21:53,659 [ERROR] LogOutputStream:75 - [STDERR_REDIRECT] 
2026-10-06 15:21:54,657 [ERROR] LogOutputStream:75 - [STDERR_REDIRECT] [Fatal Error] :1:1: Premature end of file.
2026-10-06 15:21:54,657 [ERROR] LogOutputStream:75 - [STDERR_REDIRECT] 
2026-10-06 15:21:55,652 [ERROR] LogOutputStream:75 - [STDERR_REDIRECT] [Fatal Error] :1:1: Premature end of file.
2026-10-06 15:21:55,652 [ERROR] LogOutputStream:75 - [STDERR_REDIRECT] 
2026-10-06 15:21:56,653 [ERROR] LogOutputStream:75 - [STDERR_REDIRECT] [Fatal Error] :1:1: Premature end of file.
2026-10-06 15:21:56,653 [ERROR] LogOutputStream:75 - [STDERR_REDIRECT] 
2026-10-06 15:21:57,658 [ERROR] LogOutputStream:75 - [STDERR_REDIRECT] [Fatal Error] :1:1: Premature end of file.
2026-10-06 15:21:57,658 [ERROR] LogOutputStream:75 - [STDERR_REDIRECT] 
2026-10-06 15:21:58,652 [ERROR] LogOutputStream:75 - [STDERR_REDIRECT] [Fatal Error] :1:1: Premature end of file.
2026-10-06 15:21:58,652 [ERROR] LogOutputStream:75 - [STDERR_REDIRECT] 
2026-10-06 15:21:59,656 [ERROR] LogOutputStream:75 - [STDERR_REDIRECT] [Fatal Error] :1:1: Premature end of file.
2026-10-06 15:21:59,656 [ERROR] LogOutputStream:75 - [STDERR_REDIRECT] 
2026-10-06 15:22:00,658 [ERROR] LogOutputStream:75 - [STDERR_REDIRECT] [Fatal Error] :1:1: Premature end of file.
2026-10-06 15:22:00,658 [ERROR] LogOutputStream:75 - [STDERR_REDIRECT] 
2026-10-06 15:22:01,663 [ERROR] LogOutputStream:75 - [STDERR_REDIRECT] [Fatal Error] :1:1: Premature end of file.
2026-10-06 15:22:01,663 [ERROR] LogOutputStream:75 - [STDERR_REDIRECT] 
2026-10-06 15:22:02,663 [ERROR] LogOutputStream:75 - [STDERR_REDIRECT] [Fatal Error] :1:1: Premature end of file.
2026-10-06 15:22:02,663 [ERROR] LogOutputStream:75 - [STDERR_REDIRECT] 
2026-10-06 15:22:03,664 [ERROR] LogOutputStream:75 - [STDERR_REDIRECT] [Fatal Error] :1:1: Premature end of file.
2026-10-06 15:22:03,664 [ERROR] LogOutputStream:75 - [STDERR_REDIRECT] 
2026-10-06 15:22:04,671 [ERROR] LogOutputStream:75 - [STDERR_REDIRECT] [Fatal Error] :1:1: Premature end of file.
2026-10-06 15:22:04,671 [ERROR] LogOutputStream:75 - [STDERR_REDIRECT] 
2026-10-06 15:22:05,656 [ERROR] LogOutputStream:75 - [STDERR_REDIRECT] [Fatal Error] :1:1: Premature end of file.
2026-10-06 15:22:05,656 [ERROR] LogOutputStream:75 - [STDERR_REDIRECT] 
2026-10-06 15:22:06,656 [ERROR] LogOutputStream:75 - [STDERR_REDIRECT] [Fatal Error] :1:1: Premature end of file.
2026-10-06 15:22:06,656 [ERROR] LogOutputStream:75 - [STDERR_REDIRECT] 
2026-10-06 15:22:07,657 [ERROR] LogOutputStream:75 - [STDERR_REDIRECT] [Fatal Error] :1:1: Premature end of file.
2026-10-06 15:22:07,657 [ERROR] LogOutputStream:75 - [STDERR_REDIRECT] 
2026-10-06 15:22:08,655 [ERROR] LogOutputStream:75 - [STDERR_REDIRECT] [Fatal Error] :1:1: Premature end of file.
2026-10-06 15:22:08,656 [ERROR] LogOutputStream:75 - [STDERR_REDIRECT] 
2026-10-06 15:22:09,656 [ERROR] LogOutputStream:75 - [STDERR_REDIRECT] [Fatal Error] :1:1: Premature end of file.
2026-10-06 15:22:09,656 [ERROR] LogOutputStream:75 - [STDERR_REDIRECT] 
2026-10-06 15:22:10,655 [ERROR] LogOutputStream:75 - [STDERR_REDIRECT] [Fatal Error] :1:1: Premature end of file.
2026-10-06 15:22:10,655 [ERROR] LogOutputStream:75 - [STDERR_REDIRECT] 
2026-10-06 15:22:11,649 [ERROR] LogOutputStream:75 - [STDERR_REDIRECT] [Fatal Error] :1:1: Premature end of file.
2026-10-06 15:22:11,649 [ERROR] LogOutputStream:75 - [STDERR_REDIRECT] 
2026-10-06 15:22:12,663 [ERROR] LogOutputStream:75 - [STDERR_REDIRECT] [Fatal Error] :1:1: Premature end of file.
2026-10-06 15:22:12,663 [ERROR] LogOutputStream:75 - [STDERR_REDIRECT] 
2026-10-06 15:22:13,658 [ERROR] LogOutputStream:75 - [STDERR_REDIRECT] [Fatal Error] :1:1: Premature end of file.
2026-10-06 15:22:13,658 [ERROR] LogOutputStream:75 - [STDERR_REDIRECT] 
2026-10-06 15:22:14,670 [ERROR] LogOutputStream:75 - [STDERR_REDIRECT] [Fatal Error] :1:1: Premature end of file.
2026-10-06 15:22:14,670 [ERROR] LogOutputStream:75 - [STDERR_REDIRECT] 
2026-10-06 15:22:15,659 [ERROR] LogOutputStream:75 - [STDERR_REDIRECT] [Fatal Error] :1:1: Premature end of file.
2026-10-06 15:22:15,659 [ERROR] LogOutputStream:75 - [STDERR_REDIRECT] 
2026-10-06 15:22:16,654 [ERROR] LogOutputStream:75 - [STDERR_REDIRECT] [Fatal Error] :1:1: Premature end of file.
2026-10-06 15:22:16,654 [ERROR] LogOutputStream:75 - [STDERR_REDIRECT] 
2026-10-06 15:22:17,680 [ERROR] LogOutputStream:75 - [STDERR_REDIRECT] [Fatal Error] :1:1: Premature end of file.
2026-10-06 15:22:17,680 [ERROR] LogOutputStream:75 - [STDERR_REDIRECT] 
2026-10-06 15:22:18,660 [ERROR] LogOutputStream:75 - [STDERR_REDIRECT] [Fatal Error] :1:1: Premature end of file.
2026-10-06 15:22:18,660 [ERROR] LogOutputStream:75 - [STDERR_REDIRECT] 
2026-10-06 15:22:19,660 [ERROR] LogOutputStream:75 - [STDERR_REDIRECT] [Fatal Error] :1:1: Premature end of file.
2026-10-06 15:22:19,660 [ERROR] LogOutputStream:75 - [STDERR_REDIRECT] 
2026-10-06 15:22:20,667 [ERROR] LogOutputStream:75 - [STDERR_REDIRECT] [Fatal Error] :1:1: Premature end of file.
2026-10-06 15:22:20,667 [ERROR] LogOutputStream:75 - [STDERR_REDIRECT] 
2026-10-06 15:22:21,674 [ERROR] LogOutputStream:75 - [STDERR_REDIRECT] [Fatal Error] :1:1: Premature end of file.
2026-10-06 15:22:21,675 [ERROR] LogOutputStream:75 - [STDERR_REDIRECT] 
2026-10-06 15:22:22,672 [ERROR] LogOutputStream:75 - [STDERR_REDIRECT] [Fatal Error] :1:1: Premature end of file.
2026-10-06 15:22:22,672 [ERROR] LogOutputStream:75 - [STDERR_REDIRECT] 
2026-10-06 15:22:23,658 [ERROR] LogOutputStream:75 - [STDERR_REDIRECT] [Fatal Error] :1:1: Premature end of file.
2026-10-06 15:22:23,658 [ERROR] LogOutputStream:75 - [STDERR_REDIRECT] 
2026-10-06 15:22:24,660 [ERROR] LogOutputStream:75 - [STDERR_REDIRECT] [Fatal Error] :1:1: Premature end of file.
2026-10-06 15:22:24,660 [ERROR] LogOutputStream:75 - [STDERR_REDIRECT] 
2026-10-06 15:22:25,660 [ERROR] LogOutputStream:75 - [STDERR_REDIRECT] [Fatal Error] :1:1: Premature end of file.
2026-10-06 15:22:25,660 [ERROR] LogOutputStream:75 - [STDERR_REDIRECT] 
2026-10-06 15:22:26,657 [ERROR] LogOutputStream:75 - [STDERR_REDIRECT] [Fatal Error] :1:1: Premature end of file.
2026-10-06 15:22:26,657 [ERROR] LogOutputStream:75 - [STDERR_REDIRECT] 
2026-10-06 15:22:27,663 [ERROR] LogOutputStream:75 - [STDERR_REDIRECT] [Fatal Error] :1:1: Premature end of file.
2026-10-06 15:22:27,663 [ERROR] LogOutputStream:75 - [STDERR_REDIRECT] 
2026-10-06 15:22:28,660 [ERROR] LogOutputStream:75 - [STDERR_REDIRECT] [Fatal Error] :1:1: Premature end of file.
2026-10-06 15:22:28,661 [ERROR] LogOutputStream:75 - [STDERR_REDIRECT] 
2026-10-06 15:22:29,658 [ERROR] LogOutputStream:75 - [STDERR_REDIRECT] [Fatal Error] :1:1: Premature end of file.
2026-10-06 15:22:29,658 [ERROR] LogOutputStream:75 - [STDERR_REDIRECT] 
2026-10-06 15:22:30,664 [ERROR] LogOutputStream:75 - [STDERR_REDIRECT] [Fatal Error] :1:1: Premature end of file.
2026-10-06 15:22:30,664 [ERROR] LogOutputStream:75 - [STDERR_REDIRECT] 
2026-10-06 15:22:31,649 [ERROR] LogOutputStream:75 - [STDERR_REDIRECT] [Fatal Error] :1:1: Premature end of file.
2026-10-06 15:22:31,650 [ERROR] LogOutputStream:75 - [STDERR_REDIRECT] 
2026-10-06 15:22:32,676 [ERROR] LogOutputStream:75 - [STDERR_REDIRECT] [Fatal Error] :1:1: Premature end of file.
2026-10-06 15:22:32,676 [ERROR] LogOutputStream:75 - [STDERR_REDIRECT] 
2026-10-06 15:22:33,655 [ERROR] LogOutputStream:75 - [STDERR_REDIRECT] [Fatal Error] :1:1: Premature end of file.
2026-10-06 15:22:33,656 [ERROR] LogOutputStream:75 - [STDERR_REDIRECT] 
2026-10-06 15:22:34,668 [ERROR] LogOutputStream:75 - [STDERR_REDIRECT] [Fatal Error] :1:1: Premature end of file.
2026-10-06 15:22:34,669 [ERROR] LogOutputStream:75 - [STDERR_REDIRECT] 
2026-10-06 15:22:35,654 [ERROR] LogOutputStream:75 - [STDERR_REDIRECT] [Fatal Error] :1:1: Premature end of file.
2026-10-06 15:22:35,655 [ERROR] LogOutputStream:75 - [STDERR_REDIRECT] 
2026-10-06 15:22:36,656 [ERROR] LogOutputStream:75 - [STDERR_REDIRECT] [Fatal Error] :1:1: Premature end of file.
2026-10-06 15:22:36,656 [ERROR] LogOutputStream:75 - [STDERR_REDIRECT] 
2026-10-06 15:22:37,652 [ERROR] LogOutputStream:75 - [STDERR_REDIRECT] [Fatal Error] :1:1: Premature end of file.
2026-10-06 15:22:37,653 [ERROR] LogOutputStream:75 - [STDERR_REDIRECT] 
2026-10-06 15:22:38,661 [ERROR] LogOutputStream:75 - [STDERR_REDIRECT] [Fatal Error] :1:1: Premature end of file.
2026-10-06 15:22:38,661 [ERROR] LogOutputStream:75 - [STDERR_REDIRECT] 
2026-10-06 15:22:39,679 [ERROR] LogOutputStream:75 - [STDERR_REDIRECT] [Fatal Error] :1:1: Premature end of file.
2026-10-06 15:22:39,680 [ERROR] LogOutputStream:75 - [STDERR_REDIRECT] 
2026-10-06 15:22:40,674 [ERROR] LogOutputStream:75 - [STDERR_REDIRECT] [Fatal Error] :1:1: Premature end of file.
2026-10-06 15:22:40,674 [ERROR] LogOutputStream:75 - [STDERR_REDIRECT] 
2026-10-06 15:22:41,648 [ERROR] LogOutputStream:75 - [STDERR_REDIRECT] [Fatal Error] :1:1: Premature end of file.
2026-10-06 15:22:41,649 [ERROR] LogOutputStream:75 - [STDERR_REDIRECT] 
2026-10-06 15:22:42,652 [ERROR] LogOutputStream:75 - [STDERR_REDIRECT] [Fatal Error] :1:1: Premature end of file.
2026-10-06 15:22:42,652 [ERROR] LogOutputStream:75 - [STDERR_REDIRECT] 
2026-10-06 15:22:43,662 [ERROR] LogOutputStream:75 - [STDERR_REDIRECT] [Fatal Error] :1:1: Premature end of file.
2026-10-06 15:22:43,662 [ERROR] LogOutputStream:75 - [STDERR_REDIRECT] 
2026-10-06 15:22:44,670 [ERROR] LogOutputStream:75 - [STDERR_REDIRECT] [Fatal Error] :1:1: Premature end of file.
2026-10-06 15:22:44,670 [ERROR] LogOutputStream:75 - [STDERR_REDIRECT] 
2026-10-06 15:22:45,660 [ERROR] LogOutputStream:75 - [STDERR_REDIRECT] [Fatal Error] :1:1: Premature end of file.
2026-10-06 15:22:45,660 [ERROR] LogOutputStream:75 - [STDERR_REDIRECT] 
2026-10-06 15:22:46,660 [ERROR] LogOutputStream:75 - [STDERR_REDIRECT] [Fatal Error] :1:1: Premature end of file.
2026-10-06 15:22:46,660 [ERROR] LogOutputStream:75 - [STDERR_REDIRECT] 
2026-10-06 15:22:47,665 [ERROR] LogOutputStream:75 - [STDERR_REDIRECT] [Fatal Error] :1:1: Premature end of file.
2026-10-06 15:22:47,665 [ERROR] LogOutputStream:75 - [STDERR_REDIRECT] 
2026-10-06 15:22:48,656 [ERROR] LogOutputStream:75 - [STDERR_REDIRECT] [Fatal Error] :1:1: Premature end of file.
2026-10-06 15:22:48,657 [ERROR] LogOutputStream:75 - [STDERR_REDIRECT] 
2026-10-06 15:22:49,656 [ERROR] LogOutputStream:75 - [STDERR_REDIRECT] [Fatal Error] :1:1: Premature end of file.
2026-10-06 15:22:49,656 [ERROR] LogOutputStream:75 - [STDERR_REDIRECT] 
2026-10-06 15:22:50,661 [ERROR] LogOutputStream:75 - [STDERR_REDIRECT] [Fatal Error] :1:1: Premature end of file.
2026-10-06 15:22:50,661 [ERROR] LogOutputStream:75 - [STDERR_REDIRECT] 
2026-10-06 15:22:51,674 [ERROR] LogOutputStream:75 - [STDERR_REDIRECT] [Fatal Error] :1:1: Premature end of file.
2026-10-06 15:22:51,674 [ERROR] LogOutputStream:75 - [STDERR_REDIRECT] 
2026-10-06 15:22:52,662 [ERROR] LogOutputStream:75 - [STDERR_REDIRECT] [Fatal Error] :1:1: Premature end of file.
2026-10-06 15:22:52,662 [ERROR] LogOutputStream:75 - [STDERR_REDIRECT] 
2026-10-06 15:22:53,655 [ERROR] LogOutputStream:75 - [STDERR_REDIRECT] [Fatal Error] :1:1: Premature end of file.
2026-10-06 15:22:53,655 [ERROR] LogOutputStream:75 - [STDERR_REDIRECT] 
2026-10-06 15:22:54,665 [ERROR] LogOutputStream:75 - [STDERR_REDIRECT] [Fatal Error] :1:1: Premature end of file.
2026-10-06 15:22:54,665 [ERROR] LogOutputStream:75 - [STDERR_REDIRECT] 
2026-10-06 15:22:55,659 [ERROR] LogOutputStream:75 - [STDERR_REDIRECT] [Fatal Error] :1:1: Premature end of file.
2026-10-06 15:22:55,659 [ERROR] LogOutputStream:75 - [STDERR_REDIRECT] 
2026-10-06 15:22:56,678 [ERROR] LogOutputStream:75 - [STDERR_REDIRECT] [Fatal Error] :1:1: Premature end of file.
2026-10-06 15:22:56,678 [ERROR] LogOutputStream:75 - [STDERR_REDIRECT] 
2026-10-06 15:22:57,675 [ERROR] LogOutputStream:75 - [STDERR_REDIRECT] [Fatal Error] :1:1: Premature end of file.
2026-10-06 15:22:57,675 [ERROR] LogOutputStream:75 - [STDERR_REDIRECT] 
2026-10-06 15:22:58,674 [ERROR] LogOutputStream:75 - [STDERR_REDIRECT] [Fatal Error] :1:1: Premature end of file.
2026-10-06 15:22:58,674 [ERROR] LogOutputStream:75 - [STDERR_REDIRECT] 
2026-10-06 15:22:59,656 [ERROR] LogOutputStream:75 - [STDERR_REDIRECT] [Fatal Error] :1:1: Premature end of file.
2026-10-06 15:22:59,657 [ERROR] LogOutputStream:75 - [STDERR_REDIRECT] 
2026-10-06 15:23:00,671 [ERROR] LogOutputStream:75 - [STDERR_REDIRECT] [Fatal Error] :1:1: Premature end of file.
2026-10-06 15:23:00,671 [ERROR] LogOutputStream:75 - [STDERR_REDIRECT] 
2026-10-06 15:23:01,658 [ERROR] LogOutputStream:75 - [STDERR_REDIRECT] [Fatal Error] :1:1: Premature end of file.
2026-10-06 15:23:01,658 [ERROR] LogOutputStream:75 - [STDERR_REDIRECT] 
2026-10-06 15:23:02,669 [ERROR] LogOutputStream:75 - [STDERR_REDIRECT] [Fatal Error] :1:1: Premature end of file.
2026-10-06 15:23:02,669 [ERROR] LogOutputStream:75 - [STDERR_REDIRECT] 
2026-10-06 15:23:03,649 [ERROR] LogOutputStream:75 - [STDERR_REDIRECT] [Fatal Error] :1:1: Premature end of file.
2026-10-06 15:23:03,649 [ERROR] LogOutputStream:75 - [STDERR_REDIRECT] 
2026-10-06 15:23:04,657 [ERROR] LogOutputStream:75 - [STDERR_REDIRECT] [Fatal Error] :1:1: Premature end of file.
2026-10-06 15:23:04,657 [ERROR] LogOutputStream:75 - [STDERR_REDIRECT] 
2026-10-06 15:23:05,662 [ERROR] LogOutputStream:75 - [STDERR_REDIRECT] [Fatal Error] :1:1: Premature end of file.
2026-10-06 15:23:05,663 [ERROR] LogOutputStream:75 - [STDERR_REDIRECT] 
2026-10-06 15:23:06,676 [ERROR] LogOutputStream:75 - [STDERR_REDIRECT] [Fatal Error] :1:1: Premature end of file.
2026-10-06 15:23:06,676 [ERROR] LogOutputStream:75 - [STDERR_REDIRECT] 
2026-10-06 15:23:07,665 [ERROR] LogOutputStream:75 - [STDERR_REDIRECT] [Fatal Error] :1:1: Premature end of file.
2026-10-06 15:23:07,665 [ERROR] LogOutputStream:75 - [STDERR_REDIRECT] 
2026-10-06 15:23:08,657 [ERROR] LogOutputStream:75 - [STDERR_REDIRECT] [Fatal Error] :1:1: Premature end of file.
2026-10-06 15:23:08,657 [ERROR] LogOutputStream:75 - [STDERR_REDIRECT] 
2026-10-06 15:23:09,665 [ERROR] LogOutputStream:75 - [STDERR_REDIRECT] [Fatal Error] :1:1: Premature end of file.
2026-10-06 15:23:09,665 [ERROR] LogOutputStream:75 - [STDERR_REDIRECT] 
2026-10-06 15:23:10,657 [ERROR] LogOutputStream:75 - [STDERR_REDIRECT] [Fatal Error] :1:1: Premature end of file.
2026-10-06 15:23:10,657 [ERROR] LogOutputStream:75 - [STDERR_REDIRECT] 
2026-10-06 15:23:11,673 [ERROR] LogOutputStream:75 - [STDERR_REDIRECT] [Fatal Error] :1:1: Premature end of file.
2026-10-06 15:23:11,673 [ERROR] LogOutputStream:75 - [STDERR_REDIRECT] 
2026-10-06 15:23:12,665 [ERROR] LogOutputStream:75 - [STDERR_REDIRECT] [Fatal Error] :1:1: Premature end of file.
2026-10-06 15:23:12,665 [ERROR] LogOutputStream:75 - [STDERR_REDIRECT] 
2026-10-06 15:23:13,669 [ERROR] LogOutputStream:75 - [STDERR_REDIRECT] [Fatal Error] :1:1: Premature end of file.
2026-10-06 15:23:13,669 [ERROR] LogOutputStream:75 - [STDERR_REDIRECT] 
2026-10-06 15:23:14,667 [ERROR] LogOutputStream:75 - [STDERR_REDIRECT] [Fatal Error] :1:1: Premature end of file.
2026-10-06 15:23:14,667 [ERROR] LogOutputStream:75 - [STDERR_REDIRECT] 
2026-10-06 15:23:15,661 [ERROR] LogOutputStream:75 - [STDERR_REDIRECT] [Fatal Error] :1:1: Premature end of file.
2026-10-06 15:23:15,662 [ERROR] LogOutputStream:75 - [STDERR_REDIRECT] 
2026-10-06 15:23:16,663 [ERROR] LogOutputStream:75 - [STDERR_REDIRECT] [Fatal Error] :1:1: Premature end of file.
2026-10-06 15:23:16,663 [ERROR] LogOutputStream:75 - [STDERR_REDIRECT] 
2026-10-06 15:23:17,666 [ERROR] LogOutputStream:75 - [STDERR_REDIRECT] [Fatal Error] :1:1: Premature end of file.
2026-10-06 15:23:17,666 [ERROR] LogOutputStream:75 - [STDERR_REDIRECT] 
2026-10-06 15:23:18,662 [ERROR] LogOutputStream:75 - [STDERR_REDIRECT] [Fatal Error] :1:1: Premature end of file.
2026-10-06 15:23:18,662 [ERROR] LogOutputStream:75 - [STDERR_REDIRECT] 
2026-10-06 15:23:19,669 [ERROR] LogOutputStream:75 - [STDERR_REDIRECT] [Fatal Error] :1:1: Premature end of file.
2026-10-06 15:23:19,669 [ERROR] LogOutputStream:75 - [STDERR_REDIRECT] 
2026-10-06 15:23:20,679 [ERROR] LogOutputStream:75 - [STDERR_REDIRECT] [Fatal Error] :1:1: Premature end of file.
2026-10-06 15:23:20,679 [ERROR] LogOutputStream:75 - [STDERR_REDIRECT] 
2026-10-06 15:23:21,670 [ERROR] LogOutputStream:75 - [STDERR_REDIRECT] [Fatal Error] :1:1: Premature end of file.
2026-10-06 15:23:21,670 [ERROR] LogOutputStream:75 - [STDERR_REDIRECT] 
2026-10-06 15:23:22,660 [ERROR] LogOutputStream:75 - [STDERR_REDIRECT] [Fatal Error] :1:1: Premature end of file.
2026-10-06 15:23:22,660 [ERROR] LogOutputStream:75 - [STDERR_REDIRECT] 
2026-10-06 15:23:23,673 [ERROR] LogOutputStream:75 - [STDERR_REDIRECT] [Fatal Error] :1:1: Premature end of file.
2026-10-06 15:23:23,673 [ERROR] LogOutputStream:75 - [STDERR_REDIRECT] 
2026-10-06 15:23:24,672 [ERROR] LogOutputStream:75 - [STDERR_REDIRECT] [Fatal Error] :1:1: Premature end of file.
2026-10-06 15:23:24,672 [ERROR] LogOutputStream:75 - [STDERR_REDIRECT] 
2026-10-06 15:23:25,661 [ERROR] LogOutputStream:75 - [STDERR_REDIRECT] [Fatal Error] :1:1: Premature end of file.
2026-10-06 15:23:25,661 [ERROR] LogOutputStream:75 - [STDERR_REDIRECT] 
2026-10-06 15:23:26,662 [ERROR] LogOutputStream:75 - [STDERR_REDIRECT] [Fatal Error] :1:1: Premature end of file.
2026-10-06 15:23:26,663 [ERROR] LogOutputStream:75 - [STDERR_REDIRECT] 
2026-10-06 15:23:27,660 [ERROR] LogOutputStream:75 - [STDERR_REDIRECT] [Fatal Error] :1:1: Premature end of file.
2026-10-06 15:23:27,661 [ERROR] LogOutputStream:75 - [STDERR_REDIRECT] 
2026-10-06 15:23:28,651 [ERROR] LogOutputStream:75 - [STDERR_REDIRECT] [Fatal Error] :1:1: Premature end of file.
2026-10-06 15:23:28,651 [ERROR] LogOutputStream:75 - [STDERR_REDIRECT] 
2026-10-06 15:23:29,660 [ERROR] LogOutputStream:75 - [STDERR_REDIRECT] [Fatal Error] :1:1: Premature end of file.
2026-10-06 15:23:29,661 [ERROR] LogOutputStream:75 - [STDERR_REDIRECT] 
2026-10-06 15:23:30,661 [ERROR] LogOutputStream:75 - [STDERR_REDIRECT] [Fatal Error] :1:1: Premature end of file.
2026-10-06 15:23:30,662 [ERROR] LogOutputStream:75 - [STDERR_REDIRECT] 
2026-10-06 15:23:31,667 [ERROR] LogOutputStream:75 - [STDERR_REDIRECT] [Fatal Error] :1:1: Premature end of file.
2026-10-06 15:23:31,668 [ERROR] LogOutputStream:75 - [STDERR_REDIRECT] 
2026-10-06 15:23:32,666 [ERROR] LogOutputStream:75 - [STDERR_REDIRECT] [Fatal Error] :1:1: Premature end of file.
2026-10-06 15:23:32,666 [ERROR] LogOutputStream:75 - [STDERR_REDIRECT] 
2026-10-06 15:23:33,650 [ERROR] LogOutputStream:75 - [STDERR_REDIRECT] [Fatal Error] :1:1: Premature end of file.
2026-10-06 15:23:33,650 [ERROR] LogOutputStream:75 - [STDERR_REDIRECT] 
2026-10-06 15:23:34,662 [ERROR] LogOutputStream:75 - [STDERR_REDIRECT] [Fatal Error] :1:1: Premature end of file.
2026-10-06 15:23:34,662 [ERROR] LogOutputStream:75 - [STDERR_REDIRECT] 
2026-10-06 15:23:35,665 [ERROR] LogOutputStream:75 - [STDERR_REDIRECT] [Fatal Error] :1:1: Premature end of file.
2026-10-06 15:23:35,665 [ERROR] LogOutputStream:75 - [STDERR_REDIRECT] 
2026-10-06 15:23:36,664 [ERROR] LogOutputStream:75 - [STDERR_REDIRECT] [Fatal Error] :1:1: Premature end of file.
2026-10-06 15:23:36,664 [ERROR] LogOutputStream:75 - [STDERR_REDIRECT] 
2026-10-06 15:23:37,665 [ERROR] LogOutputStream:75 - [STDERR_REDIRECT] [Fatal Error] :1:1: Premature end of file.
2026-10-06 15:23:37,665 [ERROR] LogOutputStream:75 - [STDERR_REDIRECT] 
2026-10-06 15:23:38,660 [ERROR] LogOutputStream:75 - [STDERR_REDIRECT] [Fatal Error] :1:1: Premature end of file.
2026-10-06 15:23:38,660 [ERROR] LogOutputStream:75 - [STDERR_REDIRECT] 
2026-10-06 15:23:39,677 [ERROR] LogOutputStream:75 - [STDERR_REDIRECT] [Fatal Error] :1:1: Premature end of file.
2026-10-06 15:23:39,677 [ERROR] LogOutputStream:75 - [STDERR_REDIRECT] 
2026-10-06 15:23:40,659 [ERROR] LogOutputStream:75 - [STDERR_REDIRECT] [Fatal Error] :1:1: Premature end of file.
2026-10-06 15:23:40,660 [ERROR] LogOutputStream:75 - [STDERR_REDIRECT] 
2026-10-06 15:23:41,670 [ERROR] LogOutputStream:75 - [STDERR_REDIRECT] [Fatal Error] :1:1: Premature end of file.
2026-10-06 15:23:41,670 [ERROR] LogOutputStream:75 - [STDERR_REDIRECT] 
2026-10-06 15:23:42,668 [ERROR] LogOutputStream:75 - [STDERR_REDIRECT] [Fatal Error] :1:1: Premature end of file.
2026-10-06 15:23:42,668 [ERROR] LogOutputStream:75 - [STDERR_REDIRECT] 
2026-10-06 15:23:43,650 [ERROR] LogOutputStream:75 - [STDERR_REDIRECT] [Fatal Error] :1:1: Premature end of file.
2026-10-06 15:23:43,650 [ERROR] LogOutputStream:75 - [STDERR_REDIRECT] 
2026-10-06 15:23:44,660 [ERROR] LogOutputStream:75 - [STDERR_REDIRECT] [Fatal Error] :1:1: Premature end of file.
2026-10-06 15:23:44,660 [ERROR] LogOutputStream:75 - [STDERR_REDIRECT] 
2026-10-06 15:23:45,663 [ERROR] LogOutputStream:75 - [STDERR_REDIRECT] [Fatal Error] :1:1: Premature end of file.
2026-10-06 15:23:45,664 [ERROR] LogOutputStream:75 - [STDERR_REDIRECT] 
2026-10-06 15:23:46,676 [ERROR] LogOutputStream:75 - [STDERR_REDIRECT] [Fatal Error] :1:1: Premature end of file.
2026-10-06 15:23:46,677 [ERROR] LogOutputStream:75 - [STDERR_REDIRECT] 
2026-10-06 15:23:47,657 [ERROR] LogOutputStream:75 - [STDERR_REDIRECT] [Fatal Error] :1:1: Premature end of file.
2026-10-06 15:23:47,657 [ERROR] LogOutputStream:75 - [STDERR_REDIRECT] 
2026-10-06 15:23:48,652 [ERROR] LogOutputStream:75 - [STDERR_REDIRECT] [Fatal Error] :1:1: Premature end of file.
2026-10-06 15:23:48,652 [ERROR] LogOutputStream:75 - [STDERR_REDIRECT] 
2026-10-06 15:23:49,652 [ERROR] LogOutputStream:75 - [STDERR_REDIRECT] [Fatal Error] :1:1: Premature end of file.
2026-10-06 15:23:49,653 [ERROR] LogOutputStream:75 - [STDERR_REDIRECT] 
2026-10-06 15:23:50,661 [ERROR] LogOutputStream:75 - [STDERR_REDIRECT] [Fatal Error] :1:1: Premature end of file.
2026-10-06 15:23:50,661 [ERROR] LogOutputStream:75 - [STDERR_REDIRECT] 
2026-10-06 15:23:51,653 [ERROR] LogOutputStream:75 - [STDERR_REDIRECT] [Fatal Error] :1:1: Premature end of file.
2026-10-06 15:23:51,653 [ERROR] LogOutputStream:75 - [STDERR_REDIRECT] 
2026-10-06 15:23:52,656 [ERROR] LogOutputStream:75 - [STDERR_REDIRECT] [Fatal Error] :1:1: Premature end of file.
2026-10-06 15:23:52,656 [ERROR] LogOutputStream:75 - [STDERR_REDIRECT] 
2026-10-06 15:23:53,661 [ERROR] LogOutputStream:75 - [STDERR_REDIRECT] [Fatal Error] :1:1: Premature end of file.
2026-10-06 15:23:53,661 [ERROR] LogOutputStream:75 - [STDERR_REDIRECT] 
2026-10-06 15:23:54,652 [ERROR] LogOutputStream:75 - [STDERR_REDIRECT] [Fatal Error] :1:1: Premature end of file.
2026-10-06 15:23:54,652 [ERROR] LogOutputStream:75 - [STDERR_REDIRECT] 
2026-10-06 15:23:55,676 [ERROR] LogOutputStream:75 - [STDERR_REDIRECT] [Fatal Error] :1:1: Premature end of file.
2026-10-06 15:23:55,676 [ERROR] LogOutputStream:75 - [STDERR_REDIRECT] 
2026-10-06 15:23:56,659 [ERROR] LogOutputStream:75 - [STDERR_REDIRECT] [Fatal Error] :1:1: Premature end of file.
2026-10-06 15:23:56,659 [ERROR] LogOutputStream:75 - [STDERR_REDIRECT] 
2026-10-06 15:23:57,661 [ERROR] LogOutputStream:75 - [STDERR_REDIRECT] [Fatal Error] :1:1: Premature end of file.
2026-10-06 15:23:57,661 [ERROR] LogOutputStream:75 - [STDERR_REDIRECT] 
2026-10-06 15:23:58,676 [ERROR] LogOutputStream:75 - [STDERR_REDIRECT] [Fatal Error] :1:1: Premature end of file.
2026-10-06 15:23:58,677 [ERROR] LogOutputStream:75 - [STDERR_REDIRECT] 
2026-10-06 15:23:59,671 [ERROR] LogOutputStream:75 - [STDERR_REDIRECT] [Fatal Error] :1:1: Premature end of file.
2026-10-06 15:23:59,671 [ERROR] LogOutputStream:75 - [STDERR_REDIRECT] 
2026-10-06 15:24:00,659 [ERROR] LogOutputStream:75 - [STDERR_REDIRECT] [Fatal Error] :1:1: Premature end of file.
2026-10-06 15:24:00,659 [ERROR] LogOutputStream:75 - [STDERR_REDIRECT] 
2026-10-06 15:24:01,659 [ERROR] LogOutputStream:75 - [STDERR_REDIRECT] [Fatal Error] :1:1: Premature end of file.
2026-10-06 15:24:01,659 [ERROR] LogOutputStream:75 - [STDERR_REDIRECT] 
2026-10-06 15:24:02,657 [ERROR] LogOutputStream:75 - [STDERR_REDIRECT] [Fatal Error] :1:1: Premature end of file.
2026-10-06 15:24:02,657 [ERROR] LogOutputStream:75 - [STDERR_REDIRECT] 
2026-10-06 15:24:03,660 [ERROR] LogOutputStream:75 - [STDERR_REDIRECT] [Fatal Error] :1:1: Premature end of file.
2026-10-06 15:24:03,660 [ERROR] LogOutputStream:75 - [STDERR_REDIRECT] 
2026-10-06 15:24:04,664 [ERROR] LogOutputStream:75 - [STDERR_REDIRECT] [Fatal Error] :1:1: Premature end of file.
2026-10-06 15:24:04,664 [ERROR] LogOutputStream:75 - [STDERR_REDIRECT] 
2026-10-06 15:24:05,647 [ERROR] LogOutputStream:75 - [STDERR_REDIRECT] [Fatal Error] :1:1: Premature end of file.
2026-10-06 15:24:05,647 [ERROR] LogOutputStream:75 - [STDERR_REDIRECT] 
2026-10-06 15:24:06,657 [ERROR] LogOutputStream:75 - [STDERR_REDIRECT] [Fatal Error] :1:1: Premature end of file.
2026-10-06 15:24:06,657 [ERROR] LogOutputStream:75 - [STDERR_REDIRECT] 
2026-10-06 15:24:07,658 [ERROR] LogOutputStream:75 - [STDERR_REDIRECT] [Fatal Error] :1:1: Premature end of file.
2026-10-06 15:24:07,658 [ERROR] LogOutputStream:75 - [STDERR_REDIRECT] 
2026-10-06 15:24:08,656 [ERROR] LogOutputStream:75 - [STDERR_REDIRECT] [Fatal Error] :1:1: Premature end of file.
2026-10-06 15:24:08,656 [ERROR] LogOutputStream:75 - [STDERR_REDIRECT] 
2026-10-06 15:24:09,672 [ERROR] LogOutputStream:75 - [STDERR_REDIRECT] [Fatal Error] :1:1: Premature end of file.
2026-10-06 15:24:09,672 [ERROR] LogOutputStream:75 - [STDERR_REDIRECT] 
2026-10-06 15:24:10,660 [ERROR] LogOutputStream:75 - [STDERR_REDIRECT] [Fatal Error] :1:1: Premature end of file.
2026-10-06 15:24:10,661 [ERROR] LogOutputStream:75 - [STDERR_REDIRECT] 
2026-10-06 15:24:11,667 [ERROR] LogOutputStream:75 - [STDERR_REDIRECT] [Fatal Error] :1:1: Premature end of file.
2026-10-06 15:24:11,667 [ERROR] LogOutputStream:75 - [STDERR_REDIRECT] 
2026-10-06 15:24:12,661 [ERROR] LogOutputStream:75 - [STDERR_REDIRECT] [Fatal Error] :1:1: Premature end of file.
2026-10-06 15:24:12,661 [ERROR] LogOutputStream:75 - [STDERR_REDIRECT] 
2026-10-06 15:24:13,657 [ERROR] LogOutputStream:75 - [STDERR_REDIRECT] [Fatal Error] :1:1: Premature end of file.
2026-10-06 15:24:13,657 [ERROR] LogOutputStream:75 - [STDERR_REDIRECT] 
2026-10-06 15:24:14,653 [ERROR] LogOutputStream:75 - [STDERR_REDIRECT] [Fatal Error] :1:1: Premature end of file.
2026-10-06 15:24:14,653 [ERROR] LogOutputStream:75 - [STDERR_REDIRECT] 
2026-10-06 15:24:15,655 [ERROR] LogOutputStream:75 - [STDERR_REDIRECT] [Fatal Error] :1:1: Premature end of file.
2026-10-06 15:24:15,655 [ERROR] LogOutputStream:75 - [STDERR_REDIRECT] 
2026-10-06 15:24:16,663 [ERROR] LogOutputStream:75 - [STDERR_REDIRECT] [Fatal Error] :1:1: Premature end of file.
2026-10-06 15:24:16,663 [ERROR] LogOutputStream:75 - [STDERR_REDIRECT] 
2026-10-06 15:24:17,673 [ERROR] LogOutputStream:75 - [STDERR_REDIRECT] [Fatal Error] :1:1: Premature end of file.
2026-10-06 15:24:17,674 [ERROR] LogOutputStream:75 - [STDERR_REDIRECT] 
2026-10-06 15:24:18,658 [ERROR] LogOutputStream:75 - [STDERR_REDIRECT] [Fatal Error] :1:1: Premature end of file.
2026-10-06 15:24:18,658 [ERROR] LogOutputStream:75 - [STDERR_REDIRECT] 
2026-10-06 15:24:19,661 [ERROR] LogOutputStream:75 - [STDERR_REDIRECT] [Fatal Error] :1:1: Premature end of file.
2026-10-06 15:24:19,661 [ERROR] LogOutputStream:75 - [STDERR_REDIRECT] 
2026-10-06 15:24:20,650 [ERROR] LogOutputStream:75 - [STDERR_REDIRECT] [Fatal Error] :1:1: Premature end of file.
2026-10-06 15:24:20,651 [ERROR] LogOutputStream:75 - [STDERR_REDIRECT] 
2026-10-06 15:24:21,650 [ERROR] LogOutputStream:75 - [STDERR_REDIRECT] [Fatal Error] :1:1: Premature end of file.
2026-10-06 15:24:21,650 [ERROR] LogOutputStream:75 - [STDERR_REDIRECT] 
2026-10-06 15:24:22,648 [ERROR] LogOutputStream:75 - [STDERR_REDIRECT] [Fatal Error] :1:1: Premature end of file.
2026-10-06 15:24:22,648 [ERROR] LogOutputStream:75 - [STDERR_REDIRECT] 
2026-10-06 15:24:23,656 [ERROR] LogOutputStream:75 - [STDERR_REDIRECT] [Fatal Error] :1:1: Premature end of file.
2026-10-06 15:24:23,656 [ERROR] LogOutputStream:75 - [STDERR_REDIRECT] 
2026-10-06 15:24:24,651 [ERROR] LogOutputStream:75 - [STDERR_REDIRECT] [Fatal Error] :1:1: Premature end of file.
2026-10-06 15:24:24,651 [ERROR] LogOutputStream:75 - [STDERR_REDIRECT] 
2026-10-06 15:24:25,660 [ERROR] LogOutputStream:75 - [STDERR_REDIRECT] [Fatal Error] :1:1: Premature end of file.
2026-10-06 15:24:25,660 [ERROR] LogOutputStream:75 - [STDERR_REDIRECT] 
2026-10-06 15:24:26,656 [ERROR] LogOutputStream:75 - [STDERR_REDIRECT] [Fatal Error] :1:1: Premature end of file.
2026-10-06 15:24:26,657 [ERROR] LogOutputStream:75 - [STDERR_REDIRECT] 
2026-10-06 15:24:27,653 [ERROR] LogOutputStream:75 - [STDERR_REDIRECT] [Fatal Error] :1:1: Premature end of file.
2026-10-06 15:24:27,653 [ERROR] LogOutputStream:75 - [STDERR_REDIRECT] 
2026-10-06 15:24:28,661 [ERROR] LogOutputStream:75 - [STDERR_REDIRECT] [Fatal Error] :1:1: Premature end of file.
2026-10-06 15:24:28,661 [ERROR] LogOutputStream:75 - [STDERR_REDIRECT] 
2026-10-06 15:24:29,653 [ERROR] LogOutputStream:75 - [STDERR_REDIRECT] [Fatal Error] :1:1: Premature end of file.
2026-10-06 15:24:29,653 [ERROR] LogOutputStream:75 - [STDERR_REDIRECT] 
2026-10-06 15:24:30,655 [ERROR] LogOutputStream:75 - [STDERR_REDIRECT] [Fatal Error] :1:1: Premature end of file.
2026-10-06 15:24:30,655 [ERROR] LogOutputStream:75 - [STDERR_REDIRECT] 
2026-10-06 15:24:31,669 [ERROR] LogOutputStream:75 - [STDERR_REDIRECT] [Fatal Error] :1:1: Premature end of file.
2026-10-06 15:24:31,669 [ERROR] LogOutputStream:75 - [STDERR_REDIRECT] 
2026-10-06 15:24:32,652 [ERROR] LogOutputStream:75 - [STDERR_REDIRECT] [Fatal Error] :1:1: Premature end of file.
2026-10-06 15:24:32,652 [ERROR] LogOutputStream:75 - [STDERR_REDIRECT] 
2026-10-06 15:24:33,662 [ERROR] LogOutputStream:75 - [STDERR_REDIRECT] [Fatal Error] :1:1: Premature end of file.
2026-10-06 15:24:33,662 [ERROR] LogOutputStream:75 - [STDERR_REDIRECT] 
2026-10-06 15:24:34,655 [ERROR] LogOutputStream:75 - [STDERR_REDIRECT] [Fatal Error] :1:1: Premature end of file.
2026-10-06 15:24:34,655 [ERROR] LogOutputStream:75 - [STDERR_REDIRECT] 
2026-10-06 15:24:35,657 [ERROR] LogOutputStream:75 - [STDERR_REDIRECT] [Fatal Error] :1:1: Premature end of file.
2026-10-06 15:24:35,657 [ERROR] LogOutputStream:75 - [STDERR_REDIRECT] 
2026-10-06 15:24:36,661 [ERROR] LogOutputStream:75 - [STDERR_REDIRECT] [Fatal Error] :1:1: Premature end of file.
2026-10-06 15:24:36,661 [ERROR] LogOutputStream:75 - [STDERR_REDIRECT] 
2026-10-06 15:24:37,660 [ERROR] LogOutputStream:75 - [STDERR_REDIRECT] [Fatal Error] :1:1: Premature end of file.
2026-10-06 15:24:37,660 [ERROR] LogOutputStream:75 - [STDERR_REDIRECT] 
2026-10-06 15:24:38,660 [ERROR] LogOutputStream:75 - [STDERR_REDIRECT] [Fatal Error] :1:1: Premature end of file.
2026-10-06 15:24:38,660 [ERROR] LogOutputStream:75 - [STDERR_REDIRECT] 
2026-10-06 15:24:39,651 [ERROR] LogOutputStream:75 - [STDERR_REDIRECT] [Fatal Error] :1:1: Premature end of file.
2026-10-06 15:24:39,651 [ERROR] LogOutputStream:75 - [STDERR_REDIRECT] 
2026-10-06 15:24:40,663 [ERROR] LogOutputStream:75 - [STDERR_REDIRECT] [Fatal Error] :1:1: Premature end of file.
2026-10-06 15:24:40,664 [ERROR] LogOutputStream:75 - [STDERR_REDIRECT] 
2026-10-06 15:24:41,652 [ERROR] LogOutputStream:75 - [STDERR_REDIRECT] [Fatal Error] :1:1: Premature end of file.
2026-10-06 15:24:41,652 [ERROR] LogOutputStream:75 - [STDERR_REDIRECT] 
2026-10-06 15:24:42,649 [ERROR] LogOutputStream:75 - [STDERR_REDIRECT] [Fatal Error] :1:1: Premature end of file.
2026-10-06 15:24:42,649 [ERROR] LogOutputStream:75 - [STDERR_REDIRECT] 
2026-10-06 15:24:43,661 [ERROR] LogOutputStream:75 - [STDERR_REDIRECT] [Fatal Error] :1:1: Premature end of file.
2026-10-06 15:24:43,661 [ERROR] LogOutputStream:75 - [STDERR_REDIRECT] 
2026-10-06 15:24:44,661 [ERROR] LogOutputStream:75 - [STDERR_REDIRECT] [Fatal Error] :1:1: Premature end of file.
2026-10-06 15:24:44,661 [ERROR] LogOutputStream:75 - [STDERR_REDIRECT] 
2026-10-06 15:24:45,659 [ERROR] LogOutputStream:75 - [STDERR_REDIRECT] [Fatal Error] :1:1: Premature end of file.
2026-10-06 15:24:45,659 [ERROR] LogOutputStream:75 - [STDERR_REDIRECT] 
2026-10-06 15:24:46,649 [ERROR] LogOutputStream:75 - [STDERR_REDIRECT] [Fatal Error] :1:1: Premature end of file.
2026-10-06 15:24:46,649 [ERROR] LogOutputStream:75 - [STDERR_REDIRECT] 
2026-10-06 15:24:47,649 [ERROR] LogOutputStream:75 - [STDERR_REDIRECT] [Fatal Error] :1:1: Premature end of file.
2026-10-06 15:24:47,649 [ERROR] LogOutputStream:75 - [STDERR_REDIRECT] 
2026-10-06 15:24:48,666 [ERROR] LogOutputStream:75 - [STDERR_REDIRECT] [Fatal Error] :1:1: Premature end of file.
2026-10-06 15:24:48,666 [ERROR] LogOutputStream:75 - [STDERR_REDIRECT] 
2026-10-06 15:24:49,658 [ERROR] LogOutputStream:75 - [STDERR_REDIRECT] [Fatal Error] :1:1: Premature end of file.
2026-10-06 15:24:49,658 [ERROR] LogOutputStream:75 - [STDERR_REDIRECT] 
2026-10-06 15:24:50,656 [ERROR] LogOutputStream:75 - [STDERR_REDIRECT] [Fatal Error] :1:1: Premature end of file.
2026-10-06 15:24:50,656 [ERROR] LogOutputStream:75 - [STDERR_REDIRECT] 
2026-10-06 15:24:51,651 [ERROR] LogOutputStream:75 - [STDERR_REDIRECT] [Fatal Error] :1:1: Premature end of file.
2026-10-06 15:24:51,651 [ERROR] LogOutputStream:75 - [STDERR_REDIRECT] 
2026-10-06 15:24:52,661 [ERROR] LogOutputStream:75 - [STDERR_REDIRECT] [Fatal Error] :1:1: Premature end of file.
2026-10-06 15:24:52,661 [ERROR] LogOutputStream:75 - [STDERR_REDIRECT] 
2026-10-06 15:24:53,655 [ERROR] LogOutputStream:75 - [STDERR_REDIRECT] [Fatal Error] :1:1: Premature end of file.
2026-10-06 15:24:53,655 [ERROR] LogOutputStream:75 - [STDERR_REDIRECT] 
2026-10-06 15:24:54,655 [ERROR] LogOutputStream:75 - [STDERR_REDIRECT] [Fatal Error] :1:1: Premature end of file.
2026-10-06 15:24:54,655 [ERROR] LogOutputStream:75 - [STDERR_REDIRECT] 
2026-10-06 15:24:55,653 [ERROR] LogOutputStream:75 - [STDERR_REDIRECT] [Fatal Error] :1:1: Premature end of file.
2026-10-06 15:24:55,653 [ERROR] LogOutputStream:75 - [STDERR_REDIRECT] 
2026-10-06 15:24:56,661 [ERROR] LogOutputStream:75 - [STDERR_REDIRECT] [Fatal Error] :1:1: Premature end of file.
2026-10-06 15:24:56,661 [ERROR] LogOutputStream:75 - [STDERR_REDIRECT] 
2026-10-06 15:24:57,656 [ERROR] LogOutputStream:75 - [STDERR_REDIRECT] [Fatal Error] :1:1: Premature end of file.
2026-10-06 15:24:57,656 [ERROR] LogOutputStream:75 - [STDERR_REDIRECT] 
2026-10-06 15:24:58,662 [ERROR] LogOutputStream:75 - [STDERR_REDIRECT] [Fatal Error] :1:1: Premature end of file.
2026-10-06 15:24:58,663 [ERROR] LogOutputStream:75 - [STDERR_REDIRECT] 
2026-10-06 15:24:59,665 [ERROR] LogOutputStream:75 - [STDERR_REDIRECT] [Fatal Error] :1:1: Premature end of file.
2026-10-06 15:24:59,665 [ERROR] LogOutputStream:75 - [STDERR_REDIRECT] 
2026-10-06 15:25:00,658 [ERROR] LogOutputStream:75 - [STDERR_REDIRECT] [Fatal Error] :1:1: Premature end of file.
2026-10-06 15:25:00,658 [ERROR] LogOutputStream:75 - [STDERR_REDIRECT] 
2026-10-06 15:25:01,656 [ERROR] LogOutputStream:75 - [STDERR_REDIRECT] [Fatal Error] :1:1: Premature end of file.
2026-10-06 15:25:01,656 [ERROR] LogOutputStream:75 - [STDERR_REDIRECT] 
2026-10-06 15:25:02,667 [ERROR] LogOutputStream:75 - [STDERR_REDIRECT] [Fatal Error] :1:1: Premature end of file.
2026-10-06 15:25:02,667 [ERROR] LogOutputStream:75 - [STDERR_REDIRECT] 
2026-10-06 15:25:03,663 [ERROR] LogOutputStream:75 - [STDERR_REDIRECT] [Fatal Error] :1:1: Premature end of file.
2026-10-06 15:25:03,663 [ERROR] LogOutputStream:75 - [STDERR_REDIRECT] 
2026-10-06 15:25:04,682 [ERROR] LogOutputStream:75 - [STDERR_REDIRECT] [Fatal Error] :1:1: Premature end of file.
2026-10-06 15:25:04,682 [ERROR] LogOutputStream:75 - [STDERR_REDIRECT] 
2026-10-06 15:25:05,662 [ERROR] LogOutputStream:75 - [STDERR_REDIRECT] [Fatal Error] :1:1: Premature end of file.
2026-10-06 15:25:05,662 [ERROR] LogOutputStream:75 - [STDERR_REDIRECT] 
2026-10-06 15:25:06,664 [ERROR] LogOutputStream:75 - [STDERR_REDIRECT] [Fatal Error] :1:1: Premature end of file.
2026-10-06 15:25:06,664 [ERROR] LogOutputStream:75 - [STDERR_REDIRECT] 
2026-10-06 15:25:07,670 [ERROR] LogOutputStream:75 - [STDERR_REDIRECT] [Fatal Error] :1:1: Premature end of file.
2026-10-06 15:25:07,670 [ERROR] LogOutputStream:75 - [STDERR_REDIRECT] 
2026-10-06 15:25:08,653 [ERROR] LogOutputStream:75 - [STDERR_REDIRECT] [Fatal Error] :1:1: Premature end of file.
2026-10-06 15:25:08,653 [ERROR] LogOutputStream:75 - [STDERR_REDIRECT] 
2026-10-06 15:25:09,655 [ERROR] LogOutputStream:75 - [STDERR_REDIRECT] [Fatal Error] :1:1: Premature end of file.
2026-10-06 15:25:09,655 [ERROR] LogOutputStream:75 - [STDERR_REDIRECT] 
2026-10-06 15:25:10,662 [ERROR] LogOutputStream:75 - [STDERR_REDIRECT] [Fatal Error] :1:1: Premature end of file.
2026-10-06 15:25:10,662 [ERROR] LogOutputStream:75 - [STDERR_REDIRECT] 
2026-10-06 15:25:11,676 [ERROR] LogOutputStream:75 - [STDERR_REDIRECT] [Fatal Error] :1:1: Premature end of file.
2026-10-06 15:25:11,676 [ERROR] LogOutputStream:75 - [STDERR_REDIRECT] 
2026-10-06 15:25:12,658 [ERROR] LogOutputStream:75 - [STDERR_REDIRECT] [Fatal Error] :1:1: Premature end of file.
2026-10-06 15:25:12,659 [ERROR] LogOutputStream:75 - [STDERR_REDIRECT] 
2026-10-06 15:25:13,662 [ERROR] LogOutputStream:75 - [STDERR_REDIRECT] [Fatal Error] :1:1: Premature end of file.
2026-10-06 15:25:13,662 [ERROR] LogOutputStream:75 - [STDERR_REDIRECT] 
2026-10-06 15:25:14,660 [ERROR] LogOutputStream:75 - [STDERR_REDIRECT] [Fatal Error] :1:1: Premature end of file.
2026-10-06 15:25:14,660 [ERROR] LogOutputStream:75 - [STDERR_REDIRECT] 
2026-10-06 15:25:15,669 [ERROR] LogOutputStream:75 - [STDERR_REDIRECT] [Fatal Error] :1:1: Premature end of file.
2026-10-06 15:25:15,669 [ERROR] LogOutputStream:75 - [STDERR_REDIRECT] 
2026-10-06 15:25:16,663 [ERROR] LogOutputStream:75 - [STDERR_REDIRECT] [Fatal Error] :1:1: Premature end of file.
2026-10-06 15:25:16,663 [ERROR] LogOutputStream:75 - [STDERR_REDIRECT] 
2026-10-06 15:25:17,664 [ERROR] LogOutputStream:75 - [STDERR_REDIRECT] [Fatal Error] :1:1: Premature end of file.
2026-10-06 15:25:17,664 [ERROR] LogOutputStream:75 - [STDERR_REDIRECT] 
2026-10-06 15:25:18,670 [ERROR] LogOutputStream:75 - [STDERR_REDIRECT] [Fatal Error] :1:1: Premature end of file.
2026-10-06 15:25:18,670 [ERROR] LogOutputStream:75 - [STDERR_REDIRECT] 
2026-10-06 15:25:19,675 [ERROR] LogOutputStream:75 - [STDERR_REDIRECT] [Fatal Error] :1:1: Premature end of file.
2026-10-06 15:25:19,675 [ERROR] LogOutputStream:75 - [STDERR_REDIRECT] 
2026-10-06 15:25:20,673 [ERROR] LogOutputStream:75 - [STDERR_REDIRECT] [Fatal Error] :1:1: Premature end of file.
2026-10-06 15:25:20,673 [ERROR] LogOutputStream:75 - [STDERR_REDIRECT] 
2026-10-06 15:25:21,655 [ERROR] LogOutputStream:75 - [STDERR_REDIRECT] [Fatal Error] :1:1: Premature end of file.
2026-10-06 15:25:21,655 [ERROR] LogOutputStream:75 - [STDERR_REDIRECT] 
2026-10-06 15:25:22,651 [ERROR] LogOutputStream:75 - [STDERR_REDIRECT] [Fatal Error] :1:1: Premature end of file.
2026-10-06 15:25:22,651 [ERROR] LogOutputStream:75 - [STDERR_REDIRECT] 
2026-10-06 15:25:23,683 [ERROR] LogOutputStream:75 - [STDERR_REDIRECT] [Fatal Error] :1:1: Premature end of file.
2026-10-06 15:25:23,683 [ERROR] LogOutputStream:75 - [STDERR_REDIRECT] 
2026-10-06 15:25:24,664 [ERROR] LogOutputStream:75 - [STDERR_REDIRECT] [Fatal Error] :1:1: Premature end of file.
2026-10-06 15:25:24,664 [ERROR] LogOutputStream:75 - [STDERR_REDIRECT] 
2026-10-06 15:25:25,659 [ERROR] LogOutputStream:75 - [STDERR_REDIRECT] [Fatal Error] :1:1: Premature end of file.
2026-10-06 15:25:25,659 [ERROR] LogOutputStream:75 - [STDERR_REDIRECT] 
2026-10-06 15:25:26,655 [ERROR] LogOutputStream:75 - [STDERR_REDIRECT] [Fatal Error] :1:1: Premature end of file.
2026-10-06 15:25:26,655 [ERROR] LogOutputStream:75 - [STDERR_REDIRECT] 
2026-10-06 15:25:27,661 [ERROR] LogOutputStream:75 - [STDERR_REDIRECT] [Fatal Error] :1:1: Premature end of file.
2026-10-06 15:25:27,661 [ERROR] LogOutputStream:75 - [STDERR_REDIRECT] 
2026-10-06 15:25:28,667 [ERROR] LogOutputStream:75 - [STDERR_REDIRECT] [Fatal Error] :1:1: Premature end of file.
2026-10-06 15:25:28,667 [ERROR] LogOutputStream:75 - [STDERR_REDIRECT] 
2026-10-06 15:25:29,673 [ERROR] LogOutputStream:75 - [STDERR_REDIRECT] [Fatal Error] :1:1: Premature end of file.
2026-10-06 15:25:29,673 [ERROR] LogOutputStream:75 - [STDERR_REDIRECT] 
2026-10-06 15:25:30,662 [ERROR] LogOutputStream:75 - [STDERR_REDIRECT] [Fatal Error] :1:1: Premature end of file.
2026-10-06 15:25:30,662 [ERROR] LogOutputStream:75 - [STDERR_REDIRECT] 
2026-10-06 15:25:31,658 [ERROR] LogOutputStream:75 - [STDERR_REDIRECT] [Fatal Error] :1:1: Premature end of file.
2026-10-06 15:25:31,658 [ERROR] LogOutputStream:75 - [STDERR_REDIRECT] 
2026-10-06 15:25:32,648 [ERROR] LogOutputStream:75 - [STDERR_REDIRECT] [Fatal Error] :1:1: Premature end of file.
2026-10-06 15:25:32,648 [ERROR] LogOutputStream:75 - [STDERR_REDIRECT] 
2026-10-06 15:25:33,662 [ERROR] LogOutputStream:75 - [STDERR_REDIRECT] [Fatal Error] :1:1: Premature end of file.
2026-10-06 15:25:33,662 [ERROR] LogOutputStream:75 - [STDERR_REDIRECT] 
2026-10-06 15:25:34,656 [ERROR] LogOutputStream:75 - [STDERR_REDIRECT] [Fatal Error] :1:1: Premature end of file.
2026-10-06 15:25:34,656 [ERROR] LogOutputStream:75 - [STDERR_REDIRECT] 
2026-10-06 15:25:35,670 [ERROR] LogOutputStream:75 - [STDERR_REDIRECT] [Fatal Error] :1:1: Premature end of file.
2026-10-06 15:25:35,670 [ERROR] LogOutputStream:75 - [STDERR_REDIRECT] 
2026-10-06 15:25:36,666 [ERROR] LogOutputStream:75 - [STDERR_REDIRECT] [Fatal Error] :1:1: Premature end of file.
2026-10-06 15:25:36,666 [ERROR] LogOutputStream:75 - [STDERR_REDIRECT] 
2026-10-06 15:25:37,674 [ERROR] LogOutputStream:75 - [STDERR_REDIRECT] [Fatal Error] :1:1: Premature end of file.
2026-10-06 15:25:37,674 [ERROR] LogOutputStream:75 - [STDERR_REDIRECT] 
2026-10-06 15:25:38,665 [ERROR] LogOutputStream:75 - [STDERR_REDIRECT] [Fatal Error] :1:1: Premature end of file.
2026-10-06 15:25:38,665 [ERROR] LogOutputStream:75 - [STDERR_REDIRECT] 
2026-10-06 15:25:39,666 [ERROR] LogOutputStream:75 - [STDERR_REDIRECT] [Fatal Error] :1:1: Premature end of file.
2026-10-06 15:25:39,666 [ERROR] LogOutputStream:75 - [STDERR_REDIRECT] 
2026-10-06 15:25:40,665 [ERROR] LogOutputStream:75 - [STDERR_REDIRECT] [Fatal Error] :1:1: Premature end of file.
2026-10-06 15:25:40,665 [ERROR] LogOutputStream:75 - [STDERR_REDIRECT] 
2026-10-06 15:25:41,667 [ERROR] LogOutputStream:75 - [STDERR_REDIRECT] [Fatal Error] :1:1: Premature end of file.
2026-10-06 15:25:41,667 [ERROR] LogOutputStream:75 - [STDERR_REDIRECT] 
2026-10-06 15:25:42,649 [ERROR] LogOutputStream:75 - [STDERR_REDIRECT] [Fatal Error] :1:1: Premature end of file.
2026-10-06 15:25:42,650 [ERROR] LogOutputStream:75 - [STDERR_REDIRECT] 
2026-10-06 15:25:43,649 [ERROR] LogOutputStream:75 - [STDERR_REDIRECT] [Fatal Error] :1:1: Premature end of file.
2026-10-06 15:25:43,649 [ERROR] LogOutputStream:75 - [STDERR_REDIRECT] 
2026-10-06 15:25:44,672 [ERROR] LogOutputStream:75 - [STDERR_REDIRECT] [Fatal Error] :1:1: Premature end of file.
2026-10-06 15:25:44,672 [ERROR] LogOutputStream:75 - [STDERR_REDIRECT] 
2026-10-06 15:25:45,668 [ERROR] LogOutputStream:75 - [STDERR_REDIRECT] [Fatal Error] :1:1: Premature end of file.
2026-10-06 15:25:45,669 [ERROR] LogOutputStream:75 - [STDERR_REDIRECT] 
2026-10-06 15:25:46,665 [ERROR] LogOutputStream:75 - [STDERR_REDIRECT] [Fatal Error] :1:1: Premature end of file.
2026-10-06 15:25:46,666 [ERROR] LogOutputStream:75 - [STDERR_REDIRECT] 
2026-10-06 15:25:47,669 [ERROR] LogOutputStream:75 - [STDERR_REDIRECT] [Fatal Error] :1:1: Premature end of file.
2026-10-06 15:25:47,669 [ERROR] LogOutputStream:75 - [STDERR_REDIRECT] 
2026-10-06 15:25:48,651 [ERROR] LogOutputStream:75 - [STDERR_REDIRECT] [Fatal Error] :1:1: Premature end of file.
2026-10-06 15:25:48,652 [ERROR] LogOutputStream:75 - [STDERR_REDIRECT] 
2026-10-06 15:25:49,659 [ERROR] LogOutputStream:75 - [STDERR_REDIRECT] [Fatal Error] :1:1: Premature end of file.
2026-10-06 15:25:49,659 [ERROR] LogOutputStream:75 - [STDERR_REDIRECT] 
2026-10-06 15:25:50,671 [ERROR] LogOutputStream:75 - [STDERR_REDIRECT] [Fatal Error] :1:1: Premature end of file.
2026-10-06 15:25:50,671 [ERROR] LogOutputStream:75 - [STDERR_REDIRECT] 
2026-10-06 15:25:51,669 [ERROR] LogOutputStream:75 - [STDERR_REDIRECT] [Fatal Error] :1:1: Premature end of file.
2026-10-06 15:25:51,669 [ERROR] LogOutputStream:75 - [STDERR_REDIRECT] 
2026-10-06 15:25:52,659 [ERROR] LogOutputStream:75 - [STDERR_REDIRECT] [Fatal Error] :1:1: Premature end of file.
2026-10-06 15:25:52,659 [ERROR] LogOutputStream:75 - [STDERR_REDIRECT] 
2026-10-06 15:25:53,675 [ERROR] LogOutputStream:75 - [STDERR_REDIRECT] [Fatal Error] :1:1: Premature end of file.
2026-10-06 15:25:53,675 [ERROR] LogOutputStream:75 - [STDERR_REDIRECT] 
2026-10-06 15:25:54,672 [ERROR] LogOutputStream:75 - [STDERR_REDIRECT] [Fatal Error] :1:1: Premature end of file.
2026-10-06 15:25:54,672 [ERROR] LogOutputStream:75 - [STDERR_REDIRECT] 
2026-10-06 15:25:55,664 [ERROR] LogOutputStream:75 - [STDERR_REDIRECT] [Fatal Error] :1:1: Premature end of file.
2026-10-06 15:25:55,664 [ERROR] LogOutputStream:75 - [STDERR_REDIRECT] 
2026-10-06 15:25:56,662 [ERROR] LogOutputStream:75 - [STDERR_REDIRECT] [Fatal Error] :1:1: Premature end of file.
2026-10-06 15:25:56,662 [ERROR] LogOutputStream:75 - [STDERR_REDIRECT] 
2026-10-06 15:25:57,659 [ERROR] LogOutputStream:75 - [STDERR_REDIRECT] [Fatal Error] :1:1: Premature end of file.
2026-10-06 15:25:57,659 [ERROR] LogOutputStream:75 - [STDERR_REDIRECT] 
2026-10-06 15:25:58,664 [ERROR] LogOutputStream:75 - [STDERR_REDIRECT] [Fatal Error] :1:1: Premature end of file.
2026-10-06 15:25:58,664 [ERROR] LogOutputStream:75 - [STDERR_REDIRECT] 
2026-10-06 15:25:59,676 [ERROR] LogOutputStream:75 - [STDERR_REDIRECT] [Fatal Error] :1:1: Premature end of file.
2026-10-06 15:25:59,677 [ERROR] LogOutputStream:75 - [STDERR_REDIRECT] 
2026-10-06 15:26:00,660 [ERROR] LogOutputStream:75 - [STDERR_REDIRECT] [Fatal Error] :1:1: Premature end of file.
2026-10-06 15:26:00,660 [ERROR] LogOutputStream:75 - [STDERR_REDIRECT] 
2026-10-06 15:26:01,671 [ERROR] LogOutputStream:75 - [STDERR_REDIRECT] [Fatal Error] :1:1: Premature end of file.
2026-10-06 15:26:01,671 [ERROR] LogOutputStream:75 - [STDERR_REDIRECT] 
2026-10-06 15:26:02,662 [ERROR] LogOutputStream:75 - [STDERR_REDIRECT] [Fatal Error] :1:1: Premature end of file.
2026-10-06 15:26:02,662 [ERROR] LogOutputStream:75 - [STDERR_REDIRECT] 
2026-10-06 15:26:03,659 [ERROR] LogOutputStream:75 - [STDERR_REDIRECT] [Fatal Error] :1:1: Premature end of file.
2026-10-06 15:26:03,660 [ERROR] LogOutputStream:75 - [STDERR_REDIRECT] 
2026-10-06 15:26:04,653 [ERROR] LogOutputStream:75 - [STDERR_REDIRECT] [Fatal Error] :1:1: Premature end of file.
2026-10-06 15:26:04,653 [ERROR] LogOutputStream:75 - [STDERR_REDIRECT] 
2026-10-06 15:26:05,670 [ERROR] LogOutputStream:75 - [STDERR_REDIRECT] [Fatal Error] :1:1: Premature end of file.
2026-10-06 15:26:05,670 [ERROR] LogOutputStream:75 - [STDERR_REDIRECT] 
2026-10-06 15:26:06,660 [ERROR] LogOutputStream:75 - [STDERR_REDIRECT] [Fatal Error] :1:1: Premature end of file.
2026-10-06 15:26:06,660 [ERROR] LogOutputStream:75 - [STDERR_REDIRECT] 
2026-10-06 15:26:07,658 [ERROR] LogOutputStream:75 - [STDERR_REDIRECT] [Fatal Error] :1:1: Premature end of file.
2026-10-06 15:26:07,658 [ERROR] LogOutputStream:75 - [STDERR_REDIRECT] 
2026-10-06 15:26:08,663 [ERROR] LogOutputStream:75 - [STDERR_REDIRECT] [Fatal Error] :1:1: Premature end of file.
2026-10-06 15:26:08,663 [ERROR] LogOutputStream:75 - [STDERR_REDIRECT] 
2026-10-06 15:26:09,665 [ERROR] LogOutputStream:75 - [STDERR_REDIRECT] [Fatal Error] :1:1: Premature end of file.
2026-10-06 15:26:09,665 [ERROR] LogOutputStream:75 - [STDERR_REDIRECT] 
2026-10-06 15:26:10,674 [ERROR] LogOutputStream:75 - [STDERR_REDIRECT] [Fatal Error] :1:1: Premature end of file.
2026-10-06 15:26:10,674 [ERROR] LogOutputStream:75 - [STDERR_REDIRECT] 
2026-10-06 15:26:11,659 [ERROR] LogOutputStream:75 - [STDERR_REDIRECT] [Fatal Error] :1:1: Premature end of file.
2026-10-06 15:26:11,659 [ERROR] LogOutputStream:75 - [STDERR_REDIRECT] 
2026-10-06 15:26:12,671 [ERROR] LogOutputStream:75 - [STDERR_REDIRECT] [Fatal Error] :1:1: Premature end of file.
2026-10-06 15:26:12,671 [ERROR] LogOutputStream:75 - [STDERR_REDIRECT] 
2026-10-06 15:26:13,670 [ERROR] LogOutputStream:75 - [STDERR_REDIRECT] [Fatal Error] :1:1: Premature end of file.
2026-10-06 15:26:13,671 [ERROR] LogOutputStream:75 - [STDERR_REDIRECT] 
2026-10-06 15:26:14,671 [ERROR] LogOutputStream:75 - [STDERR_REDIRECT] [Fatal Error] :1:1: Premature end of file.
2026-10-06 15:26:14,671 [ERROR] LogOutputStream:75 - [STDERR_REDIRECT] 
2026-10-06 15:26:15,668 [ERROR] LogOutputStream:75 - [STDERR_REDIRECT] [Fatal Error] :1:1: Premature end of file.
2026-10-06 15:26:15,668 [ERROR] LogOutputStream:75 - [STDERR_REDIRECT] 
2026-10-06 15:26:16,666 [ERROR] LogOutputStream:75 - [STDERR_REDIRECT] [Fatal Error] :1:1: Premature end of file.
2026-10-06 15:26:16,666 [ERROR] LogOutputStream:75 - [STDERR_REDIRECT] 
2026-10-06 15:26:17,664 [ERROR] LogOutputStream:75 - [STDERR_REDIRECT] [Fatal Error] :1:1: Premature end of file.
2026-10-06 15:26:17,664 [ERROR] LogOutputStream:75 - [STDERR_REDIRECT] 
2026-10-06 15:26:18,675 [ERROR] LogOutputStream:75 - [STDERR_REDIRECT] [Fatal Error] :1:1: Premature end of file.
2026-10-06 15:26:18,675 [ERROR] LogOutputStream:75 - [STDERR_REDIRECT] 
2026-10-06 15:26:19,676 [ERROR] LogOutputStream:75 - [STDERR_REDIRECT] [Fatal Error] :1:1: Premature end of file.
2026-10-06 15:26:19,676 [ERROR] LogOutputStream:75 - [STDERR_REDIRECT] 
2026-10-06 15:26:20,668 [ERROR] LogOutputStream:75 - [STDERR_REDIRECT] [Fatal Error] :1:1: Premature end of file.
2026-10-06 15:26:20,669 [ERROR] LogOutputStream:75 - [STDERR_REDIRECT] 
2026-10-06 15:26:21,663 [ERROR] LogOutputStream:75 - [STDERR_REDIRECT] [Fatal Error] :1:1: Premature end of file.
2026-10-06 15:26:21,663 [ERROR] LogOutputStream:75 - [STDERR_REDIRECT] 
2026-10-06 15:26:22,658 [ERROR] LogOutputStream:75 - [STDERR_REDIRECT] [Fatal Error] :1:1: Premature end of file.
2026-10-06 15:26:22,658 [ERROR] LogOutputStream:75 - [STDERR_REDIRECT] 
2026-10-06 15:26:23,659 [ERROR] LogOutputStream:75 - [STDERR_REDIRECT] [Fatal Error] :1:1: Premature end of file.
2026-10-06 15:26:23,659 [ERROR] LogOutputStream:75 - [STDERR_REDIRECT] 
2026-10-06 15:26:24,675 [ERROR] LogOutputStream:75 - [STDERR_REDIRECT] [Fatal Error] :1:1: Premature end of file.
2026-10-06 15:26:24,675 [ERROR] LogOutputStream:75 - [STDERR_REDIRECT] 
2026-10-06 15:26:25,673 [ERROR] LogOutputStream:75 - [STDERR_REDIRECT] [Fatal Error] :1:1: Premature end of file.
2026-10-06 15:26:25,674 [ERROR] LogOutputStream:75 - [STDERR_REDIRECT] 
2026-10-06 15:26:26,673 [ERROR] LogOutputStream:75 - [STDERR_REDIRECT] [Fatal Error] :1:1: Premature end of file.
2026-10-06 15:26:26,673 [ERROR] LogOutputStream:75 - [STDERR_REDIRECT] 
2026-10-06 15:26:27,670 [ERROR] LogOutputStream:75 - [STDERR_REDIRECT] [Fatal Error] :1:1: Premature end of file.
2026-10-06 15:26:27,670 [ERROR] LogOutputStream:75 - [STDERR_REDIRECT] 
2026-10-06 15:26:28,660 [ERROR] LogOutputStream:75 - [STDERR_REDIRECT] [Fatal Error] :1:1: Premature end of file.
2026-10-06 15:26:28,660 [ERROR] LogOutputStream:75 - [STDERR_REDIRECT] 
2026-10-06 15:26:29,648 [ERROR] LogOutputStream:75 - [STDERR_REDIRECT] [Fatal Error] :1:1: Premature end of file.
2026-10-06 15:26:29,649 [ERROR] LogOutputStream:75 - [STDERR_REDIRECT] 
2026-10-06 15:26:30,660 [ERROR] LogOutputStream:75 - [STDERR_REDIRECT] [Fatal Error] :1:1: Premature end of file.
2026-10-06 15:26:30,660 [ERROR] LogOutputStream:75 - [STDERR_REDIRECT] 
2026-10-06 15:26:31,657 [ERROR] LogOutputStream:75 - [STDERR_REDIRECT] [Fatal Error] :1:1: Premature end of file.
2026-10-06 15:26:31,657 [ERROR] LogOutputStream:75 - [STDERR_REDIRECT] 
2026-10-06 15:26:32,678 [ERROR] LogOutputStream:75 - [STDERR_REDIRECT] [Fatal Error] :1:1: Premature end of file.
2026-10-06 15:26:32,679 [ERROR] LogOutputStream:75 - [STDERR_REDIRECT] 
2026-10-06 15:26:33,669 [ERROR] LogOutputStream:75 - [STDERR_REDIRECT] [Fatal Error] :1:1: Premature end of file.
2026-10-06 15:26:33,669 [ERROR] LogOutputStream:75 - [STDERR_REDIRECT] 
2026-10-06 15:26:34,666 [ERROR] LogOutputStream:75 - [STDERR_REDIRECT] [Fatal Error] :1:1: Premature end of file.
2026-10-06 15:26:34,666 [ERROR] LogOutputStream:75 - [STDERR_REDIRECT] 
2026-10-06 15:26:35,669 [ERROR] LogOutputStream:75 - [STDERR_REDIRECT] [Fatal Error] :1:1: Premature end of file.
2026-10-06 15:26:35,669 [ERROR] LogOutputStream:75 - [STDERR_REDIRECT] 
2026-10-06 15:26:36,670 [ERROR] LogOutputStream:75 - [STDERR_REDIRECT] [Fatal Error] :1:1: Premature end of file.
2026-10-06 15:26:36,671 [ERROR] LogOutputStream:75 - [STDERR_REDIRECT] 
2026-10-06 15:26:37,675 [ERROR] LogOutputStream:75 - [STDERR_REDIRECT] [Fatal Error] :1:1: Premature end of file.
2026-10-06 15:26:37,675 [ERROR] LogOutputStream:75 - [STDERR_REDIRECT] 
2026-10-06 15:26:38,658 [ERROR] LogOutputStream:75 - [STDERR_REDIRECT] [Fatal Error] :1:1: Premature end of file.
2026-10-06 15:26:38,658 [ERROR] LogOutputStream:75 - [STDERR_REDIRECT] 
2026-10-06 15:26:39,660 [ERROR] LogOutputStream:75 - [STDERR_REDIRECT] [Fatal Error] :1:1: Premature end of file.
2026-10-06 15:26:39,660 [ERROR] LogOutputStream:75 - [STDERR_REDIRECT] 
2026-10-06 15:26:40,661 [ERROR] LogOutputStream:75 - [STDERR_REDIRECT] [Fatal Error] :1:1: Premature end of file.
2026-10-06 15:26:40,661 [ERROR] LogOutputStream:75 - [STDERR_REDIRECT] 
2026-10-06 15:26:41,661 [ERROR] LogOutputStream:75 - [STDERR_REDIRECT] [Fatal Error] :1:1: Premature end of file.
2026-10-06 15:26:41,661 [ERROR] LogOutputStream:75 - [STDERR_REDIRECT] 
2026-10-06 15:26:42,647 [ERROR] LogOutputStream:75 - [STDERR_REDIRECT] [Fatal Error] :1:1: Premature end of file.
2026-10-06 15:26:42,647 [ERROR] LogOutputStream:75 - [STDERR_REDIRECT] 
2026-10-06 15:26:43,672 [ERROR] LogOutputStream:75 - [STDERR_REDIRECT] [Fatal Error] :1:1: Premature end of file.
2026-10-06 15:26:43,672 [ERROR] LogOutputStream:75 - [STDERR_REDIRECT] 
2026-10-06 15:26:44,664 [ERROR] LogOutputStream:75 - [STDERR_REDIRECT] [Fatal Error] :1:1: Premature end of file.
2026-10-06 15:26:44,664 [ERROR] LogOutputStream:75 - [STDERR_REDIRECT] 
2026-10-06 15:26:45,662 [ERROR] LogOutputStream:75 - [STDERR_REDIRECT] [Fatal Error] :1:1: Premature end of file.
2026-10-06 15:26:45,663 [ERROR] LogOutputStream:75 - [STDERR_REDIRECT] 
2026-10-06 15:26:46,655 [ERROR] LogOutputStream:75 - [STDERR_REDIRECT] [Fatal Error] :1:1: Premature end of file.
2026-10-06 15:26:46,655 [ERROR] LogOutputStream:75 - [STDERR_REDIRECT] 
2026-10-06 15:26:47,658 [ERROR] LogOutputStream:75 - [STDERR_REDIRECT] [Fatal Error] :1:1: Premature end of file.
2026-10-06 15:26:47,658 [ERROR] LogOutputStream:75 - [STDERR_REDIRECT] 
2026-10-06 15:26:48,651 [ERROR] LogOutputStream:75 - [STDERR_REDIRECT] [Fatal Error] :1:1: Premature end of file.
2026-10-06 15:26:48,651 [ERROR] LogOutputStream:75 - [STDERR_REDIRECT] 
2026-10-06 15:26:49,665 [ERROR] LogOutputStream:75 - [STDERR_REDIRECT] [Fatal Error] :1:1: Premature end of file.
2026-10-06 15:26:49,666 [ERROR] LogOutputStream:75 - [STDERR_REDIRECT] 
2026-10-06 15:26:50,664 [ERROR] LogOutputStream:75 - [STDERR_REDIRECT] [Fatal Error] :1:1: Premature end of file.
2026-10-06 15:26:50,664 [ERROR] LogOutputStream:75 - [STDERR_REDIRECT] 
2026-10-06 15:26:51,667 [ERROR] LogOutputStream:75 - [STDERR_REDIRECT] [Fatal Error] :1:1: Premature end of file.
2026-10-06 15:26:51,667 [ERROR] LogOutputStream:75 - [STDERR_REDIRECT] 
2026-10-06 15:26:52,667 [ERROR] LogOutputStream:75 - [STDERR_REDIRECT] [Fatal Error] :1:1: Premature end of file.
2026-10-06 15:26:52,667 [ERROR] LogOutputStream:75 - [STDERR_REDIRECT] 
2026-10-06 15:26:53,668 [ERROR] LogOutputStream:75 - [STDERR_REDIRECT] [Fatal Error] :1:1: Premature end of file.
2026-10-06 15:26:53,668 [ERROR] LogOutputStream:75 - [STDERR_REDIRECT] 
2026-10-06 15:26:54,656 [ERROR] LogOutputStream:75 - [STDERR_REDIRECT] [Fatal Error] :1:1: Premature end of file.
2026-10-06 15:26:54,656 [ERROR] LogOutputStream:75 - [STDERR_REDIRECT] 
2026-10-06 15:26:55,655 [ERROR] LogOutputStream:75 - [STDERR_REDIRECT] [Fatal Error] :1:1: Premature end of file.
2026-10-06 15:26:55,655 [ERROR] LogOutputStream:75 - [STDERR_REDIRECT] 
2026-10-06 15:26:56,672 [ERROR] LogOutputStream:75 - [STDERR_REDIRECT] [Fatal Error] :1:1: Premature end of file.
2026-10-06 15:26:56,672 [ERROR] LogOutputStream:75 - [STDERR_REDIRECT] 
2026-10-06 15:26:57,662 [ERROR] LogOutputStream:75 - [STDERR_REDIRECT] [Fatal Error] :1:1: Premature end of file.
2026-10-06 15:26:57,663 [ERROR] LogOutputStream:75 - [STDERR_REDIRECT] 
2026-10-06 15:26:58,665 [ERROR] LogOutputStream:75 - [STDERR_REDIRECT] [Fatal Error] :1:1: Premature end of file.
2026-10-06 15:26:58,665 [ERROR] LogOutputStream:75 - [STDERR_REDIRECT] 
2026-10-06 15:26:59,667 [ERROR] LogOutputStream:75 - [STDERR_REDIRECT] [Fatal Error] :1:1: Premature end of file.
2026-10-06 15:26:59,667 [ERROR] LogOutputStream:75 - [STDERR_REDIRECT] 
2026-10-06 15:27:00,665 [ERROR] LogOutputStream:75 - [STDERR_REDIRECT] [Fatal Error] :1:1: Premature end of file.
2026-10-06 15:27:00,665 [ERROR] LogOutputStream:75 - [STDERR_REDIRECT] 
2026-10-06 15:27:01,669 [ERROR] LogOutputStream:75 - [STDERR_REDIRECT] [Fatal Error] :1:1: Premature end of file.
2026-10-06 15:27:01,669 [ERROR] LogOutputStream:75 - [STDERR_REDIRECT] 
2026-10-06 15:27:02,668 [ERROR] LogOutputStream:75 - [STDERR_REDIRECT] [Fatal Error] :1:1: Premature end of file.
2026-10-06 15:27:02,668 [ERROR] LogOutputStream:75 - [STDERR_REDIRECT] 
2026-10-06 15:27:03,663 [ERROR] LogOutputStream:75 - [STDERR_REDIRECT] [Fatal Error] :1:1: Premature end of file.
2026-10-06 15:27:03,663 [ERROR] LogOutputStream:75 - [STDERR_REDIRECT] 
2026-10-06 15:27:04,660 [ERROR] LogOutputStream:75 - [STDERR_REDIRECT] [Fatal Error] :1:1: Premature end of file.
2026-10-06 15:27:04,660 [ERROR] LogOutputStream:75 - [STDERR_REDIRECT] 
2026-10-06 15:27:05,678 [ERROR] LogOutputStream:75 - [STDERR_REDIRECT] [Fatal Error] :1:1: Premature end of file.
2026-10-06 15:27:05,679 [ERROR] LogOutputStream:75 - [STDERR_REDIRECT] 
2026-10-06 15:27:06,664 [ERROR] LogOutputStream:75 - [STDERR_REDIRECT] [Fatal Error] :1:1: Premature end of file.
2026-10-06 15:27:06,664 [ERROR] LogOutputStream:75 - [STDERR_REDIRECT] 
2026-10-06 15:27:07,660 [ERROR] LogOutputStream:75 - [STDERR_REDIRECT] [Fatal Error] :1:1: Premature end of file.
2026-10-06 15:27:07,660 [ERROR] LogOutputStream:75 - [STDERR_REDIRECT] 
2026-10-06 15:27:08,657 [ERROR] LogOutputStream:75 - [STDERR_REDIRECT] [Fatal Error] :1:1: Premature end of file.
2026-10-06 15:27:08,657 [ERROR] LogOutputStream:75 - [STDERR_REDIRECT] 
2026-10-06 15:27:09,668 [ERROR] LogOutputStream:75 - [STDERR_REDIRECT] [Fatal Error] :1:1: Premature end of file.
2026-10-06 15:27:09,668 [ERROR] LogOutputStream:75 - [STDERR_REDIRECT] 
2026-10-06 15:27:10,659 [ERROR] LogOutputStream:75 - [STDERR_REDIRECT] [Fatal Error] :1:1: Premature end of file.
2026-10-06 15:27:10,659 [ERROR] LogOutputStream:75 - [STDERR_REDIRECT] 
2026-10-06 15:27:11,653 [ERROR] LogOutputStream:75 - [STDERR_REDIRECT] [Fatal Error] :1:1: Premature end of file.
2026-10-06 15:27:11,653 [ERROR] LogOutputStream:75 - [STDERR_REDIRECT] 
2026-10-06 15:27:12,660 [ERROR] LogOutputStream:75 - [STDERR_REDIRECT] [Fatal Error] :1:1: Premature end of file.
2026-10-06 15:27:12,661 [ERROR] LogOutputStream:75 - [STDERR_REDIRECT] 
2026-10-06 15:27:13,649 [ERROR] LogOutputStream:75 - [STDERR_REDIRECT] [Fatal Error] :1:1: Premature end of file.
2026-10-06 15:27:13,649 [ERROR] LogOutputStream:75 - [STDERR_REDIRECT] 
2026-10-06 15:27:14,661 [ERROR] LogOutputStream:75 - [STDERR_REDIRECT] [Fatal Error] :1:1: Premature end of file.
2026-10-06 15:27:14,661 [ERROR] LogOutputStream:75 - [STDERR_REDIRECT] 
2026-10-06 15:27:15,668 [ERROR] LogOutputStream:75 - [STDERR_REDIRECT] [Fatal Error] :1:1: Premature end of file.
2026-10-06 15:27:15,668 [ERROR] LogOutputStream:75 - [STDERR_REDIRECT] 
2026-10-06 15:27:16,667 [ERROR] LogOutputStream:75 - [STDERR_REDIRECT] [Fatal Error] :1:1: Premature end of file.
2026-10-06 15:27:16,667 [ERROR] LogOutputStream:75 - [STDERR_REDIRECT] 
2026-10-06 15:27:17,669 [ERROR] LogOutputStream:75 - [STDERR_REDIRECT] [Fatal Error] :1:1: Premature end of file.
2026-10-06 15:27:17,669 [ERROR] LogOutputStream:75 - [STDERR_REDIRECT] 
2026-10-06 15:27:18,666 [ERROR] LogOutputStream:75 - [STDERR_REDIRECT] [Fatal Error] :1:1: Premature end of file.
2026-10-06 15:27:18,666 [ERROR] LogOutputStream:75 - [STDERR_REDIRECT] 
2026-10-06 15:27:19,651 [ERROR] LogOutputStream:75 - [STDERR_REDIRECT] [Fatal Error] :1:1: Premature end of file.
2026-10-06 15:27:19,651 [ERROR] LogOutputStream:75 - [STDERR_REDIRECT] 
2026-10-06 15:27:20,670 [ERROR] LogOutputStream:75 - [STDERR_REDIRECT] [Fatal Error] :1:1: Premature end of file.
2026-10-06 15:27:20,670 [ERROR] LogOutputStream:75 - [STDERR_REDIRECT] 
2026-10-06 15:27:21,669 [ERROR] LogOutputStream:75 - [STDERR_REDIRECT] [Fatal Error] :1:1: Premature end of file.
2026-10-06 15:27:21,669 [ERROR] LogOutputStream:75 - [STDERR_REDIRECT] 
2026-10-06 15:27:22,669 [ERROR] LogOutputStream:75 - [STDERR_REDIRECT] [Fatal Error] :1:1: Premature end of file.
2026-10-06 15:27:22,670 [ERROR] LogOutputStream:75 - [STDERR_REDIRECT] 
2026-10-06 15:27:23,650 [ERROR] LogOutputStream:75 - [STDERR_REDIRECT] [Fatal Error] :1:1: Premature end of file.
2026-10-06 15:27:23,650 [ERROR] LogOutputStream:75 - [STDERR_REDIRECT] 
2026-10-06 15:27:24,675 [ERROR] LogOutputStream:75 - [STDERR_REDIRECT] [Fatal Error] :1:1: Premature end of file.
2026-10-06 15:27:24,675 [ERROR] LogOutputStream:75 - [STDERR_REDIRECT] 
2026-10-06 15:27:25,655 [ERROR] LogOutputStream:75 - [STDERR_REDIRECT] [Fatal Error] :1:1: Premature end of file.
2026-10-06 15:27:25,655 [ERROR] LogOutputStream:75 - [STDERR_REDIRECT] 
2026-10-06 15:27:26,661 [ERROR] LogOutputStream:75 - [STDERR_REDIRECT] [Fatal Error] :1:1: Premature end of file.
2026-10-06 15:27:26,661 [ERROR] LogOutputStream:75 - [STDERR_REDIRECT] 
2026-10-06 15:27:27,662 [ERROR] LogOutputStream:75 - [STDERR_REDIRECT] [Fatal Error] :1:1: Premature end of file.
2026-10-06 15:27:27,662 [ERROR] LogOutputStream:75 - [STDERR_REDIRECT] 
2026-10-06 15:27:28,663 [ERROR] LogOutputStream:75 - [STDERR_REDIRECT] [Fatal Error] :1:1: Premature end of file.
2026-10-06 15:27:28,663 [ERROR] LogOutputStream:75 - [STDERR_REDIRECT] 
2026-10-06 15:27:29,665 [ERROR] LogOutputStream:75 - [STDERR_REDIRECT] [Fatal Error] :1:1: Premature end of file.
2026-10-06 15:27:29,665 [ERROR] LogOutputStream:75 - [STDERR_REDIRECT] 
2026-10-06 15:27:30,661 [ERROR] LogOutputStream:75 - [STDERR_REDIRECT] [Fatal Error] :1:1: Premature end of file.
2026-10-06 15:27:30,661 [ERROR] LogOutputStream:75 - [STDERR_REDIRECT] 
2026-10-06 15:27:31,660 [ERROR] LogOutputStream:75 - [STDERR_REDIRECT] [Fatal Error] :1:1: Premature end of file.
2026-10-06 15:27:31,660 [ERROR] LogOutputStream:75 - [STDERR_REDIRECT] 
2026-10-06 15:27:32,671 [ERROR] LogOutputStream:75 - [STDERR_REDIRECT] [Fatal Error] :1:1: Premature end of file.
2026-10-06 15:27:32,671 [ERROR] LogOutputStream:75 - [STDERR_REDIRECT] 
2026-10-06 15:27:33,667 [ERROR] LogOutputStream:75 - [STDERR_REDIRECT] [Fatal Error] :1:1: Premature end of file.
2026-10-06 15:27:33,667 [ERROR] LogOutputStream:75 - [STDERR_REDIRECT] 
2026-10-06 15:27:34,657 [ERROR] LogOutputStream:75 - [STDERR_REDIRECT] [Fatal Error] :1:1: Premature end of file.
2026-10-06 15:27:34,657 [ERROR] LogOutputStream:75 - [STDERR_REDIRECT] 
2026-10-06 15:27:35,654 [ERROR] LogOutputStream:75 - [STDERR_REDIRECT] [Fatal Error] :1:1: Premature end of file.
2026-10-06 15:27:35,654 [ERROR] LogOutputStream:75 - [STDERR_REDIRECT] 
2026-10-06 15:27:36,649 [ERROR] LogOutputStream:75 - [STDERR_REDIRECT] [Fatal Error] :1:1: Premature end of file.
2026-10-06 15:27:36,650 [ERROR] LogOutputStream:75 - [STDERR_REDIRECT] 
2026-10-06 15:27:37,673 [ERROR] LogOutputStream:75 - [STDERR_REDIRECT] [Fatal Error] :1:1: Premature end of file.
2026-10-06 15:27:37,673 [ERROR] LogOutputStream:75 - [STDERR_REDIRECT] 
2026-10-06 15:27:38,660 [ERROR] LogOutputStream:75 - [STDERR_REDIRECT] [Fatal Error] :1:1: Premature end of file.
2026-10-06 15:27:38,660 [ERROR] LogOutputStream:75 - [STDERR_REDIRECT] 
2026-10-06 15:27:39,664 [ERROR] LogOutputStream:75 - [STDERR_REDIRECT] [Fatal Error] :1:1: Premature end of file.
2026-10-06 15:27:39,664 [ERROR] LogOutputStream:75 - [STDERR_REDIRECT] 
2026-10-06 15:27:40,655 [ERROR] LogOutputStream:75 - [STDERR_REDIRECT] [Fatal Error] :1:1: Premature end of file.
2026-10-06 15:27:40,655 [ERROR] LogOutputStream:75 - [STDERR_REDIRECT] 
2026-10-06 15:27:41,669 [ERROR] LogOutputStream:75 - [STDERR_REDIRECT] [Fatal Error] :1:1: Premature end of file.
2026-10-06 15:27:41,669 [ERROR] LogOutputStream:75 - [STDERR_REDIRECT] 
2026-10-06 15:27:42,652 [ERROR] LogOutputStream:75 - [STDERR_REDIRECT] [Fatal Error] :1:1: Premature end of file.
2026-10-06 15:27:42,652 [ERROR] LogOutputStream:75 - [STDERR_REDIRECT] 
2026-10-06 15:27:43,659 [ERROR] LogOutputStream:75 - [STDERR_REDIRECT] [Fatal Error] :1:1: Premature end of file.
2026-10-06 15:27:43,659 [ERROR] LogOutputStream:75 - [STDERR_REDIRECT] 
2026-10-06 15:27:44,668 [ERROR] LogOutputStream:75 - [STDERR_REDIRECT] [Fatal Error] :1:1: Premature end of file.
2026-10-06 15:27:44,668 [ERROR] LogOutputStream:75 - [STDERR_REDIRECT] 
2026-10-06 15:27:45,666 [ERROR] LogOutputStream:75 - [STDERR_REDIRECT] [Fatal Error] :1:1: Premature end of file.
2026-10-06 15:27:45,667 [ERROR] LogOutputStream:75 - [STDERR_REDIRECT] 
2026-10-06 15:27:46,662 [ERROR] LogOutputStream:75 - [STDERR_REDIRECT] [Fatal Error] :1:1: Premature end of file.
2026-10-06 15:27:46,662 [ERROR] LogOutputStream:75 - [STDERR_REDIRECT] 
2026-10-06 15:27:47,676 [ERROR] LogOutputStream:75 - [STDERR_REDIRECT] [Fatal Error] :1:1: Premature end of file.
2026-10-06 15:27:47,676 [ERROR] LogOutputStream:75 - [STDERR_REDIRECT] 
2026-10-06 15:27:48,663 [ERROR] LogOutputStream:75 - [STDERR_REDIRECT] [Fatal Error] :1:1: Premature end of file.
2026-10-06 15:27:48,663 [ERROR] LogOutputStream:75 - [STDERR_REDIRECT] 
2026-10-06 15:27:49,662 [ERROR] LogOutputStream:75 - [STDERR_REDIRECT] [Fatal Error] :1:1: Premature end of file.
2026-10-06 15:27:49,662 [ERROR] LogOutputStream:75 - [STDERR_REDIRECT] 
2026-10-06 15:27:50,655 [ERROR] LogOutputStream:75 - [STDERR_REDIRECT] [Fatal Error] :1:1: Premature end of file.
2026-10-06 15:27:50,655 [ERROR] LogOutputStream:75 - [STDERR_REDIRECT] 
2026-10-06 15:27:51,652 [ERROR] LogOutputStream:75 - [STDERR_REDIRECT] [Fatal Error] :1:1: Premature end of file.
2026-10-06 15:27:51,652 [ERROR] LogOutputStream:75 - [STDERR_REDIRECT] 
2026-10-06 15:27:52,671 [ERROR] LogOutputStream:75 - [STDERR_REDIRECT] [Fatal Error] :1:1: Premature end of file.
2026-10-06 15:27:52,671 [ERROR] LogOutputStream:75 - [STDERR_REDIRECT] 
2026-10-06 15:27:53,655 [ERROR] LogOutputStream:75 - [STDERR_REDIRECT] [Fatal Error] :1:1: Premature end of file.
2026-10-06 15:27:53,655 [ERROR] LogOutputStream:75 - [STDERR_REDIRECT] 
2026-10-06 15:27:54,654 [ERROR] LogOutputStream:75 - [STDERR_REDIRECT] [Fatal Error] :1:1: Premature end of file.
2026-10-06 15:27:54,654 [ERROR] LogOutputStream:75 - [STDERR_REDIRECT] 
2026-10-06 15:27:55,680 [ERROR] LogOutputStream:75 - [STDERR_REDIRECT] [Fatal Error] :1:1: Premature end of file.
2026-10-06 15:27:55,680 [ERROR] LogOutputStream:75 - [STDERR_REDIRECT] 
2026-10-06 15:27:56,668 [ERROR] LogOutputStream:75 - [STDERR_REDIRECT] [Fatal Error] :1:1: Premature end of file.
2026-10-06 15:27:56,669 [ERROR] LogOutputStream:75 - [STDERR_REDIRECT] 
2026-10-06 15:27:57,660 [ERROR] LogOutputStream:75 - [STDERR_REDIRECT] [Fatal Error] :1:1: Premature end of file.
2026-10-06 15:27:57,660 [ERROR] LogOutputStream:75 - [STDERR_REDIRECT] 
2026-10-06 15:27:58,656 [ERROR] LogOutputStream:75 - [STDERR_REDIRECT] [Fatal Error] :1:1: Premature end of file.
2026-10-06 15:27:58,656 [ERROR] LogOutputStream:75 - [STDERR_REDIRECT] 
2026-10-06 15:27:59,652 [ERROR] LogOutputStream:75 - [STDERR_REDIRECT] [Fatal Error] :1:1: Premature end of file.
2026-10-06 15:27:59,652 [ERROR] LogOutputStream:75 - [STDERR_REDIRECT] 
2026-10-06 15:28:00,646 [ERROR] LogOutputStream:75 - [STDERR_REDIRECT] [Fatal Error] :1:1: Premature end of file.
2026-10-06 15:28:00,647 [ERROR] LogOutputStream:75 - [STDERR_REDIRECT] 
2026-10-06 15:28:01,660 [ERROR] LogOutputStream:75 - [STDERR_REDIRECT] [Fatal Error] :1:1: Premature end of file.
2026-10-06 15:28:01,660 [ERROR] LogOutputStream:75 - [STDERR_REDIRECT] 
2026-10-06 15:28:02,658 [ERROR] LogOutputStream:75 - [STDERR_REDIRECT] [Fatal Error] :1:1: Premature end of file.
2026-10-06 15:28:02,658 [ERROR] LogOutputStream:75 - [STDERR_REDIRECT] 
2026-10-06 15:28:03,663 [ERROR] LogOutputStream:75 - [STDERR_REDIRECT] [Fatal Error] :1:1: Premature end of file.
2026-10-06 15:28:03,663 [ERROR] LogOutputStream:75 - [STDERR_REDIRECT] 
2026-10-06 15:28:04,653 [ERROR] LogOutputStream:75 - [STDERR_REDIRECT] [Fatal Error] :1:1: Premature end of file.
2026-10-06 15:28:04,653 [ERROR] LogOutputStream:75 - [STDERR_REDIRECT] 
2026-10-06 15:28:05,665 [ERROR] LogOutputStream:75 - [STDERR_REDIRECT] [Fatal Error] :1:1: Premature end of file.
2026-10-06 15:28:05,665 [ERROR] LogOutputStream:75 - [STDERR_REDIRECT] 
2026-10-06 15:28:06,658 [ERROR] LogOutputStream:75 - [STDERR_REDIRECT] [Fatal Error] :1:1: Premature end of file.
2026-10-06 15:28:06,658 [ERROR] LogOutputStream:75 - [STDERR_REDIRECT] 
2026-10-06 15:28:07,660 [ERROR] LogOutputStream:75 - [STDERR_REDIRECT] [Fatal Error] :1:1: Premature end of file.
2026-10-06 15:28:07,660 [ERROR] LogOutputStream:75 - [STDERR_REDIRECT] 
2026-10-06 15:28:08,655 [ERROR] LogOutputStream:75 - [STDERR_REDIRECT] [Fatal Error] :1:1: Premature end of file.
2026-10-06 15:28:08,655 [ERROR] LogOutputStream:75 - [STDERR_REDIRECT] 
2026-10-06 15:28:09,666 [ERROR] LogOutputStream:75 - [STDERR_REDIRECT] [Fatal Error] :1:1: Premature end of file.
2026-10-06 15:28:09,666 [ERROR] LogOutputStream:75 - [STDERR_REDIRECT] 
2026-10-06 15:28:10,657 [ERROR] LogOutputStream:75 - [STDERR_REDIRECT] [Fatal Error] :1:1: Premature end of file.
2026-10-06 15:28:10,657 [ERROR] LogOutputStream:75 - [STDERR_REDIRECT] 
2026-10-06 15:28:11,660 [ERROR] LogOutputStream:75 - [STDERR_REDIRECT] [Fatal Error] :1:1: Premature end of file.
2026-10-06 15:28:11,660 [ERROR] LogOutputStream:75 - [STDERR_REDIRECT] 
2026-10-06 15:28:12,655 [ERROR] LogOutputStream:75 - [STDERR_REDIRECT] [Fatal Error] :1:1: Premature end of file.
2026-10-06 15:28:12,656 [ERROR] LogOutputStream:75 - [STDERR_REDIRECT] 
2026-10-06 15:28:13,661 [ERROR] LogOutputStream:75 - [STDERR_REDIRECT] [Fatal Error] :1:1: Premature end of file.
2026-10-06 15:28:13,661 [ERROR] LogOutputStream:75 - [STDERR_REDIRECT] 
2026-10-06 15:28:14,666 [ERROR] LogOutputStream:75 - [STDERR_REDIRECT] [Fatal Error] :1:1: Premature end of file.
2026-10-06 15:28:14,666 [ERROR] LogOutputStream:75 - [STDERR_REDIRECT] 
2026-10-06 15:28:15,656 [ERROR] LogOutputStream:75 - [STDERR_REDIRECT] [Fatal Error] :1:1: Premature end of file.
2026-10-06 15:28:15,656 [ERROR] LogOutputStream:75 - [STDERR_REDIRECT] 
2026-10-06 15:28:16,656 [ERROR] LogOutputStream:75 - [STDERR_REDIRECT] [Fatal Error] :1:1: Premature end of file.
2026-10-06 15:28:16,656 [ERROR] LogOutputStream:75 - [STDERR_REDIRECT] 
2026-10-06 15:28:17,658 [ERROR] LogOutputStream:75 - [STDERR_REDIRECT] [Fatal Error] :1:1: Premature end of file.
2026-10-06 15:28:17,658 [ERROR] LogOutputStream:75 - [STDERR_REDIRECT] 
2026-10-06 15:28:18,666 [ERROR] LogOutputStream:75 - [STDERR_REDIRECT] [Fatal Error] :1:1: Premature end of file.
2026-10-06 15:28:18,666 [ERROR] LogOutputStream:75 - [STDERR_REDIRECT] 
2026-10-06 15:28:19,659 [ERROR] LogOutputStream:75 - [STDERR_REDIRECT] [Fatal Error] :1:1: Premature end of file.
2026-10-06 15:28:19,659 [ERROR] LogOutputStream:75 - [STDERR_REDIRECT] 
2026-10-06 15:28:20,667 [ERROR] LogOutputStream:75 - [STDERR_REDIRECT] [Fatal Error] :1:1: Premature end of file.
2026-10-06 15:28:20,667 [ERROR] LogOutputStream:75 - [STDERR_REDIRECT] 
2026-10-06 15:28:21,650 [ERROR] LogOutputStream:75 - [STDERR_REDIRECT] [Fatal Error] :1:1: Premature end of file.
2026-10-06 15:28:21,650 [ERROR] LogOutputStream:75 - [STDERR_REDIRECT] 
2026-10-06 15:28:22,665 [ERROR] LogOutputStream:75 - [STDERR_REDIRECT] [Fatal Error] :1:1: Premature end of file.
2026-10-06 15:28:22,665 [ERROR] LogOutputStream:75 - [STDERR_REDIRECT] 
2026-10-06 15:28:23,667 [ERROR] LogOutputStream:75 - [STDERR_REDIRECT] [Fatal Error] :1:1: Premature end of file.
2026-10-06 15:28:23,667 [ERROR] LogOutputStream:75 - [STDERR_REDIRECT] 
2026-10-06 15:28:24,661 [ERROR] LogOutputStream:75 - [STDERR_REDIRECT] [Fatal Error] :1:1: Premature end of file.
2026-10-06 15:28:24,661 [ERROR] LogOutputStream:75 - [STDERR_REDIRECT] 
2026-10-06 15:28:25,660 [ERROR] LogOutputStream:75 - [STDERR_REDIRECT] [Fatal Error] :1:1: Premature end of file.
2026-10-06 15:28:25,661 [ERROR] LogOutputStream:75 - [STDERR_REDIRECT] 
2026-10-06 15:28:26,653 [ERROR] LogOutputStream:75 - [STDERR_REDIRECT] [Fatal Error] :1:1: Premature end of file.
2026-10-06 15:28:26,653 [ERROR] LogOutputStream:75 - [STDERR_REDIRECT] 
2026-10-06 15:28:27,659 [ERROR] LogOutputStream:75 - [STDERR_REDIRECT] [Fatal Error] :1:1: Premature end of file.
2026-10-06 15:28:27,659 [ERROR] LogOutputStream:75 - [STDERR_REDIRECT] 
2026-10-06 15:28:28,668 [ERROR] LogOutputStream:75 - [STDERR_REDIRECT] [Fatal Error] :1:1: Premature end of file.
2026-10-06 15:28:28,668 [ERROR] LogOutputStream:75 - [STDERR_REDIRECT] 
2026-10-06 15:28:29,673 [ERROR] LogOutputStream:75 - [STDERR_REDIRECT] [Fatal Error] :1:1: Premature end of file.
2026-10-06 15:28:29,673 [ERROR] LogOutputStream:75 - [STDERR_REDIRECT] 
2026-10-06 15:28:30,661 [ERROR] LogOutputStream:75 - [STDERR_REDIRECT] [Fatal Error] :1:1: Premature end of file.
2026-10-06 15:28:30,662 [ERROR] LogOutputStream:75 - [STDERR_REDIRECT] 
2026-10-06 15:28:31,658 [ERROR] LogOutputStream:75 - [STDERR_REDIRECT] [Fatal Error] :1:1: Premature end of file.
2026-10-06 15:28:31,658 [ERROR] LogOutputStream:75 - [STDERR_REDIRECT] 
2026-10-06 15:28:32,664 [ERROR] LogOutputStream:75 - [STDERR_REDIRECT] [Fatal Error] :1:1: Premature end of file.
2026-10-06 15:28:32,664 [ERROR] LogOutputStream:75 - [STDERR_REDIRECT] 
2026-10-06 15:28:33,656 [ERROR] LogOutputStream:75 - [STDERR_REDIRECT] [Fatal Error] :1:1: Premature end of file.
2026-10-06 15:28:33,656 [ERROR] LogOutputStream:75 - [STDERR_REDIRECT] 
2026-10-06 15:28:34,659 [ERROR] LogOutputStream:75 - [STDERR_REDIRECT] [Fatal Error] :1:1: Premature end of file.
2026-10-06 15:28:34,659 [ERROR] LogOutputStream:75 - [STDERR_REDIRECT] 
2026-10-06 15:28:35,666 [ERROR] LogOutputStream:75 - [STDERR_REDIRECT] [Fatal Error] :1:1: Premature end of file.
2026-10-06 15:28:35,666 [ERROR] LogOutputStream:75 - [STDERR_REDIRECT] 
2026-10-06 15:28:36,651 [ERROR] LogOutputStream:75 - [STDERR_REDIRECT] [Fatal Error] :1:1: Premature end of file.
2026-10-06 15:28:36,651 [ERROR] LogOutputStream:75 - [STDERR_REDIRECT] 
2026-10-06 15:28:37,650 [ERROR] LogOutputStream:75 - [STDERR_REDIRECT] [Fatal Error] :1:1: Premature end of file.
2026-10-06 15:28:37,650 [ERROR] LogOutputStream:75 - [STDERR_REDIRECT] 
2026-10-06 15:28:38,663 [ERROR] LogOutputStream:75 - [STDERR_REDIRECT] [Fatal Error] :1:1: Premature end of file.
2026-10-06 15:28:38,663 [ERROR] LogOutputStream:75 - [STDERR_REDIRECT] 
2026-10-06 15:28:39,656 [ERROR] LogOutputStream:75 - [STDERR_REDIRECT] [Fatal Error] :1:1: Premature end of file.
2026-10-06 15:28:39,656 [ERROR] LogOutputStream:75 - [STDERR_REDIRECT] 
2026-10-06 15:28:40,654 [ERROR] LogOutputStream:75 - [STDERR_REDIRECT] [Fatal Error] :1:1: Premature end of file.
2026-10-06 15:28:40,654 [ERROR] LogOutputStream:75 - [STDERR_REDIRECT] 
2026-10-06 15:28:41,664 [ERROR] LogOutputStream:75 - [STDERR_REDIRECT] [Fatal Error] :1:1: Premature end of file.
2026-10-06 15:28:41,665 [ERROR] LogOutputStream:75 - [STDERR_REDIRECT] 
2026-10-06 15:28:42,649 [ERROR] LogOutputStream:75 - [STDERR_REDIRECT] [Fatal Error] :1:1: Premature end of file.
2026-10-06 15:28:42,649 [ERROR] LogOutputStream:75 - [STDERR_REDIRECT] 
2026-10-06 15:28:43,659 [ERROR] LogOutputStream:75 - [STDERR_REDIRECT] [Fatal Error] :1:1: Premature end of file.
2026-10-06 15:28:43,659 [ERROR] LogOutputStream:75 - [STDERR_REDIRECT] 
2026-10-06 15:28:44,660 [ERROR] LogOutputStream:75 - [STDERR_REDIRECT] [Fatal Error] :1:1: Premature end of file.
2026-10-06 15:28:44,660 [ERROR] LogOutputStream:75 - [STDERR_REDIRECT] 
2026-10-06 15:28:45,672 [ERROR] LogOutputStream:75 - [STDERR_REDIRECT] [Fatal Error] :1:1: Premature end of file.
2026-10-06 15:28:45,672 [ERROR] LogOutputStream:75 - [STDERR_REDIRECT] 
2026-10-06 15:28:46,661 [ERROR] LogOutputStream:75 - [STDERR_REDIRECT] [Fatal Error] :1:1: Premature end of file.
2026-10-06 15:28:46,661 [ERROR] LogOutputStream:75 - [STDERR_REDIRECT] 
2026-10-06 15:28:47,653 [ERROR] LogOutputStream:75 - [STDERR_REDIRECT] [Fatal Error] :1:1: Premature end of file.
2026-10-06 15:28:47,654 [ERROR] LogOutputStream:75 - [STDERR_REDIRECT] 
2026-10-06 15:28:48,668 [ERROR] LogOutputStream:75 - [STDERR_REDIRECT] [Fatal Error] :1:1: Premature end of file.
2026-10-06 15:28:48,668 [ERROR] LogOutputStream:75 - [STDERR_REDIRECT] 
2026-10-06 15:28:49,652 [ERROR] LogOutputStream:75 - [STDERR_REDIRECT] [Fatal Error] :1:1: Premature end of file.
2026-10-06 15:28:49,652 [ERROR] LogOutputStream:75 - [STDERR_REDIRECT] 
2026-10-06 15:28:50,670 [ERROR] LogOutputStream:75 - [STDERR_REDIRECT] [Fatal Error] :1:1: Premature end of file.
2026-10-06 15:28:50,670 [ERROR] LogOutputStream:75 - [STDERR_REDIRECT] 
2026-10-06 15:28:51,661 [ERROR] LogOutputStream:75 - [STDERR_REDIRECT] [Fatal Error] :1:1: Premature end of file.
2026-10-06 15:28:51,662 [ERROR] LogOutputStream:75 - [STDERR_REDIRECT] 
2026-10-06 15:28:52,667 [ERROR] LogOutputStream:75 - [STDERR_REDIRECT] [Fatal Error] :1:1: Premature end of file.
2026-10-06 15:28:52,667 [ERROR] LogOutputStream:75 - [STDERR_REDIRECT] 
2026-10-06 15:28:53,655 [ERROR] LogOutputStream:75 - [STDERR_REDIRECT] [Fatal Error] :1:1: Premature end of file.
2026-10-06 15:28:53,655 [ERROR] LogOutputStream:75 - [STDERR_REDIRECT] 
2026-10-06 15:28:54,648 [ERROR] LogOutputStream:75 - [STDERR_REDIRECT] [Fatal Error] :1:1: Premature end of file.
2026-10-06 15:28:54,648 [ERROR] LogOutputStream:75 - [STDERR_REDIRECT] 
2026-10-06 15:28:55,671 [ERROR] LogOutputStream:75 - [STDERR_REDIRECT] [Fatal Error] :1:1: Premature end of file.
2026-10-06 15:28:55,671 [ERROR] LogOutputStream:75 - [STDERR_REDIRECT] 
2026-10-06 15:28:56,670 [ERROR] LogOutputStream:75 - [STDERR_REDIRECT] [Fatal Error] :1:1: Premature end of file.
2026-10-06 15:28:56,670 [ERROR] LogOutputStream:75 - [STDERR_REDIRECT] 
2026-10-06 15:28:57,662 [ERROR] LogOutputStream:75 - [STDERR_REDIRECT] [Fatal Error] :1:1: Premature end of file.
2026-10-06 15:28:57,662 [ERROR] LogOutputStream:75 - [STDERR_REDIRECT] 
2026-10-06 15:28:58,656 [ERROR] LogOutputStream:75 - [STDERR_REDIRECT] [Fatal Error] :1:1: Premature end of file.
2026-10-06 15:28:58,656 [ERROR] LogOutputStream:75 - [STDERR_REDIRECT] 
2026-10-06 15:28:59,660 [ERROR] LogOutputStream:75 - [STDERR_REDIRECT] [Fatal Error] :1:1: Premature end of file.
2026-10-06 15:28:59,660 [ERROR] LogOutputStream:75 - [STDERR_REDIRECT] 
2026-10-06 15:29:00,656 [ERROR] LogOutputStream:75 - [STDERR_REDIRECT] [Fatal Error] :1:1: Premature end of file.
2026-10-06 15:29:00,656 [ERROR] LogOutputStream:75 - [STDERR_REDIRECT] 
2026-10-06 15:29:01,655 [ERROR] LogOutputStream:75 - [STDERR_REDIRECT] [Fatal Error] :1:1: Premature end of file.
2026-10-06 15:29:01,656 [ERROR] LogOutputStream:75 - [STDERR_REDIRECT] 
2026-10-06 15:29:02,662 [ERROR] LogOutputStream:75 - [STDERR_REDIRECT] [Fatal Error] :1:1: Premature end of file.
2026-10-06 15:29:02,662 [ERROR] LogOutputStream:75 - [STDERR_REDIRECT] 
2026-10-06 15:29:03,665 [ERROR] LogOutputStream:75 - [STDERR_REDIRECT] [Fatal Error] :1:1: Premature end of file.
2026-10-06 15:29:03,665 [ERROR] LogOutputStream:75 - [STDERR_REDIRECT] 
2026-10-06 15:29:04,671 [ERROR] LogOutputStream:75 - [STDERR_REDIRECT] [Fatal Error] :1:1: Premature end of file.
2026-10-06 15:29:04,671 [ERROR] LogOutputStream:75 - [STDERR_REDIRECT] 
2026-10-06 15:29:05,661 [ERROR] LogOutputStream:75 - [STDERR_REDIRECT] [Fatal Error] :1:1: Premature end of file.
2026-10-06 15:29:05,661 [ERROR] LogOutputStream:75 - [STDERR_REDIRECT] 
2026-10-06 15:29:06,668 [ERROR] LogOutputStream:75 - [STDERR_REDIRECT] [Fatal Error] :1:1: Premature end of file.
2026-10-06 15:29:06,668 [ERROR] LogOutputStream:75 - [STDERR_REDIRECT] 
2026-10-06 15:29:07,654 [ERROR] LogOutputStream:75 - [STDERR_REDIRECT] [Fatal Error] :1:1: Premature end of file.
2026-10-06 15:29:07,654 [ERROR] LogOutputStream:75 - [STDERR_REDIRECT] 
2026-10-06 15:29:08,658 [ERROR] LogOutputStream:75 - [STDERR_REDIRECT] [Fatal Error] :1:1: Premature end of file.
2026-10-06 15:29:08,658 [ERROR] LogOutputStream:75 - [STDERR_REDIRECT] 
2026-10-06 15:29:09,664 [ERROR] LogOutputStream:75 - [STDERR_REDIRECT] [Fatal Error] :1:1: Premature end of file.
2026-10-06 15:29:09,665 [ERROR] LogOutputStream:75 - [STDERR_REDIRECT] 
2026-10-06 15:29:10,676 [ERROR] LogOutputStream:75 - [STDERR_REDIRECT] [Fatal Error] :1:1: Premature end of file.
2026-10-06 15:29:10,677 [ERROR] LogOutputStream:75 - [STDERR_REDIRECT] 
2026-10-06 15:29:11,669 [ERROR] LogOutputStream:75 - [STDERR_REDIRECT] [Fatal Error] :1:1: Premature end of file.
2026-10-06 15:29:11,669 [ERROR] LogOutputStream:75 - [STDERR_REDIRECT] 
2026-10-06 15:29:12,661 [ERROR] LogOutputStream:75 - [STDERR_REDIRECT] [Fatal Error] :1:1: Premature end of file.
2026-10-06 15:29:12,661 [ERROR] LogOutputStream:75 - [STDERR_REDIRECT] 
2026-10-06 15:29:13,658 [ERROR] LogOutputStream:75 - [STDERR_REDIRECT] [Fatal Error] :1:1: Premature end of file.
2026-10-06 15:29:13,658 [ERROR] LogOutputStream:75 - [STDERR_REDIRECT] 
2026-10-06 15:29:14,657 [ERROR] LogOutputStream:75 - [STDERR_REDIRECT] [Fatal Error] :1:1: Premature end of file.
2026-10-06 15:29:14,658 [ERROR] LogOutputStream:75 - [STDERR_REDIRECT] 
2026-10-06 15:29:15,645 [ERROR] LogOutputStream:75 - [STDERR_REDIRECT] [Fatal Error] :1:1: Premature end of file.
2026-10-06 15:29:15,646 [ERROR] LogOutputStream:75 - [STDERR_REDIRECT] 
2026-10-06 15:29:16,657 [ERROR] LogOutputStream:75 - [STDERR_REDIRECT] [Fatal Error] :1:1: Premature end of file.
2026-10-06 15:29:16,657 [ERROR] LogOutputStream:75 - [STDERR_REDIRECT] 
2026-10-06 15:29:17,667 [ERROR] LogOutputStream:75 - [STDERR_REDIRECT] [Fatal Error] :1:1: Premature end of file.
2026-10-06 15:29:17,667 [ERROR] LogOutputStream:75 - [STDERR_REDIRECT] 
2026-10-06 15:29:18,651 [ERROR] LogOutputStream:75 - [STDERR_REDIRECT] [Fatal Error] :1:1: Premature end of file.
2026-10-06 15:29:18,651 [ERROR] LogOutputStream:75 - [STDERR_REDIRECT] 
2026-10-06 15:29:19,659 [ERROR] LogOutputStream:75 - [STDERR_REDIRECT] [Fatal Error] :1:1: Premature end of file.
2026-10-06 15:29:19,659 [ERROR] LogOutputStream:75 - [STDERR_REDIRECT] 
2026-10-06 15:29:20,654 [ERROR] LogOutputStream:75 - [STDERR_REDIRECT] [Fatal Error] :1:1: Premature end of file.
2026-10-06 15:29:20,654 [ERROR] LogOutputStream:75 - [STDERR_REDIRECT] 
2026-10-06 15:29:21,663 [ERROR] LogOutputStream:75 - [STDERR_REDIRECT] [Fatal Error] :1:1: Premature end of file.
2026-10-06 15:29:21,663 [ERROR] LogOutputStream:75 - [STDERR_REDIRECT] 
2026-10-06 15:29:22,647 [ERROR] LogOutputStream:75 - [STDERR_REDIRECT] [Fatal Error] :1:1: Premature end of file.
2026-10-06 15:29:22,647 [ERROR] LogOutputStream:75 - [STDERR_REDIRECT] 
2026-10-06 15:29:23,649 [ERROR] LogOutputStream:75 - [STDERR_REDIRECT] [Fatal Error] :1:1: Premature end of file.
2026-10-06 15:29:23,649 [ERROR] LogOutputStream:75 - [STDERR_REDIRECT] 
2026-10-06 15:29:24,673 [ERROR] LogOutputStream:75 - [STDERR_REDIRECT] [Fatal Error] :1:1: Premature end of file.
2026-10-06 15:29:24,674 [ERROR] LogOutputStream:75 - [STDERR_REDIRECT] 
2026-10-06 15:29:25,659 [ERROR] LogOutputStream:75 - [STDERR_REDIRECT] [Fatal Error] :1:1: Premature end of file.
2026-10-06 15:29:25,659 [ERROR] LogOutputStream:75 - [STDERR_REDIRECT] 
2026-10-06 15:29:26,657 [ERROR] LogOutputStream:75 - [STDERR_REDIRECT] [Fatal Error] :1:1: Premature end of file.
2026-10-06 15:29:26,657 [ERROR] LogOutputStream:75 - [STDERR_REDIRECT] 
2026-10-06 15:29:27,654 [ERROR] LogOutputStream:75 - [STDERR_REDIRECT] [Fatal Error] :1:1: Premature end of file.
2026-10-06 15:29:27,654 [ERROR] LogOutputStream:75 - [STDERR_REDIRECT] 
2026-10-06 15:29:28,653 [ERROR] LogOutputStream:75 - [STDERR_REDIRECT] [Fatal Error] :1:1: Premature end of file.
2026-10-06 15:29:28,653 [ERROR] LogOutputStream:75 - [STDERR_REDIRECT] 
2026-10-06 15:29:29,664 [ERROR] LogOutputStream:75 - [STDERR_REDIRECT] [Fatal Error] :1:1: Premature end of file.
2026-10-06 15:29:29,664 [ERROR] LogOutputStream:75 - [STDERR_REDIRECT] 
2026-10-06 15:29:30,654 [ERROR] LogOutputStream:75 - [STDERR_REDIRECT] [Fatal Error] :1:1: Premature end of file.
2026-10-06 15:29:30,654 [ERROR] LogOutputStream:75 - [STDERR_REDIRECT] 
2026-10-06 15:29:31,669 [ERROR] LogOutputStream:75 - [STDERR_REDIRECT] [Fatal Error] :1:1: Premature end of file.
2026-10-06 15:29:31,669 [ERROR] LogOutputStream:75 - [STDERR_REDIRECT] 
2026-10-06 15:29:32,647 [ERROR] LogOutputStream:75 - [STDERR_REDIRECT] [Fatal Error] :1:1: Premature end of file.
2026-10-06 15:29:32,647 [ERROR] LogOutputStream:75 - [STDERR_REDIRECT] 
2026-10-06 15:29:33,665 [ERROR] LogOutputStream:75 - [STDERR_REDIRECT] [Fatal Error] :1:1: Premature end of file.
2026-10-06 15:29:33,666 [ERROR] LogOutputStream:75 - [STDERR_REDIRECT] 
2026-10-06 15:29:34,658 [ERROR] LogOutputStream:75 - [STDERR_REDIRECT] [Fatal Error] :1:1: Premature end of file.
2026-10-06 15:29:34,658 [ERROR] LogOutputStream:75 - [STDERR_REDIRECT] 
2026-10-06 15:29:35,660 [ERROR] LogOutputStream:75 - [STDERR_REDIRECT] [Fatal Error] :1:1: Premature end of file.
2026-10-06 15:29:35,660 [ERROR] LogOutputStream:75 - [STDERR_REDIRECT] 
2026-10-06 15:29:36,656 [ERROR] LogOutputStream:75 - [STDERR_REDIRECT] [Fatal Error] :1:1: Premature end of file.
2026-10-06 15:29:36,656 [ERROR] LogOutputStream:75 - [STDERR_REDIRECT] 
2026-10-06 15:29:37,669 [ERROR] LogOutputStream:75 - [STDERR_REDIRECT] [Fatal Error] :1:1: Premature end of file.
2026-10-06 15:29:37,669 [ERROR] LogOutputStream:75 - [STDERR_REDIRECT] 
2026-10-06 15:29:38,658 [ERROR] LogOutputStream:75 - [STDERR_REDIRECT] [Fatal Error] :1:1: Premature end of file.
2026-10-06 15:29:38,658 [ERROR] LogOutputStream:75 - [STDERR_REDIRECT] 
2026-10-06 15:29:39,649 [ERROR] LogOutputStream:75 - [STDERR_REDIRECT] [Fatal Error] :1:1: Premature end of file.
2026-10-06 15:29:39,649 [ERROR] LogOutputStream:75 - [STDERR_REDIRECT] 
2026-10-06 15:29:40,658 [ERROR] LogOutputStream:75 - [STDERR_REDIRECT] [Fatal Error] :1:1: Premature end of file.
2026-10-06 15:29:40,658 [ERROR] LogOutputStream:75 - [STDERR_REDIRECT] 
2026-10-06 15:29:41,653 [ERROR] LogOutputStream:75 - [STDERR_REDIRECT] [Fatal Error] :1:1: Premature end of file.
2026-10-06 15:29:41,653 [ERROR] LogOutputStream:75 - [STDERR_REDIRECT] 
2026-10-06 15:29:42,664 [ERROR] LogOutputStream:75 - [STDERR_REDIRECT] [Fatal Error] :1:1: Premature end of file.
2026-10-06 15:29:42,664 [ERROR] LogOutputStream:75 - [STDERR_REDIRECT] 
2026-10-06 15:29:43,658 [ERROR] LogOutputStream:75 - [STDERR_REDIRECT] [Fatal Error] :1:1: Premature end of file.
2026-10-06 15:29:43,658 [ERROR] LogOutputStream:75 - [STDERR_REDIRECT] 
2026-10-06 15:29:44,664 [ERROR] LogOutputStream:75 - [STDERR_REDIRECT] [Fatal Error] :1:1: Premature end of file.
2026-10-06 15:29:44,664 [ERROR] LogOutputStream:75 - [STDERR_REDIRECT] 
2026-10-06 15:29:45,650 [ERROR] LogOutputStream:75 - [STDERR_REDIRECT] [Fatal Error] :1:1: Premature end of file.
2026-10-06 15:29:45,650 [ERROR] LogOutputStream:75 - [STDERR_REDIRECT] 
2026-10-06 15:29:46,663 [ERROR] LogOutputStream:75 - [STDERR_REDIRECT] [Fatal Error] :1:1: Premature end of file.
2026-10-06 15:29:46,664 [ERROR] LogOutputStream:75 - [STDERR_REDIRECT] 
2026-10-06 15:29:47,656 [ERROR] LogOutputStream:75 - [STDERR_REDIRECT] [Fatal Error] :1:1: Premature end of file.
2026-10-06 15:29:47,656 [ERROR] LogOutputStream:75 - [STDERR_REDIRECT] 
2026-10-06 15:29:48,663 [ERROR] LogOutputStream:75 - [STDERR_REDIRECT] [Fatal Error] :1:1: Premature end of file.
2026-10-06 15:29:48,664 [ERROR] LogOutputStream:75 - [STDERR_REDIRECT] 
2026-10-06 15:29:49,652 [ERROR] LogOutputStream:75 - [STDERR_REDIRECT] [Fatal Error] :1:1: Premature end of file.
2026-10-06 15:29:49,652 [ERROR] LogOutputStream:75 - [STDERR_REDIRECT] 
2026-10-06 15:29:50,659 [ERROR] LogOutputStream:75 - [STDERR_REDIRECT] [Fatal Error] :1:1: Premature end of file.
2026-10-06 15:29:50,659 [ERROR] LogOutputStream:75 - [STDERR_REDIRECT] 
2026-10-06 15:29:51,653 [ERROR] LogOutputStream:75 - [STDERR_REDIRECT] [Fatal Error] :1:1: Premature end of file.
2026-10-06 15:29:51,653 [ERROR] LogOutputStream:75 - [STDERR_REDIRECT] 
2026-10-06 15:29:52,664 [ERROR] LogOutputStream:75 - [STDERR_REDIRECT] [Fatal Error] :1:1: Premature end of file.
2026-10-06 15:29:52,664 [ERROR] LogOutputStream:75 - [STDERR_REDIRECT] 
2026-10-06 15:29:53,657 [ERROR] LogOutputStream:75 - [STDERR_REDIRECT] [Fatal Error] :1:1: Premature end of file.
2026-10-06 15:29:53,657 [ERROR] LogOutputStream:75 - [STDERR_REDIRECT] 
2026-10-06 15:29:54,670 [ERROR] LogOutputStream:75 - [STDERR_REDIRECT] [Fatal Error] :1:1: Premature end of file.
2026-10-06 15:29:54,670 [ERROR] LogOutputStream:75 - [STDERR_REDIRECT] 
2026-10-06 15:29:55,661 [ERROR] LogOutputStream:75 - [STDERR_REDIRECT] [Fatal Error] :1:1: Premature end of file.
2026-10-06 15:29:55,661 [ERROR] LogOutputStream:75 - [STDERR_REDIRECT] 
2026-10-06 15:29:56,658 [ERROR] LogOutputStream:75 - [STDERR_REDIRECT] [Fatal Error] :1:1: Premature end of file.
2026-10-06 15:29:56,658 [ERROR] LogOutputStream:75 - [STDERR_REDIRECT] 
2026-10-06 15:29:57,663 [ERROR] LogOutputStream:75 - [STDERR_REDIRECT] [Fatal Error] :1:1: Premature end of file.
2026-10-06 15:29:57,663 [ERROR] LogOutputStream:75 - [STDERR_REDIRECT] 
2026-10-06 15:29:58,660 [ERROR] LogOutputStream:75 - [STDERR_REDIRECT] [Fatal Error] :1:1: Premature end of file.
2026-10-06 15:29:58,660 [ERROR] LogOutputStream:75 - [STDERR_REDIRECT] 
2026-10-06 15:29:59,658 [ERROR] LogOutputStream:75 - [STDERR_REDIRECT] [Fatal Error] :1:1: Premature end of file.
2026-10-06 15:29:59,658 [ERROR] LogOutputStream:75 - [STDERR_REDIRECT] 
2026-10-06 15:30:00,667 [ERROR] LogOutputStream:75 - [STDERR_REDIRECT] [Fatal Error] :1:1: Premature end of file.
2026-10-06 15:30:00,667 [ERROR] LogOutputStream:75 - [STDERR_REDIRECT] 
2026-10-06 15:30:01,663 [ERROR] LogOutputStream:75 - [STDERR_REDIRECT] [Fatal Error] :1:1: Premature end of file.
2026-10-06 15:30:01,664 [ERROR] LogOutputStream:75 - [STDERR_REDIRECT] 
2026-10-06 15:30:02,653 [ERROR] LogOutputStream:75 - [STDERR_REDIRECT] [Fatal Error] :1:1: Premature end of file.
2026-10-06 15:30:02,653 [ERROR] LogOutputStream:75 - [STDERR_REDIRECT] 
2026-10-06 15:30:03,649 [ERROR] LogOutputStream:75 - [STDERR_REDIRECT] [Fatal Error] :1:1: Premature end of file.
2026-10-06 15:30:03,649 [ERROR] LogOutputStream:75 - [STDERR_REDIRECT] 
2026-10-06 15:30:04,653 [ERROR] LogOutputStream:75 - [STDERR_REDIRECT] [Fatal Error] :1:1: Premature end of file.
2026-10-06 15:30:04,653 [ERROR] LogOutputStream:75 - [STDERR_REDIRECT] 
2026-10-06 15:30:05,658 [ERROR] LogOutputStream:75 - [STDERR_REDIRECT] [Fatal Error] :1:1: Premature end of file.
2026-10-06 15:30:05,658 [ERROR] LogOutputStream:75 - [STDERR_REDIRECT] 
2026-10-06 15:30:06,657 [ERROR] LogOutputStream:75 - [STDERR_REDIRECT] [Fatal Error] :1:1: Premature end of file.
2026-10-06 15:30:06,658 [ERROR] LogOutputStream:75 - [STDERR_REDIRECT] 
2026-10-06 15:30:07,660 [ERROR] LogOutputStream:75 - [STDERR_REDIRECT] [Fatal Error] :1:1: Premature end of file.
2026-10-06 15:30:07,660 [ERROR] LogOutputStream:75 - [STDERR_REDIRECT] 
2026-10-06 15:30:08,668 [ERROR] LogOutputStream:75 - [STDERR_REDIRECT] [Fatal Error] :1:1: Premature end of file.
2026-10-06 15:30:08,668 [ERROR] LogOutputStream:75 - [STDERR_REDIRECT] 
2026-10-06 15:30:09,651 [ERROR] LogOutputStream:75 - [STDERR_REDIRECT] [Fatal Error] :1:1: Premature end of file.
2026-10-06 15:30:09,651 [ERROR] LogOutputStream:75 - [STDERR_REDIRECT] 
2026-10-06 15:30:10,649 [ERROR] LogOutputStream:75 - [STDERR_REDIRECT] [Fatal Error] :1:1: Premature end of file.
2026-10-06 15:30:10,649 [ERROR] LogOutputStream:75 - [STDERR_REDIRECT] 
2026-10-06 15:30:11,676 [ERROR] LogOutputStream:75 - [STDERR_REDIRECT] [Fatal Error] :1:1: Premature end of file.
2026-10-06 15:30:11,676 [ERROR] LogOutputStream:75 - [STDERR_REDIRECT] 
2026-10-06 15:30:12,658 [ERROR] LogOutputStream:75 - [STDERR_REDIRECT] [Fatal Error] :1:1: Premature end of file.
2026-10-06 15:30:12,658 [ERROR] LogOutputStream:75 - [STDERR_REDIRECT] 
2026-10-06 15:30:13,654 [ERROR] LogOutputStream:75 - [STDERR_REDIRECT] [Fatal Error] :1:1: Premature end of file.
2026-10-06 15:30:13,654 [ERROR] LogOutputStream:75 - [STDERR_REDIRECT] 
2026-10-06 15:30:14,656 [ERROR] LogOutputStream:75 - [STDERR_REDIRECT] [Fatal Error] :1:1: Premature end of file.
2026-10-06 15:30:14,656 [ERROR] LogOutputStream:75 - [STDERR_REDIRECT] 
2026-10-06 15:30:15,662 [ERROR] LogOutputStream:75 - [STDERR_REDIRECT] [Fatal Error] :1:1: Premature end of file.
2026-10-06 15:30:15,662 [ERROR] LogOutputStream:75 - [STDERR_REDIRECT] 
2026-10-06 15:30:16,663 [ERROR] LogOutputStream:75 - [STDERR_REDIRECT] [Fatal Error] :1:1: Premature end of file.
2026-10-06 15:30:16,663 [ERROR] LogOutputStream:75 - [STDERR_REDIRECT] 
2026-10-06 15:30:17,666 [ERROR] LogOutputStream:75 - [STDERR_REDIRECT] [Fatal Error] :1:1: Premature end of file.
2026-10-06 15:30:17,666 [ERROR] LogOutputStream:75 - [STDERR_REDIRECT] 
2026-10-06 15:30:18,659 [ERROR] LogOutputStream:75 - [STDERR_REDIRECT] [Fatal Error] :1:1: Premature end of file.
2026-10-06 15:30:18,659 [ERROR] LogOutputStream:75 - [STDERR_REDIRECT] 
2026-10-06 15:30:19,653 [ERROR] LogOutputStream:75 - [STDERR_REDIRECT] [Fatal Error] :1:1: Premature end of file.
2026-10-06 15:30:19,653 [ERROR] LogOutputStream:75 - [STDERR_REDIRECT] 
2026-10-06 15:30:20,657 [ERROR] LogOutputStream:75 - [STDERR_REDIRECT] [Fatal Error] :1:1: Premature end of file.
2026-10-06 15:30:20,657 [ERROR] LogOutputStream:75 - [STDERR_REDIRECT] 
2026-10-06 15:30:21,647 [ERROR] LogOutputStream:75 - [STDERR_REDIRECT] [Fatal Error] :1:1: Premature end of file.
2026-10-06 15:30:21,647 [ERROR] LogOutputStream:75 - [STDERR_REDIRECT] 
2026-10-06 15:30:22,672 [ERROR] LogOutputStream:75 - [STDERR_REDIRECT] [Fatal Error] :1:1: Premature end of file.
2026-10-06 15:30:22,672 [ERROR] LogOutputStream:75 - [STDERR_REDIRECT] 
2026-10-06 15:30:23,662 [ERROR] LogOutputStream:75 - [STDERR_REDIRECT] [Fatal Error] :1:1: Premature end of file.
2026-10-06 15:30:23,662 [ERROR] LogOutputStream:75 - [STDERR_REDIRECT] 
2026-10-06 15:30:24,656 [ERROR] LogOutputStream:75 - [STDERR_REDIRECT] [Fatal Error] :1:1: Premature end of file.
2026-10-06 15:30:24,657 [ERROR] LogOutputStream:75 - [STDERR_REDIRECT] 
2026-10-06 15:30:25,676 [ERROR] LogOutputStream:75 - [STDERR_REDIRECT] [Fatal Error] :1:1: Premature end of file.
2026-10-06 15:30:25,676 [ERROR] LogOutputStream:75 - [STDERR_REDIRECT] 
2026-10-06 15:30:26,671 [ERROR] LogOutputStream:75 - [STDERR_REDIRECT] [Fatal Error] :1:1: Premature end of file.
2026-10-06 15:30:26,671 [ERROR] LogOutputStream:75 - [STDERR_REDIRECT] 
2026-10-06 15:30:27,671 [ERROR] LogOutputStream:75 - [STDERR_REDIRECT] [Fatal Error] :1:1: Premature end of file.
2026-10-06 15:30:27,671 [ERROR] LogOutputStream:75 - [STDERR_REDIRECT] 
2026-10-06 15:30:28,666 [ERROR] LogOutputStream:75 - [STDERR_REDIRECT] [Fatal Error] :1:1: Premature end of file.
2026-10-06 15:30:28,666 [ERROR] LogOutputStream:75 - [STDERR_REDIRECT] 
2026-10-06 15:30:29,681 [ERROR] LogOutputStream:75 - [STDERR_REDIRECT] [Fatal Error] :1:1: Premature end of file.
2026-10-06 15:30:29,681 [ERROR] LogOutputStream:75 - [STDERR_REDIRECT] 
2026-10-06 15:30:30,656 [ERROR] LogOutputStream:75 - [STDERR_REDIRECT] [Fatal Error] :1:1: Premature end of file.
2026-10-06 15:30:30,656 [ERROR] LogOutputStream:75 - [STDERR_REDIRECT] 
2026-10-06 15:30:31,675 [ERROR] LogOutputStream:75 - [STDERR_REDIRECT] [Fatal Error] :1:1: Premature end of file.
2026-10-06 15:30:31,675 [ERROR] LogOutputStream:75 - [STDERR_REDIRECT] 
2026-10-06 15:30:32,662 [ERROR] LogOutputStream:75 - [STDERR_REDIRECT] [Fatal Error] :1:1: Premature end of file.
2026-10-06 15:30:32,662 [ERROR] LogOutputStream:75 - [STDERR_REDIRECT] 
2026-10-06 15:30:33,657 [ERROR] LogOutputStream:75 - [STDERR_REDIRECT] [Fatal Error] :1:1: Premature end of file.
2026-10-06 15:30:33,657 [ERROR] LogOutputStream:75 - [STDERR_REDIRECT] 
2026-10-06 15:30:34,676 [ERROR] LogOutputStream:75 - [STDERR_REDIRECT] [Fatal Error] :1:1: Premature end of file.
2026-10-06 15:30:34,676 [ERROR] LogOutputStream:75 - [STDERR_REDIRECT] 
2026-10-06 15:30:35,658 [ERROR] LogOutputStream:75 - [STDERR_REDIRECT] [Fatal Error] :1:1: Premature end of file.
2026-10-06 15:30:35,658 [ERROR] LogOutputStream:75 - [STDERR_REDIRECT] 
2026-10-06 15:30:36,673 [ERROR] LogOutputStream:75 - [STDERR_REDIRECT] [Fatal Error] :1:1: Premature end of file.
2026-10-06 15:30:36,673 [ERROR] LogOutputStream:75 - [STDERR_REDIRECT] 
2026-10-06 15:30:37,656 [ERROR] LogOutputStream:75 - [STDERR_REDIRECT] [Fatal Error] :1:1: Premature end of file.
2026-10-06 15:30:37,656 [ERROR] LogOutputStream:75 - [STDERR_REDIRECT] 
2026-10-06 15:30:38,662 [ERROR] LogOutputStream:75 - [STDERR_REDIRECT] [Fatal Error] :1:1: Premature end of file.
2026-10-06 15:30:38,662 [ERROR] LogOutputStream:75 - [STDERR_REDIRECT] 
2026-10-06 15:30:39,692 [ERROR] LogOutputStream:75 - [STDERR_REDIRECT] [Fatal Error] :1:1: Premature end of file.
2026-10-06 15:30:39,692 [ERROR] LogOutputStream:75 - [STDERR_REDIRECT] 
2026-10-06 15:30:40,658 [ERROR] LogOutputStream:75 - [STDERR_REDIRECT] [Fatal Error] :1:1: Premature end of file.
2026-10-06 15:30:40,658 [ERROR] LogOutputStream:75 - [STDERR_REDIRECT] 
2026-10-06 15:30:41,668 [ERROR] LogOutputStream:75 - [STDERR_REDIRECT] [Fatal Error] :1:1: Premature end of file.
2026-10-06 15:30:41,668 [ERROR] LogOutputStream:75 - [STDERR_REDIRECT] 
2026-10-06 15:30:42,670 [ERROR] LogOutputStream:75 - [STDERR_REDIRECT] [Fatal Error] :1:1: Premature end of file.
2026-10-06 15:30:42,671 [ERROR] LogOutputStream:75 - [STDERR_REDIRECT] 
2026-10-06 15:30:43,655 [ERROR] LogOutputStream:75 - [STDERR_REDIRECT] [Fatal Error] :1:1: Premature end of file.
2026-10-06 15:30:43,655 [ERROR] LogOutputStream:75 - [STDERR_REDIRECT] 
2026-10-06 15:30:44,673 [ERROR] LogOutputStream:75 - [STDERR_REDIRECT] [Fatal Error] :1:1: Premature end of file.
2026-10-06 15:30:44,673 [ERROR] LogOutputStream:75 - [STDERR_REDIRECT] 
2026-10-06 15:30:45,659 [ERROR] LogOutputStream:75 - [STDERR_REDIRECT] [Fatal Error] :1:1: Premature end of file.
2026-10-06 15:30:45,659 [ERROR] LogOutputStream:75 - [STDERR_REDIRECT] 
2026-10-06 15:30:46,657 [ERROR] LogOutputStream:75 - [STDERR_REDIRECT] [Fatal Error] :1:1: Premature end of file.
2026-10-06 15:30:46,657 [ERROR] LogOutputStream:75 - [STDERR_REDIRECT] 
2026-10-06 15:30:47,651 [ERROR] LogOutputStream:75 - [STDERR_REDIRECT] [Fatal Error] :1:1: Premature end of file.
2026-10-06 15:30:47,651 [ERROR] LogOutputStream:75 - [STDERR_REDIRECT] 
2026-10-06 15:30:48,650 [ERROR] LogOutputStream:75 - [STDERR_REDIRECT] [Fatal Error] :1:1: Premature end of file.
2026-10-06 15:30:48,650 [ERROR] LogOutputStream:75 - [STDERR_REDIRECT] 
2026-10-06 15:30:49,664 [ERROR] LogOutputStream:75 - [STDERR_REDIRECT] [Fatal Error] :1:1: Premature end of file.
2026-10-06 15:30:49,664 [ERROR] LogOutputStream:75 - [STDERR_REDIRECT] 
2026-10-06 15:30:50,670 [ERROR] LogOutputStream:75 - [STDERR_REDIRECT] [Fatal Error] :1:1: Premature end of file.
2026-10-06 15:30:50,670 [ERROR] LogOutputStream:75 - [STDERR_REDIRECT] 
2026-10-06 15:30:51,666 [ERROR] LogOutputStream:75 - [STDERR_REDIRECT] [Fatal Error] :1:1: Premature end of file.
2026-10-06 15:30:51,667 [ERROR] LogOutputStream:75 - [STDERR_REDIRECT] 
2026-10-06 15:30:52,670 [ERROR] LogOutputStream:75 - [STDERR_REDIRECT] [Fatal Error] :1:1: Premature end of file.
2026-10-06 15:30:52,670 [ERROR] LogOutputStream:75 - [STDERR_REDIRECT] 
2026-10-06 15:30:53,664 [ERROR] LogOutputStream:75 - [STDERR_REDIRECT] [Fatal Error] :1:1: Premature end of file.
2026-10-06 15:30:53,664 [ERROR] LogOutputStream:75 - [STDERR_REDIRECT] 
2026-10-06 15:30:54,650 [ERROR] LogOutputStream:75 - [STDERR_REDIRECT] [Fatal Error] :1:1: Premature end of file.
2026-10-06 15:30:54,650 [ERROR] LogOutputStream:75 - [STDERR_REDIRECT] 
2026-10-06 15:30:55,659 [ERROR] LogOutputStream:75 - [STDERR_REDIRECT] [Fatal Error] :1:1: Premature end of file.
2026-10-06 15:30:55,659 [ERROR] LogOutputStream:75 - [STDERR_REDIRECT] 
2026-10-06 15:30:56,666 [ERROR] LogOutputStream:75 - [STDERR_REDIRECT] [Fatal Error] :1:1: Premature end of file.
2026-10-06 15:30:56,666 [ERROR] LogOutputStream:75 - [STDERR_REDIRECT] 
2026-10-06 15:30:57,657 [ERROR] LogOutputStream:75 - [STDERR_REDIRECT] [Fatal Error] :1:1: Premature end of file.
2026-10-06 15:30:57,657 [ERROR] LogOutputStream:75 - [STDERR_REDIRECT] 
2026-10-06 15:30:58,657 [ERROR] LogOutputStream:75 - [STDERR_REDIRECT] [Fatal Error] :1:1: Premature end of file.
2026-10-06 15:30:58,658 [ERROR] LogOutputStream:75 - [STDERR_REDIRECT] 
2026-10-06 15:30:59,652 [ERROR] LogOutputStream:75 - [STDERR_REDIRECT] [Fatal Error] :1:1: Premature end of file.
2026-10-06 15:30:59,652 [ERROR] LogOutputStream:75 - [STDERR_REDIRECT] 
2026-10-06 15:31:00,653 [ERROR] LogOutputStream:75 - [STDERR_REDIRECT] [Fatal Error] :1:1: Premature end of file.
2026-10-06 15:31:00,653 [ERROR] LogOutputStream:75 - [STDERR_REDIRECT] 
2026-10-06 15:31:01,664 [ERROR] LogOutputStream:75 - [STDERR_REDIRECT] [Fatal Error] :1:1: Premature end of file.
2026-10-06 15:31:01,664 [ERROR] LogOutputStream:75 - [STDERR_REDIRECT] 
2026-10-06 15:31:02,664 [ERROR] LogOutputStream:75 - [STDERR_REDIRECT] [Fatal Error] :1:1: Premature end of file.
2026-10-06 15:31:02,664 [ERROR] LogOutputStream:75 - [STDERR_REDIRECT] 
2026-10-06 15:31:03,654 [ERROR] LogOutputStream:75 - [STDERR_REDIRECT] [Fatal Error] :1:1: Premature end of file.
2026-10-06 15:31:03,654 [ERROR] LogOutputStream:75 - [STDERR_REDIRECT] 
2026-10-06 15:31:04,658 [ERROR] LogOutputStream:75 - [STDERR_REDIRECT] [Fatal Error] :1:1: Premature end of file.
2026-10-06 15:31:04,658 [ERROR] LogOutputStream:75 - [STDERR_REDIRECT] 
2026-10-06 15:31:05,658 [ERROR] LogOutputStream:75 - [STDERR_REDIRECT] [Fatal Error] :1:1: Premature end of file.
2026-10-06 15:31:05,658 [ERROR] LogOutputStream:75 - [STDERR_REDIRECT] 
2026-10-06 15:31:06,668 [ERROR] LogOutputStream:75 - [STDERR_REDIRECT] [Fatal Error] :1:1: Premature end of file.
2026-10-06 15:31:06,668 [ERROR] LogOutputStream:75 - [STDERR_REDIRECT] 
2026-10-06 15:31:07,649 [ERROR] LogOutputStream:75 - [STDERR_REDIRECT] [Fatal Error] :1:1: Premature end of file.
2026-10-06 15:31:07,649 [ERROR] LogOutputStream:75 - [STDERR_REDIRECT] 
2026-10-06 15:31:08,650 [ERROR] LogOutputStream:75 - [STDERR_REDIRECT] [Fatal Error] :1:1: Premature end of file.
2026-10-06 15:31:08,650 [ERROR] LogOutputStream:75 - [STDERR_REDIRECT] 
2026-10-06 15:31:09,678 [ERROR] LogOutputStream:75 - [STDERR_REDIRECT] [Fatal Error] :1:1: Premature end of file.
2026-10-06 15:31:09,678 [ERROR] LogOutputStream:75 - [STDERR_REDIRECT] 
2026-10-06 15:31:10,660 [ERROR] LogOutputStream:75 - [STDERR_REDIRECT] [Fatal Error] :1:1: Premature end of file.
2026-10-06 15:31:10,660 [ERROR] LogOutputStream:75 - [STDERR_REDIRECT] 
2026-10-06 15:31:11,655 [ERROR] LogOutputStream:75 - [STDERR_REDIRECT] [Fatal Error] :1:1: Premature end of file.
2026-10-06 15:31:11,655 [ERROR] LogOutputStream:75 - [STDERR_REDIRECT] 
2026-10-06 15:31:12,659 [ERROR] LogOutputStream:75 - [STDERR_REDIRECT] [Fatal Error] :1:1: Premature end of file.
2026-10-06 15:31:12,660 [ERROR] LogOutputStream:75 - [STDERR_REDIRECT] 
2026-10-06 15:31:13,660 [ERROR] LogOutputStream:75 - [STDERR_REDIRECT] [Fatal Error] :1:1: Premature end of file.
2026-10-06 15:31:13,660 [ERROR] LogOutputStream:75 - [STDERR_REDIRECT] 
2026-10-06 15:31:14,654 [ERROR] LogOutputStream:75 - [STDERR_REDIRECT] [Fatal Error] :1:1: Premature end of file.
2026-10-06 15:31:14,654 [ERROR] LogOutputStream:75 - [STDERR_REDIRECT] 
2026-10-06 15:31:15,650 [ERROR] LogOutputStream:75 - [STDERR_REDIRECT] [Fatal Error] :1:1: Premature end of file.
2026-10-06 15:31:15,650 [ERROR] LogOutputStream:75 - [STDERR_REDIRECT] 
2026-10-06 15:31:16,671 [ERROR] LogOutputStream:75 - [STDERR_REDIRECT] [Fatal Error] :1:1: Premature end of file.
2026-10-06 15:31:16,671 [ERROR] LogOutputStream:75 - [STDERR_REDIRECT] 
2026-10-06 15:31:17,652 [ERROR] LogOutputStream:75 - [STDERR_REDIRECT] [Fatal Error] :1:1: Premature end of file.
2026-10-06 15:31:17,652 [ERROR] LogOutputStream:75 - [STDERR_REDIRECT] 
2026-10-06 15:31:18,662 [ERROR] LogOutputStream:75 - [STDERR_REDIRECT] [Fatal Error] :1:1: Premature end of file.
2026-10-06 15:31:18,662 [ERROR] LogOutputStream:75 - [STDERR_REDIRECT] 
2026-10-06 15:31:19,666 [ERROR] LogOutputStream:75 - [STDERR_REDIRECT] [Fatal Error] :1:1: Premature end of file.
2026-10-06 15:31:19,666 [ERROR] LogOutputStream:75 - [STDERR_REDIRECT] 
2026-10-06 15:31:20,651 [ERROR] LogOutputStream:75 - [STDERR_REDIRECT] [Fatal Error] :1:1: Premature end of file.
2026-10-06 15:31:20,651 [ERROR] LogOutputStream:75 - [STDERR_REDIRECT] 
2026-10-06 15:31:21,651 [ERROR] LogOutputStream:75 - [STDERR_REDIRECT] [Fatal Error] :1:1: Premature end of file.
2026-10-06 15:31:21,651 [ERROR] LogOutputStream:75 - [STDERR_REDIRECT] 
2026-10-06 15:31:22,662 [ERROR] LogOutputStream:75 - [STDERR_REDIRECT] [Fatal Error] :1:1: Premature end of file.
2026-10-06 15:31:22,663 [ERROR] LogOutputStream:75 - [STDERR_REDIRECT] 
2026-10-06 15:31:23,678 [ERROR] LogOutputStream:75 - [STDERR_REDIRECT] [Fatal Error] :1:1: Premature end of file.
2026-10-06 15:31:23,678 [ERROR] LogOutputStream:75 - [STDERR_REDIRECT] 
2026-10-06 15:31:24,666 [ERROR] LogOutputStream:75 - [STDERR_REDIRECT] [Fatal Error] :1:1: Premature end of file.
2026-10-06 15:31:24,667 [ERROR] LogOutputStream:75 - [STDERR_REDIRECT] 
2026-10-06 15:31:25,676 [ERROR] LogOutputStream:75 - [STDERR_REDIRECT] [Fatal Error] :1:1: Premature end of file.
2026-10-06 15:31:25,676 [ERROR] LogOutputStream:75 - [STDERR_REDIRECT] 
2026-10-06 15:31:26,667 [ERROR] LogOutputStream:75 - [STDERR_REDIRECT] [Fatal Error] :1:1: Premature end of file.
2026-10-06 15:31:26,667 [ERROR] LogOutputStream:75 - [STDERR_REDIRECT] 
2026-10-06 15:31:27,668 [ERROR] LogOutputStream:75 - [STDERR_REDIRECT] [Fatal Error] :1:1: Premature end of file.
2026-10-06 15:31:27,668 [ERROR] LogOutputStream:75 - [STDERR_REDIRECT] 
2026-10-06 15:31:28,661 [ERROR] LogOutputStream:75 - [STDERR_REDIRECT] [Fatal Error] :1:1: Premature end of file.
2026-10-06 15:31:28,662 [ERROR] LogOutputStream:75 - [STDERR_REDIRECT] 
2026-10-06 15:31:29,654 [ERROR] LogOutputStream:75 - [STDERR_REDIRECT] [Fatal Error] :1:1: Premature end of file.
2026-10-06 15:31:29,654 [ERROR] LogOutputStream:75 - [STDERR_REDIRECT] 
2026-10-06 15:31:30,670 [ERROR] LogOutputStream:75 - [STDERR_REDIRECT] [Fatal Error] :1:1: Premature end of file.
2026-10-06 15:31:30,671 [ERROR] LogOutputStream:75 - [STDERR_REDIRECT] 
2026-10-06 15:31:31,662 [ERROR] LogOutputStream:75 - [STDERR_REDIRECT] [Fatal Error] :1:1: Premature end of file.
2026-10-06 15:31:31,662 [ERROR] LogOutputStream:75 - [STDERR_REDIRECT] 
2026-10-06 15:31:32,666 [ERROR] LogOutputStream:75 - [STDERR_REDIRECT] [Fatal Error] :1:1: Premature end of file.
2026-10-06 15:31:32,666 [ERROR] LogOutputStream:75 - [STDERR_REDIRECT] 
2026-10-06 15:31:33,663 [ERROR] LogOutputStream:75 - [STDERR_REDIRECT] [Fatal Error] :1:1: Premature end of file.
2026-10-06 15:31:33,664 [ERROR] LogOutputStream:75 - [STDERR_REDIRECT] 
2026-10-06 15:31:34,662 [ERROR] LogOutputStream:75 - [STDERR_REDIRECT] [Fatal Error] :1:1: Premature end of file.
2026-10-06 15:31:34,662 [ERROR] LogOutputStream:75 - [STDERR_REDIRECT] 
2026-10-06 15:31:35,661 [ERROR] LogOutputStream:75 - [STDERR_REDIRECT] [Fatal Error] :1:1: Premature end of file.
2026-10-06 15:31:35,661 [ERROR] LogOutputStream:75 - [STDERR_REDIRECT] 
2026-10-06 15:31:36,651 [ERROR] LogOutputStream:75 - [STDERR_REDIRECT] [Fatal Error] :1:1: Premature end of file.
2026-10-06 15:31:36,651 [ERROR] LogOutputStream:75 - [STDERR_REDIRECT] 
2026-10-06 15:31:37,662 [ERROR] LogOutputStream:75 - [STDERR_REDIRECT] [Fatal Error] :1:1: Premature end of file.
2026-10-06 15:31:37,662 [ERROR] LogOutputStream:75 - [STDERR_REDIRECT] 
2026-10-06 15:31:38,648 [ERROR] LogOutputStream:75 - [STDERR_REDIRECT] [Fatal Error] :1:1: Premature end of file.
2026-10-06 15:31:38,648 [ERROR] LogOutputStream:75 - [STDERR_REDIRECT] 
2026-10-06 15:31:39,659 [ERROR] LogOutputStream:75 - [STDERR_REDIRECT] [Fatal Error] :1:1: Premature end of file.
2026-10-06 15:31:39,659 [ERROR] LogOutputStream:75 - [STDERR_REDIRECT] 
2026-10-06 15:31:40,664 [ERROR] LogOutputStream:75 - [STDERR_REDIRECT] [Fatal Error] :1:1: Premature end of file.
2026-10-06 15:31:40,665 [ERROR] LogOutputStream:75 - [STDERR_REDIRECT] 
2026-10-06 15:31:41,664 [ERROR] LogOutputStream:75 - [STDERR_REDIRECT] [Fatal Error] :1:1: Premature end of file.
2026-10-06 15:31:41,664 [ERROR] LogOutputStream:75 - [STDERR_REDIRECT] 
2026-10-06 15:31:42,656 [ERROR] LogOutputStream:75 - [STDERR_REDIRECT] [Fatal Error] :1:1: Premature end of file.
2026-10-06 15:31:42,656 [ERROR] LogOutputStream:75 - [STDERR_REDIRECT] 
2026-10-06 15:31:43,653 [ERROR] LogOutputStream:75 - [STDERR_REDIRECT] [Fatal Error] :1:1: Premature end of file.
2026-10-06 15:31:43,653 [ERROR] LogOutputStream:75 - [STDERR_REDIRECT] 
2026-10-06 15:31:44,660 [ERROR] LogOutputStream:75 - [STDERR_REDIRECT] [Fatal Error] :1:1: Premature end of file.
2026-10-06 15:31:44,660 [ERROR] LogOutputStream:75 - [STDERR_REDIRECT] 
2026-10-06 15:31:45,652 [ERROR] LogOutputStream:75 - [STDERR_REDIRECT] [Fatal Error] :1:1: Premature end of file.
2026-10-06 15:31:45,652 [ERROR] LogOutputStream:75 - [STDERR_REDIRECT] 
2026-10-06 15:31:46,655 [ERROR] LogOutputStream:75 - [STDERR_REDIRECT] [Fatal Error] :1:1: Premature end of file.
2026-10-06 15:31:46,655 [ERROR] LogOutputStream:75 - [STDERR_REDIRECT] 
2026-10-06 15:31:47,648 [ERROR] LogOutputStream:75 - [STDERR_REDIRECT] [Fatal Error] :1:1: Premature end of file.
2026-10-06 15:31:47,648 [ERROR] LogOutputStream:75 - [STDERR_REDIRECT] 
2026-10-06 15:31:48,663 [ERROR] LogOutputStream:75 - [STDERR_REDIRECT] [Fatal Error] :1:1: Premature end of file.
2026-10-06 15:31:48,663 [ERROR] LogOutputStream:75 - [STDERR_REDIRECT] 
2026-10-06 15:31:49,659 [ERROR] LogOutputStream:75 - [STDERR_REDIRECT] [Fatal Error] :1:1: Premature end of file.
2026-10-06 15:31:49,659 [ERROR] LogOutputStream:75 - [STDERR_REDIRECT] 
2026-10-06 15:31:50,664 [ERROR] LogOutputStream:75 - [STDERR_REDIRECT] [Fatal Error] :1:1: Premature end of file.
2026-10-06 15:31:50,664 [ERROR] LogOutputStream:75 - [STDERR_REDIRECT] 
2026-10-06 15:31:51,655 [ERROR] LogOutputStream:75 - [STDERR_REDIRECT] [Fatal Error] :1:1: Premature end of file.
2026-10-06 15:31:51,655 [ERROR] LogOutputStream:75 - [STDERR_REDIRECT] 
2026-10-06 15:31:52,667 [ERROR] LogOutputStream:75 - [STDERR_REDIRECT] [Fatal Error] :1:1: Premature end of file.
2026-10-06 15:31:52,667 [ERROR] LogOutputStream:75 - [STDERR_REDIRECT] 
2026-10-06 15:31:53,662 [ERROR] LogOutputStream:75 - [STDERR_REDIRECT] [Fatal Error] :1:1: Premature end of file.
2026-10-06 15:31:53,663 [ERROR] LogOutputStream:75 - [STDERR_REDIRECT] 
2026-10-06 15:31:54,664 [ERROR] LogOutputStream:75 - [STDERR_REDIRECT] [Fatal Error] :1:1: Premature end of file.
2026-10-06 15:31:54,664 [ERROR] LogOutputStream:75 - [STDERR_REDIRECT] 
2026-10-06 15:31:55,657 [ERROR] LogOutputStream:75 - [STDERR_REDIRECT] [Fatal Error] :1:1: Premature end of file.
2026-10-06 15:31:55,657 [ERROR] LogOutputStream:75 - [STDERR_REDIRECT] 
2026-10-06 15:31:56,661 [ERROR] LogOutputStream:75 - [STDERR_REDIRECT] [Fatal Error] :1:1: Premature end of file.
2026-10-06 15:31:56,661 [ERROR] LogOutputStream:75 - [STDERR_REDIRECT] 
2026-10-06 15:31:57,657 [ERROR] LogOutputStream:75 - [STDERR_REDIRECT] [Fatal Error] :1:1: Premature end of file.
2026-10-06 15:31:57,657 [ERROR] LogOutputStream:75 - [STDERR_REDIRECT] 
2026-10-06 15:31:58,655 [ERROR] LogOutputStream:75 - [STDERR_REDIRECT] [Fatal Error] :1:1: Premature end of file.
2026-10-06 15:31:58,656 [ERROR] LogOutputStream:75 - [STDERR_REDIRECT] 
2026-10-06 15:31:59,666 [ERROR] LogOutputStream:75 - [STDERR_REDIRECT] [Fatal Error] :1:1: Premature end of file.
2026-10-06 15:31:59,666 [ERROR] LogOutputStream:75 - [STDERR_REDIRECT] 
2026-10-06 15:32:00,663 [ERROR] LogOutputStream:75 - [STDERR_REDIRECT] [Fatal Error] :1:1: Premature end of file.
2026-10-06 15:32:00,663 [ERROR] LogOutputStream:75 - [STDERR_REDIRECT] 
2026-10-06 15:32:01,658 [ERROR] LogOutputStream:75 - [STDERR_REDIRECT] [Fatal Error] :1:1: Premature end of file.
2026-10-06 15:32:01,658 [ERROR] LogOutputStream:75 - [STDERR_REDIRECT] 
2026-10-06 15:32:02,653 [ERROR] LogOutputStream:75 - [STDERR_REDIRECT] [Fatal Error] :1:1: Premature end of file.
2026-10-06 15:32:02,653 [ERROR] LogOutputStream:75 - [STDERR_REDIRECT] 
2026-10-06 15:32:03,650 [ERROR] LogOutputStream:75 - [STDERR_REDIRECT] [Fatal Error] :1:1: Premature end of file.
2026-10-06 15:32:03,650 [ERROR] LogOutputStream:75 - [STDERR_REDIRECT] 
2026-10-06 15:32:04,663 [ERROR] LogOutputStream:75 - [STDERR_REDIRECT] [Fatal Error] :1:1: Premature end of file.
2026-10-06 15:32:04,663 [ERROR] LogOutputStream:75 - [STDERR_REDIRECT] 
2026-10-06 15:32:05,658 [ERROR] LogOutputStream:75 - [STDERR_REDIRECT] [Fatal Error] :1:1: Premature end of file.
2026-10-06 15:32:05,658 [ERROR] LogOutputStream:75 - [STDERR_REDIRECT] 
2026-10-06 15:32:06,671 [ERROR] LogOutputStream:75 - [STDERR_REDIRECT] [Fatal Error] :1:1: Premature end of file.
2026-10-06 15:32:06,671 [ERROR] LogOutputStream:75 - [STDERR_REDIRECT] 
2026-10-06 15:32:07,664 [ERROR] LogOutputStream:75 - [STDERR_REDIRECT] [Fatal Error] :1:1: Premature end of file.
2026-10-06 15:32:07,664 [ERROR] LogOutputStream:75 - [STDERR_REDIRECT] 
2026-10-06 15:32:08,660 [ERROR] LogOutputStream:75 - [STDERR_REDIRECT] [Fatal Error] :1:1: Premature end of file.
2026-10-06 15:32:08,661 [ERROR] LogOutputStream:75 - [STDERR_REDIRECT] 
2026-10-06 15:32:09,658 [ERROR] LogOutputStream:75 - [STDERR_REDIRECT] [Fatal Error] :1:1: Premature end of file.
2026-10-06 15:32:09,658 [ERROR] LogOutputStream:75 - [STDERR_REDIRECT] 
2026-10-06 15:32:10,660 [ERROR] LogOutputStream:75 - [STDERR_REDIRECT] [Fatal Error] :1:1: Premature end of file.
2026-10-06 15:32:10,661 [ERROR] LogOutputStream:75 - [STDERR_REDIRECT] 
2026-10-06 15:32:11,678 [ERROR] LogOutputStream:75 - [STDERR_REDIRECT] [Fatal Error] :1:1: Premature end of file.
2026-10-06 15:32:11,678 [ERROR] LogOutputStream:75 - [STDERR_REDIRECT] 
2026-10-06 15:32:12,660 [ERROR] LogOutputStream:75 - [STDERR_REDIRECT] [Fatal Error] :1:1: Premature end of file.
2026-10-06 15:32:12,660 [ERROR] LogOutputStream:75 - [STDERR_REDIRECT] 
2026-10-06 15:32:13,665 [ERROR] LogOutputStream:75 - [STDERR_REDIRECT] [Fatal Error] :1:1: Premature end of file.
2026-10-06 15:32:13,665 [ERROR] LogOutputStream:75 - [STDERR_REDIRECT] 
2026-10-06 15:32:14,662 [ERROR] LogOutputStream:75 - [STDERR_REDIRECT] [Fatal Error] :1:1: Premature end of file.
2026-10-06 15:32:14,663 [ERROR] LogOutputStream:75 - [STDERR_REDIRECT] 
2026-10-06 15:32:15,655 [ERROR] LogOutputStream:75 - [STDERR_REDIRECT] [Fatal Error] :1:1: Premature end of file.
2026-10-06 15:32:15,655 [ERROR] LogOutputStream:75 - [STDERR_REDIRECT] 
2026-10-06 15:32:16,653 [ERROR] LogOutputStream:75 - [STDERR_REDIRECT] [Fatal Error] :1:1: Premature end of file.
2026-10-06 15:32:16,654 [ERROR] LogOutputStream:75 - [STDERR_REDIRECT] 
2026-10-06 15:32:17,652 [ERROR] LogOutputStream:75 - [STDERR_REDIRECT] [Fatal Error] :1:1: Premature end of file.
2026-10-06 15:32:17,652 [ERROR] LogOutputStream:75 - [STDERR_REDIRECT] 
2026-10-06 15:32:18,669 [ERROR] LogOutputStream:75 - [STDERR_REDIRECT] [Fatal Error] :1:1: Premature end of file.
2026-10-06 15:32:18,670 [ERROR] LogOutputStream:75 - [STDERR_REDIRECT] 
2026-10-06 15:32:19,681 [ERROR] LogOutputStream:75 - [STDERR_REDIRECT] [Fatal Error] :1:1: Premature end of file.
2026-10-06 15:32:19,681 [ERROR] LogOutputStream:75 - [STDERR_REDIRECT] 
2026-10-06 15:32:20,672 [ERROR] LogOutputStream:75 - [STDERR_REDIRECT] [Fatal Error] :1:1: Premature end of file.
2026-10-06 15:32:20,673 [ERROR] LogOutputStream:75 - [STDERR_REDIRECT] 
2026-10-06 15:32:21,655 [ERROR] LogOutputStream:75 - [STDERR_REDIRECT] [Fatal Error] :1:1: Premature end of file.
2026-10-06 15:32:21,655 [ERROR] LogOutputStream:75 - [STDERR_REDIRECT] 
2026-10-06 15:32:22,659 [ERROR] LogOutputStream:75 - [STDERR_REDIRECT] [Fatal Error] :1:1: Premature end of file.
2026-10-06 15:32:22,659 [ERROR] LogOutputStream:75 - [STDERR_REDIRECT] 
2026-10-06 15:32:23,662 [ERROR] LogOutputStream:75 - [STDERR_REDIRECT] [Fatal Error] :1:1: Premature end of file.
2026-10-06 15:32:23,662 [ERROR] LogOutputStream:75 - [STDERR_REDIRECT] 
2026-10-06 15:32:24,658 [ERROR] LogOutputStream:75 - [STDERR_REDIRECT] [Fatal Error] :1:1: Premature end of file.
2026-10-06 15:32:24,658 [ERROR] LogOutputStream:75 - [STDERR_REDIRECT] 
2026-10-06 15:32:25,653 [ERROR] LogOutputStream:75 - [STDERR_REDIRECT] [Fatal Error] :1:1: Premature end of file.
2026-10-06 15:32:25,653 [ERROR] LogOutputStream:75 - [STDERR_REDIRECT] 
2026-10-06 15:32:26,654 [ERROR] LogOutputStream:75 - [STDERR_REDIRECT] [Fatal Error] :1:1: Premature end of file.
2026-10-06 15:32:26,654 [ERROR] LogOutputStream:75 - [STDERR_REDIRECT] 
2026-10-06 15:32:27,657 [ERROR] LogOutputStream:75 - [STDERR_REDIRECT] [Fatal Error] :1:1: Premature end of file.
2026-10-06 15:32:27,657 [ERROR] LogOutputStream:75 - [STDERR_REDIRECT] 
2026-10-06 15:32:28,657 [ERROR] LogOutputStream:75 - [STDERR_REDIRECT] [Fatal Error] :1:1: Premature end of file.
2026-10-06 15:32:28,657 [ERROR] LogOutputStream:75 - [STDERR_REDIRECT] 
2026-10-06 15:32:29,664 [ERROR] LogOutputStream:75 - [STDERR_REDIRECT] [Fatal Error] :1:1: Premature end of file.
2026-10-06 15:32:29,664 [ERROR] LogOutputStream:75 - [STDERR_REDIRECT] 
2026-10-06 15:32:30,666 [ERROR] LogOutputStream:75 - [STDERR_REDIRECT] [Fatal Error] :1:1: Premature end of file.
2026-10-06 15:32:30,666 [ERROR] LogOutputStream:75 - [STDERR_REDIRECT] 
2026-10-06 15:32:31,656 [ERROR] LogOutputStream:75 - [STDERR_REDIRECT] [Fatal Error] :1:1: Premature end of file.
2026-10-06 15:32:31,656 [ERROR] LogOutputStream:75 - [STDERR_REDIRECT] 
2026-10-06 15:32:32,658 [ERROR] LogOutputStream:75 - [STDERR_REDIRECT] [Fatal Error] :1:1: Premature end of file.
2026-10-06 15:32:32,658 [ERROR] LogOutputStream:75 - [STDERR_REDIRECT] 
2026-10-06 15:32:33,664 [ERROR] LogOutputStream:75 - [STDERR_REDIRECT] [Fatal Error] :1:1: Premature end of file.
2026-10-06 15:32:33,665 [ERROR] LogOutputStream:75 - [STDERR_REDIRECT] 
2026-10-06 15:32:34,656 [ERROR] LogOutputStream:75 - [STDERR_REDIRECT] [Fatal Error] :1:1: Premature end of file.
2026-10-06 15:32:34,656 [ERROR] LogOutputStream:75 - [STDERR_REDIRECT] 
2026-10-06 15:32:35,656 [ERROR] LogOutputStream:75 - [STDERR_REDIRECT] [Fatal Error] :1:1: Premature end of file.
2026-10-06 15:32:35,656 [ERROR] LogOutputStream:75 - [STDERR_REDIRECT] 
2026-10-06 15:32:36,652 [ERROR] LogOutputStream:75 - [STDERR_REDIRECT] [Fatal Error] :1:1: Premature end of file.
2026-10-06 15:32:36,652 [ERROR] LogOutputStream:75 - [STDERR_REDIRECT] 
2026-10-06 15:32:37,670 [ERROR] LogOutputStream:75 - [STDERR_REDIRECT] [Fatal Error] :1:1: Premature end of file.
2026-10-06 15:32:37,670 [ERROR] LogOutputStream:75 - [STDERR_REDIRECT] 
2026-10-06 15:32:38,652 [ERROR] LogOutputStream:75 - [STDERR_REDIRECT] [Fatal Error] :1:1: Premature end of file.
2026-10-06 15:32:38,653 [ERROR] LogOutputStream:75 - [STDERR_REDIRECT] 
2026-10-06 15:32:39,661 [ERROR] LogOutputStream:75 - [STDERR_REDIRECT] [Fatal Error] :1:1: Premature end of file.
2026-10-06 15:32:39,661 [ERROR] LogOutputStream:75 - [STDERR_REDIRECT] 
2026-10-06 15:32:40,662 [ERROR] LogOutputStream:75 - [STDERR_REDIRECT] [Fatal Error] :1:1: Premature end of file.
2026-10-06 15:32:40,663 [ERROR] LogOutputStream:75 - [STDERR_REDIRECT] 
2026-10-06 15:32:41,656 [ERROR] LogOutputStream:75 - [STDERR_REDIRECT] [Fatal Error] :1:1: Premature end of file.
2026-10-06 15:32:41,656 [ERROR] LogOutputStream:75 - [STDERR_REDIRECT] 
2026-10-06 15:32:42,653 [ERROR] LogOutputStream:75 - [STDERR_REDIRECT] [Fatal Error] :1:1: Premature end of file.
2026-10-06 15:32:42,653 [ERROR] LogOutputStream:75 - [STDERR_REDIRECT] 
2026-10-06 15:32:43,654 [ERROR] LogOutputStream:75 - [STDERR_REDIRECT] [Fatal Error] :1:1: Premature end of file.
2026-10-06 15:32:43,654 [ERROR] LogOutputStream:75 - [STDERR_REDIRECT] 
2026-10-06 15:32:44,663 [ERROR] LogOutputStream:75 - [STDERR_REDIRECT] [Fatal Error] :1:1: Premature end of file.
2026-10-06 15:32:44,663 [ERROR] LogOutputStream:75 - [STDERR_REDIRECT] 
2026-10-06 15:32:45,670 [ERROR] LogOutputStream:75 - [STDERR_REDIRECT] [Fatal Error] :1:1: Premature end of file.
2026-10-06 15:32:45,670 [ERROR] LogOutputStream:75 - [STDERR_REDIRECT] 
2026-10-06 15:32:46,664 [ERROR] LogOutputStream:75 - [STDERR_REDIRECT] [Fatal Error] :1:1: Premature end of file.
2026-10-06 15:32:46,664 [ERROR] LogOutputStream:75 - [STDERR_REDIRECT] 
2026-10-06 15:32:47,663 [ERROR] LogOutputStream:75 - [STDERR_REDIRECT] [Fatal Error] :1:1: Premature end of file.
2026-10-06 15:32:47,663 [ERROR] LogOutputStream:75 - [STDERR_REDIRECT] 
2026-10-06 15:32:48,655 [ERROR] LogOutputStream:75 - [STDERR_REDIRECT] [Fatal Error] :1:1: Premature end of file.
2026-10-06 15:32:48,655 [ERROR] LogOutputStream:75 - [STDERR_REDIRECT] 
2026-10-06 15:32:49,652 [ERROR] LogOutputStream:75 - [STDERR_REDIRECT] [Fatal Error] :1:1: Premature end of file.
2026-10-06 15:32:49,652 [ERROR] LogOutputStream:75 - [STDERR_REDIRECT] 
2026-10-06 15:32:50,649 [ERROR] LogOutputStream:75 - [STDERR_REDIRECT] [Fatal Error] :1:1: Premature end of file.
2026-10-06 15:32:50,649 [ERROR] LogOutputStream:75 - [STDERR_REDIRECT] 
2026-10-06 15:32:51,679 [ERROR] LogOutputStream:75 - [STDERR_REDIRECT] [Fatal Error] :1:1: Premature end of file.
2026-10-06 15:32:51,679 [ERROR] LogOutputStream:75 - [STDERR_REDIRECT] 
2026-10-06 15:32:52,662 [ERROR] LogOutputStream:75 - [STDERR_REDIRECT] [Fatal Error] :1:1: Premature end of file.
2026-10-06 15:32:52,663 [ERROR] LogOutputStream:75 - [STDERR_REDIRECT] 
2026-10-06 15:32:53,663 [ERROR] LogOutputStream:75 - [STDERR_REDIRECT] [Fatal Error] :1:1: Premature end of file.
2026-10-06 15:32:53,663 [ERROR] LogOutputStream:75 - [STDERR_REDIRECT] 
2026-10-06 15:32:54,667 [ERROR] LogOutputStream:75 - [STDERR_REDIRECT] [Fatal Error] :1:1: Premature end of file.
2026-10-06 15:32:54,668 [ERROR] LogOutputStream:75 - [STDERR_REDIRECT] 
2026-10-06 15:32:55,651 [ERROR] LogOutputStream:75 - [STDERR_REDIRECT] [Fatal Error] :1:1: Premature end of file.
2026-10-06 15:32:55,651 [ERROR] LogOutputStream:75 - [STDERR_REDIRECT] 
2026-10-06 15:32:56,661 [ERROR] LogOutputStream:75 - [STDERR_REDIRECT] [Fatal Error] :1:1: Premature end of file.
2026-10-06 15:32:56,661 [ERROR] LogOutputStream:75 - [STDERR_REDIRECT] 
2026-10-06 15:32:57,672 [ERROR] LogOutputStream:75 - [STDERR_REDIRECT] [Fatal Error] :1:1: Premature end of file.
2026-10-06 15:32:57,672 [ERROR] LogOutputStream:75 - [STDERR_REDIRECT] 
2026-10-06 15:32:58,661 [ERROR] LogOutputStream:75 - [STDERR_REDIRECT] [Fatal Error] :1:1: Premature end of file.
2026-10-06 15:32:58,661 [ERROR] LogOutputStream:75 - [STDERR_REDIRECT] 
2026-10-06 15:32:59,659 [ERROR] LogOutputStream:75 - [STDERR_REDIRECT] [Fatal Error] :1:1: Premature end of file.
2026-10-06 15:32:59,659 [ERROR] LogOutputStream:75 - [STDERR_REDIRECT] 
2026-10-06 15:33:00,650 [ERROR] LogOutputStream:75 - [STDERR_REDIRECT] [Fatal Error] :1:1: Premature end of file.
2026-10-06 15:33:00,651 [ERROR] LogOutputStream:75 - [STDERR_REDIRECT] 
2026-10-06 15:33:01,647 [ERROR] LogOutputStream:75 - [STDERR_REDIRECT] [Fatal Error] :1:1: Premature end of file.
2026-10-06 15:33:01,648 [ERROR] LogOutputStream:75 - [STDERR_REDIRECT] 
2026-10-06 15:33:02,663 [ERROR] LogOutputStream:75 - [STDERR_REDIRECT] [Fatal Error] :1:1: Premature end of file.
2026-10-06 15:33:02,664 [ERROR] LogOutputStream:75 - [STDERR_REDIRECT] 
2026-10-06 15:33:03,659 [ERROR] LogOutputStream:75 - [STDERR_REDIRECT] [Fatal Error] :1:1: Premature end of file.
2026-10-06 15:33:03,659 [ERROR] LogOutputStream:75 - [STDERR_REDIRECT] 
2026-10-06 15:33:04,652 [ERROR] LogOutputStream:75 - [STDERR_REDIRECT] [Fatal Error] :1:1: Premature end of file.
2026-10-06 15:33:04,652 [ERROR] LogOutputStream:75 - [STDERR_REDIRECT] 
2026-10-06 15:33:05,652 [ERROR] LogOutputStream:75 - [STDERR_REDIRECT] [Fatal Error] :1:1: Premature end of file.
2026-10-06 15:33:05,652 [ERROR] LogOutputStream:75 - [STDERR_REDIRECT] 
2026-10-06 15:33:06,660 [ERROR] LogOutputStream:75 - [STDERR_REDIRECT] [Fatal Error] :1:1: Premature end of file.
2026-10-06 15:33:06,660 [ERROR] LogOutputStream:75 - [STDERR_REDIRECT] 
2026-10-06 15:33:07,660 [ERROR] LogOutputStream:75 - [STDERR_REDIRECT] [Fatal Error] :1:1: Premature end of file.
2026-10-06 15:33:07,660 [ERROR] LogOutputStream:75 - [STDERR_REDIRECT] 
2026-10-06 15:33:08,652 [ERROR] LogOutputStream:75 - [STDERR_REDIRECT] [Fatal Error] :1:1: Premature end of file.
2026-10-06 15:33:08,652 [ERROR] LogOutputStream:75 - [STDERR_REDIRECT] 
2026-10-06 15:33:09,667 [ERROR] LogOutputStream:75 - [STDERR_REDIRECT] [Fatal Error] :1:1: Premature end of file.
2026-10-06 15:33:09,667 [ERROR] LogOutputStream:75 - [STDERR_REDIRECT] 
2026-10-06 15:33:10,662 [ERROR] LogOutputStream:75 - [STDERR_REDIRECT] [Fatal Error] :1:1: Premature end of file.
2026-10-06 15:33:10,662 [ERROR] LogOutputStream:75 - [STDERR_REDIRECT] 
2026-10-06 15:33:11,648 [ERROR] LogOutputStream:75 - [STDERR_REDIRECT] [Fatal Error] :1:1: Premature end of file.
2026-10-06 15:33:11,648 [ERROR] LogOutputStream:75 - [STDERR_REDIRECT] 
2026-10-06 15:33:12,651 [ERROR] LogOutputStream:75 - [STDERR_REDIRECT] [Fatal Error] :1:1: Premature end of file.
2026-10-06 15:33:12,651 [ERROR] LogOutputStream:75 - [STDERR_REDIRECT] 
2026-10-06 15:33:13,670 [ERROR] LogOutputStream:75 - [STDERR_REDIRECT] [Fatal Error] :1:1: Premature end of file.
2026-10-06 15:33:13,670 [ERROR] LogOutputStream:75 - [STDERR_REDIRECT] 
2026-10-06 15:33:14,669 [ERROR] LogOutputStream:75 - [STDERR_REDIRECT] [Fatal Error] :1:1: Premature end of file.
2026-10-06 15:33:14,669 [ERROR] LogOutputStream:75 - [STDERR_REDIRECT] 
2026-10-06 15:33:15,668 [ERROR] LogOutputStream:75 - [STDERR_REDIRECT] [Fatal Error] :1:1: Premature end of file.
2026-10-06 15:33:15,668 [ERROR] LogOutputStream:75 - [STDERR_REDIRECT] 
2026-10-06 15:33:16,667 [ERROR] LogOutputStream:75 - [STDERR_REDIRECT] [Fatal Error] :1:1: Premature end of file.
2026-10-06 15:33:16,667 [ERROR] LogOutputStream:75 - [STDERR_REDIRECT] 
2026-10-06 15:33:17,664 [ERROR] LogOutputStream:75 - [STDERR_REDIRECT] [Fatal Error] :1:1: Premature end of file.
2026-10-06 15:33:17,664 [ERROR] LogOutputStream:75 - [STDERR_REDIRECT] 
2026-10-06 15:33:18,670 [ERROR] LogOutputStream:75 - [STDERR_REDIRECT] [Fatal Error] :1:1: Premature end of file.
2026-10-06 15:33:18,670 [ERROR] LogOutputStream:75 - [STDERR_REDIRECT] 
2026-10-06 15:33:19,675 [ERROR] LogOutputStream:75 - [STDERR_REDIRECT] [Fatal Error] :1:1: Premature end of file.
2026-10-06 15:33:19,675 [ERROR] LogOutputStream:75 - [STDERR_REDIRECT] 
2026-10-06 15:33:20,661 [ERROR] LogOutputStream:75 - [STDERR_REDIRECT] [Fatal Error] :1:1: Premature end of file.
2026-10-06 15:33:20,661 [ERROR] LogOutputStream:75 - [STDERR_REDIRECT] 
2026-10-06 15:33:21,662 [ERROR] LogOutputStream:75 - [STDERR_REDIRECT] [Fatal Error] :1:1: Premature end of file.
2026-10-06 15:33:21,662 [ERROR] LogOutputStream:75 - [STDERR_REDIRECT] 
2026-10-06 15:33:22,677 [ERROR] LogOutputStream:75 - [STDERR_REDIRECT] [Fatal Error] :1:1: Premature end of file.
2026-10-06 15:33:22,677 [ERROR] LogOutputStream:75 - [STDERR_REDIRECT] 
2026-10-06 15:33:23,669 [ERROR] LogOutputStream:75 - [STDERR_REDIRECT] [Fatal Error] :1:1: Premature end of file.
2026-10-06 15:33:23,670 [ERROR] LogOutputStream:75 - [STDERR_REDIRECT] 
2026-10-06 15:33:24,662 [ERROR] LogOutputStream:75 - [STDERR_REDIRECT] [Fatal Error] :1:1: Premature end of file.
2026-10-06 15:33:24,662 [ERROR] LogOutputStream:75 - [STDERR_REDIRECT] 
2026-10-06 15:33:25,670 [ERROR] LogOutputStream:75 - [STDERR_REDIRECT] [Fatal Error] :1:1: Premature end of file.
2026-10-06 15:33:25,670 [ERROR] LogOutputStream:75 - [STDERR_REDIRECT] 
2026-10-06 15:33:26,671 [ERROR] LogOutputStream:75 - [STDERR_REDIRECT] [Fatal Error] :1:1: Premature end of file.
2026-10-06 15:33:26,671 [ERROR] LogOutputStream:75 - [STDERR_REDIRECT] 
2026-10-06 15:33:27,662 [ERROR] LogOutputStream:75 - [STDERR_REDIRECT] [Fatal Error] :1:1: Premature end of file.
2026-10-06 15:33:27,662 [ERROR] LogOutputStream:75 - [STDERR_REDIRECT] 
2026-10-06 15:33:28,669 [ERROR] LogOutputStream:75 - [STDERR_REDIRECT] [Fatal Error] :1:1: Premature end of file.
2026-10-06 15:33:28,670 [ERROR] LogOutputStream:75 - [STDERR_REDIRECT] 
2026-10-06 15:33:29,672 [ERROR] LogOutputStream:75 - [STDERR_REDIRECT] [Fatal Error] :1:1: Premature end of file.
2026-10-06 15:33:29,672 [ERROR] LogOutputStream:75 - [STDERR_REDIRECT] 
2026-10-06 15:33:30,665 [ERROR] LogOutputStream:75 - [STDERR_REDIRECT] [Fatal Error] :1:1: Premature end of file.
2026-10-06 15:33:30,665 [ERROR] LogOutputStream:75 - [STDERR_REDIRECT] 
2026-10-06 15:33:31,664 [ERROR] LogOutputStream:75 - [STDERR_REDIRECT] [Fatal Error] :1:1: Premature end of file.
2026-10-06 15:33:31,665 [ERROR] LogOutputStream:75 - [STDERR_REDIRECT] 
2026-10-06 15:33:32,680 [ERROR] LogOutputStream:75 - [STDERR_REDIRECT] [Fatal Error] :1:1: Premature end of file.
2026-10-06 15:33:32,681 [ERROR] LogOutputStream:75 - [STDERR_REDIRECT] 
2026-10-06 15:33:33,673 [ERROR] LogOutputStream:75 - [STDERR_REDIRECT] [Fatal Error] :1:1: Premature end of file.
2026-10-06 15:33:33,673 [ERROR] LogOutputStream:75 - [STDERR_REDIRECT] 
2026-10-06 15:33:34,663 [ERROR] LogOutputStream:75 - [STDERR_REDIRECT] [Fatal Error] :1:1: Premature end of file.
2026-10-06 15:33:34,663 [ERROR] LogOutputStream:75 - [STDERR_REDIRECT] 
2026-10-06 15:33:35,662 [ERROR] LogOutputStream:75 - [STDERR_REDIRECT] [Fatal Error] :1:1: Premature end of file.
2026-10-06 15:33:35,662 [ERROR] LogOutputStream:75 - [STDERR_REDIRECT] 
2026-10-06 15:33:36,670 [ERROR] LogOutputStream:75 - [STDERR_REDIRECT] [Fatal Error] :1:1: Premature end of file.
2026-10-06 15:33:36,670 [ERROR] LogOutputStream:75 - [STDERR_REDIRECT] 
2026-10-06 15:33:37,666 [ERROR] LogOutputStream:75 - [STDERR_REDIRECT] [Fatal Error] :1:1: Premature end of file.
2026-10-06 15:33:37,666 [ERROR] LogOutputStream:75 - [STDERR_REDIRECT] 
2026-10-06 15:33:38,659 [ERROR] LogOutputStream:75 - [STDERR_REDIRECT] [Fatal Error] :1:1: Premature end of file.
2026-10-06 15:33:38,659 [ERROR] LogOutputStream:75 - [STDERR_REDIRECT] 
2026-10-06 15:33:39,658 [ERROR] LogOutputStream:75 - [STDERR_REDIRECT] [Fatal Error] :1:1: Premature end of file.
2026-10-06 15:33:39,658 [ERROR] LogOutputStream:75 - [STDERR_REDIRECT] 
2026-10-06 15:33:40,661 [ERROR] LogOutputStream:75 - [STDERR_REDIRECT] [Fatal Error] :1:1: Premature end of file.
2026-10-06 15:33:40,662 [ERROR] LogOutputStream:75 - [STDERR_REDIRECT] 
2026-10-06 15:33:41,674 [ERROR] LogOutputStream:75 - [STDERR_REDIRECT] [Fatal Error] :1:1: Premature end of file.
2026-10-06 15:33:41,674 [ERROR] LogOutputStream:75 - [STDERR_REDIRECT] 
2026-10-06 15:33:42,663 [ERROR] LogOutputStream:75 - [STDERR_REDIRECT] [Fatal Error] :1:1: Premature end of file.
2026-10-06 15:33:42,663 [ERROR] LogOutputStream:75 - [STDERR_REDIRECT] 
2026-10-06 15:33:43,666 [ERROR] LogOutputStream:75 - [STDERR_REDIRECT] [Fatal Error] :1:1: Premature end of file.
2026-10-06 15:33:43,666 [ERROR] LogOutputStream:75 - [STDERR_REDIRECT] 
2026-10-06 15:33:44,659 [ERROR] LogOutputStream:75 - [STDERR_REDIRECT] [Fatal Error] :1:1: Premature end of file.
2026-10-06 15:33:44,660 [ERROR] LogOutputStream:75 - [STDERR_REDIRECT] 
2026-10-06 15:33:45,666 [ERROR] LogOutputStream:75 - [STDERR_REDIRECT] [Fatal Error] :1:1: Premature end of file.
2026-10-06 15:33:45,666 [ERROR] LogOutputStream:75 - [STDERR_REDIRECT] 
2026-10-06 15:33:46,663 [ERROR] LogOutputStream:75 - [STDERR_REDIRECT] [Fatal Error] :1:1: Premature end of file.
2026-10-06 15:33:46,663 [ERROR] LogOutputStream:75 - [STDERR_REDIRECT] 
2026-10-06 15:33:47,670 [ERROR] LogOutputStream:75 - [STDERR_REDIRECT] [Fatal Error] :1:1: Premature end of file.
2026-10-06 15:33:47,670 [ERROR] LogOutputStream:75 - [STDERR_REDIRECT] 
2026-10-06 15:33:48,662 [ERROR] LogOutputStream:75 - [STDERR_REDIRECT] [Fatal Error] :1:1: Premature end of file.
2026-10-06 15:33:48,663 [ERROR] LogOutputStream:75 - [STDERR_REDIRECT] 
2026-10-06 15:33:49,661 [ERROR] LogOutputStream:75 - [STDERR_REDIRECT] [Fatal Error] :1:1: Premature end of file.
2026-10-06 15:33:49,662 [ERROR] LogOutputStream:75 - [STDERR_REDIRECT] 
2026-10-06 15:33:50,658 [ERROR] LogOutputStream:75 - [STDERR_REDIRECT] [Fatal Error] :1:1: Premature end of file.
2026-10-06 15:33:50,659 [ERROR] LogOutputStream:75 - [STDERR_REDIRECT] 
2026-10-06 15:33:51,669 [ERROR] LogOutputStream:75 - [STDERR_REDIRECT] [Fatal Error] :1:1: Premature end of file.
2026-10-06 15:33:51,669 [ERROR] LogOutputStream:75 - [STDERR_REDIRECT] 
2026-10-06 15:33:52,673 [ERROR] LogOutputStream:75 - [STDERR_REDIRECT] [Fatal Error] :1:1: Premature end of file.
2026-10-06 15:33:52,674 [ERROR] LogOutputStream:75 - [STDERR_REDIRECT] 
2026-10-06 15:33:53,659 [ERROR] LogOutputStream:75 - [STDERR_REDIRECT] [Fatal Error] :1:1: Premature end of file.
2026-10-06 15:33:53,660 [ERROR] LogOutputStream:75 - [STDERR_REDIRECT] 
2026-10-06 15:33:54,661 [ERROR] LogOutputStream:75 - [STDERR_REDIRECT] [Fatal Error] :1:1: Premature end of file.
2026-10-06 15:33:54,662 [ERROR] LogOutputStream:75 - [STDERR_REDIRECT] 
2026-10-06 15:33:55,665 [ERROR] LogOutputStream:75 - [STDERR_REDIRECT] [Fatal Error] :1:1: Premature end of file.
2026-10-06 15:33:55,665 [ERROR] LogOutputStream:75 - [STDERR_REDIRECT] 
2026-10-06 15:33:56,658 [ERROR] LogOutputStream:75 - [STDERR_REDIRECT] [Fatal Error] :1:1: Premature end of file.
2026-10-06 15:33:56,658 [ERROR] LogOutputStream:75 - [STDERR_REDIRECT] 
2026-10-06 15:33:57,669 [ERROR] LogOutputStream:75 - [STDERR_REDIRECT] [Fatal Error] :1:1: Premature end of file.
2026-10-06 15:33:57,669 [ERROR] LogOutputStream:75 - [STDERR_REDIRECT] 
2026-10-06 15:33:58,650 [ERROR] LogOutputStream:75 - [STDERR_REDIRECT] [Fatal Error] :1:1: Premature end of file.
2026-10-06 15:33:58,650 [ERROR] LogOutputStream:75 - [STDERR_REDIRECT] 
2026-10-06 15:33:59,665 [ERROR] LogOutputStream:75 - [STDERR_REDIRECT] [Fatal Error] :1:1: Premature end of file.
2026-10-06 15:33:59,665 [ERROR] LogOutputStream:75 - [STDERR_REDIRECT] 
2026-10-06 15:34:00,659 [ERROR] LogOutputStream:75 - [STDERR_REDIRECT] [Fatal Error] :1:1: Premature end of file.
2026-10-06 15:34:00,659 [ERROR] LogOutputStream:75 - [STDERR_REDIRECT] 
2026-10-06 15:34:01,651 [ERROR] LogOutputStream:75 - [STDERR_REDIRECT] [Fatal Error] :1:1: Premature end of file.
2026-10-06 15:34:01,652 [ERROR] LogOutputStream:75 - [STDERR_REDIRECT] 
2026-10-06 15:34:02,662 [ERROR] LogOutputStream:75 - [STDERR_REDIRECT] [Fatal Error] :1:1: Premature end of file.
2026-10-06 15:34:02,662 [ERROR] LogOutputStream:75 - [STDERR_REDIRECT] 
2026-10-06 15:34:03,670 [ERROR] LogOutputStream:75 - [STDERR_REDIRECT] [Fatal Error] :1:1: Premature end of file.
2026-10-06 15:34:03,670 [ERROR] LogOutputStream:75 - [STDERR_REDIRECT] 
2026-10-06 15:34:04,661 [ERROR] LogOutputStream:75 - [STDERR_REDIRECT] [Fatal Error] :1:1: Premature end of file.
2026-10-06 15:34:04,661 [ERROR] LogOutputStream:75 - [STDERR_REDIRECT] 
2026-10-06 15:34:05,659 [ERROR] LogOutputStream:75 - [STDERR_REDIRECT] [Fatal Error] :1:1: Premature end of file.
2026-10-06 15:34:05,659 [ERROR] LogOutputStream:75 - [STDERR_REDIRECT] 
2026-10-06 15:34:06,656 [ERROR] LogOutputStream:75 - [STDERR_REDIRECT] [Fatal Error] :1:1: Premature end of file.
2026-10-06 15:34:06,656 [ERROR] LogOutputStream:75 - [STDERR_REDIRECT] 
2026-10-06 15:34:07,657 [ERROR] LogOutputStream:75 - [STDERR_REDIRECT] [Fatal Error] :1:1: Premature end of file.
2026-10-06 15:34:07,657 [ERROR] LogOutputStream:75 - [STDERR_REDIRECT] 
2026-10-06 15:34:08,660 [ERROR] LogOutputStream:75 - [STDERR_REDIRECT] [Fatal Error] :1:1: Premature end of file.
2026-10-06 15:34:08,660 [ERROR] LogOutputStream:75 - [STDERR_REDIRECT] 
2026-10-06 15:34:09,675 [ERROR] LogOutputStream:75 - [STDERR_REDIRECT] [Fatal Error] :1:1: Premature end of file.
2026-10-06 15:34:09,675 [ERROR] LogOutputStream:75 - [STDERR_REDIRECT] 
2026-10-06 15:34:10,658 [ERROR] LogOutputStream:75 - [STDERR_REDIRECT] [Fatal Error] :1:1: Premature end of file.
2026-10-06 15:34:10,658 [ERROR] LogOutputStream:75 - [STDERR_REDIRECT] 
2026-10-06 15:34:11,676 [ERROR] LogOutputStream:75 - [STDERR_REDIRECT] [Fatal Error] :1:1: Premature end of file.
2026-10-06 15:34:11,676 [ERROR] LogOutputStream:75 - [STDERR_REDIRECT] 
2026-10-06 15:34:12,665 [ERROR] LogOutputStream:75 - [STDERR_REDIRECT] [Fatal Error] :1:1: Premature end of file.
2026-10-06 15:34:12,665 [ERROR] LogOutputStream:75 - [STDERR_REDIRECT] 
2026-10-06 15:34:13,665 [ERROR] LogOutputStream:75 - [STDERR_REDIRECT] [Fatal Error] :1:1: Premature end of file.
2026-10-06 15:34:13,666 [ERROR] LogOutputStream:75 - [STDERR_REDIRECT] 
2026-10-06 15:34:14,675 [ERROR] LogOutputStream:75 - [STDERR_REDIRECT] [Fatal Error] :1:1: Premature end of file.
2026-10-06 15:34:14,675 [ERROR] LogOutputStream:75 - [STDERR_REDIRECT] 
2026-10-06 15:34:15,668 [ERROR] LogOutputStream:75 - [STDERR_REDIRECT] [Fatal Error] :1:1: Premature end of file.
2026-10-06 15:34:15,668 [ERROR] LogOutputStream:75 - [STDERR_REDIRECT] 
2026-10-06 15:34:16,660 [ERROR] LogOutputStream:75 - [STDERR_REDIRECT] [Fatal Error] :1:1: Premature end of file.
2026-10-06 15:34:16,661 [ERROR] LogOutputStream:75 - [STDERR_REDIRECT] 
2026-10-06 15:34:17,662 [ERROR] LogOutputStream:75 - [STDERR_REDIRECT] [Fatal Error] :1:1: Premature end of file.
2026-10-06 15:34:17,662 [ERROR] LogOutputStream:75 - [STDERR_REDIRECT] 
2026-10-06 15:34:18,674 [ERROR] LogOutputStream:75 - [STDERR_REDIRECT] [Fatal Error] :1:1: Premature end of file.
2026-10-06 15:34:18,675 [ERROR] LogOutputStream:75 - [STDERR_REDIRECT] 
2026-10-06 15:34:19,664 [ERROR] LogOutputStream:75 - [STDERR_REDIRECT] [Fatal Error] :1:1: Premature end of file.
2026-10-06 15:34:19,664 [ERROR] LogOutputStream:75 - [STDERR_REDIRECT] 
2026-10-06 15:34:20,671 [ERROR] LogOutputStream:75 - [STDERR_REDIRECT] [Fatal Error] :1:1: Premature end of file.
2026-10-06 15:34:20,672 [ERROR] LogOutputStream:75 - [STDERR_REDIRECT] 
2026-10-06 15:34:21,672 [ERROR] LogOutputStream:75 - [STDERR_REDIRECT] [Fatal Error] :1:1: Premature end of file.
2026-10-06 15:34:21,672 [ERROR] LogOutputStream:75 - [STDERR_REDIRECT] 
2026-10-06 15:34:22,672 [ERROR] LogOutputStream:75 - [STDERR_REDIRECT] [Fatal Error] :1:1: Premature end of file.
2026-10-06 15:34:22,673 [ERROR] LogOutputStream:75 - [STDERR_REDIRECT] 
2026-10-06 15:34:23,662 [ERROR] LogOutputStream:75 - [STDERR_REDIRECT] [Fatal Error] :1:1: Premature end of file.
2026-10-06 15:34:23,662 [ERROR] LogOutputStream:75 - [STDERR_REDIRECT] 
2026-10-06 15:34:24,662 [ERROR] LogOutputStream:75 - [STDERR_REDIRECT] [Fatal Error] :1:1: Premature end of file.
2026-10-06 15:34:24,662 [ERROR] LogOutputStream:75 - [STDERR_REDIRECT] 
2026-10-06 15:34:25,648 [ERROR] LogOutputStream:75 - [STDERR_REDIRECT] [Fatal Error] :1:1: Premature end of file.
2026-10-06 15:34:25,648 [ERROR] LogOutputStream:75 - [STDERR_REDIRECT] 
2026-10-06 15:34:26,671 [ERROR] LogOutputStream:75 - [STDERR_REDIRECT] [Fatal Error] :1:1: Premature end of file.
2026-10-06 15:34:26,672 [ERROR] LogOutputStream:75 - [STDERR_REDIRECT] 
2026-10-06 15:34:27,673 [ERROR] LogOutputStream:75 - [STDERR_REDIRECT] [Fatal Error] :1:1: Premature end of file.
2026-10-06 15:34:27,673 [ERROR] LogOutputStream:75 - [STDERR_REDIRECT] 
2026-10-06 15:34:28,665 [ERROR] LogOutputStream:75 - [STDERR_REDIRECT] [Fatal Error] :1:1: Premature end of file.
2026-10-06 15:34:28,665 [ERROR] LogOutputStream:75 - [STDERR_REDIRECT] 
2026-10-06 15:34:29,650 [ERROR] LogOutputStream:75 - [STDERR_REDIRECT] [Fatal Error] :1:1: Premature end of file.
2026-10-06 15:34:29,651 [ERROR] LogOutputStream:75 - [STDERR_REDIRECT] 
2026-10-06 15:34:30,652 [ERROR] LogOutputStream:75 - [STDERR_REDIRECT] [Fatal Error] :1:1: Premature end of file.
2026-10-06 15:34:30,652 [ERROR] LogOutputStream:75 - [STDERR_REDIRECT] 
2026-10-06 15:34:31,666 [ERROR] LogOutputStream:75 - [STDERR_REDIRECT] [Fatal Error] :1:1: Premature end of file.
2026-10-06 15:34:31,666 [ERROR] LogOutputStream:75 - [STDERR_REDIRECT] 
2026-10-06 15:34:32,665 [ERROR] LogOutputStream:75 - [STDERR_REDIRECT] [Fatal Error] :1:1: Premature end of file.
2026-10-06 15:34:32,665 [ERROR] LogOutputStream:75 - [STDERR_REDIRECT] 
2026-10-06 15:34:33,664 [ERROR] LogOutputStream:75 - [STDERR_REDIRECT] [Fatal Error] :1:1: Premature end of file.
2026-10-06 15:34:33,664 [ERROR] LogOutputStream:75 - [STDERR_REDIRECT] 
2026-10-06 15:34:34,671 [ERROR] LogOutputStream:75 - [STDERR_REDIRECT] [Fatal Error] :1:1: Premature end of file.
2026-10-06 15:34:34,671 [ERROR] LogOutputStream:75 - [STDERR_REDIRECT] 
2026-10-06 15:34:35,664 [ERROR] LogOutputStream:75 - [STDERR_REDIRECT] [Fatal Error] :1:1: Premature end of file.
2026-10-06 15:34:35,664 [ERROR] LogOutputStream:75 - [STDERR_REDIRECT] 
2026-10-06 15:34:36,667 [ERROR] LogOutputStream:75 - [STDERR_REDIRECT] [Fatal Error] :1:1: Premature end of file.
2026-10-06 15:34:36,667 [ERROR] LogOutputStream:75 - [STDERR_REDIRECT] 
2026-10-06 15:34:37,669 [ERROR] LogOutputStream:75 - [STDERR_REDIRECT] [Fatal Error] :1:1: Premature end of file.
2026-10-06 15:34:37,669 [ERROR] LogOutputStream:75 - [STDERR_REDIRECT] 
2026-10-06 15:34:38,671 [ERROR] LogOutputStream:75 - [STDERR_REDIRECT] [Fatal Error] :1:1: Premature end of file.
2026-10-06 15:34:38,671 [ERROR] LogOutputStream:75 - [STDERR_REDIRECT] 
2026-10-06 15:34:39,663 [ERROR] LogOutputStream:75 - [STDERR_REDIRECT] [Fatal Error] :1:1: Premature end of file.
2026-10-06 15:34:39,663 [ERROR] LogOutputStream:75 - [STDERR_REDIRECT] 
2026-10-06 15:34:40,673 [ERROR] LogOutputStream:75 - [STDERR_REDIRECT] [Fatal Error] :1:1: Premature end of file.
2026-10-06 15:34:40,673 [ERROR] LogOutputStream:75 - [STDERR_REDIRECT] 
2026-10-06 15:34:41,674 [ERROR] LogOutputStream:75 - [STDERR_REDIRECT] [Fatal Error] :1:1: Premature end of file.
2026-10-06 15:34:41,674 [ERROR] LogOutputStream:75 - [STDERR_REDIRECT] 
2026-10-06 15:34:42,663 [ERROR] LogOutputStream:75 - [STDERR_REDIRECT] [Fatal Error] :1:1: Premature end of file.
2026-10-06 15:34:42,663 [ERROR] LogOutputStream:75 - [STDERR_REDIRECT] 
2026-10-06 15:34:43,666 [ERROR] LogOutputStream:75 - [STDERR_REDIRECT] [Fatal Error] :1:1: Premature end of file.
2026-10-06 15:34:43,666 [ERROR] LogOutputStream:75 - [STDERR_REDIRECT] 
2026-10-06 15:34:44,657 [ERROR] LogOutputStream:75 - [STDERR_REDIRECT] [Fatal Error] :1:1: Premature end of file.
2026-10-06 15:34:44,657 [ERROR] LogOutputStream:75 - [STDERR_REDIRECT] 
2026-10-06 15:34:45,665 [ERROR] LogOutputStream:75 - [STDERR_REDIRECT] [Fatal Error] :1:1: Premature end of file.
2026-10-06 15:34:45,665 [ERROR] LogOutputStream:75 - [STDERR_REDIRECT] 
2026-10-06 15:34:46,669 [ERROR] LogOutputStream:75 - [STDERR_REDIRECT] [Fatal Error] :1:1: Premature end of file.
2026-10-06 15:34:46,669 [ERROR] LogOutputStream:75 - [STDERR_REDIRECT] 
2026-10-06 15:34:47,661 [ERROR] LogOutputStream:75 - [STDERR_REDIRECT] [Fatal Error] :1:1: Premature end of file.
2026-10-06 15:34:47,661 [ERROR] LogOutputStream:75 - [STDERR_REDIRECT] 
2026-10-06 15:34:48,663 [ERROR] LogOutputStream:75 - [STDERR_REDIRECT] [Fatal Error] :1:1: Premature end of file.
2026-10-06 15:34:48,664 [ERROR] LogOutputStream:75 - [STDERR_REDIRECT] 
2026-10-06 15:34:49,670 [ERROR] LogOutputStream:75 - [STDERR_REDIRECT] [Fatal Error] :1:1: Premature end of file.
2026-10-06 15:34:49,671 [ERROR] LogOutputStream:75 - [STDERR_REDIRECT] 
2026-10-06 15:34:50,666 [ERROR] LogOutputStream:75 - [STDERR_REDIRECT] [Fatal Error] :1:1: Premature end of file.
2026-10-06 15:34:50,666 [ERROR] LogOutputStream:75 - [STDERR_REDIRECT] 
2026-10-06 15:34:51,673 [ERROR] LogOutputStream:75 - [STDERR_REDIRECT] [Fatal Error] :1:1: Premature end of file.
2026-10-06 15:34:51,673 [ERROR] LogOutputStream:75 - [STDERR_REDIRECT] 
2026-10-06 15:34:52,669 [ERROR] LogOutputStream:75 - [STDERR_REDIRECT] [Fatal Error] :1:1: Premature end of file.
2026-10-06 15:34:52,669 [ERROR] LogOutputStream:75 - [STDERR_REDIRECT] 
2026-10-06 15:34:53,658 [ERROR] LogOutputStream:75 - [STDERR_REDIRECT] [Fatal Error] :1:1: Premature end of file.
2026-10-06 15:34:53,658 [ERROR] LogOutputStream:75 - [STDERR_REDIRECT] 
2026-10-06 15:34:54,657 [ERROR] LogOutputStream:75 - [STDERR_REDIRECT] [Fatal Error] :1:1: Premature end of file.
2026-10-06 15:34:54,657 [ERROR] LogOutputStream:75 - [STDERR_REDIRECT] 
2026-10-06 15:34:55,660 [ERROR] LogOutputStream:75 - [STDERR_REDIRECT] [Fatal Error] :1:1: Premature end of file.
2026-10-06 15:34:55,660 [ERROR] LogOutputStream:75 - [STDERR_REDIRECT] 
2026-10-06 15:34:56,660 [ERROR] LogOutputStream:75 - [STDERR_REDIRECT] [Fatal Error] :1:1: Premature end of file.
2026-10-06 15:34:56,660 [ERROR] LogOutputStream:75 - [STDERR_REDIRECT] 
2026-10-06 15:34:57,670 [ERROR] LogOutputStream:75 - [STDERR_REDIRECT] [Fatal Error] :1:1: Premature end of file.
2026-10-06 15:34:57,670 [ERROR] LogOutputStream:75 - [STDERR_REDIRECT] 
2026-10-06 15:34:58,665 [ERROR] LogOutputStream:75 - [STDERR_REDIRECT] [Fatal Error] :1:1: Premature end of file.
2026-10-06 15:34:58,665 [ERROR] LogOutputStream:75 - [STDERR_REDIRECT] 
2026-10-06 15:34:59,660 [ERROR] LogOutputStream:75 - [STDERR_REDIRECT] [Fatal Error] :1:1: Premature end of file.
2026-10-06 15:34:59,660 [ERROR] LogOutputStream:75 - [STDERR_REDIRECT] 
2026-10-06 15:35:00,660 [ERROR] LogOutputStream:75 - [STDERR_REDIRECT] [Fatal Error] :1:1: Premature end of file.
2026-10-06 15:35:00,660 [ERROR] LogOutputStream:75 - [STDERR_REDIRECT] 
2026-10-06 15:35:01,663 [ERROR] LogOutputStream:75 - [STDERR_REDIRECT] [Fatal Error] :1:1: Premature end of file.
2026-10-06 15:35:01,663 [ERROR] LogOutputStream:75 - [STDERR_REDIRECT] 
2026-10-06 15:35:02,675 [ERROR] LogOutputStream:75 - [STDERR_REDIRECT] [Fatal Error] :1:1: Premature end of file.
2026-10-06 15:35:02,676 [ERROR] LogOutputStream:75 - [STDERR_REDIRECT] 
2026-10-06 15:35:03,662 [ERROR] LogOutputStream:75 - [STDERR_REDIRECT] [Fatal Error] :1:1: Premature end of file.
2026-10-06 15:35:03,662 [ERROR] LogOutputStream:75 - [STDERR_REDIRECT] 
2026-10-06 15:35:04,662 [ERROR] LogOutputStream:75 - [STDERR_REDIRECT] [Fatal Error] :1:1: Premature end of file.
2026-10-06 15:35:04,663 [ERROR] LogOutputStream:75 - [STDERR_REDIRECT] 
2026-10-06 15:35:05,659 [ERROR] LogOutputStream:75 - [STDERR_REDIRECT] [Fatal Error] :1:1: Premature end of file.
2026-10-06 15:35:05,659 [ERROR] LogOutputStream:75 - [STDERR_REDIRECT] 
2026-10-06 15:35:06,650 [ERROR] LogOutputStream:75 - [STDERR_REDIRECT] [Fatal Error] :1:1: Premature end of file.
2026-10-06 15:35:06,650 [ERROR] LogOutputStream:75 - [STDERR_REDIRECT] 
2026-10-06 15:35:07,677 [ERROR] LogOutputStream:75 - [STDERR_REDIRECT] [Fatal Error] :1:1: Premature end of file.
2026-10-06 15:35:07,677 [ERROR] LogOutputStream:75 - [STDERR_REDIRECT] 
2026-10-06 15:35:08,665 [ERROR] LogOutputStream:75 - [STDERR_REDIRECT] [Fatal Error] :1:1: Premature end of file.
2026-10-06 15:35:08,665 [ERROR] LogOutputStream:75 - [STDERR_REDIRECT] 
2026-10-06 15:35:09,657 [ERROR] LogOutputStream:75 - [STDERR_REDIRECT] [Fatal Error] :1:1: Premature end of file.
2026-10-06 15:35:09,657 [ERROR] LogOutputStream:75 - [STDERR_REDIRECT] 
2026-10-06 15:35:10,656 [ERROR] LogOutputStream:75 - [STDERR_REDIRECT] [Fatal Error] :1:1: Premature end of file.
2026-10-06 15:35:10,657 [ERROR] LogOutputStream:75 - [STDERR_REDIRECT] 
2026-10-06 15:35:11,647 [ERROR] LogOutputStream:75 - [STDERR_REDIRECT] [Fatal Error] :1:1: Premature end of file.
2026-10-06 15:35:11,647 [ERROR] LogOutputStream:75 - [STDERR_REDIRECT] 
2026-10-06 15:35:12,645 [ERROR] LogOutputStream:75 - [STDERR_REDIRECT] [Fatal Error] :1:1: Premature end of file.
2026-10-06 15:35:12,645 [ERROR] LogOutputStream:75 - [STDERR_REDIRECT] 
2026-10-06 15:35:13,673 [ERROR] LogOutputStream:75 - [STDERR_REDIRECT] [Fatal Error] :1:1: Premature end of file.
2026-10-06 15:35:13,673 [ERROR] LogOutputStream:75 - [STDERR_REDIRECT] 
2026-10-06 15:35:14,672 [ERROR] LogOutputStream:75 - [STDERR_REDIRECT] [Fatal Error] :1:1: Premature end of file.
2026-10-06 15:35:14,672 [ERROR] LogOutputStream:75 - [STDERR_REDIRECT] 
2026-10-06 15:35:15,656 [ERROR] LogOutputStream:75 - [STDERR_REDIRECT] [Fatal Error] :1:1: Premature end of file.
2026-10-06 15:35:15,656 [ERROR] LogOutputStream:75 - [STDERR_REDIRECT] 
2026-10-06 15:35:16,656 [ERROR] LogOutputStream:75 - [STDERR_REDIRECT] [Fatal Error] :1:1: Premature end of file.
2026-10-06 15:35:16,657 [ERROR] LogOutputStream:75 - [STDERR_REDIRECT] 
2026-10-06 15:35:17,667 [ERROR] LogOutputStream:75 - [STDERR_REDIRECT] [Fatal Error] :1:1: Premature end of file.
2026-10-06 15:35:17,668 [ERROR] LogOutputStream:75 - [STDERR_REDIRECT] 
2026-10-06 15:35:18,668 [ERROR] LogOutputStream:75 - [STDERR_REDIRECT] [Fatal Error] :1:1: Premature end of file.
2026-10-06 15:35:18,669 [ERROR] LogOutputStream:75 - [STDERR_REDIRECT] 
2026-10-06 15:35:19,668 [ERROR] LogOutputStream:75 - [STDERR_REDIRECT] [Fatal Error] :1:1: Premature end of file.
2026-10-06 15:35:19,669 [ERROR] LogOutputStream:75 - [STDERR_REDIRECT] 
2026-10-06 15:35:20,658 [ERROR] LogOutputStream:75 - [STDERR_REDIRECT] [Fatal Error] :1:1: Premature end of file.
2026-10-06 15:35:20,659 [ERROR] LogOutputStream:75 - [STDERR_REDIRECT] 
2026-10-06 15:35:21,656 [ERROR] LogOutputStream:75 - [STDERR_REDIRECT] [Fatal Error] :1:1: Premature end of file.
2026-10-06 15:35:21,656 [ERROR] LogOutputStream:75 - [STDERR_REDIRECT] 
2026-10-06 15:35:22,673 [ERROR] LogOutputStream:75 - [STDERR_REDIRECT] [Fatal Error] :1:1: Premature end of file.
2026-10-06 15:35:22,673 [ERROR] LogOutputStream:75 - [STDERR_REDIRECT] 
2026-10-06 15:35:23,679 [ERROR] LogOutputStream:75 - [STDERR_REDIRECT] [Fatal Error] :1:1: Premature end of file.
2026-10-06 15:35:23,680 [ERROR] LogOutputStream:75 - [STDERR_REDIRECT] 
2026-10-06 15:35:24,668 [ERROR] LogOutputStream:75 - [STDERR_REDIRECT] [Fatal Error] :1:1: Premature end of file.
2026-10-06 15:35:24,668 [ERROR] LogOutputStream:75 - [STDERR_REDIRECT] 
2026-10-06 15:35:25,665 [ERROR] LogOutputStream:75 - [STDERR_REDIRECT] [Fatal Error] :1:1: Premature end of file.
2026-10-06 15:35:25,665 [ERROR] LogOutputStream:75 - [STDERR_REDIRECT] 
2026-10-06 15:35:26,661 [ERROR] LogOutputStream:75 - [STDERR_REDIRECT] [Fatal Error] :1:1: Premature end of file.
2026-10-06 15:35:26,661 [ERROR] LogOutputStream:75 - [STDERR_REDIRECT] 
2026-10-06 15:35:27,664 [ERROR] LogOutputStream:75 - [STDERR_REDIRECT] [Fatal Error] :1:1: Premature end of file.
2026-10-06 15:35:27,664 [ERROR] LogOutputStream:75 - [STDERR_REDIRECT] 
2026-10-06 15:35:28,652 [ERROR] LogOutputStream:75 - [STDERR_REDIRECT] [Fatal Error] :1:1: Premature end of file.
2026-10-06 15:35:28,652 [ERROR] LogOutputStream:75 - [STDERR_REDIRECT] 
2026-10-06 15:35:29,669 [ERROR] LogOutputStream:75 - [STDERR_REDIRECT] [Fatal Error] :1:1: Premature end of file.
2026-10-06 15:35:29,670 [ERROR] LogOutputStream:75 - [STDERR_REDIRECT] 
2026-10-06 15:35:30,672 [ERROR] LogOutputStream:75 - [STDERR_REDIRECT] [Fatal Error] :1:1: Premature end of file.
2026-10-06 15:35:30,672 [ERROR] LogOutputStream:75 - [STDERR_REDIRECT] 
2026-10-06 15:35:31,667 [ERROR] LogOutputStream:75 - [STDERR_REDIRECT] [Fatal Error] :1:1: Premature end of file.
2026-10-06 15:35:31,668 [ERROR] LogOutputStream:75 - [STDERR_REDIRECT] 
2026-10-06 15:35:32,663 [ERROR] LogOutputStream:75 - [STDERR_REDIRECT] [Fatal Error] :1:1: Premature end of file.
2026-10-06 15:35:32,663 [ERROR] LogOutputStream:75 - [STDERR_REDIRECT] 
2026-10-06 15:35:33,665 [ERROR] LogOutputStream:75 - [STDERR_REDIRECT] [Fatal Error] :1:1: Premature end of file.
2026-10-06 15:35:33,665 [ERROR] LogOutputStream:75 - [STDERR_REDIRECT] 
2026-10-06 15:35:34,652 [ERROR] LogOutputStream:75 - [STDERR_REDIRECT] [Fatal Error] :1:1: Premature end of file.
2026-10-06 15:35:34,652 [ERROR] LogOutputStream:75 - [STDERR_REDIRECT] 
2026-10-06 15:35:35,654 [ERROR] LogOutputStream:75 - [STDERR_REDIRECT] [Fatal Error] :1:1: Premature end of file.
2026-10-06 15:35:35,654 [ERROR] LogOutputStream:75 - [STDERR_REDIRECT] 
2026-10-06 15:35:36,664 [ERROR] LogOutputStream:75 - [STDERR_REDIRECT] [Fatal Error] :1:1: Premature end of file.
2026-10-06 15:35:36,664 [ERROR] LogOutputStream:75 - [STDERR_REDIRECT] 
2026-10-06 15:35:37,670 [ERROR] LogOutputStream:75 - [STDERR_REDIRECT] [Fatal Error] :1:1: Premature end of file.
2026-10-06 15:35:37,670 [ERROR] LogOutputStream:75 - [STDERR_REDIRECT] 
2026-10-06 15:35:38,656 [ERROR] LogOutputStream:75 - [STDERR_REDIRECT] [Fatal Error] :1:1: Premature end of file.
2026-10-06 15:35:38,656 [ERROR] LogOutputStream:75 - [STDERR_REDIRECT] 
2026-10-06 15:35:39,663 [ERROR] LogOutputStream:75 - [STDERR_REDIRECT] [Fatal Error] :1:1: Premature end of file.
2026-10-06 15:35:39,663 [ERROR] LogOutputStream:75 - [STDERR_REDIRECT] 
2026-10-06 15:35:40,658 [ERROR] LogOutputStream:75 - [STDERR_REDIRECT] [Fatal Error] :1:1: Premature end of file.
2026-10-06 15:35:40,658 [ERROR] LogOutputStream:75 - [STDERR_REDIRECT] 
2026-10-06 15:35:41,658 [ERROR] LogOutputStream:75 - [STDERR_REDIRECT] [Fatal Error] :1:1: Premature end of file.
2026-10-06 15:35:41,659 [ERROR] LogOutputStream:75 - [STDERR_REDIRECT] 
2026-10-06 15:35:42,671 [ERROR] LogOutputStream:75 - [STDERR_REDIRECT] [Fatal Error] :1:1: Premature end of file.
2026-10-06 15:35:42,671 [ERROR] LogOutputStream:75 - [STDERR_REDIRECT] 
2026-10-06 15:35:43,672 [ERROR] LogOutputStream:75 - [STDERR_REDIRECT] [Fatal Error] :1:1: Premature end of file.
2026-10-06 15:35:43,673 [ERROR] LogOutputStream:75 - [STDERR_REDIRECT] 
2026-10-06 15:35:44,663 [ERROR] LogOutputStream:75 - [STDERR_REDIRECT] [Fatal Error] :1:1: Premature end of file.
2026-10-06 15:35:44,663 [ERROR] LogOutputStream:75 - [STDERR_REDIRECT] 
2026-10-06 15:35:45,669 [ERROR] LogOutputStream:75 - [STDERR_REDIRECT] [Fatal Error] :1:1: Premature end of file.
2026-10-06 15:35:45,669 [ERROR] LogOutputStream:75 - [STDERR_REDIRECT] 
2026-10-06 15:35:46,658 [ERROR] LogOutputStream:75 - [STDERR_REDIRECT] [Fatal Error] :1:1: Premature end of file.
2026-10-06 15:35:46,658 [ERROR] LogOutputStream:75 - [STDERR_REDIRECT] 
2026-10-06 15:35:47,670 [ERROR] LogOutputStream:75 - [STDERR_REDIRECT] [Fatal Error] :1:1: Premature end of file.
2026-10-06 15:35:47,670 [ERROR] LogOutputStream:75 - [STDERR_REDIRECT] 
2026-10-06 15:35:48,654 [ERROR] LogOutputStream:75 - [STDERR_REDIRECT] [Fatal Error] :1:1: Premature end of file.
2026-10-06 15:35:48,654 [ERROR] LogOutputStream:75 - [STDERR_REDIRECT] 
2026-10-06 15:35:49,668 [ERROR] LogOutputStream:75 - [STDERR_REDIRECT] [Fatal Error] :1:1: Premature end of file.
2026-10-06 15:35:49,668 [ERROR] LogOutputStream:75 - [STDERR_REDIRECT] 
2026-10-06 15:35:50,672 [ERROR] LogOutputStream:75 - [STDERR_REDIRECT] [Fatal Error] :1:1: Premature end of file.
2026-10-06 15:35:50,672 [ERROR] LogOutputStream:75 - [STDERR_REDIRECT] 
2026-10-06 15:35:51,666 [ERROR] LogOutputStream:75 - [STDERR_REDIRECT] [Fatal Error] :1:1: Premature end of file.
2026-10-06 15:35:51,666 [ERROR] LogOutputStream:75 - [STDERR_REDIRECT] 
2026-10-06 15:35:52,646 [ERROR] LogOutputStream:75 - [STDERR_REDIRECT] [Fatal Error] :1:1: Premature end of file.
2026-10-06 15:35:52,646 [ERROR] LogOutputStream:75 - [STDERR_REDIRECT] 
2026-10-06 15:35:53,672 [ERROR] LogOutputStream:75 - [STDERR_REDIRECT] [Fatal Error] :1:1: Premature end of file.
2026-10-06 15:35:53,672 [ERROR] LogOutputStream:75 - [STDERR_REDIRECT] 
2026-10-06 15:35:54,671 [ERROR] LogOutputStream:75 - [STDERR_REDIRECT] [Fatal Error] :1:1: Premature end of file.
2026-10-06 15:35:54,671 [ERROR] LogOutputStream:75 - [STDERR_REDIRECT] 
2026-10-06 15:35:55,665 [ERROR] LogOutputStream:75 - [STDERR_REDIRECT] [Fatal Error] :1:1: Premature end of file.
2026-10-06 15:35:55,665 [ERROR] LogOutputStream:75 - [STDERR_REDIRECT] 
2026-10-06 15:35:56,667 [ERROR] LogOutputStream:75 - [STDERR_REDIRECT] [Fatal Error] :1:1: Premature end of file.
2026-10-06 15:35:56,668 [ERROR] LogOutputStream:75 - [STDERR_REDIRECT] 
2026-10-06 15:35:57,667 [ERROR] LogOutputStream:75 - [STDERR_REDIRECT] [Fatal Error] :1:1: Premature end of file.
2026-10-06 15:35:57,668 [ERROR] LogOutputStream:75 - [STDERR_REDIRECT] 
2026-10-06 15:35:58,667 [ERROR] LogOutputStream:75 - [STDERR_REDIRECT] [Fatal Error] :1:1: Premature end of file.
2026-10-06 15:35:58,667 [ERROR] LogOutputStream:75 - [STDERR_REDIRECT] 
2026-10-06 15:35:59,661 [ERROR] LogOutputStream:75 - [STDERR_REDIRECT] [Fatal Error] :1:1: Premature end of file.
2026-10-06 15:35:59,661 [ERROR] LogOutputStream:75 - [STDERR_REDIRECT] 
2026-10-06 15:36:00,662 [ERROR] LogOutputStream:75 - [STDERR_REDIRECT] [Fatal Error] :1:1: Premature end of file.
2026-10-06 15:36:00,662 [ERROR] LogOutputStream:75 - [STDERR_REDIRECT] 
2026-10-06 15:36:01,662 [ERROR] LogOutputStream:75 - [STDERR_REDIRECT] [Fatal Error] :1:1: Premature end of file.
2026-10-06 15:36:01,662 [ERROR] LogOutputStream:75 - [STDERR_REDIRECT] 
2026-10-06 15:36:02,666 [ERROR] LogOutputStream:75 - [STDERR_REDIRECT] [Fatal Error] :1:1: Premature end of file.
2026-10-06 15:36:02,666 [ERROR] LogOutputStream:75 - [STDERR_REDIRECT] 
2026-10-06 15:36:03,671 [ERROR] LogOutputStream:75 - [STDERR_REDIRECT] [Fatal Error] :1:1: Premature end of file.
2026-10-06 15:36:03,671 [ERROR] LogOutputStream:75 - [STDERR_REDIRECT] 
2026-10-06 15:36:04,663 [ERROR] LogOutputStream:75 - [STDERR_REDIRECT] [Fatal Error] :1:1: Premature end of file.
2026-10-06 15:36:04,663 [ERROR] LogOutputStream:75 - [STDERR_REDIRECT] 
2026-10-06 15:36:05,664 [ERROR] LogOutputStream:75 - [STDERR_REDIRECT] [Fatal Error] :1:1: Premature end of file.
2026-10-06 15:36:05,664 [ERROR] LogOutputStream:75 - [STDERR_REDIRECT] 
2026-10-06 15:36:06,675 [ERROR] LogOutputStream:75 - [STDERR_REDIRECT] [Fatal Error] :1:1: Premature end of file.
2026-10-06 15:36:06,675 [ERROR] LogOutputStream:75 - [STDERR_REDIRECT] 
2026-10-06 15:36:07,666 [ERROR] LogOutputStream:75 - [STDERR_REDIRECT] [Fatal Error] :1:1: Premature end of file.
2026-10-06 15:36:07,666 [ERROR] LogOutputStream:75 - [STDERR_REDIRECT] 
2026-10-06 15:36:08,663 [ERROR] LogOutputStream:75 - [STDERR_REDIRECT] [Fatal Error] :1:1: Premature end of file.
2026-10-06 15:36:08,664 [ERROR] LogOutputStream:75 - [STDERR_REDIRECT] 
2026-10-06 15:36:09,666 [ERROR] LogOutputStream:75 - [STDERR_REDIRECT] [Fatal Error] :1:1: Premature end of file.
2026-10-06 15:36:09,666 [ERROR] LogOutputStream:75 - [STDERR_REDIRECT] 
2026-10-06 15:36:10,659 [ERROR] LogOutputStream:75 - [STDERR_REDIRECT] [Fatal Error] :1:1: Premature end of file.
2026-10-06 15:36:10,660 [ERROR] LogOutputStream:75 - [STDERR_REDIRECT] 
2026-10-06 15:36:11,676 [ERROR] LogOutputStream:75 - [STDERR_REDIRECT] [Fatal Error] :1:1: Premature end of file.
2026-10-06 15:36:11,676 [ERROR] LogOutputStream:75 - [STDERR_REDIRECT] 
2026-10-06 15:36:12,662 [ERROR] LogOutputStream:75 - [STDERR_REDIRECT] [Fatal Error] :1:1: Premature end of file.
2026-10-06 15:36:12,662 [ERROR] LogOutputStream:75 - [STDERR_REDIRECT] 
2026-10-06 15:36:13,670 [ERROR] LogOutputStream:75 - [STDERR_REDIRECT] [Fatal Error] :1:1: Premature end of file.
2026-10-06 15:36:13,670 [ERROR] LogOutputStream:75 - [STDERR_REDIRECT] 
2026-10-06 15:36:14,662 [ERROR] LogOutputStream:75 - [STDERR_REDIRECT] [Fatal Error] :1:1: Premature end of file.
2026-10-06 15:36:14,662 [ERROR] LogOutputStream:75 - [STDERR_REDIRECT] 
2026-10-06 15:36:15,667 [ERROR] LogOutputStream:75 - [STDERR_REDIRECT] [Fatal Error] :1:1: Premature end of file.
2026-10-06 15:36:15,667 [ERROR] LogOutputStream:75 - [STDERR_REDIRECT] 
2026-10-06 15:36:16,661 [ERROR] LogOutputStream:75 - [STDERR_REDIRECT] [Fatal Error] :1:1: Premature end of file.
2026-10-06 15:36:16,661 [ERROR] LogOutputStream:75 - [STDERR_REDIRECT] 
2026-10-06 15:36:17,651 [ERROR] LogOutputStream:75 - [STDERR_REDIRECT] [Fatal Error] :1:1: Premature end of file.
2026-10-06 15:36:17,651 [ERROR] LogOutputStream:75 - [STDERR_REDIRECT] 
2026-10-06 15:36:18,673 [ERROR] LogOutputStream:75 - [STDERR_REDIRECT] [Fatal Error] :1:1: Premature end of file.
2026-10-06 15:36:18,673 [ERROR] LogOutputStream:75 - [STDERR_REDIRECT] 
2026-10-06 15:36:19,668 [ERROR] LogOutputStream:75 - [STDERR_REDIRECT] [Fatal Error] :1:1: Premature end of file.
2026-10-06 15:36:19,668 [ERROR] LogOutputStream:75 - [STDERR_REDIRECT] 
2026-10-06 15:36:20,665 [ERROR] LogOutputStream:75 - [STDERR_REDIRECT] [Fatal Error] :1:1: Premature end of file.
2026-10-06 15:36:20,665 [ERROR] LogOutputStream:75 - [STDERR_REDIRECT] 
2026-10-06 15:36:21,671 [ERROR] LogOutputStream:75 - [STDERR_REDIRECT] [Fatal Error] :1:1: Premature end of file.
2026-10-06 15:36:21,671 [ERROR] LogOutputStream:75 - [STDERR_REDIRECT] 
2026-10-06 15:36:22,671 [ERROR] LogOutputStream:75 - [STDERR_REDIRECT] [Fatal Error] :1:1: Premature end of file.
2026-10-06 15:36:22,671 [ERROR] LogOutputStream:75 - [STDERR_REDIRECT] 
2026-10-06 15:36:23,669 [ERROR] LogOutputStream:75 - [STDERR_REDIRECT] [Fatal Error] :1:1: Premature end of file.
2026-10-06 15:36:23,669 [ERROR] LogOutputStream:75 - [STDERR_REDIRECT] 
2026-10-06 15:36:24,654 [ERROR] LogOutputStream:75 - [STDERR_REDIRECT] [Fatal Error] :1:1: Premature end of file.
2026-10-06 15:36:24,654 [ERROR] LogOutputStream:75 - [STDERR_REDIRECT] 
2026-10-06 15:36:25,662 [ERROR] LogOutputStream:75 - [STDERR_REDIRECT] [Fatal Error] :1:1: Premature end of file.
2026-10-06 15:36:25,662 [ERROR] LogOutputStream:75 - [STDERR_REDIRECT] 
2026-10-06 15:36:26,661 [ERROR] LogOutputStream:75 - [STDERR_REDIRECT] [Fatal Error] :1:1: Premature end of file.
2026-10-06 15:36:26,662 [ERROR] LogOutputStream:75 - [STDERR_REDIRECT] 
2026-10-06 15:36:27,671 [ERROR] LogOutputStream:75 - [STDERR_REDIRECT] [Fatal Error] :1:1: Premature end of file.
2026-10-06 15:36:27,672 [ERROR] LogOutputStream:75 - [STDERR_REDIRECT] 
2026-10-06 15:36:28,679 [ERROR] LogOutputStream:75 - [STDERR_REDIRECT] [Fatal Error] :1:1: Premature end of file.
2026-10-06 15:36:28,680 [ERROR] LogOutputStream:75 - [STDERR_REDIRECT] 
2026-10-06 15:36:29,661 [ERROR] LogOutputStream:75 - [STDERR_REDIRECT] [Fatal Error] :1:1: Premature end of file.
2026-10-06 15:36:29,661 [ERROR] LogOutputStream:75 - [STDERR_REDIRECT] 
2026-10-06 15:36:30,667 [ERROR] LogOutputStream:75 - [STDERR_REDIRECT] [Fatal Error] :1:1: Premature end of file.
2026-10-06 15:36:30,667 [ERROR] LogOutputStream:75 - [STDERR_REDIRECT] 
2026-10-06 15:36:31,671 [ERROR] LogOutputStream:75 - [STDERR_REDIRECT] [Fatal Error] :1:1: Premature end of file.
2026-10-06 15:36:31,671 [ERROR] LogOutputStream:75 - [STDERR_REDIRECT] 
2026-10-06 15:36:32,672 [ERROR] LogOutputStream:75 - [STDERR_REDIRECT] [Fatal Error] :1:1: Premature end of file.
2026-10-06 15:36:32,672 [ERROR] LogOutputStream:75 - [STDERR_REDIRECT] 
2026-10-06 15:36:33,664 [ERROR] LogOutputStream:75 - [STDERR_REDIRECT] [Fatal Error] :1:1: Premature end of file.
2026-10-06 15:36:33,664 [ERROR] LogOutputStream:75 - [STDERR_REDIRECT] 
2026-10-06 15:36:34,659 [ERROR] LogOutputStream:75 - [STDERR_REDIRECT] [Fatal Error] :1:1: Premature end of file.
2026-10-06 15:36:34,660 [ERROR] LogOutputStream:75 - [STDERR_REDIRECT] 
2026-10-06 15:36:35,648 [ERROR] LogOutputStream:75 - [STDERR_REDIRECT] [Fatal Error] :1:1: Premature end of file.
2026-10-06 15:36:35,648 [ERROR] LogOutputStream:75 - [STDERR_REDIRECT] 
2026-10-06 15:36:36,657 [ERROR] LogOutputStream:75 - [STDERR_REDIRECT] [Fatal Error] :1:1: Premature end of file.
2026-10-06 15:36:36,658 [ERROR] LogOutputStream:75 - [STDERR_REDIRECT] 
2026-10-06 15:36:37,672 [ERROR] LogOutputStream:75 - [STDERR_REDIRECT] [Fatal Error] :1:1: Premature end of file.
2026-10-06 15:36:37,672 [ERROR] LogOutputStream:75 - [STDERR_REDIRECT] 
2026-10-06 15:36:38,659 [ERROR] LogOutputStream:75 - [STDERR_REDIRECT] [Fatal Error] :1:1: Premature end of file.
2026-10-06 15:36:38,659 [ERROR] LogOutputStream:75 - [STDERR_REDIRECT] 
2026-10-06 15:36:39,665 [ERROR] LogOutputStream:75 - [STDERR_REDIRECT] [Fatal Error] :1:1: Premature end of file.
2026-10-06 15:36:39,665 [ERROR] LogOutputStream:75 - [STDERR_REDIRECT] 
2026-10-06 15:36:40,665 [ERROR] LogOutputStream:75 - [STDERR_REDIRECT] [Fatal Error] :1:1: Premature end of file.
2026-10-06 15:36:40,665 [ERROR] LogOutputStream:75 - [STDERR_REDIRECT] 
2026-10-06 15:36:41,659 [ERROR] LogOutputStream:75 - [STDERR_REDIRECT] [Fatal Error] :1:1: Premature end of file.
2026-10-06 15:36:41,659 [ERROR] LogOutputStream:75 - [STDERR_REDIRECT] 
2026-10-06 15:36:42,652 [ERROR] LogOutputStream:75 - [STDERR_REDIRECT] [Fatal Error] :1:1: Premature end of file.
2026-10-06 15:36:42,652 [ERROR] LogOutputStream:75 - [STDERR_REDIRECT] 
2026-10-06 15:36:43,649 [ERROR] LogOutputStream:75 - [STDERR_REDIRECT] [Fatal Error] :1:1: Premature end of file.
2026-10-06 15:36:43,650 [ERROR] LogOutputStream:75 - [STDERR_REDIRECT] 
2026-10-06 15:36:44,658 [ERROR] LogOutputStream:75 - [STDERR_REDIRECT] [Fatal Error] :1:1: Premature end of file.
2026-10-06 15:36:44,658 [ERROR] LogOutputStream:75 - [STDERR_REDIRECT] 
2026-10-06 15:36:45,669 [ERROR] LogOutputStream:75 - [STDERR_REDIRECT] [Fatal Error] :1:1: Premature end of file.
2026-10-06 15:36:45,669 [ERROR] LogOutputStream:75 - [STDERR_REDIRECT] 
2026-10-06 15:36:46,667 [ERROR] LogOutputStream:75 - [STDERR_REDIRECT] [Fatal Error] :1:1: Premature end of file.
2026-10-06 15:36:46,667 [ERROR] LogOutputStream:75 - [STDERR_REDIRECT] 
2026-10-06 15:36:47,658 [ERROR] LogOutputStream:75 - [STDERR_REDIRECT] [Fatal Error] :1:1: Premature end of file.
2026-10-06 15:36:47,659 [ERROR] LogOutputStream:75 - [STDERR_REDIRECT] 
2026-10-06 15:36:48,681 [ERROR] LogOutputStream:75 - [STDERR_REDIRECT] [Fatal Error] :1:1: Premature end of file.
2026-10-06 15:36:48,681 [ERROR] LogOutputStream:75 - [STDERR_REDIRECT] 
2026-10-06 15:36:49,670 [ERROR] LogOutputStream:75 - [STDERR_REDIRECT] [Fatal Error] :1:1: Premature end of file.
2026-10-06 15:36:49,670 [ERROR] LogOutputStream:75 - [STDERR_REDIRECT] 
2026-10-06 15:36:50,657 [ERROR] LogOutputStream:75 - [STDERR_REDIRECT] [Fatal Error] :1:1: Premature end of file.
2026-10-06 15:36:50,657 [ERROR] LogOutputStream:75 - [STDERR_REDIRECT] 
2026-10-06 15:36:51,667 [ERROR] LogOutputStream:75 - [STDERR_REDIRECT] [Fatal Error] :1:1: Premature end of file.
2026-10-06 15:36:51,667 [ERROR] LogOutputStream:75 - [STDERR_REDIRECT] 
2026-10-06 15:36:52,671 [ERROR] LogOutputStream:75 - [STDERR_REDIRECT] [Fatal Error] :1:1: Premature end of file.
2026-10-06 15:36:52,671 [ERROR] LogOutputStream:75 - [STDERR_REDIRECT] 
2026-10-06 15:36:53,655 [ERROR] LogOutputStream:75 - [STDERR_REDIRECT] [Fatal Error] :1:1: Premature end of file.
2026-10-06 15:36:53,655 [ERROR] LogOutputStream:75 - [STDERR_REDIRECT] 
2026-10-06 15:36:54,653 [ERROR] LogOutputStream:75 - [STDERR_REDIRECT] [Fatal Error] :1:1: Premature end of file.
2026-10-06 15:36:54,653 [ERROR] LogOutputStream:75 - [STDERR_REDIRECT] 
2026-10-06 15:36:55,656 [ERROR] LogOutputStream:75 - [STDERR_REDIRECT] [Fatal Error] :1:1: Premature end of file.
2026-10-06 15:36:55,656 [ERROR] LogOutputStream:75 - [STDERR_REDIRECT] 
2026-10-06 15:36:56,664 [ERROR] LogOutputStream:75 - [STDERR_REDIRECT] [Fatal Error] :1:1: Premature end of file.
2026-10-06 15:36:56,664 [ERROR] LogOutputStream:75 - [STDERR_REDIRECT] 
2026-10-06 15:36:57,664 [ERROR] LogOutputStream:75 - [STDERR_REDIRECT] [Fatal Error] :1:1: Premature end of file.
2026-10-06 15:36:57,664 [ERROR] LogOutputStream:75 - [STDERR_REDIRECT] 
2026-10-06 15:36:58,651 [ERROR] LogOutputStream:75 - [STDERR_REDIRECT] [Fatal Error] :1:1: Premature end of file.
2026-10-06 15:36:58,651 [ERROR] LogOutputStream:75 - [STDERR_REDIRECT] 
2026-10-06 15:36:59,654 [ERROR] LogOutputStream:75 - [STDERR_REDIRECT] [Fatal Error] :1:1: Premature end of file.
2026-10-06 15:36:59,654 [ERROR] LogOutputStream:75 - [STDERR_REDIRECT] 
2026-10-06 15:37:00,672 [ERROR] LogOutputStream:75 - [STDERR_REDIRECT] [Fatal Error] :1:1: Premature end of file.
2026-10-06 15:37:00,672 [ERROR] LogOutputStream:75 - [STDERR_REDIRECT] 
2026-10-06 15:37:01,662 [ERROR] LogOutputStream:75 - [STDERR_REDIRECT] [Fatal Error] :1:1: Premature end of file.
2026-10-06 15:37:01,662 [ERROR] LogOutputStream:75 - [STDERR_REDIRECT] 
2026-10-06 15:37:02,666 [ERROR] LogOutputStream:75 - [STDERR_REDIRECT] [Fatal Error] :1:1: Premature end of file.
2026-10-06 15:37:02,666 [ERROR] LogOutputStream:75 - [STDERR_REDIRECT] 
2026-10-06 15:37:03,664 [ERROR] LogOutputStream:75 - [STDERR_REDIRECT] [Fatal Error] :1:1: Premature end of file.
2026-10-06 15:37:03,664 [ERROR] LogOutputStream:75 - [STDERR_REDIRECT] 
2026-10-06 15:37:04,654 [ERROR] LogOutputStream:75 - [STDERR_REDIRECT] [Fatal Error] :1:1: Premature end of file.
2026-10-06 15:37:04,654 [ERROR] LogOutputStream:75 - [STDERR_REDIRECT] 
2026-10-06 15:37:05,672 [ERROR] LogOutputStream:75 - [STDERR_REDIRECT] [Fatal Error] :1:1: Premature end of file.
2026-10-06 15:37:05,672 [ERROR] LogOutputStream:75 - [STDERR_REDIRECT] 
2026-10-06 15:37:06,666 [ERROR] LogOutputStream:75 - [STDERR_REDIRECT] [Fatal Error] :1:1: Premature end of file.
2026-10-06 15:37:06,666 [ERROR] LogOutputStream:75 - [STDERR_REDIRECT] 
2026-10-06 15:37:07,662 [ERROR] LogOutputStream:75 - [STDERR_REDIRECT] [Fatal Error] :1:1: Premature end of file.
2026-10-06 15:37:07,662 [ERROR] LogOutputStream:75 - [STDERR_REDIRECT] 
2026-10-06 15:37:08,667 [ERROR] LogOutputStream:75 - [STDERR_REDIRECT] [Fatal Error] :1:1: Premature end of file.
2026-10-06 15:37:08,667 [ERROR] LogOutputStream:75 - [STDERR_REDIRECT] 
2026-10-06 15:37:09,674 [ERROR] LogOutputStream:75 - [STDERR_REDIRECT] [Fatal Error] :1:1: Premature end of file.
2026-10-06 15:37:09,674 [ERROR] LogOutputStream:75 - [STDERR_REDIRECT] 
2026-10-06 15:37:10,671 [ERROR] LogOutputStream:75 - [STDERR_REDIRECT] [Fatal Error] :1:1: Premature end of file.
2026-10-06 15:37:10,671 [ERROR] LogOutputStream:75 - [STDERR_REDIRECT] 
2026-10-06 15:37:11,672 [ERROR] LogOutputStream:75 - [STDERR_REDIRECT] [Fatal Error] :1:1: Premature end of file.
2026-10-06 15:37:11,672 [ERROR] LogOutputStream:75 - [STDERR_REDIRECT] 
2026-10-06 15:37:12,659 [ERROR] LogOutputStream:75 - [STDERR_REDIRECT] [Fatal Error] :1:1: Premature end of file.
2026-10-06 15:37:12,659 [ERROR] LogOutputStream:75 - [STDERR_REDIRECT] 
2026-10-06 15:37:13,659 [ERROR] LogOutputStream:75 - [STDERR_REDIRECT] [Fatal Error] :1:1: Premature end of file.
2026-10-06 15:37:13,659 [ERROR] LogOutputStream:75 - [STDERR_REDIRECT] 
2026-10-06 15:37:14,656 [ERROR] LogOutputStream:75 - [STDERR_REDIRECT] [Fatal Error] :1:1: Premature end of file.
2026-10-06 15:37:14,656 [ERROR] LogOutputStream:75 - [STDERR_REDIRECT] 
2026-10-06 15:37:15,662 [ERROR] LogOutputStream:75 - [STDERR_REDIRECT] [Fatal Error] :1:1: Premature end of file.
2026-10-06 15:37:15,662 [ERROR] LogOutputStream:75 - [STDERR_REDIRECT] 
2026-10-06 15:37:16,657 [ERROR] LogOutputStream:75 - [STDERR_REDIRECT] [Fatal Error] :1:1: Premature end of file.
2026-10-06 15:37:16,657 [ERROR] LogOutputStream:75 - [STDERR_REDIRECT] 
2026-10-06 15:37:17,659 [ERROR] LogOutputStream:75 - [STDERR_REDIRECT] [Fatal Error] :1:1: Premature end of file.
2026-10-06 15:37:17,659 [ERROR] LogOutputStream:75 - [STDERR_REDIRECT] 
2026-10-06 15:37:18,665 [ERROR] LogOutputStream:75 - [STDERR_REDIRECT] [Fatal Error] :1:1: Premature end of file.
2026-10-06 15:37:18,665 [ERROR] LogOutputStream:75 - [STDERR_REDIRECT] 
2026-10-06 15:37:19,659 [ERROR] LogOutputStream:75 - [STDERR_REDIRECT] [Fatal Error] :1:1: Premature end of file.
2026-10-06 15:37:19,660 [ERROR] LogOutputStream:75 - [STDERR_REDIRECT] 
2026-10-06 15:37:20,668 [ERROR] LogOutputStream:75 - [STDERR_REDIRECT] [Fatal Error] :1:1: Premature end of file.
2026-10-06 15:37:20,669 [ERROR] LogOutputStream:75 - [STDERR_REDIRECT] 
2026-10-06 15:37:21,666 [ERROR] LogOutputStream:75 - [STDERR_REDIRECT] [Fatal Error] :1:1: Premature end of file.
2026-10-06 15:37:21,667 [ERROR] LogOutputStream:75 - [STDERR_REDIRECT] 
2026-10-06 15:37:22,671 [ERROR] LogOutputStream:75 - [STDERR_REDIRECT] [Fatal Error] :1:1: Premature end of file.
2026-10-06 15:37:22,671 [ERROR] LogOutputStream:75 - [STDERR_REDIRECT] 
2026-10-06 15:37:23,668 [ERROR] LogOutputStream:75 - [STDERR_REDIRECT] [Fatal Error] :1:1: Premature end of file.
2026-10-06 15:37:23,668 [ERROR] LogOutputStream:75 - [STDERR_REDIRECT] 
2026-10-06 15:37:24,662 [ERROR] LogOutputStream:75 - [STDERR_REDIRECT] [Fatal Error] :1:1: Premature end of file.
2026-10-06 15:37:24,662 [ERROR] LogOutputStream:75 - [STDERR_REDIRECT] 
2026-10-06 15:37:25,667 [ERROR] LogOutputStream:75 - [STDERR_REDIRECT] [Fatal Error] :1:1: Premature end of file.
2026-10-06 15:37:25,667 [ERROR] LogOutputStream:75 - [STDERR_REDIRECT] 
2026-10-06 15:37:26,666 [ERROR] LogOutputStream:75 - [STDERR_REDIRECT] [Fatal Error] :1:1: Premature end of file.
2026-10-06 15:37:26,666 [ERROR] LogOutputStream:75 - [STDERR_REDIRECT] 
2026-10-06 15:37:27,664 [ERROR] LogOutputStream:75 - [STDERR_REDIRECT] [Fatal Error] :1:1: Premature end of file.
2026-10-06 15:37:27,664 [ERROR] LogOutputStream:75 - [STDERR_REDIRECT] 
2026-10-06 15:37:28,678 [ERROR] LogOutputStream:75 - [STDERR_REDIRECT] [Fatal Error] :1:1: Premature end of file.
2026-10-06 15:37:28,678 [ERROR] LogOutputStream:75 - [STDERR_REDIRECT] 
2026-10-06 15:37:29,666 [ERROR] LogOutputStream:75 - [STDERR_REDIRECT] [Fatal Error] :1:1: Premature end of file.
2026-10-06 15:37:29,666 [ERROR] LogOutputStream:75 - [STDERR_REDIRECT] 
2026-10-06 15:37:30,673 [ERROR] LogOutputStream:75 - [STDERR_REDIRECT] [Fatal Error] :1:1: Premature end of file.
2026-10-06 15:37:30,673 [ERROR] LogOutputStream:75 - [STDERR_REDIRECT] 
2026-10-06 15:37:31,667 [ERROR] LogOutputStream:75 - [STDERR_REDIRECT] [Fatal Error] :1:1: Premature end of file.
2026-10-06 15:37:31,667 [ERROR] LogOutputStream:75 - [STDERR_REDIRECT] 
2026-10-06 15:37:32,670 [ERROR] LogOutputStream:75 - [STDERR_REDIRECT] [Fatal Error] :1:1: Premature end of file.
2026-10-06 15:37:32,670 [ERROR] LogOutputStream:75 - [STDERR_REDIRECT] 
2026-10-06 15:37:33,673 [ERROR] LogOutputStream:75 - [STDERR_REDIRECT] [Fatal Error] :1:1: Premature end of file.
2026-10-06 15:37:33,673 [ERROR] LogOutputStream:75 - [STDERR_REDIRECT] 
2026-10-06 15:37:34,672 [ERROR] LogOutputStream:75 - [STDERR_REDIRECT] [Fatal Error] :1:1: Premature end of file.
2026-10-06 15:37:34,672 [ERROR] LogOutputStream:75 - [STDERR_REDIRECT] 
2026-10-06 15:37:35,669 [ERROR] LogOutputStream:75 - [STDERR_REDIRECT] [Fatal Error] :1:1: Premature end of file.
2026-10-06 15:37:35,669 [ERROR] LogOutputStream:75 - [STDERR_REDIRECT] 
2026-10-06 15:37:36,657 [ERROR] LogOutputStream:75 - [STDERR_REDIRECT] [Fatal Error] :1:1: Premature end of file.
2026-10-06 15:37:36,657 [ERROR] LogOutputStream:75 - [STDERR_REDIRECT] 
2026-10-06 15:37:37,657 [ERROR] LogOutputStream:75 - [STDERR_REDIRECT] [Fatal Error] :1:1: Premature end of file.
2026-10-06 15:37:37,657 [ERROR] LogOutputStream:75 - [STDERR_REDIRECT] 
2026-10-06 15:37:38,670 [ERROR] LogOutputStream:75 - [STDERR_REDIRECT] [Fatal Error] :1:1: Premature end of file.
2026-10-06 15:37:38,670 [ERROR] LogOutputStream:75 - [STDERR_REDIRECT] 
2026-10-06 15:37:39,667 [ERROR] LogOutputStream:75 - [STDERR_REDIRECT] [Fatal Error] :1:1: Premature end of file.
2026-10-06 15:37:39,668 [ERROR] LogOutputStream:75 - [STDERR_REDIRECT] 
2026-10-06 15:37:40,657 [ERROR] LogOutputStream:75 - [STDERR_REDIRECT] [Fatal Error] :1:1: Premature end of file.
2026-10-06 15:37:40,658 [ERROR] LogOutputStream:75 - [STDERR_REDIRECT] 
2026-10-06 15:37:41,676 [ERROR] LogOutputStream:75 - [STDERR_REDIRECT] [Fatal Error] :1:1: Premature end of file.
2026-10-06 15:37:41,676 [ERROR] LogOutputStream:75 - [STDERR_REDIRECT] 
2026-10-06 15:37:42,659 [ERROR] LogOutputStream:75 - [STDERR_REDIRECT] [Fatal Error] :1:1: Premature end of file.
2026-10-06 15:37:42,660 [ERROR] LogOutputStream:75 - [STDERR_REDIRECT] 
2026-10-06 15:37:43,662 [ERROR] LogOutputStream:75 - [STDERR_REDIRECT] [Fatal Error] :1:1: Premature end of file.
2026-10-06 15:37:43,662 [ERROR] LogOutputStream:75 - [STDERR_REDIRECT] 
2026-10-06 15:37:44,661 [ERROR] LogOutputStream:75 - [STDERR_REDIRECT] [Fatal Error] :1:1: Premature end of file.
2026-10-06 15:37:44,661 [ERROR] LogOutputStream:75 - [STDERR_REDIRECT] 
2026-10-06 15:37:45,663 [ERROR] LogOutputStream:75 - [STDERR_REDIRECT] [Fatal Error] :1:1: Premature end of file.
2026-10-06 15:37:45,663 [ERROR] LogOutputStream:75 - [STDERR_REDIRECT] 
2026-10-06 15:37:46,661 [ERROR] LogOutputStream:75 - [STDERR_REDIRECT] [Fatal Error] :1:1: Premature end of file.
2026-10-06 15:37:46,661 [ERROR] LogOutputStream:75 - [STDERR_REDIRECT] 
2026-10-06 15:37:47,650 [ERROR] LogOutputStream:75 - [STDERR_REDIRECT] [Fatal Error] :1:1: Premature end of file.
2026-10-06 15:37:47,650 [ERROR] LogOutputStream:75 - [STDERR_REDIRECT] 
2026-10-06 15:37:48,668 [ERROR] LogOutputStream:75 - [STDERR_REDIRECT] [Fatal Error] :1:1: Premature end of file.
2026-10-06 15:37:48,668 [ERROR] LogOutputStream:75 - [STDERR_REDIRECT] 
2026-10-06 15:37:49,656 [ERROR] LogOutputStream:75 - [STDERR_REDIRECT] [Fatal Error] :1:1: Premature end of file.
2026-10-06 15:37:49,656 [ERROR] LogOutputStream:75 - [STDERR_REDIRECT] 
2026-10-06 15:37:50,659 [ERROR] LogOutputStream:75 - [STDERR_REDIRECT] [Fatal Error] :1:1: Premature end of file.
2026-10-06 15:37:50,659 [ERROR] LogOutputStream:75 - [STDERR_REDIRECT] 
2026-10-06 15:37:51,677 [ERROR] LogOutputStream:75 - [STDERR_REDIRECT] [Fatal Error] :1:1: Premature end of file.
2026-10-06 15:37:51,677 [ERROR] LogOutputStream:75 - [STDERR_REDIRECT] 
2026-10-06 15:37:52,668 [ERROR] LogOutputStream:75 - [STDERR_REDIRECT] [Fatal Error] :1:1: Premature end of file.
2026-10-06 15:37:52,668 [ERROR] LogOutputStream:75 - [STDERR_REDIRECT] 
2026-10-06 15:37:53,662 [ERROR] LogOutputStream:75 - [STDERR_REDIRECT] [Fatal Error] :1:1: Premature end of file.
2026-10-06 15:37:53,662 [ERROR] LogOutputStream:75 - [STDERR_REDIRECT] 
2026-10-06 15:37:54,664 [ERROR] LogOutputStream:75 - [STDERR_REDIRECT] [Fatal Error] :1:1: Premature end of file.
2026-10-06 15:37:54,664 [ERROR] LogOutputStream:75 - [STDERR_REDIRECT] 
2026-10-06 15:37:55,664 [ERROR] LogOutputStream:75 - [STDERR_REDIRECT] [Fatal Error] :1:1: Premature end of file.
2026-10-06 15:37:55,664 [ERROR] LogOutputStream:75 - [STDERR_REDIRECT] 
2026-10-06 15:37:56,665 [ERROR] LogOutputStream:75 - [STDERR_REDIRECT] [Fatal Error] :1:1: Premature end of file.
2026-10-06 15:37:56,665 [ERROR] LogOutputStream:75 - [STDERR_REDIRECT] 
2026-10-06 15:37:57,675 [ERROR] LogOutputStream:75 - [STDERR_REDIRECT] [Fatal Error] :1:1: Premature end of file.
2026-10-06 15:37:57,675 [ERROR] LogOutputStream:75 - [STDERR_REDIRECT] 
2026-10-06 15:37:58,664 [ERROR] LogOutputStream:75 - [STDERR_REDIRECT] [Fatal Error] :1:1: Premature end of file.
2026-10-06 15:37:58,664 [ERROR] LogOutputStream:75 - [STDERR_REDIRECT] 
2026-10-06 15:37:59,669 [ERROR] LogOutputStream:75 - [STDERR_REDIRECT] [Fatal Error] :1:1: Premature end of file.
2026-10-06 15:37:59,669 [ERROR] LogOutputStream:75 - [STDERR_REDIRECT] 
2026-10-06 15:38:00,670 [ERROR] LogOutputStream:75 - [STDERR_REDIRECT] [Fatal Error] :1:1: Premature end of file.
2026-10-06 15:38:00,670 [ERROR] LogOutputStream:75 - [STDERR_REDIRECT] 
2026-10-06 15:38:01,665 [ERROR] LogOutputStream:75 - [STDERR_REDIRECT] [Fatal Error] :1:1: Premature end of file.
2026-10-06 15:38:01,665 [ERROR] LogOutputStream:75 - [STDERR_REDIRECT] 
2026-10-06 15:38:02,675 [ERROR] LogOutputStream:75 - [STDERR_REDIRECT] [Fatal Error] :1:1: Premature end of file.
2026-10-06 15:38:02,675 [ERROR] LogOutputStream:75 - [STDERR_REDIRECT] 
2026-10-06 15:38:03,658 [ERROR] LogOutputStream:75 - [STDERR_REDIRECT] [Fatal Error] :1:1: Premature end of file.
2026-10-06 15:38:03,659 [ERROR] LogOutputStream:75 - [STDERR_REDIRECT] 
2026-10-06 15:38:04,652 [ERROR] LogOutputStream:75 - [STDERR_REDIRECT] [Fatal Error] :1:1: Premature end of file.
2026-10-06 15:38:04,652 [ERROR] LogOutputStream:75 - [STDERR_REDIRECT] 
2026-10-06 15:38:05,664 [ERROR] LogOutputStream:75 - [STDERR_REDIRECT] [Fatal Error] :1:1: Premature end of file.
2026-10-06 15:38:05,664 [ERROR] LogOutputStream:75 - [STDERR_REDIRECT] 
2026-10-06 15:38:06,656 [ERROR] LogOutputStream:75 - [STDERR_REDIRECT] [Fatal Error] :1:1: Premature end of file.
2026-10-06 15:38:06,656 [ERROR] LogOutputStream:75 - [STDERR_REDIRECT] 
2026-10-06 15:38:07,670 [ERROR] LogOutputStream:75 - [STDERR_REDIRECT] [Fatal Error] :1:1: Premature end of file.
2026-10-06 15:38:07,670 [ERROR] LogOutputStream:75 - [STDERR_REDIRECT] 
2026-10-06 15:38:08,675 [ERROR] LogOutputStream:75 - [STDERR_REDIRECT] [Fatal Error] :1:1: Premature end of file.
2026-10-06 15:38:08,675 [ERROR] LogOutputStream:75 - [STDERR_REDIRECT] 
2026-10-06 15:38:09,674 [ERROR] LogOutputStream:75 - [STDERR_REDIRECT] [Fatal Error] :1:1: Premature end of file.
2026-10-06 15:38:09,674 [ERROR] LogOutputStream:75 - [STDERR_REDIRECT] 
2026-10-06 15:38:10,650 [ERROR] LogOutputStream:75 - [STDERR_REDIRECT] [Fatal Error] :1:1: Premature end of file.
2026-10-06 15:38:10,650 [ERROR] LogOutputStream:75 - [STDERR_REDIRECT] 
2026-10-06 15:38:11,675 [ERROR] LogOutputStream:75 - [STDERR_REDIRECT] [Fatal Error] :1:1: Premature end of file.
2026-10-06 15:38:11,675 [ERROR] LogOutputStream:75 - [STDERR_REDIRECT] 
2026-10-06 15:38:12,660 [ERROR] LogOutputStream:75 - [STDERR_REDIRECT] [Fatal Error] :1:1: Premature end of file.
2026-10-06 15:38:12,661 [ERROR] LogOutputStream:75 - [STDERR_REDIRECT] 
2026-10-06 15:38:13,669 [ERROR] LogOutputStream:75 - [STDERR_REDIRECT] [Fatal Error] :1:1: Premature end of file.
2026-10-06 15:38:13,669 [ERROR] LogOutputStream:75 - [STDERR_REDIRECT] 
2026-10-06 15:38:14,667 [ERROR] LogOutputStream:75 - [STDERR_REDIRECT] [Fatal Error] :1:1: Premature end of file.
2026-10-06 15:38:14,667 [ERROR] LogOutputStream:75 - [STDERR_REDIRECT] 
2026-10-06 15:38:15,660 [ERROR] LogOutputStream:75 - [STDERR_REDIRECT] [Fatal Error] :1:1: Premature end of file.
2026-10-06 15:38:15,660 [ERROR] LogOutputStream:75 - [STDERR_REDIRECT] 
2026-10-06 15:38:16,660 [ERROR] LogOutputStream:75 - [STDERR_REDIRECT] [Fatal Error] :1:1: Premature end of file.
2026-10-06 15:38:16,660 [ERROR] LogOutputStream:75 - [STDERR_REDIRECT] 
2026-10-06 15:38:17,656 [ERROR] LogOutputStream:75 - [STDERR_REDIRECT] [Fatal Error] :1:1: Premature end of file.
2026-10-06 15:38:17,656 [ERROR] LogOutputStream:75 - [STDERR_REDIRECT] 
2026-10-06 15:38:18,674 [ERROR] LogOutputStream:75 - [STDERR_REDIRECT] [Fatal Error] :1:1: Premature end of file.
2026-10-06 15:38:18,674 [ERROR] LogOutputStream:75 - [STDERR_REDIRECT] 
2026-10-06 15:38:19,672 [ERROR] LogOutputStream:75 - [STDERR_REDIRECT] [Fatal Error] :1:1: Premature end of file.
2026-10-06 15:38:19,672 [ERROR] LogOutputStream:75 - [STDERR_REDIRECT] 
2026-10-06 15:38:20,670 [ERROR] LogOutputStream:75 - [STDERR_REDIRECT] [Fatal Error] :1:1: Premature end of file.
2026-10-06 15:38:20,670 [ERROR] LogOutputStream:75 - [STDERR_REDIRECT] 
2026-10-06 15:38:21,677 [ERROR] LogOutputStream:75 - [STDERR_REDIRECT] [Fatal Error] :1:1: Premature end of file.
2026-10-06 15:38:21,677 [ERROR] LogOutputStream:75 - [STDERR_REDIRECT] 
2026-10-06 15:38:22,666 [ERROR] LogOutputStream:75 - [STDERR_REDIRECT] [Fatal Error] :1:1: Premature end of file.
2026-10-06 15:38:22,666 [ERROR] LogOutputStream:75 - [STDERR_REDIRECT] 
2026-10-06 15:38:23,655 [ERROR] LogOutputStream:75 - [STDERR_REDIRECT] [Fatal Error] :1:1: Premature end of file.
2026-10-06 15:38:23,655 [ERROR] LogOutputStream:75 - [STDERR_REDIRECT] 
2026-10-06 15:38:24,655 [ERROR] LogOutputStream:75 - [STDERR_REDIRECT] [Fatal Error] :1:1: Premature end of file.
2026-10-06 15:38:24,655 [ERROR] LogOutputStream:75 - [STDERR_REDIRECT] 
2026-10-06 15:38:25,668 [ERROR] LogOutputStream:75 - [STDERR_REDIRECT] [Fatal Error] :1:1: Premature end of file.
2026-10-06 15:38:25,668 [ERROR] LogOutputStream:75 - [STDERR_REDIRECT] 
2026-10-06 15:38:26,658 [ERROR] LogOutputStream:75 - [STDERR_REDIRECT] [Fatal Error] :1:1: Premature end of file.
2026-10-06 15:38:26,658 [ERROR] LogOutputStream:75 - [STDERR_REDIRECT] 
2026-10-06 15:38:27,653 [ERROR] LogOutputStream:75 - [STDERR_REDIRECT] [Fatal Error] :1:1: Premature end of file.
2026-10-06 15:38:27,653 [ERROR] LogOutputStream:75 - [STDERR_REDIRECT] 
2026-10-06 15:38:28,654 [ERROR] LogOutputStream:75 - [STDERR_REDIRECT] [Fatal Error] :1:1: Premature end of file.
2026-10-06 15:38:28,654 [ERROR] LogOutputStream:75 - [STDERR_REDIRECT] 
2026-10-06 15:38:29,666 [ERROR] LogOutputStream:75 - [STDERR_REDIRECT] [Fatal Error] :1:1: Premature end of file.
2026-10-06 15:38:29,666 [ERROR] LogOutputStream:75 - [STDERR_REDIRECT] 
2026-10-06 15:38:30,660 [ERROR] LogOutputStream:75 - [STDERR_REDIRECT] [Fatal Error] :1:1: Premature end of file.
2026-10-06 15:38:30,661 [ERROR] LogOutputStream:75 - [STDERR_REDIRECT] 
2026-10-06 15:38:31,663 [ERROR] LogOutputStream:75 - [STDERR_REDIRECT] [Fatal Error] :1:1: Premature end of file.
2026-10-06 15:38:31,663 [ERROR] LogOutputStream:75 - [STDERR_REDIRECT] 
2026-10-06 15:38:32,659 [ERROR] LogOutputStream:75 - [STDERR_REDIRECT] [Fatal Error] :1:1: Premature end of file.
2026-10-06 15:38:32,659 [ERROR] LogOutputStream:75 - [STDERR_REDIRECT] 
2026-10-06 15:38:33,658 [ERROR] LogOutputStream:75 - [STDERR_REDIRECT] [Fatal Error] :1:1: Premature end of file.
2026-10-06 15:38:33,658 [ERROR] LogOutputStream:75 - [STDERR_REDIRECT] 
2026-10-06 15:38:34,662 [ERROR] LogOutputStream:75 - [STDERR_REDIRECT] [Fatal Error] :1:1: Premature end of file.
2026-10-06 15:38:34,662 [ERROR] LogOutputStream:75 - [STDERR_REDIRECT] 
2026-10-06 15:38:35,671 [ERROR] LogOutputStream:75 - [STDERR_REDIRECT] [Fatal Error] :1:1: Premature end of file.
2026-10-06 15:38:35,671 [ERROR] LogOutputStream:75 - [STDERR_REDIRECT] 
2026-10-06 15:38:36,668 [ERROR] LogOutputStream:75 - [STDERR_REDIRECT] [Fatal Error] :1:1: Premature end of file.
2026-10-06 15:38:36,668 [ERROR] LogOutputStream:75 - [STDERR_REDIRECT] 
2026-10-06 15:38:37,668 [ERROR] LogOutputStream:75 - [STDERR_REDIRECT] [Fatal Error] :1:1: Premature end of file.
2026-10-06 15:38:37,668 [ERROR] LogOutputStream:75 - [STDERR_REDIRECT] 
2026-10-06 15:38:38,665 [ERROR] LogOutputStream:75 - [STDERR_REDIRECT] [Fatal Error] :1:1: Premature end of file.
2026-10-06 15:38:38,665 [ERROR] LogOutputStream:75 - [STDERR_REDIRECT] 
2026-10-06 15:38:39,673 [ERROR] LogOutputStream:75 - [STDERR_REDIRECT] [Fatal Error] :1:1: Premature end of file.
2026-10-06 15:38:39,673 [ERROR] LogOutputStream:75 - [STDERR_REDIRECT] 
2026-10-06 15:38:40,668 [ERROR] LogOutputStream:75 - [STDERR_REDIRECT] [Fatal Error] :1:1: Premature end of file.
2026-10-06 15:38:40,668 [ERROR] LogOutputStream:75 - [STDERR_REDIRECT] 
2026-10-06 15:38:41,665 [ERROR] LogOutputStream:75 - [STDERR_REDIRECT] [Fatal Error] :1:1: Premature end of file.
2026-10-06 15:38:41,665 [ERROR] LogOutputStream:75 - [STDERR_REDIRECT] 
2026-10-06 15:38:42,652 [ERROR] LogOutputStream:75 - [STDERR_REDIRECT] [Fatal Error] :1:1: Premature end of file.
2026-10-06 15:38:42,652 [ERROR] LogOutputStream:75 - [STDERR_REDIRECT] 
2026-10-06 15:38:43,656 [ERROR] LogOutputStream:75 - [STDERR_REDIRECT] [Fatal Error] :1:1: Premature end of file.
2026-10-06 15:38:43,656 [ERROR] LogOutputStream:75 - [STDERR_REDIRECT] 
2026-10-06 15:38:44,671 [ERROR] LogOutputStream:75 - [STDERR_REDIRECT] [Fatal Error] :1:1: Premature end of file.
2026-10-06 15:38:44,671 [ERROR] LogOutputStream:75 - [STDERR_REDIRECT] 
2026-10-06 15:38:45,673 [ERROR] LogOutputStream:75 - [STDERR_REDIRECT] [Fatal Error] :1:1: Premature end of file.
2026-10-06 15:38:45,673 [ERROR] LogOutputStream:75 - [STDERR_REDIRECT] 
2026-10-06 15:38:46,666 [ERROR] LogOutputStream:75 - [STDERR_REDIRECT] [Fatal Error] :1:1: Premature end of file.
2026-10-06 15:38:46,666 [ERROR] LogOutputStream:75 - [STDERR_REDIRECT] 
2026-10-06 15:38:47,662 [ERROR] LogOutputStream:75 - [STDERR_REDIRECT] [Fatal Error] :1:1: Premature end of file.
2026-10-06 15:38:47,662 [ERROR] LogOutputStream:75 - [STDERR_REDIRECT] 
2026-10-06 15:38:48,664 [ERROR] LogOutputStream:75 - [STDERR_REDIRECT] [Fatal Error] :1:1: Premature end of file.
2026-10-06 15:38:48,664 [ERROR] LogOutputStream:75 - [STDERR_REDIRECT] 
2026-10-06 15:38:49,670 [ERROR] LogOutputStream:75 - [STDERR_REDIRECT] [Fatal Error] :1:1: Premature end of file.
2026-10-06 15:38:49,670 [ERROR] LogOutputStream:75 - [STDERR_REDIRECT] 
2026-10-06 15:38:50,671 [ERROR] LogOutputStream:75 - [STDERR_REDIRECT] [Fatal Error] :1:1: Premature end of file.
2026-10-06 15:38:50,671 [ERROR] LogOutputStream:75 - [STDERR_REDIRECT] 
2026-10-06 15:38:51,659 [ERROR] LogOutputStream:75 - [STDERR_REDIRECT] [Fatal Error] :1:1: Premature end of file.
2026-10-06 15:38:51,659 [ERROR] LogOutputStream:75 - [STDERR_REDIRECT] 
2026-10-06 15:38:52,663 [ERROR] LogOutputStream:75 - [STDERR_REDIRECT] [Fatal Error] :1:1: Premature end of file.
2026-10-06 15:38:52,663 [ERROR] LogOutputStream:75 - [STDERR_REDIRECT] 
2026-10-06 15:38:53,651 [ERROR] LogOutputStream:75 - [STDERR_REDIRECT] [Fatal Error] :1:1: Premature end of file.
2026-10-06 15:38:53,651 [ERROR] LogOutputStream:75 - [STDERR_REDIRECT] 
2026-10-06 15:38:54,660 [ERROR] LogOutputStream:75 - [STDERR_REDIRECT] [Fatal Error] :1:1: Premature end of file.
2026-10-06 15:38:54,660 [ERROR] LogOutputStream:75 - [STDERR_REDIRECT] 
2026-10-06 15:38:55,662 [ERROR] LogOutputStream:75 - [STDERR_REDIRECT] [Fatal Error] :1:1: Premature end of file.
2026-10-06 15:38:55,662 [ERROR] LogOutputStream:75 - [STDERR_REDIRECT] 
2026-10-06 15:38:56,656 [ERROR] LogOutputStream:75 - [STDERR_REDIRECT] [Fatal Error] :1:1: Premature end of file.
2026-10-06 15:38:56,656 [ERROR] LogOutputStream:75 - [STDERR_REDIRECT] 
2026-10-06 15:38:57,660 [ERROR] LogOutputStream:75 - [STDERR_REDIRECT] [Fatal Error] :1:1: Premature end of file.
2026-10-06 15:38:57,660 [ERROR] LogOutputStream:75 - [STDERR_REDIRECT] 
2026-10-06 15:38:58,672 [ERROR] LogOutputStream:75 - [STDERR_REDIRECT] [Fatal Error] :1:1: Premature end of file.
2026-10-06 15:38:58,672 [ERROR] LogOutputStream:75 - [STDERR_REDIRECT] 
2026-10-06 15:38:59,669 [ERROR] LogOutputStream:75 - [STDERR_REDIRECT] [Fatal Error] :1:1: Premature end of file.
2026-10-06 15:38:59,669 [ERROR] LogOutputStream:75 - [STDERR_REDIRECT] 
2026-10-06 15:39:00,672 [ERROR] LogOutputStream:75 - [STDERR_REDIRECT] [Fatal Error] :1:1: Premature end of file.
2026-10-06 15:39:00,672 [ERROR] LogOutputStream:75 - [STDERR_REDIRECT] 
2026-10-06 15:39:01,668 [ERROR] LogOutputStream:75 - [STDERR_REDIRECT] [Fatal Error] :1:1: Premature end of file.
2026-10-06 15:39:01,669 [ERROR] LogOutputStream:75 - [STDERR_REDIRECT] 
2026-10-06 15:39:02,661 [ERROR] LogOutputStream:75 - [STDERR_REDIRECT] [Fatal Error] :1:1: Premature end of file.
2026-10-06 15:39:02,661 [ERROR] LogOutputStream:75 - [STDERR_REDIRECT] 
2026-10-06 15:39:03,670 [ERROR] LogOutputStream:75 - [STDERR_REDIRECT] [Fatal Error] :1:1: Premature end of file.
2026-10-06 15:39:03,671 [ERROR] LogOutputStream:75 - [STDERR_REDIRECT] 
2026-10-06 15:39:04,650 [ERROR] LogOutputStream:75 - [STDERR_REDIRECT] [Fatal Error] :1:1: Premature end of file.
2026-10-06 15:39:04,650 [ERROR] LogOutputStream:75 - [STDERR_REDIRECT] 
2026-10-06 15:39:05,676 [ERROR] LogOutputStream:75 - [STDERR_REDIRECT] [Fatal Error] :1:1: Premature end of file.
2026-10-06 15:39:05,676 [ERROR] LogOutputStream:75 - [STDERR_REDIRECT] 
2026-10-06 15:39:06,659 [ERROR] LogOutputStream:75 - [STDERR_REDIRECT] [Fatal Error] :1:1: Premature end of file.
2026-10-06 15:39:06,659 [ERROR] LogOutputStream:75 - [STDERR_REDIRECT] 
2026-10-06 15:39:07,668 [ERROR] LogOutputStream:75 - [STDERR_REDIRECT] [Fatal Error] :1:1: Premature end of file.
2026-10-06 15:39:07,668 [ERROR] LogOutputStream:75 - [STDERR_REDIRECT] 
2026-10-06 15:39:08,659 [ERROR] LogOutputStream:75 - [STDERR_REDIRECT] [Fatal Error] :1:1: Premature end of file.
2026-10-06 15:39:08,659 [ERROR] LogOutputStream:75 - [STDERR_REDIRECT] 
2026-10-06 15:39:09,651 [ERROR] LogOutputStream:75 - [STDERR_REDIRECT] [Fatal Error] :1:1: Premature end of file.
2026-10-06 15:39:09,651 [ERROR] LogOutputStream:75 - [STDERR_REDIRECT] 
2026-10-06 15:39:10,658 [ERROR] LogOutputStream:75 - [STDERR_REDIRECT] [Fatal Error] :1:1: Premature end of file.
2026-10-06 15:39:10,658 [ERROR] LogOutputStream:75 - [STDERR_REDIRECT] 
2026-10-06 15:39:11,650 [ERROR] LogOutputStream:75 - [STDERR_REDIRECT] [Fatal Error] :1:1: Premature end of file.
2026-10-06 15:39:11,650 [ERROR] LogOutputStream:75 - [STDERR_REDIRECT] 
2026-10-06 15:39:12,658 [ERROR] LogOutputStream:75 - [STDERR_REDIRECT] [Fatal Error] :1:1: Premature end of file.
2026-10-06 15:39:12,658 [ERROR] LogOutputStream:75 - [STDERR_REDIRECT] 
2026-10-06 15:39:13,648 [ERROR] LogOutputStream:75 - [STDERR_REDIRECT] [Fatal Error] :1:1: Premature end of file.
2026-10-06 15:39:13,648 [ERROR] LogOutputStream:75 - [STDERR_REDIRECT] 
2026-10-06 15:39:14,664 [ERROR] LogOutputStream:75 - [STDERR_REDIRECT] [Fatal Error] :1:1: Premature end of file.
2026-10-06 15:39:14,664 [ERROR] LogOutputStream:75 - [STDERR_REDIRECT] 
2026-10-06 15:39:15,656 [ERROR] LogOutputStream:75 - [STDERR_REDIRECT] [Fatal Error] :1:1: Premature end of file.
2026-10-06 15:39:15,657 [ERROR] LogOutputStream:75 - [STDERR_REDIRECT] 
2026-10-06 15:39:16,656 [ERROR] LogOutputStream:75 - [STDERR_REDIRECT] [Fatal Error] :1:1: Premature end of file.
2026-10-06 15:39:16,656 [ERROR] LogOutputStream:75 - [STDERR_REDIRECT] 
2026-10-06 15:39:17,652 [ERROR] LogOutputStream:75 - [STDERR_REDIRECT] [Fatal Error] :1:1: Premature end of file.
2026-10-06 15:39:17,652 [ERROR] LogOutputStream:75 - [STDERR_REDIRECT] 
2026-10-06 15:39:18,653 [ERROR] LogOutputStream:75 - [STDERR_REDIRECT] [Fatal Error] :1:1: Premature end of file.
2026-10-06 15:39:18,653 [ERROR] LogOutputStream:75 - [STDERR_REDIRECT] 
2026-10-06 15:39:19,664 [ERROR] LogOutputStream:75 - [STDERR_REDIRECT] [Fatal Error] :1:1: Premature end of file.
2026-10-06 15:39:19,664 [ERROR] LogOutputStream:75 - [STDERR_REDIRECT] 
2026-10-06 15:39:20,658 [ERROR] LogOutputStream:75 - [STDERR_REDIRECT] [Fatal Error] :1:1: Premature end of file.
2026-10-06 15:39:20,658 [ERROR] LogOutputStream:75 - [STDERR_REDIRECT] 
2026-10-06 15:39:21,654 [ERROR] LogOutputStream:75 - [STDERR_REDIRECT] [Fatal Error] :1:1: Premature end of file.
2026-10-06 15:39:21,654 [ERROR] LogOutputStream:75 - [STDERR_REDIRECT] 
2026-10-06 15:39:22,659 [ERROR] LogOutputStream:75 - [STDERR_REDIRECT] [Fatal Error] :1:1: Premature end of file.
2026-10-06 15:39:22,659 [ERROR] LogOutputStream:75 - [STDERR_REDIRECT] 
2026-10-06 15:39:23,664 [ERROR] LogOutputStream:75 - [STDERR_REDIRECT] [Fatal Error] :1:1: Premature end of file.
2026-10-06 15:39:23,665 [ERROR] LogOutputStream:75 - [STDERR_REDIRECT] 
2026-10-06 15:39:24,657 [ERROR] LogOutputStream:75 - [STDERR_REDIRECT] [Fatal Error] :1:1: Premature end of file.
2026-10-06 15:39:24,657 [ERROR] LogOutputStream:75 - [STDERR_REDIRECT] 
2026-10-06 15:39:25,667 [ERROR] LogOutputStream:75 - [STDERR_REDIRECT] [Fatal Error] :1:1: Premature end of file.
2026-10-06 15:39:25,668 [ERROR] LogOutputStream:75 - [STDERR_REDIRECT] 
2026-10-06 15:39:26,663 [ERROR] LogOutputStream:75 - [STDERR_REDIRECT] [Fatal Error] :1:1: Premature end of file.
2026-10-06 15:39:26,663 [ERROR] LogOutputStream:75 - [STDERR_REDIRECT] 
2026-10-06 15:39:27,662 [ERROR] LogOutputStream:75 - [STDERR_REDIRECT] [Fatal Error] :1:1: Premature end of file.
2026-10-06 15:39:27,662 [ERROR] LogOutputStream:75 - [STDERR_REDIRECT] 
2026-10-06 15:39:28,656 [ERROR] LogOutputStream:75 - [STDERR_REDIRECT] [Fatal Error] :1:1: Premature end of file.
2026-10-06 15:39:28,656 [ERROR] LogOutputStream:75 - [STDERR_REDIRECT] 
2026-10-06 15:39:29,653 [ERROR] LogOutputStream:75 - [STDERR_REDIRECT] [Fatal Error] :1:1: Premature end of file.
2026-10-06 15:39:29,653 [ERROR] LogOutputStream:75 - [STDERR_REDIRECT] 
2026-10-06 15:39:30,661 [ERROR] LogOutputStream:75 - [STDERR_REDIRECT] [Fatal Error] :1:1: Premature end of file.
2026-10-06 15:39:30,662 [ERROR] LogOutputStream:75 - [STDERR_REDIRECT] 
2026-10-06 15:39:31,656 [ERROR] LogOutputStream:75 - [STDERR_REDIRECT] [Fatal Error] :1:1: Premature end of file.
2026-10-06 15:39:31,657 [ERROR] LogOutputStream:75 - [STDERR_REDIRECT] 
2026-10-06 15:39:32,658 [ERROR] LogOutputStream:75 - [STDERR_REDIRECT] [Fatal Error] :1:1: Premature end of file.
2026-10-06 15:39:32,658 [ERROR] LogOutputStream:75 - [STDERR_REDIRECT] 
2026-10-06 15:39:33,661 [ERROR] LogOutputStream:75 - [STDERR_REDIRECT] [Fatal Error] :1:1: Premature end of file.
2026-10-06 15:39:33,661 [ERROR] LogOutputStream:75 - [STDERR_REDIRECT] 
2026-10-06 15:39:34,660 [ERROR] LogOutputStream:75 - [STDERR_REDIRECT] [Fatal Error] :1:1: Premature end of file.
2026-10-06 15:39:34,660 [ERROR] LogOutputStream:75 - [STDERR_REDIRECT] 
2026-10-06 15:39:35,655 [ERROR] LogOutputStream:75 - [STDERR_REDIRECT] [Fatal Error] :1:1: Premature end of file.
2026-10-06 15:39:35,655 [ERROR] LogOutputStream:75 - [STDERR_REDIRECT] 
2026-10-06 15:39:36,660 [ERROR] LogOutputStream:75 - [STDERR_REDIRECT] [Fatal Error] :1:1: Premature end of file.
2026-10-06 15:39:36,661 [ERROR] LogOutputStream:75 - [STDERR_REDIRECT] 
2026-10-06 15:39:37,653 [ERROR] LogOutputStream:75 - [STDERR_REDIRECT] [Fatal Error] :1:1: Premature end of file.
2026-10-06 15:39:37,653 [ERROR] LogOutputStream:75 - [STDERR_REDIRECT] 
2026-10-06 15:39:38,651 [ERROR] LogOutputStream:75 - [STDERR_REDIRECT] [Fatal Error] :1:1: Premature end of file.
2026-10-06 15:39:38,651 [ERROR] LogOutputStream:75 - [STDERR_REDIRECT] 
2026-10-06 15:39:39,661 [ERROR] LogOutputStream:75 - [STDERR_REDIRECT] [Fatal Error] :1:1: Premature end of file.
2026-10-06 15:39:39,661 [ERROR] LogOutputStream:75 - [STDERR_REDIRECT] 
2026-10-06 15:39:40,657 [ERROR] LogOutputStream:75 - [STDERR_REDIRECT] [Fatal Error] :1:1: Premature end of file.
2026-10-06 15:39:40,658 [ERROR] LogOutputStream:75 - [STDERR_REDIRECT] 
2026-10-06 15:39:41,654 [ERROR] LogOutputStream:75 - [STDERR_REDIRECT] [Fatal Error] :1:1: Premature end of file.
2026-10-06 15:39:41,654 [ERROR] LogOutputStream:75 - [STDERR_REDIRECT] 
2026-10-06 15:39:42,671 [ERROR] LogOutputStream:75 - [STDERR_REDIRECT] [Fatal Error] :1:1: Premature end of file.
2026-10-06 15:39:42,671 [ERROR] LogOutputStream:75 - [STDERR_REDIRECT] 
2026-10-06 15:39:43,652 [ERROR] LogOutputStream:75 - [STDERR_REDIRECT] [Fatal Error] :1:1: Premature end of file.
2026-10-06 15:39:43,652 [ERROR] LogOutputStream:75 - [STDERR_REDIRECT] 
2026-10-06 15:39:44,651 [ERROR] LogOutputStream:75 - [STDERR_REDIRECT] [Fatal Error] :1:1: Premature end of file.
2026-10-06 15:39:44,652 [ERROR] LogOutputStream:75 - [STDERR_REDIRECT] 
2026-10-06 15:39:45,662 [ERROR] LogOutputStream:75 - [STDERR_REDIRECT] [Fatal Error] :1:1: Premature end of file.
2026-10-06 15:39:45,662 [ERROR] LogOutputStream:75 - [STDERR_REDIRECT] 
2026-10-06 15:39:46,658 [ERROR] LogOutputStream:75 - [STDERR_REDIRECT] [Fatal Error] :1:1: Premature end of file.
2026-10-06 15:39:46,658 [ERROR] LogOutputStream:75 - [STDERR_REDIRECT] 
2026-10-06 15:39:47,658 [ERROR] LogOutputStream:75 - [STDERR_REDIRECT] [Fatal Error] :1:1: Premature end of file.
2026-10-06 15:39:47,659 [ERROR] LogOutputStream:75 - [STDERR_REDIRECT] 
2026-10-06 15:39:48,662 [ERROR] LogOutputStream:75 - [STDERR_REDIRECT] [Fatal Error] :1:1: Premature end of file.
2026-10-06 15:39:48,662 [ERROR] LogOutputStream:75 - [STDERR_REDIRECT] 
2026-10-06 15:39:49,654 [ERROR] LogOutputStream:75 - [STDERR_REDIRECT] [Fatal Error] :1:1: Premature end of file.
2026-10-06 15:39:49,654 [ERROR] LogOutputStream:75 - [STDERR_REDIRECT] 
2026-10-06 15:39:50,655 [ERROR] LogOutputStream:75 - [STDERR_REDIRECT] [Fatal Error] :1:1: Premature end of file.
2026-10-06 15:39:50,655 [ERROR] LogOutputStream:75 - [STDERR_REDIRECT] 
2026-10-06 15:39:51,661 [ERROR] LogOutputStream:75 - [STDERR_REDIRECT] [Fatal Error] :1:1: Premature end of file.
2026-10-06 15:39:51,661 [ERROR] LogOutputStream:75 - [STDERR_REDIRECT] 
2026-10-06 15:39:52,649 [ERROR] LogOutputStream:75 - [STDERR_REDIRECT] [Fatal Error] :1:1: Premature end of file.
2026-10-06 15:39:52,649 [ERROR] LogOutputStream:75 - [STDERR_REDIRECT] 
2026-10-06 15:39:53,650 [ERROR] LogOutputStream:75 - [STDERR_REDIRECT] [Fatal Error] :1:1: Premature end of file.
2026-10-06 15:39:53,650 [ERROR] LogOutputStream:75 - [STDERR_REDIRECT] 
2026-10-06 15:39:54,658 [ERROR] LogOutputStream:75 - [STDERR_REDIRECT] [Fatal Error] :1:1: Premature end of file.
2026-10-06 15:39:54,658 [ERROR] LogOutputStream:75 - [STDERR_REDIRECT] 
2026-10-06 15:39:55,660 [ERROR] LogOutputStream:75 - [STDERR_REDIRECT] [Fatal Error] :1:1: Premature end of file.
2026-10-06 15:39:55,660 [ERROR] LogOutputStream:75 - [STDERR_REDIRECT] 
2026-10-06 15:39:56,658 [ERROR] LogOutputStream:75 - [STDERR_REDIRECT] [Fatal Error] :1:1: Premature end of file.
2026-10-06 15:39:56,658 [ERROR] LogOutputStream:75 - [STDERR_REDIRECT] 
2026-10-06 15:39:57,664 [ERROR] LogOutputStream:75 - [STDERR_REDIRECT] [Fatal Error] :1:1: Premature end of file.
2026-10-06 15:39:57,664 [ERROR] LogOutputStream:75 - [STDERR_REDIRECT] 
2026-10-06 15:39:58,654 [ERROR] LogOutputStream:75 - [STDERR_REDIRECT] [Fatal Error] :1:1: Premature end of file.
2026-10-06 15:39:58,654 [ERROR] LogOutputStream:75 - [STDERR_REDIRECT] 
2026-10-06 15:39:59,663 [ERROR] LogOutputStream:75 - [STDERR_REDIRECT] [Fatal Error] :1:1: Premature end of file.
2026-10-06 15:39:59,663 [ERROR] LogOutputStream:75 - [STDERR_REDIRECT] 
2026-10-06 15:40:00,666 [ERROR] LogOutputStream:75 - [STDERR_REDIRECT] [Fatal Error] :1:1: Premature end of file.
2026-10-06 15:40:00,666 [ERROR] LogOutputStream:75 - [STDERR_REDIRECT] 
2026-10-06 15:40:01,663 [ERROR] LogOutputStream:75 - [STDERR_REDIRECT] [Fatal Error] :1:1: Premature end of file.
2026-10-06 15:40:01,663 [ERROR] LogOutputStream:75 - [STDERR_REDIRECT] 
2026-10-06 15:40:02,662 [ERROR] LogOutputStream:75 - [STDERR_REDIRECT] [Fatal Error] :1:1: Premature end of file.
2026-10-06 15:40:02,662 [ERROR] LogOutputStream:75 - [STDERR_REDIRECT] 
2026-10-06 15:40:03,661 [ERROR] LogOutputStream:75 - [STDERR_REDIRECT] [Fatal Error] :1:1: Premature end of file.
2026-10-06 15:40:03,661 [ERROR] LogOutputStream:75 - [STDERR_REDIRECT] 
2026-10-06 15:40:04,651 [ERROR] LogOutputStream:75 - [STDERR_REDIRECT] [Fatal Error] :1:1: Premature end of file.
2026-10-06 15:40:04,651 [ERROR] LogOutputStream:75 - [STDERR_REDIRECT] 
2026-10-06 15:40:05,651 [ERROR] LogOutputStream:75 - [STDERR_REDIRECT] [Fatal Error] :1:1: Premature end of file.
2026-10-06 15:40:05,651 [ERROR] LogOutputStream:75 - [STDERR_REDIRECT] 
2026-10-06 15:40:06,656 [ERROR] LogOutputStream:75 - [STDERR_REDIRECT] [Fatal Error] :1:1: Premature end of file.
2026-10-06 15:40:06,656 [ERROR] LogOutputStream:75 - [STDERR_REDIRECT] 
2026-10-06 15:40:07,659 [ERROR] LogOutputStream:75 - [STDERR_REDIRECT] [Fatal Error] :1:1: Premature end of file.
2026-10-06 15:40:07,659 [ERROR] LogOutputStream:75 - [STDERR_REDIRECT] 
2026-10-06 15:40:08,652 [ERROR] LogOutputStream:75 - [STDERR_REDIRECT] [Fatal Error] :1:1: Premature end of file.
2026-10-06 15:40:08,652 [ERROR] LogOutputStream:75 - [STDERR_REDIRECT] 
2026-10-06 15:40:09,648 [ERROR] LogOutputStream:75 - [STDERR_REDIRECT] [Fatal Error] :1:1: Premature end of file.
2026-10-06 15:40:09,648 [ERROR] LogOutputStream:75 - [STDERR_REDIRECT] 
2026-10-06 15:40:10,663 [ERROR] LogOutputStream:75 - [STDERR_REDIRECT] [Fatal Error] :1:1: Premature end of file.
2026-10-06 15:40:10,663 [ERROR] LogOutputStream:75 - [STDERR_REDIRECT] 
2026-10-06 15:40:11,655 [ERROR] LogOutputStream:75 - [STDERR_REDIRECT] [Fatal Error] :1:1: Premature end of file.
2026-10-06 15:40:11,655 [ERROR] LogOutputStream:75 - [STDERR_REDIRECT] 
2026-10-06 15:40:12,652 [ERROR] LogOutputStream:75 - [STDERR_REDIRECT] [Fatal Error] :1:1: Premature end of file.
2026-10-06 15:40:12,652 [ERROR] LogOutputStream:75 - [STDERR_REDIRECT] 
2026-10-06 15:40:13,663 [ERROR] LogOutputStream:75 - [STDERR_REDIRECT] [Fatal Error] :1:1: Premature end of file.
2026-10-06 15:40:13,663 [ERROR] LogOutputStream:75 - [STDERR_REDIRECT] 
2026-10-06 15:40:14,658 [ERROR] LogOutputStream:75 - [STDERR_REDIRECT] [Fatal Error] :1:1: Premature end of file.
2026-10-06 15:40:14,658 [ERROR] LogOutputStream:75 - [STDERR_REDIRECT] 
2026-10-06 15:40:15,651 [ERROR] LogOutputStream:75 - [STDERR_REDIRECT] [Fatal Error] :1:1: Premature end of file.
2026-10-06 15:40:15,652 [ERROR] LogOutputStream:75 - [STDERR_REDIRECT] 
2026-10-06 15:40:16,649 [ERROR] LogOutputStream:75 - [STDERR_REDIRECT] [Fatal Error] :1:1: Premature end of file.
2026-10-06 15:40:16,649 [ERROR] LogOutputStream:75 - [STDERR_REDIRECT] 
2026-10-06 15:40:17,655 [ERROR] LogOutputStream:75 - [STDERR_REDIRECT] [Fatal Error] :1:1: Premature end of file.
2026-10-06 15:40:17,656 [ERROR] LogOutputStream:75 - [STDERR_REDIRECT] 
2026-10-06 15:40:18,652 [ERROR] LogOutputStream:75 - [STDERR_REDIRECT] [Fatal Error] :1:1: Premature end of file.
2026-10-06 15:40:18,652 [ERROR] LogOutputStream:75 - [STDERR_REDIRECT] 
2026-10-06 15:40:19,663 [ERROR] LogOutputStream:75 - [STDERR_REDIRECT] [Fatal Error] :1:1: Premature end of file.
2026-10-06 15:40:19,663 [ERROR] LogOutputStream:75 - [STDERR_REDIRECT] 
2026-10-06 15:40:20,662 [ERROR] LogOutputStream:75 - [STDERR_REDIRECT] [Fatal Error] :1:1: Premature end of file.
2026-10-06 15:40:20,662 [ERROR] LogOutputStream:75 - [STDERR_REDIRECT] 
2026-10-06 15:40:21,654 [ERROR] LogOutputStream:75 - [STDERR_REDIRECT] [Fatal Error] :1:1: Premature end of file.
2026-10-06 15:40:21,654 [ERROR] LogOutputStream:75 - [STDERR_REDIRECT] 
2026-10-06 15:40:22,664 [ERROR] LogOutputStream:75 - [STDERR_REDIRECT] [Fatal Error] :1:1: Premature end of file.
2026-10-06 15:40:22,664 [ERROR] LogOutputStream:75 - [STDERR_REDIRECT] 
2026-10-06 15:40:23,656 [ERROR] LogOutputStream:75 - [STDERR_REDIRECT] [Fatal Error] :1:1: Premature end of file.
2026-10-06 15:40:23,656 [ERROR] LogOutputStream:75 - [STDERR_REDIRECT] 
2026-10-06 15:40:24,656 [ERROR] LogOutputStream:75 - [STDERR_REDIRECT] [Fatal Error] :1:1: Premature end of file.
2026-10-06 15:40:24,656 [ERROR] LogOutputStream:75 - [STDERR_REDIRECT] 
2026-10-06 15:40:25,650 [ERROR] LogOutputStream:75 - [STDERR_REDIRECT] [Fatal Error] :1:1: Premature end of file.
2026-10-06 15:40:25,650 [ERROR] LogOutputStream:75 - [STDERR_REDIRECT] 
2026-10-06 15:40:26,655 [ERROR] LogOutputStream:75 - [STDERR_REDIRECT] [Fatal Error] :1:1: Premature end of file.
2026-10-06 15:40:26,655 [ERROR] LogOutputStream:75 - [STDERR_REDIRECT] 
2026-10-06 15:40:27,651 [ERROR] LogOutputStream:75 - [STDERR_REDIRECT] [Fatal Error] :1:1: Premature end of file.
2026-10-06 15:40:27,651 [ERROR] LogOutputStream:75 - [STDERR_REDIRECT] 
2026-10-06 15:40:28,668 [ERROR] LogOutputStream:75 - [STDERR_REDIRECT] [Fatal Error] :1:1: Premature end of file.
2026-10-06 15:40:28,668 [ERROR] LogOutputStream:75 - [STDERR_REDIRECT] 
2026-10-06 15:40:29,659 [ERROR] LogOutputStream:75 - [STDERR_REDIRECT] [Fatal Error] :1:1: Premature end of file.
2026-10-06 15:40:29,659 [ERROR] LogOutputStream:75 - [STDERR_REDIRECT] 
2026-10-06 15:40:30,654 [ERROR] LogOutputStream:75 - [STDERR_REDIRECT] [Fatal Error] :1:1: Premature end of file.
2026-10-06 15:40:30,654 [ERROR] LogOutputStream:75 - [STDERR_REDIRECT] 
2026-10-06 15:40:31,657 [ERROR] LogOutputStream:75 - [STDERR_REDIRECT] [Fatal Error] :1:1: Premature end of file.
2026-10-06 15:40:31,657 [ERROR] LogOutputStream:75 - [STDERR_REDIRECT] 
2026-10-06 15:40:32,652 [ERROR] LogOutputStream:75 - [STDERR_REDIRECT] [Fatal Error] :1:1: Premature end of file.
2026-10-06 15:40:32,652 [ERROR] LogOutputStream:75 - [STDERR_REDIRECT] 
2026-10-06 15:40:33,661 [ERROR] LogOutputStream:75 - [STDERR_REDIRECT] [Fatal Error] :1:1: Premature end of file.
2026-10-06 15:40:33,661 [ERROR] LogOutputStream:75 - [STDERR_REDIRECT] 
2026-10-06 15:40:34,653 [ERROR] LogOutputStream:75 - [STDERR_REDIRECT] [Fatal Error] :1:1: Premature end of file.
2026-10-06 15:40:34,653 [ERROR] LogOutputStream:75 - [STDERR_REDIRECT] 
2026-10-06 15:40:35,662 [ERROR] LogOutputStream:75 - [STDERR_REDIRECT] [Fatal Error] :1:1: Premature end of file.
2026-10-06 15:40:35,662 [ERROR] LogOutputStream:75 - [STDERR_REDIRECT] 
2026-10-06 15:40:36,658 [ERROR] LogOutputStream:75 - [STDERR_REDIRECT] [Fatal Error] :1:1: Premature end of file.
2026-10-06 15:40:36,658 [ERROR] LogOutputStream:75 - [STDERR_REDIRECT] 
2026-10-06 15:40:37,653 [ERROR] LogOutputStream:75 - [STDERR_REDIRECT] [Fatal Error] :1:1: Premature end of file.
2026-10-06 15:40:37,653 [ERROR] LogOutputStream:75 - [STDERR_REDIRECT] 
2026-10-06 15:40:38,651 [ERROR] LogOutputStream:75 - [STDERR_REDIRECT] [Fatal Error] :1:1: Premature end of file.
2026-10-06 15:40:38,651 [ERROR] LogOutputStream:75 - [STDERR_REDIRECT] 
2026-10-06 15:40:39,664 [ERROR] LogOutputStream:75 - [STDERR_REDIRECT] [Fatal Error] :1:1: Premature end of file.
2026-10-06 15:40:39,664 [ERROR] LogOutputStream:75 - [STDERR_REDIRECT] 
2026-10-06 15:40:40,655 [ERROR] LogOutputStream:75 - [STDERR_REDIRECT] [Fatal Error] :1:1: Premature end of file.
2026-10-06 15:40:40,655 [ERROR] LogOutputStream:75 - [STDERR_REDIRECT] 
2026-10-06 15:40:41,666 [ERROR] LogOutputStream:75 - [STDERR_REDIRECT] [Fatal Error] :1:1: Premature end of file.
2026-10-06 15:40:41,666 [ERROR] LogOutputStream:75 - [STDERR_REDIRECT] 
2026-10-06 15:40:42,661 [ERROR] LogOutputStream:75 - [STDERR_REDIRECT] [Fatal Error] :1:1: Premature end of file.
2026-10-06 15:40:42,661 [ERROR] LogOutputStream:75 - [STDERR_REDIRECT] 
2026-10-06 15:40:43,654 [ERROR] LogOutputStream:75 - [STDERR_REDIRECT] [Fatal Error] :1:1: Premature end of file.
2026-10-06 15:40:43,654 [ERROR] LogOutputStream:75 - [STDERR_REDIRECT] 
2026-10-06 15:40:44,661 [ERROR] LogOutputStream:75 - [STDERR_REDIRECT] [Fatal Error] :1:1: Premature end of file.
2026-10-06 15:40:44,661 [ERROR] LogOutputStream:75 - [STDERR_REDIRECT] 
2026-10-06 15:40:45,661 [ERROR] LogOutputStream:75 - [STDERR_REDIRECT] [Fatal Error] :1:1: Premature end of file.
2026-10-06 15:40:45,661 [ERROR] LogOutputStream:75 - [STDERR_REDIRECT] 
2026-10-06 15:40:46,658 [ERROR] LogOutputStream:75 - [STDERR_REDIRECT] [Fatal Error] :1:1: Premature end of file.
2026-10-06 15:40:46,658 [ERROR] LogOutputStream:75 - [STDERR_REDIRECT] 
2026-10-06 15:40:47,654 [ERROR] LogOutputStream:75 - [STDERR_REDIRECT] [Fatal Error] :1:1: Premature end of file.
2026-10-06 15:40:47,655 [ERROR] LogOutputStream:75 - [STDERR_REDIRECT] 
2026-10-06 15:40:48,648 [ERROR] LogOutputStream:75 - [STDERR_REDIRECT] [Fatal Error] :1:1: Premature end of file.
2026-10-06 15:40:48,648 [ERROR] LogOutputStream:75 - [STDERR_REDIRECT] 
2026-10-06 15:40:49,662 [ERROR] LogOutputStream:75 - [STDERR_REDIRECT] [Fatal Error] :1:1: Premature end of file.
2026-10-06 15:40:49,662 [ERROR] LogOutputStream:75 - [STDERR_REDIRECT] 
2026-10-06 15:40:50,658 [ERROR] LogOutputStream:75 - [STDERR_REDIRECT] [Fatal Error] :1:1: Premature end of file.
2026-10-06 15:40:50,658 [ERROR] LogOutputStream:75 - [STDERR_REDIRECT] 
2026-10-06 15:40:51,652 [ERROR] LogOutputStream:75 - [STDERR_REDIRECT] [Fatal Error] :1:1: Premature end of file.
2026-10-06 15:40:51,652 [ERROR] LogOutputStream:75 - [STDERR_REDIRECT] 
2026-10-06 15:40:52,650 [ERROR] LogOutputStream:75 - [STDERR_REDIRECT] [Fatal Error] :1:1: Premature end of file.
2026-10-06 15:40:52,650 [ERROR] LogOutputStream:75 - [STDERR_REDIRECT] 
2026-10-06 15:40:53,661 [ERROR] LogOutputStream:75 - [STDERR_REDIRECT] [Fatal Error] :1:1: Premature end of file.
2026-10-06 15:40:53,661 [ERROR] LogOutputStream:75 - [STDERR_REDIRECT] 
2026-10-06 15:40:54,657 [ERROR] LogOutputStream:75 - [STDERR_REDIRECT] [Fatal Error] :1:1: Premature end of file.
2026-10-06 15:40:54,658 [ERROR] LogOutputStream:75 - [STDERR_REDIRECT] 
2026-10-06 15:40:55,656 [ERROR] LogOutputStream:75 - [STDERR_REDIRECT] [Fatal Error] :1:1: Premature end of file.
2026-10-06 15:40:55,656 [ERROR] LogOutputStream:75 - [STDERR_REDIRECT] 
2026-10-06 15:40:56,646 [ERROR] LogOutputStream:75 - [STDERR_REDIRECT] [Fatal Error] :1:1: Premature end of file.
2026-10-06 15:40:56,646 [ERROR] LogOutputStream:75 - [STDERR_REDIRECT] 
2026-10-06 15:40:57,654 [ERROR] LogOutputStream:75 - [STDERR_REDIRECT] [Fatal Error] :1:1: Premature end of file.
2026-10-06 15:40:57,654 [ERROR] LogOutputStream:75 - [STDERR_REDIRECT] 
2026-10-06 15:40:58,659 [ERROR] LogOutputStream:75 - [STDERR_REDIRECT] [Fatal Error] :1:1: Premature end of file.
2026-10-06 15:40:58,659 [ERROR] LogOutputStream:75 - [STDERR_REDIRECT] 
2026-10-06 15:40:59,663 [ERROR] LogOutputStream:75 - [STDERR_REDIRECT] [Fatal Error] :1:1: Premature end of file.
2026-10-06 15:40:59,663 [ERROR] LogOutputStream:75 - [STDERR_REDIRECT] 
2026-10-06 15:41:00,664 [ERROR] LogOutputStream:75 - [STDERR_REDIRECT] [Fatal Error] :1:1: Premature end of file.
2026-10-06 15:41:00,664 [ERROR] LogOutputStream:75 - [STDERR_REDIRECT] 
2026-10-06 15:41:01,654 [ERROR] LogOutputStream:75 - [STDERR_REDIRECT] [Fatal Error] :1:1: Premature end of file.
2026-10-06 15:41:01,654 [ERROR] LogOutputStream:75 - [STDERR_REDIRECT] 
2026-10-06 15:41:02,662 [ERROR] LogOutputStream:75 - [STDERR_REDIRECT] [Fatal Error] :1:1: Premature end of file.
2026-10-06 15:41:02,663 [ERROR] LogOutputStream:75 - [STDERR_REDIRECT] 
2026-10-06 15:41:03,657 [ERROR] LogOutputStream:75 - [STDERR_REDIRECT] [Fatal Error] :1:1: Premature end of file.
2026-10-06 15:41:03,658 [ERROR] LogOutputStream:75 - [STDERR_REDIRECT] 
2026-10-06 15:41:04,655 [ERROR] LogOutputStream:75 - [STDERR_REDIRECT] [Fatal Error] :1:1: Premature end of file.
2026-10-06 15:41:04,655 [ERROR] LogOutputStream:75 - [STDERR_REDIRECT] 
2026-10-06 15:41:05,655 [ERROR] LogOutputStream:75 - [STDERR_REDIRECT] [Fatal Error] :1:1: Premature end of file.
2026-10-06 15:41:05,655 [ERROR] LogOutputStream:75 - [STDERR_REDIRECT] 
2026-10-06 15:41:06,655 [ERROR] LogOutputStream:75 - [STDERR_REDIRECT] [Fatal Error] :1:1: Premature end of file.
2026-10-06 15:41:06,656 [ERROR] LogOutputStream:75 - [STDERR_REDIRECT] 
2026-10-06 15:41:07,650 [ERROR] LogOutputStream:75 - [STDERR_REDIRECT] [Fatal Error] :1:1: Premature end of file.
2026-10-06 15:41:07,650 [ERROR] LogOutputStream:75 - [STDERR_REDIRECT] 
2026-10-06 15:41:08,647 [ERROR] LogOutputStream:75 - [STDERR_REDIRECT] [Fatal Error] :1:1: Premature end of file.
2026-10-06 15:41:08,647 [ERROR] LogOutputStream:75 - [STDERR_REDIRECT] 
2026-10-06 15:41:09,663 [ERROR] LogOutputStream:75 - [STDERR_REDIRECT] [Fatal Error] :1:1: Premature end of file.
2026-10-06 15:41:09,663 [ERROR] LogOutputStream:75 - [STDERR_REDIRECT] 
2026-10-06 15:41:10,661 [ERROR] LogOutputStream:75 - [STDERR_REDIRECT] [Fatal Error] :1:1: Premature end of file.
2026-10-06 15:41:10,661 [ERROR] LogOutputStream:75 - [STDERR_REDIRECT] 
2026-10-06 15:41:11,656 [ERROR] LogOutputStream:75 - [STDERR_REDIRECT] [Fatal Error] :1:1: Premature end of file.
2026-10-06 15:41:11,656 [ERROR] LogOutputStream:75 - [STDERR_REDIRECT] 
2026-10-06 15:41:12,664 [ERROR] LogOutputStream:75 - [STDERR_REDIRECT] [Fatal Error] :1:1: Premature end of file.
2026-10-06 15:41:12,665 [ERROR] LogOutputStream:75 - [STDERR_REDIRECT] 
2026-10-06 15:41:13,660 [ERROR] LogOutputStream:75 - [STDERR_REDIRECT] [Fatal Error] :1:1: Premature end of file.
2026-10-06 15:41:13,660 [ERROR] LogOutputStream:75 - [STDERR_REDIRECT] 
2026-10-06 15:41:14,653 [ERROR] LogOutputStream:75 - [STDERR_REDIRECT] [Fatal Error] :1:1: Premature end of file.
2026-10-06 15:41:14,653 [ERROR] LogOutputStream:75 - [STDERR_REDIRECT] 
2026-10-06 15:41:15,658 [ERROR] LogOutputStream:75 - [STDERR_REDIRECT] [Fatal Error] :1:1: Premature end of file.
2026-10-06 15:41:15,658 [ERROR] LogOutputStream:75 - [STDERR_REDIRECT] 
2026-10-06 15:41:16,654 [ERROR] LogOutputStream:75 - [STDERR_REDIRECT] [Fatal Error] :1:1: Premature end of file.
2026-10-06 15:41:16,654 [ERROR] LogOutputStream:75 - [STDERR_REDIRECT] 
2026-10-06 15:41:17,654 [ERROR] LogOutputStream:75 - [STDERR_REDIRECT] [Fatal Error] :1:1: Premature end of file.
2026-10-06 15:41:17,654 [ERROR] LogOutputStream:75 - [STDERR_REDIRECT] 
2026-10-06 15:41:18,651 [ERROR] LogOutputStream:75 - [STDERR_REDIRECT] [Fatal Error] :1:1: Premature end of file.
2026-10-06 15:41:18,651 [ERROR] LogOutputStream:75 - [STDERR_REDIRECT] 
2026-10-06 15:41:19,659 [ERROR] LogOutputStream:75 - [STDERR_REDIRECT] [Fatal Error] :1:1: Premature end of file.
2026-10-06 15:41:19,659 [ERROR] LogOutputStream:75 - [STDERR_REDIRECT] 
2026-10-06 15:41:20,653 [ERROR] LogOutputStream:75 - [STDERR_REDIRECT] [Fatal Error] :1:1: Premature end of file.
2026-10-06 15:41:20,653 [ERROR] LogOutputStream:75 - [STDERR_REDIRECT] 
2026-10-06 15:41:21,663 [ERROR] LogOutputStream:75 - [STDERR_REDIRECT] [Fatal Error] :1:1: Premature end of file.
2026-10-06 15:41:21,663 [ERROR] LogOutputStream:75 - [STDERR_REDIRECT] 
2026-10-06 15:41:22,661 [ERROR] LogOutputStream:75 - [STDERR_REDIRECT] [Fatal Error] :1:1: Premature end of file.
2026-10-06 15:41:22,661 [ERROR] LogOutputStream:75 - [STDERR_REDIRECT] 
2026-10-06 15:41:23,658 [ERROR] LogOutputStream:75 - [STDERR_REDIRECT] [Fatal Error] :1:1: Premature end of file.
2026-10-06 15:41:23,658 [ERROR] LogOutputStream:75 - [STDERR_REDIRECT] 
2026-10-06 15:41:24,657 [ERROR] LogOutputStream:75 - [STDERR_REDIRECT] [Fatal Error] :1:1: Premature end of file.
2026-10-06 15:41:24,657 [ERROR] LogOutputStream:75 - [STDERR_REDIRECT] 
2026-10-06 15:41:25,648 [ERROR] LogOutputStream:75 - [STDERR_REDIRECT] [Fatal Error] :1:1: Premature end of file.
2026-10-06 15:41:25,649 [ERROR] LogOutputStream:75 - [STDERR_REDIRECT] 
2026-10-06 15:41:26,657 [ERROR] LogOutputStream:75 - [STDERR_REDIRECT] [Fatal Error] :1:1: Premature end of file.
2026-10-06 15:41:26,658 [ERROR] LogOutputStream:75 - [STDERR_REDIRECT] 
2026-10-06 15:41:27,657 [ERROR] LogOutputStream:75 - [STDERR_REDIRECT] [Fatal Error] :1:1: Premature end of file.
2026-10-06 15:41:27,657 [ERROR] LogOutputStream:75 - [STDERR_REDIRECT] 
2026-10-06 15:41:28,652 [ERROR] LogOutputStream:75 - [STDERR_REDIRECT] [Fatal Error] :1:1: Premature end of file.
2026-10-06 15:41:28,652 [ERROR] LogOutputStream:75 - [STDERR_REDIRECT] 
2026-10-06 15:41:29,665 [ERROR] LogOutputStream:75 - [STDERR_REDIRECT] [Fatal Error] :1:1: Premature end of file.
2026-10-06 15:41:29,666 [ERROR] LogOutputStream:75 - [STDERR_REDIRECT] 
2026-10-06 15:41:30,658 [ERROR] LogOutputStream:75 - [STDERR_REDIRECT] [Fatal Error] :1:1: Premature end of file.
2026-10-06 15:41:30,658 [ERROR] LogOutputStream:75 - [STDERR_REDIRECT] 
2026-10-06 15:41:31,653 [ERROR] LogOutputStream:75 - [STDERR_REDIRECT] [Fatal Error] :1:1: Premature end of file.
2026-10-06 15:41:31,653 [ERROR] LogOutputStream:75 - [STDERR_REDIRECT] 
2026-10-06 15:41:32,666 [ERROR] LogOutputStream:75 - [STDERR_REDIRECT] [Fatal Error] :1:1: Premature end of file.
2026-10-06 15:41:32,666 [ERROR] LogOutputStream:75 - [STDERR_REDIRECT] 
2026-10-06 15:41:33,662 [ERROR] LogOutputStream:75 - [STDERR_REDIRECT] [Fatal Error] :1:1: Premature end of file.
2026-10-06 15:41:33,662 [ERROR] LogOutputStream:75 - [STDERR_REDIRECT] 
2026-10-06 15:41:34,656 [ERROR] LogOutputStream:75 - [STDERR_REDIRECT] [Fatal Error] :1:1: Premature end of file.
2026-10-06 15:41:34,656 [ERROR] LogOutputStream:75 - [STDERR_REDIRECT] 
2026-10-06 15:41:35,655 [ERROR] LogOutputStream:75 - [STDERR_REDIRECT] [Fatal Error] :1:1: Premature end of file.
2026-10-06 15:41:35,655 [ERROR] LogOutputStream:75 - [STDERR_REDIRECT] 
2026-10-06 15:41:36,656 [ERROR] LogOutputStream:75 - [STDERR_REDIRECT] [Fatal Error] :1:1: Premature end of file.
2026-10-06 15:41:36,656 [ERROR] LogOutputStream:75 - [STDERR_REDIRECT] 
2026-10-06 15:41:37,654 [ERROR] LogOutputStream:75 - [STDERR_REDIRECT] [Fatal Error] :1:1: Premature end of file.
2026-10-06 15:41:37,654 [ERROR] LogOutputStream:75 - [STDERR_REDIRECT] 
2026-10-06 15:41:38,660 [ERROR] LogOutputStream:75 - [STDERR_REDIRECT] [Fatal Error] :1:1: Premature end of file.
2026-10-06 15:41:38,660 [ERROR] LogOutputStream:75 - [STDERR_REDIRECT] 
2026-10-06 15:41:39,662 [ERROR] LogOutputStream:75 - [STDERR_REDIRECT] [Fatal Error] :1:1: Premature end of file.
2026-10-06 15:41:39,663 [ERROR] LogOutputStream:75 - [STDERR_REDIRECT] 
2026-10-06 15:41:40,657 [ERROR] LogOutputStream:75 - [STDERR_REDIRECT] [Fatal Error] :1:1: Premature end of file.
2026-10-06 15:41:40,657 [ERROR] LogOutputStream:75 - [STDERR_REDIRECT] 
2026-10-06 15:41:41,651 [ERROR] LogOutputStream:75 - [STDERR_REDIRECT] [Fatal Error] :1:1: Premature end of file.
2026-10-06 15:41:41,651 [ERROR] LogOutputStream:75 - [STDERR_REDIRECT] 
2026-10-06 15:41:42,653 [ERROR] LogOutputStream:75 - [STDERR_REDIRECT] [Fatal Error] :1:1: Premature end of file.
2026-10-06 15:41:42,653 [ERROR] LogOutputStream:75 - [STDERR_REDIRECT] 
2026-10-06 15:41:43,654 [ERROR] LogOutputStream:75 - [STDERR_REDIRECT] [Fatal Error] :1:1: Premature end of file.
2026-10-06 15:41:43,654 [ERROR] LogOutputStream:75 - [STDERR_REDIRECT] 
2026-10-06 15:41:44,649 [ERROR] LogOutputStream:75 - [STDERR_REDIRECT] [Fatal Error] :1:1: Premature end of file.
2026-10-06 15:41:44,649 [ERROR] LogOutputStream:75 - [STDERR_REDIRECT] 
2026-10-06 15:41:45,652 [ERROR] LogOutputStream:75 - [STDERR_REDIRECT] [Fatal Error] :1:1: Premature end of file.
2026-10-06 15:41:45,653 [ERROR] LogOutputStream:75 - [STDERR_REDIRECT] 
2026-10-06 15:41:46,650 [ERROR] LogOutputStream:75 - [STDERR_REDIRECT] [Fatal Error] :1:1: Premature end of file.
2026-10-06 15:41:46,650 [ERROR] LogOutputStream:75 - [STDERR_REDIRECT] 
2026-10-06 15:41:47,646 [ERROR] LogOutputStream:75 - [STDERR_REDIRECT] [Fatal Error] :1:1: Premature end of file.
2026-10-06 15:41:47,646 [ERROR] LogOutputStream:75 - [STDERR_REDIRECT] 
2026-10-06 15:41:48,646 [ERROR] LogOutputStream:75 - [STDERR_REDIRECT] [Fatal Error] :1:1: Premature end of file.
2026-10-06 15:41:48,646 [ERROR] LogOutputStream:75 - [STDERR_REDIRECT] 
2026-10-06 15:41:49,649 [ERROR] LogOutputStream:75 - [STDERR_REDIRECT] [Fatal Error] :1:1: Premature end of file.
2026-10-06 15:41:49,649 [ERROR] LogOutputStream:75 - [STDERR_REDIRECT] 
2026-10-06 15:41:50,662 [ERROR] LogOutputStream:75 - [STDERR_REDIRECT] [Fatal Error] :1:1: Premature end of file.
2026-10-06 15:41:50,662 [ERROR] LogOutputStream:75 - [STDERR_REDIRECT] 
2026-10-06 15:41:51,648 [ERROR] LogOutputStream:75 - [STDERR_REDIRECT] [Fatal Error] :1:1: Premature end of file.
2026-10-06 15:41:51,648 [ERROR] LogOutputStream:75 - [STDERR_REDIRECT] 
2026-10-06 15:41:52,653 [ERROR] LogOutputStream:75 - [STDERR_REDIRECT] [Fatal Error] :1:1: Premature end of file.
2026-10-06 15:41:52,653 [ERROR] LogOutputStream:75 - [STDERR_REDIRECT] 
2026-10-06 15:41:53,651 [ERROR] LogOutputStream:75 - [STDERR_REDIRECT] [Fatal Error] :1:1: Premature end of file.
2026-10-06 15:41:53,651 [ERROR] LogOutputStream:75 - [STDERR_REDIRECT] 
2026-10-06 15:41:54,649 [ERROR] LogOutputStream:75 - [STDERR_REDIRECT] [Fatal Error] :1:1: Premature end of file.
2026-10-06 15:41:54,649 [ERROR] LogOutputStream:75 - [STDERR_REDIRECT] 
2026-10-06 15:41:55,652 [ERROR] LogOutputStream:75 - [STDERR_REDIRECT] [Fatal Error] :1:1: Premature end of file.
2026-10-06 15:41:55,652 [ERROR] LogOutputStream:75 - [STDERR_REDIRECT] 
2026-10-06 15:41:56,648 [ERROR] LogOutputStream:75 - [STDERR_REDIRECT] [Fatal Error] :1:1: Premature end of file.
2026-10-06 15:41:56,648 [ERROR] LogOutputStream:75 - [STDERR_REDIRECT] 
2026-10-06 15:41:57,659 [ERROR] LogOutputStream:75 - [STDERR_REDIRECT] [Fatal Error] :1:1: Premature end of file.
2026-10-06 15:41:57,659 [ERROR] LogOutputStream:75 - [STDERR_REDIRECT] 
2026-10-06 15:41:58,651 [ERROR] LogOutputStream:75 - [STDERR_REDIRECT] [Fatal Error] :1:1: Premature end of file.
2026-10-06 15:41:58,651 [ERROR] LogOutputStream:75 - [STDERR_REDIRECT] 
2026-10-06 15:41:59,649 [ERROR] LogOutputStream:75 - [STDERR_REDIRECT] [Fatal Error] :1:1: Premature end of file.
2026-10-06 15:41:59,649 [ERROR] LogOutputStream:75 - [STDERR_REDIRECT] 
2026-10-06 15:42:00,653 [ERROR] LogOutputStream:75 - [STDERR_REDIRECT] [Fatal Error] :1:1: Premature end of file.
2026-10-06 15:42:00,653 [ERROR] LogOutputStream:75 - [STDERR_REDIRECT] 
2026-10-06 15:42:01,647 [ERROR] LogOutputStream:75 - [STDERR_REDIRECT] [Fatal Error] :1:1: Premature end of file.
2026-10-06 15:42:01,647 [ERROR] LogOutputStream:75 - [STDERR_REDIRECT] 
2026-10-06 15:42:02,648 [ERROR] LogOutputStream:75 - [STDERR_REDIRECT] [Fatal Error] :1:1: Premature end of file.
2026-10-06 15:42:02,648 [ERROR] LogOutputStream:75 - [STDERR_REDIRECT] 
2026-10-06 15:42:03,651 [ERROR] LogOutputStream:75 - [STDERR_REDIRECT] [Fatal Error] :1:1: Premature end of file.
2026-10-06 15:42:03,651 [ERROR] LogOutputStream:75 - [STDERR_REDIRECT] 
2026-10-06 15:42:04,647 [ERROR] LogOutputStream:75 - [STDERR_REDIRECT] [Fatal Error] :1:1: Premature end of file.
2026-10-06 15:42:04,648 [ERROR] LogOutputStream:75 - [STDERR_REDIRECT] 
2026-10-06 15:42:05,647 [ERROR] LogOutputStream:75 - [STDERR_REDIRECT] [Fatal Error] :1:1: Premature end of file.
2026-10-06 15:42:05,647 [ERROR] LogOutputStream:75 - [STDERR_REDIRECT] 
2026-10-06 15:42:06,660 [ERROR] LogOutputStream:75 - [STDERR_REDIRECT] [Fatal Error] :1:1: Premature end of file.
2026-10-06 15:42:06,660 [ERROR] LogOutputStream:75 - [STDERR_REDIRECT] 
2026-10-06 15:42:07,650 [ERROR] LogOutputStream:75 - [STDERR_REDIRECT] [Fatal Error] :1:1: Premature end of file.
2026-10-06 15:42:07,650 [ERROR] LogOutputStream:75 - [STDERR_REDIRECT] 
2026-10-06 15:42:08,647 [ERROR] LogOutputStream:75 - [STDERR_REDIRECT] [Fatal Error] :1:1: Premature end of file.
2026-10-06 15:42:08,647 [ERROR] LogOutputStream:75 - [STDERR_REDIRECT] 
2026-10-06 15:42:09,656 [ERROR] LogOutputStream:75 - [STDERR_REDIRECT] [Fatal Error] :1:1: Premature end of file.
2026-10-06 15:42:09,656 [ERROR] LogOutputStream:75 - [STDERR_REDIRECT] 
2026-10-06 15:42:10,658 [ERROR] LogOutputStream:75 - [STDERR_REDIRECT] [Fatal Error] :1:1: Premature end of file.
2026-10-06 15:42:10,659 [ERROR] LogOutputStream:75 - [STDERR_REDIRECT] 
2026-10-06 15:42:11,654 [ERROR] LogOutputStream:75 - [STDERR_REDIRECT] [Fatal Error] :1:1: Premature end of file.
2026-10-06 15:42:11,654 [ERROR] LogOutputStream:75 - [STDERR_REDIRECT] 
2026-10-06 15:42:12,652 [ERROR] LogOutputStream:75 - [STDERR_REDIRECT] [Fatal Error] :1:1: Premature end of file.
2026-10-06 15:42:12,652 [ERROR] LogOutputStream:75 - [STDERR_REDIRECT] 
2026-10-06 15:42:13,647 [ERROR] LogOutputStream:75 - [STDERR_REDIRECT] [Fatal Error] :1:1: Premature end of file.
2026-10-06 15:42:13,647 [ERROR] LogOutputStream:75 - [STDERR_REDIRECT] 
2026-10-06 15:42:14,649 [ERROR] LogOutputStream:75 - [STDERR_REDIRECT] [Fatal Error] :1:1: Premature end of file.
2026-10-06 15:42:14,649 [ERROR] LogOutputStream:75 - [STDERR_REDIRECT] 
2026-10-06 15:42:15,649 [ERROR] LogOutputStream:75 - [STDERR_REDIRECT] [Fatal Error] :1:1: Premature end of file.
2026-10-06 15:42:15,649 [ERROR] LogOutputStream:75 - [STDERR_REDIRECT] 
2026-10-06 15:42:16,650 [ERROR] LogOutputStream:75 - [STDERR_REDIRECT] [Fatal Error] :1:1: Premature end of file.
2026-10-06 15:42:16,650 [ERROR] LogOutputStream:75 - [STDERR_REDIRECT] 
2026-10-06 15:42:17,660 [ERROR] LogOutputStream:75 - [STDERR_REDIRECT] [Fatal Error] :1:1: Premature end of file.
2026-10-06 15:42:17,660 [ERROR] LogOutputStream:75 - [STDERR_REDIRECT] 
2026-10-06 15:42:18,649 [ERROR] LogOutputStream:75 - [STDERR_REDIRECT] [Fatal Error] :1:1: Premature end of file.
2026-10-06 15:42:18,649 [ERROR] LogOutputStream:75 - [STDERR_REDIRECT] 
2026-10-06 15:42:19,648 [ERROR] LogOutputStream:75 - [STDERR_REDIRECT] [Fatal Error] :1:1: Premature end of file.
2026-10-06 15:42:19,648 [ERROR] LogOutputStream:75 - [STDERR_REDIRECT] 
2026-10-06 15:42:20,653 [ERROR] LogOutputStream:75 - [STDERR_REDIRECT] [Fatal Error] :1:1: Premature end of file.
2026-10-06 15:42:20,653 [ERROR] LogOutputStream:75 - [STDERR_REDIRECT] 
2026-10-06 15:42:21,648 [ERROR] LogOutputStream:75 - [STDERR_REDIRECT] [Fatal Error] :1:1: Premature end of file.
2026-10-06 15:42:21,648 [ERROR] LogOutputStream:75 - [STDERR_REDIRECT] 
2026-10-06 15:42:22,656 [ERROR] LogOutputStream:75 - [STDERR_REDIRECT] [Fatal Error] :1:1: Premature end of file.
2026-10-06 15:42:22,656 [ERROR] LogOutputStream:75 - [STDERR_REDIRECT] 
2026-10-06 15:42:23,657 [ERROR] LogOutputStream:75 - [STDERR_REDIRECT] [Fatal Error] :1:1: Premature end of file.
2026-10-06 15:42:23,657 [ERROR] LogOutputStream:75 - [STDERR_REDIRECT] 
2026-10-06 15:42:24,647 [ERROR] LogOutputStream:75 - [STDERR_REDIRECT] [Fatal Error] :1:1: Premature end of file.
2026-10-06 15:42:24,647 [ERROR] LogOutputStream:75 - [STDERR_REDIRECT] 
2026-10-06 15:42:25,652 [ERROR] LogOutputStream:75 - [STDERR_REDIRECT] [Fatal Error] :1:1: Premature end of file.
2026-10-06 15:42:25,652 [ERROR] LogOutputStream:75 - [STDERR_REDIRECT] 
2026-10-06 15:42:26,654 [ERROR] LogOutputStream:75 - [STDERR_REDIRECT] [Fatal Error] :1:1: Premature end of file.
2026-10-06 15:42:26,654 [ERROR] LogOutputStream:75 - [STDERR_REDIRECT] 
2026-10-06 15:42:27,664 [ERROR] LogOutputStream:75 - [STDERR_REDIRECT] [Fatal Error] :1:1: Premature end of file.
2026-10-06 15:42:27,664 [ERROR] LogOutputStream:75 - [STDERR_REDIRECT] 
2026-10-06 15:42:28,655 [ERROR] LogOutputStream:75 - [STDERR_REDIRECT] [Fatal Error] :1:1: Premature end of file.
2026-10-06 15:42:28,655 [ERROR] LogOutputStream:75 - [STDERR_REDIRECT] 
2026-10-06 15:42:29,657 [ERROR] LogOutputStream:75 - [STDERR_REDIRECT] [Fatal Error] :1:1: Premature end of file.
2026-10-06 15:42:29,657 [ERROR] LogOutputStream:75 - [STDERR_REDIRECT] 
2026-10-06 15:42:30,657 [ERROR] LogOutputStream:75 - [STDERR_REDIRECT] [Fatal Error] :1:1: Premature end of file.
2026-10-06 15:42:30,657 [ERROR] LogOutputStream:75 - [STDERR_REDIRECT] 
2026-10-06 15:42:31,652 [ERROR] LogOutputStream:75 - [STDERR_REDIRECT] [Fatal Error] :1:1: Premature end of file.
2026-10-06 15:42:31,652 [ERROR] LogOutputStream:75 - [STDERR_REDIRECT] 
2026-10-06 15:42:32,647 [ERROR] LogOutputStream:75 - [STDERR_REDIRECT] [Fatal Error] :1:1: Premature end of file.
2026-10-06 15:42:32,648 [ERROR] LogOutputStream:75 - [STDERR_REDIRECT] 
2026-10-06 15:42:33,648 [ERROR] LogOutputStream:75 - [STDERR_REDIRECT] [Fatal Error] :1:1: Premature end of file.
2026-10-06 15:42:33,648 [ERROR] LogOutputStream:75 - [STDERR_REDIRECT] 
2026-10-06 15:42:34,659 [ERROR] LogOutputStream:75 - [STDERR_REDIRECT] [Fatal Error] :1:1: Premature end of file.
2026-10-06 15:42:34,659 [ERROR] LogOutputStream:75 - [STDERR_REDIRECT] 
2026-10-06 15:42:35,648 [ERROR] LogOutputStream:75 - [STDERR_REDIRECT] [Fatal Error] :1:1: Premature end of file.
2026-10-06 15:42:35,648 [ERROR] LogOutputStream:75 - [STDERR_REDIRECT] 
2026-10-06 15:42:36,651 [ERROR] LogOutputStream:75 - [STDERR_REDIRECT] [Fatal Error] :1:1: Premature end of file.
2026-10-06 15:42:36,652 [ERROR] LogOutputStream:75 - [STDERR_REDIRECT] 
2026-10-06 15:42:37,650 [ERROR] LogOutputStream:75 - [STDERR_REDIRECT] [Fatal Error] :1:1: Premature end of file.
2026-10-06 15:42:37,650 [ERROR] LogOutputStream:75 - [STDERR_REDIRECT] 
2026-10-06 15:42:38,660 [ERROR] LogOutputStream:75 - [STDERR_REDIRECT] [Fatal Error] :1:1: Premature end of file.
2026-10-06 15:42:38,661 [ERROR] LogOutputStream:75 - [STDERR_REDIRECT] 
2026-10-06 15:42:39,647 [ERROR] LogOutputStream:75 - [STDERR_REDIRECT] [Fatal Error] :1:1: Premature end of file.
2026-10-06 15:42:39,647 [ERROR] LogOutputStream:75 - [STDERR_REDIRECT] 
2026-10-06 15:42:40,651 [ERROR] LogOutputStream:75 - [STDERR_REDIRECT] [Fatal Error] :1:1: Premature end of file.
2026-10-06 15:42:40,651 [ERROR] LogOutputStream:75 - [STDERR_REDIRECT] 
2026-10-06 15:42:41,656 [ERROR] LogOutputStream:75 - [STDERR_REDIRECT] [Fatal Error] :1:1: Premature end of file.
2026-10-06 15:42:41,657 [ERROR] LogOutputStream:75 - [STDERR_REDIRECT] 
2026-10-06 15:42:42,649 [ERROR] LogOutputStream:75 - [STDERR_REDIRECT] [Fatal Error] :1:1: Premature end of file.
2026-10-06 15:42:42,650 [ERROR] LogOutputStream:75 - [STDERR_REDIRECT] 
2026-10-06 15:42:43,670 [ERROR] LogOutputStream:75 - [STDERR_REDIRECT] [Fatal Error] :1:1: Premature end of file.
2026-10-06 15:42:43,670 [ERROR] LogOutputStream:75 - [STDERR_REDIRECT] 
2026-10-06 15:42:44,666 [ERROR] LogOutputStream:75 - [STDERR_REDIRECT] [Fatal Error] :1:1: Premature end of file.
2026-10-06 15:42:44,666 [ERROR] LogOutputStream:75 - [STDERR_REDIRECT] 
2026-10-06 15:42:45,674 [ERROR] LogOutputStream:75 - [STDERR_REDIRECT] [Fatal Error] :1:1: Premature end of file.
2026-10-06 15:42:45,674 [ERROR] LogOutputStream:75 - [STDERR_REDIRECT] 
2026-10-06 15:42:46,664 [ERROR] LogOutputStream:75 - [STDERR_REDIRECT] [Fatal Error] :1:1: Premature end of file.
2026-10-06 15:42:46,665 [ERROR] LogOutputStream:75 - [STDERR_REDIRECT] 
2026-10-06 15:42:47,665 [ERROR] LogOutputStream:75 - [STDERR_REDIRECT] [Fatal Error] :1:1: Premature end of file.
2026-10-06 15:42:47,665 [ERROR] LogOutputStream:75 - [STDERR_REDIRECT] 
2026-10-06 15:42:48,655 [ERROR] LogOutputStream:75 - [STDERR_REDIRECT] [Fatal Error] :1:1: Premature end of file.
2026-10-06 15:42:48,655 [ERROR] LogOutputStream:75 - [STDERR_REDIRECT] 
2026-10-06 15:42:49,672 [ERROR] LogOutputStream:75 - [STDERR_REDIRECT] [Fatal Error] :1:1: Premature end of file.
2026-10-06 15:42:49,672 [ERROR] LogOutputStream:75 - [STDERR_REDIRECT] 
2026-10-06 15:42:50,662 [ERROR] LogOutputStream:75 - [STDERR_REDIRECT] [Fatal Error] :1:1: Premature end of file.
2026-10-06 15:42:50,662 [ERROR] LogOutputStream:75 - [STDERR_REDIRECT] 
2026-10-06 15:42:51,676 [ERROR] LogOutputStream:75 - [STDERR_REDIRECT] [Fatal Error] :1:1: Premature end of file.
2026-10-06 15:42:51,676 [ERROR] LogOutputStream:75 - [STDERR_REDIRECT] 
2026-10-06 15:42:52,660 [ERROR] LogOutputStream:75 - [STDERR_REDIRECT] [Fatal Error] :1:1: Premature end of file.
2026-10-06 15:42:52,660 [ERROR] LogOutputStream:75 - [STDERR_REDIRECT] 
2026-10-06 15:42:53,665 [ERROR] LogOutputStream:75 - [STDERR_REDIRECT] [Fatal Error] :1:1: Premature end of file.
2026-10-06 15:42:53,665 [ERROR] LogOutputStream:75 - [STDERR_REDIRECT] 
2026-10-06 15:42:54,668 [ERROR] LogOutputStream:75 - [STDERR_REDIRECT] [Fatal Error] :1:1: Premature end of file.
2026-10-06 15:42:54,668 [ERROR] LogOutputStream:75 - [STDERR_REDIRECT] 
2026-10-06 15:42:55,658 [ERROR] LogOutputStream:75 - [STDERR_REDIRECT] [Fatal Error] :1:1: Premature end of file.
2026-10-06 15:42:55,658 [ERROR] LogOutputStream:75 - [STDERR_REDIRECT] 
2026-10-06 15:42:56,676 [ERROR] LogOutputStream:75 - [STDERR_REDIRECT] [Fatal Error] :1:1: Premature end of file.
2026-10-06 15:42:56,676 [ERROR] LogOutputStream:75 - [STDERR_REDIRECT] 
2026-10-06 15:42:57,662 [ERROR] LogOutputStream:75 - [STDERR_REDIRECT] [Fatal Error] :1:1: Premature end of file.
2026-10-06 15:42:57,662 [ERROR] LogOutputStream:75 - [STDERR_REDIRECT] 
2026-10-06 15:42:58,660 [ERROR] LogOutputStream:75 - [STDERR_REDIRECT] [Fatal Error] :1:1: Premature end of file.
2026-10-06 15:42:58,660 [ERROR] LogOutputStream:75 - [STDERR_REDIRECT] 
2026-10-06 15:42:59,663 [ERROR] LogOutputStream:75 - [STDERR_REDIRECT] [Fatal Error] :1:1: Premature end of file.
2026-10-06 15:42:59,663 [ERROR] LogOutputStream:75 - [STDERR_REDIRECT] 
2026-10-06 15:43:00,659 [ERROR] LogOutputStream:75 - [STDERR_REDIRECT] [Fatal Error] :1:1: Premature end of file.
2026-10-06 15:43:00,659 [ERROR] LogOutputStream:75 - [STDERR_REDIRECT] 
2026-10-06 15:43:01,661 [ERROR] LogOutputStream:75 - [STDERR_REDIRECT] [Fatal Error] :1:1: Premature end of file.
2026-10-06 15:43:01,661 [ERROR] LogOutputStream:75 - [STDERR_REDIRECT] 
2026-10-06 15:43:02,668 [ERROR] LogOutputStream:75 - [STDERR_REDIRECT] [Fatal Error] :1:1: Premature end of file.
2026-10-06 15:43:02,669 [ERROR] LogOutputStream:75 - [STDERR_REDIRECT] 
2026-10-06 15:43:03,676 [ERROR] LogOutputStream:75 - [STDERR_REDIRECT] [Fatal Error] :1:1: Premature end of file.
2026-10-06 15:43:03,676 [ERROR] LogOutputStream:75 - [STDERR_REDIRECT] 
2026-10-06 15:43:04,667 [ERROR] LogOutputStream:75 - [STDERR_REDIRECT] [Fatal Error] :1:1: Premature end of file.
2026-10-06 15:43:04,667 [ERROR] LogOutputStream:75 - [STDERR_REDIRECT] 
2026-10-06 15:43:05,672 [ERROR] LogOutputStream:75 - [STDERR_REDIRECT] [Fatal Error] :1:1: Premature end of file.
2026-10-06 15:43:05,673 [ERROR] LogOutputStream:75 - [STDERR_REDIRECT] 
2026-10-06 15:43:06,666 [ERROR] LogOutputStream:75 - [STDERR_REDIRECT] [Fatal Error] :1:1: Premature end of file.
2026-10-06 15:43:06,666 [ERROR] LogOutputStream:75 - [STDERR_REDIRECT] 
2026-10-06 15:43:07,661 [ERROR] LogOutputStream:75 - [STDERR_REDIRECT] [Fatal Error] :1:1: Premature end of file.
2026-10-06 15:43:07,661 [ERROR] LogOutputStream:75 - [STDERR_REDIRECT] 
2026-10-06 15:43:08,661 [ERROR] LogOutputStream:75 - [STDERR_REDIRECT] [Fatal Error] :1:1: Premature end of file.
2026-10-06 15:43:08,661 [ERROR] LogOutputStream:75 - [STDERR_REDIRECT] 
2026-10-06 15:43:09,664 [ERROR] LogOutputStream:75 - [STDERR_REDIRECT] [Fatal Error] :1:1: Premature end of file.
2026-10-06 15:43:09,665 [ERROR] LogOutputStream:75 - [STDERR_REDIRECT] 
2026-10-06 15:43:10,660 [ERROR] LogOutputStream:75 - [STDERR_REDIRECT] [Fatal Error] :1:1: Premature end of file.
2026-10-06 15:43:10,660 [ERROR] LogOutputStream:75 - [STDERR_REDIRECT] 
2026-10-06 15:43:11,663 [ERROR] LogOutputStream:75 - [STDERR_REDIRECT] [Fatal Error] :1:1: Premature end of file.
2026-10-06 15:43:11,663 [ERROR] LogOutputStream:75 - [STDERR_REDIRECT] 
2026-10-06 15:43:12,661 [ERROR] LogOutputStream:75 - [STDERR_REDIRECT] [Fatal Error] :1:1: Premature end of file.
2026-10-06 15:43:12,661 [ERROR] LogOutputStream:75 - [STDERR_REDIRECT] 
2026-10-06 15:43:13,653 [ERROR] LogOutputStream:75 - [STDERR_REDIRECT] [Fatal Error] :1:1: Premature end of file.
2026-10-06 15:43:13,653 [ERROR] LogOutputStream:75 - [STDERR_REDIRECT] 
2026-10-06 15:43:14,670 [ERROR] LogOutputStream:75 - [STDERR_REDIRECT] [Fatal Error] :1:1: Premature end of file.
2026-10-06 15:43:14,670 [ERROR] LogOutputStream:75 - [STDERR_REDIRECT] 
2026-10-06 15:43:15,667 [ERROR] LogOutputStream:75 - [STDERR_REDIRECT] [Fatal Error] :1:1: Premature end of file.
2026-10-06 15:43:15,667 [ERROR] LogOutputStream:75 - [STDERR_REDIRECT] 
2026-10-06 15:43:16,662 [ERROR] LogOutputStream:75 - [STDERR_REDIRECT] [Fatal Error] :1:1: Premature end of file.
2026-10-06 15:43:16,662 [ERROR] LogOutputStream:75 - [STDERR_REDIRECT] 
2026-10-06 15:43:17,668 [ERROR] LogOutputStream:75 - [STDERR_REDIRECT] [Fatal Error] :1:1: Premature end of file.
2026-10-06 15:43:17,668 [ERROR] LogOutputStream:75 - [STDERR_REDIRECT] 
2026-10-06 15:43:18,674 [ERROR] LogOutputStream:75 - [STDERR_REDIRECT] [Fatal Error] :1:1: Premature end of file.
2026-10-06 15:43:18,674 [ERROR] LogOutputStream:75 - [STDERR_REDIRECT] 
2026-10-06 15:43:19,666 [ERROR] LogOutputStream:75 - [STDERR_REDIRECT] [Fatal Error] :1:1: Premature end of file.
2026-10-06 15:43:19,666 [ERROR] LogOutputStream:75 - [STDERR_REDIRECT] 
2026-10-06 15:43:20,668 [ERROR] LogOutputStream:75 - [STDERR_REDIRECT] [Fatal Error] :1:1: Premature end of file.
2026-10-06 15:43:20,668 [ERROR] LogOutputStream:75 - [STDERR_REDIRECT] 
2026-10-06 15:43:21,666 [ERROR] LogOutputStream:75 - [STDERR_REDIRECT] [Fatal Error] :1:1: Premature end of file.
2026-10-06 15:43:21,666 [ERROR] LogOutputStream:75 - [STDERR_REDIRECT] 
2026-10-06 15:43:22,650 [ERROR] LogOutputStream:75 - [STDERR_REDIRECT] [Fatal Error] :1:1: Premature end of file.
2026-10-06 15:43:22,650 [ERROR] LogOutputStream:75 - [STDERR_REDIRECT] 
2026-10-06 15:43:23,664 [ERROR] LogOutputStream:75 - [STDERR_REDIRECT] [Fatal Error] :1:1: Premature end of file.
2026-10-06 15:43:23,664 [ERROR] LogOutputStream:75 - [STDERR_REDIRECT] 
2026-10-06 15:43:24,666 [ERROR] LogOutputStream:75 - [STDERR_REDIRECT] [Fatal Error] :1:1: Premature end of file.
2026-10-06 15:43:24,666 [ERROR] LogOutputStream:75 - [STDERR_REDIRECT] 
2026-10-06 15:43:25,657 [ERROR] LogOutputStream:75 - [STDERR_REDIRECT] [Fatal Error] :1:1: Premature end of file.
2026-10-06 15:43:25,657 [ERROR] LogOutputStream:75 - [STDERR_REDIRECT] 
2026-10-06 15:43:26,658 [ERROR] LogOutputStream:75 - [STDERR_REDIRECT] [Fatal Error] :1:1: Premature end of file.
2026-10-06 15:43:26,658 [ERROR] LogOutputStream:75 - [STDERR_REDIRECT] 
2026-10-06 15:43:27,665 [ERROR] LogOutputStream:75 - [STDERR_REDIRECT] [Fatal Error] :1:1: Premature end of file.
2026-10-06 15:43:27,665 [ERROR] LogOutputStream:75 - [STDERR_REDIRECT] 
2026-10-06 15:43:28,671 [ERROR] LogOutputStream:75 - [STDERR_REDIRECT] [Fatal Error] :1:1: Premature end of file.
2026-10-06 15:43:28,671 [ERROR] LogOutputStream:75 - [STDERR_REDIRECT] 
2026-10-06 15:43:29,676 [ERROR] LogOutputStream:75 - [STDERR_REDIRECT] [Fatal Error] :1:1: Premature end of file.
2026-10-06 15:43:29,676 [ERROR] LogOutputStream:75 - [STDERR_REDIRECT] 
2026-10-06 15:43:30,662 [ERROR] LogOutputStream:75 - [STDERR_REDIRECT] [Fatal Error] :1:1: Premature end of file.
2026-10-06 15:43:30,662 [ERROR] LogOutputStream:75 - [STDERR_REDIRECT] 
2026-10-06 15:43:31,664 [ERROR] LogOutputStream:75 - [STDERR_REDIRECT] [Fatal Error] :1:1: Premature end of file.
2026-10-06 15:43:31,664 [ERROR] LogOutputStream:75 - [STDERR_REDIRECT] 
2026-10-06 15:43:32,662 [ERROR] LogOutputStream:75 - [STDERR_REDIRECT] [Fatal Error] :1:1: Premature end of file.
2026-10-06 15:43:32,662 [ERROR] LogOutputStream:75 - [STDERR_REDIRECT] 
2026-10-06 15:43:33,663 [ERROR] LogOutputStream:75 - [STDERR_REDIRECT] [Fatal Error] :1:1: Premature end of file.
2026-10-06 15:43:33,663 [ERROR] LogOutputStream:75 - [STDERR_REDIRECT] 
2026-10-06 15:43:34,668 [ERROR] LogOutputStream:75 - [STDERR_REDIRECT] [Fatal Error] :1:1: Premature end of file.
2026-10-06 15:43:34,668 [ERROR] LogOutputStream:75 - [STDERR_REDIRECT] 
2026-10-06 15:43:35,667 [ERROR] LogOutputStream:75 - [STDERR_REDIRECT] [Fatal Error] :1:1: Premature end of file.
2026-10-06 15:43:35,667 [ERROR] LogOutputStream:75 - [STDERR_REDIRECT] 
2026-10-06 15:43:36,669 [ERROR] LogOutputStream:75 - [STDERR_REDIRECT] [Fatal Error] :1:1: Premature end of file.
2026-10-06 15:43:36,670 [ERROR] LogOutputStream:75 - [STDERR_REDIRECT] 
2026-10-06 15:43:37,657 [ERROR] LogOutputStream:75 - [STDERR_REDIRECT] [Fatal Error] :1:1: Premature end of file.
2026-10-06 15:43:37,657 [ERROR] LogOutputStream:75 - [STDERR_REDIRECT] 
2026-10-06 15:43:38,659 [ERROR] LogOutputStream:75 - [STDERR_REDIRECT] [Fatal Error] :1:1: Premature end of file.
2026-10-06 15:43:38,659 [ERROR] LogOutputStream:75 - [STDERR_REDIRECT] 
2026-10-06 15:43:39,669 [ERROR] LogOutputStream:75 - [STDERR_REDIRECT] [Fatal Error] :1:1: Premature end of file.
2026-10-06 15:43:39,669 [ERROR] LogOutputStream:75 - [STDERR_REDIRECT] 
2026-10-06 15:43:40,679 [ERROR] LogOutputStream:75 - [STDERR_REDIRECT] [Fatal Error] :1:1: Premature end of file.
2026-10-06 15:43:40,679 [ERROR] LogOutputStream:75 - [STDERR_REDIRECT] 
2026-10-06 15:43:41,657 [ERROR] LogOutputStream:75 - [STDERR_REDIRECT] [Fatal Error] :1:1: Premature end of file.
2026-10-06 15:43:41,657 [ERROR] LogOutputStream:75 - [STDERR_REDIRECT] 
2026-10-06 15:43:42,655 [ERROR] LogOutputStream:75 - [STDERR_REDIRECT] [Fatal Error] :1:1: Premature end of file.
2026-10-06 15:43:42,655 [ERROR] LogOutputStream:75 - [STDERR_REDIRECT] 
2026-10-06 15:43:43,669 [ERROR] LogOutputStream:75 - [STDERR_REDIRECT] [Fatal Error] :1:1: Premature end of file.
2026-10-06 15:43:43,669 [ERROR] LogOutputStream:75 - [STDERR_REDIRECT] 
2026-10-06 15:43:44,660 [ERROR] LogOutputStream:75 - [STDERR_REDIRECT] [Fatal Error] :1:1: Premature end of file.
2026-10-06 15:43:44,660 [ERROR] LogOutputStream:75 - [STDERR_REDIRECT] 
2026-10-06 15:43:45,671 [ERROR] LogOutputStream:75 - [STDERR_REDIRECT] [Fatal Error] :1:1: Premature end of file.
2026-10-06 15:43:45,671 [ERROR] LogOutputStream:75 - [STDERR_REDIRECT] 
2026-10-06 15:43:46,665 [ERROR] LogOutputStream:75 - [STDERR_REDIRECT] [Fatal Error] :1:1: Premature end of file.
2026-10-06 15:43:46,665 [ERROR] LogOutputStream:75 - [STDERR_REDIRECT] 
2026-10-06 15:43:47,662 [ERROR] LogOutputStream:75 - [STDERR_REDIRECT] [Fatal Error] :1:1: Premature end of file.
2026-10-06 15:43:47,662 [ERROR] LogOutputStream:75 - [STDERR_REDIRECT] 
2026-10-06 15:43:48,668 [ERROR] LogOutputStream:75 - [STDERR_REDIRECT] [Fatal Error] :1:1: Premature end of file.
2026-10-06 15:43:48,668 [ERROR] LogOutputStream:75 - [STDERR_REDIRECT] 
2026-10-06 15:43:49,668 [ERROR] LogOutputStream:75 - [STDERR_REDIRECT] [Fatal Error] :1:1: Premature end of file.
2026-10-06 15:43:49,668 [ERROR] LogOutputStream:75 - [STDERR_REDIRECT] 
2026-10-06 15:43:50,666 [ERROR] LogOutputStream:75 - [STDERR_REDIRECT] [Fatal Error] :1:1: Premature end of file.
2026-10-06 15:43:50,666 [ERROR] LogOutputStream:75 - [STDERR_REDIRECT] 
2026-10-06 15:43:51,658 [ERROR] LogOutputStream:75 - [STDERR_REDIRECT] [Fatal Error] :1:1: Premature end of file.
2026-10-06 15:43:51,658 [ERROR] LogOutputStream:75 - [STDERR_REDIRECT] 
2026-10-06 15:43:52,658 [ERROR] LogOutputStream:75 - [STDERR_REDIRECT] [Fatal Error] :1:1: Premature end of file.
2026-10-06 15:43:52,658 [ERROR] LogOutputStream:75 - [STDERR_REDIRECT] 
2026-10-06 15:43:53,648 [ERROR] LogOutputStream:75 - [STDERR_REDIRECT] [Fatal Error] :1:1: Premature end of file.
2026-10-06 15:43:53,648 [ERROR] LogOutputStream:75 - [STDERR_REDIRECT] 
2026-10-06 15:43:54,670 [ERROR] LogOutputStream:75 - [STDERR_REDIRECT] [Fatal Error] :1:1: Premature end of file.
2026-10-06 15:43:54,670 [ERROR] LogOutputStream:75 - [STDERR_REDIRECT] 
2026-10-06 15:43:55,656 [ERROR] LogOutputStream:75 - [STDERR_REDIRECT] [Fatal Error] :1:1: Premature end of file.
2026-10-06 15:43:55,656 [ERROR] LogOutputStream:75 - [STDERR_REDIRECT] 
2026-10-06 15:43:56,659 [ERROR] LogOutputStream:75 - [STDERR_REDIRECT] [Fatal Error] :1:1: Premature end of file.
2026-10-06 15:43:56,659 [ERROR] LogOutputStream:75 - [STDERR_REDIRECT] 
2026-10-06 15:43:57,660 [ERROR] LogOutputStream:75 - [STDERR_REDIRECT] [Fatal Error] :1:1: Premature end of file.
2026-10-06 15:43:57,660 [ERROR] LogOutputStream:75 - [STDERR_REDIRECT] 
2026-10-06 15:43:58,668 [ERROR] LogOutputStream:75 - [STDERR_REDIRECT] [Fatal Error] :1:1: Premature end of file.
2026-10-06 15:43:58,668 [ERROR] LogOutputStream:75 - [STDERR_REDIRECT] 
2026-10-06 15:43:59,671 [ERROR] LogOutputStream:75 - [STDERR_REDIRECT] [Fatal Error] :1:1: Premature end of file.
2026-10-06 15:43:59,671 [ERROR] LogOutputStream:75 - [STDERR_REDIRECT] 
2026-10-06 15:44:00,661 [ERROR] LogOutputStream:75 - [STDERR_REDIRECT] [Fatal Error] :1:1: Premature end of file.
2026-10-06 15:44:00,662 [ERROR] LogOutputStream:75 - [STDERR_REDIRECT] 
2026-10-06 15:44:01,663 [ERROR] LogOutputStream:75 - [STDERR_REDIRECT] [Fatal Error] :1:1: Premature end of file.
2026-10-06 15:44:01,664 [ERROR] LogOutputStream:75 - [STDERR_REDIRECT] 
2026-10-06 15:44:02,656 [ERROR] LogOutputStream:75 - [STDERR_REDIRECT] [Fatal Error] :1:1: Premature end of file.
2026-10-06 15:44:02,656 [ERROR] LogOutputStream:75 - [STDERR_REDIRECT] 
2026-10-06 15:44:03,659 [ERROR] LogOutputStream:75 - [STDERR_REDIRECT] [Fatal Error] :1:1: Premature end of file.
2026-10-06 15:44:03,659 [ERROR] LogOutputStream:75 - [STDERR_REDIRECT] 
2026-10-06 15:44:04,674 [ERROR] LogOutputStream:75 - [STDERR_REDIRECT] [Fatal Error] :1:1: Premature end of file.
2026-10-06 15:44:04,674 [ERROR] LogOutputStream:75 - [STDERR_REDIRECT] 
2026-10-06 15:44:05,661 [ERROR] LogOutputStream:75 - [STDERR_REDIRECT] [Fatal Error] :1:1: Premature end of file.
2026-10-06 15:44:05,661 [ERROR] LogOutputStream:75 - [STDERR_REDIRECT] 
2026-10-06 15:44:06,658 [ERROR] LogOutputStream:75 - [STDERR_REDIRECT] [Fatal Error] :1:1: Premature end of file.
2026-10-06 15:44:06,658 [ERROR] LogOutputStream:75 - [STDERR_REDIRECT] 
2026-10-06 15:44:07,662 [ERROR] LogOutputStream:75 - [STDERR_REDIRECT] [Fatal Error] :1:1: Premature end of file.
2026-10-06 15:44:07,662 [ERROR] LogOutputStream:75 - [STDERR_REDIRECT] 
2026-10-06 15:44:08,664 [ERROR] LogOutputStream:75 - [STDERR_REDIRECT] [Fatal Error] :1:1: Premature end of file.
2026-10-06 15:44:08,664 [ERROR] LogOutputStream:75 - [STDERR_REDIRECT] 
2026-10-06 15:44:09,666 [ERROR] LogOutputStream:75 - [STDERR_REDIRECT] [Fatal Error] :1:1: Premature end of file.
2026-10-06 15:44:09,666 [ERROR] LogOutputStream:75 - [STDERR_REDIRECT] 
2026-10-06 15:44:10,656 [ERROR] LogOutputStream:75 - [STDERR_REDIRECT] [Fatal Error] :1:1: Premature end of file.
2026-10-06 15:44:10,656 [ERROR] LogOutputStream:75 - [STDERR_REDIRECT] 
2026-10-06 15:44:11,656 [ERROR] LogOutputStream:75 - [STDERR_REDIRECT] [Fatal Error] :1:1: Premature end of file.
2026-10-06 15:44:11,656 [ERROR] LogOutputStream:75 - [STDERR_REDIRECT] 
2026-10-06 15:44:12,659 [ERROR] LogOutputStream:75 - [STDERR_REDIRECT] [Fatal Error] :1:1: Premature end of file.
2026-10-06 15:44:12,659 [ERROR] LogOutputStream:75 - [STDERR_REDIRECT] 
2026-10-06 15:44:13,663 [ERROR] LogOutputStream:75 - [STDERR_REDIRECT] [Fatal Error] :1:1: Premature end of file.
2026-10-06 15:44:13,663 [ERROR] LogOutputStream:75 - [STDERR_REDIRECT] 
2026-10-06 15:44:14,669 [ERROR] LogOutputStream:75 - [STDERR_REDIRECT] [Fatal Error] :1:1: Premature end of file.
2026-10-06 15:44:14,669 [ERROR] LogOutputStream:75 - [STDERR_REDIRECT] 
2026-10-06 15:44:15,658 [ERROR] LogOutputStream:75 - [STDERR_REDIRECT] [Fatal Error] :1:1: Premature end of file.
2026-10-06 15:44:15,658 [ERROR] LogOutputStream:75 - [STDERR_REDIRECT] 
2026-10-06 15:44:16,666 [ERROR] LogOutputStream:75 - [STDERR_REDIRECT] [Fatal Error] :1:1: Premature end of file.
2026-10-06 15:44:16,666 [ERROR] LogOutputStream:75 - [STDERR_REDIRECT] 
2026-10-06 15:44:17,664 [ERROR] LogOutputStream:75 - [STDERR_REDIRECT] [Fatal Error] :1:1: Premature end of file.
2026-10-06 15:44:17,664 [ERROR] LogOutputStream:75 - [STDERR_REDIRECT] 
2026-10-06 15:44:18,675 [ERROR] LogOutputStream:75 - [STDERR_REDIRECT] [Fatal Error] :1:1: Premature end of file.
2026-10-06 15:44:18,675 [ERROR] LogOutputStream:75 - [STDERR_REDIRECT] 
2026-10-06 15:44:19,660 [ERROR] LogOutputStream:75 - [STDERR_REDIRECT] [Fatal Error] :1:1: Premature end of file.
2026-10-06 15:44:19,660 [ERROR] LogOutputStream:75 - [STDERR_REDIRECT] 
2026-10-06 15:44:20,667 [ERROR] LogOutputStream:75 - [STDERR_REDIRECT] [Fatal Error] :1:1: Premature end of file.
2026-10-06 15:44:20,667 [ERROR] LogOutputStream:75 - [STDERR_REDIRECT] 
2026-10-06 15:44:21,658 [ERROR] LogOutputStream:75 - [STDERR_REDIRECT] [Fatal Error] :1:1: Premature end of file.
2026-10-06 15:44:21,658 [ERROR] LogOutputStream:75 - [STDERR_REDIRECT] 
2026-10-06 15:44:22,649 [ERROR] LogOutputStream:75 - [STDERR_REDIRECT] [Fatal Error] :1:1: Premature end of file.
2026-10-06 15:44:22,649 [ERROR] LogOutputStream:75 - [STDERR_REDIRECT] 
2026-10-06 15:44:23,676 [ERROR] LogOutputStream:75 - [STDERR_REDIRECT] [Fatal Error] :1:1: Premature end of file.
2026-10-06 15:44:23,676 [ERROR] LogOutputStream:75 - [STDERR_REDIRECT] 
2026-10-06 15:44:24,660 [ERROR] LogOutputStream:75 - [STDERR_REDIRECT] [Fatal Error] :1:1: Premature end of file.
2026-10-06 15:44:24,660 [ERROR] LogOutputStream:75 - [STDERR_REDIRECT] 
2026-10-06 15:44:25,670 [ERROR] LogOutputStream:75 - [STDERR_REDIRECT] [Fatal Error] :1:1: Premature end of file.
2026-10-06 15:44:25,671 [ERROR] LogOutputStream:75 - [STDERR_REDIRECT] 
2026-10-06 15:44:26,666 [ERROR] LogOutputStream:75 - [STDERR_REDIRECT] [Fatal Error] :1:1: Premature end of file.
2026-10-06 15:44:26,666 [ERROR] LogOutputStream:75 - [STDERR_REDIRECT] 
2026-10-06 15:44:27,659 [ERROR] LogOutputStream:75 - [STDERR_REDIRECT] [Fatal Error] :1:1: Premature end of file.
2026-10-06 15:44:27,659 [ERROR] LogOutputStream:75 - [STDERR_REDIRECT] 
2026-10-06 15:44:28,671 [ERROR] LogOutputStream:75 - [STDERR_REDIRECT] [Fatal Error] :1:1: Premature end of file.
2026-10-06 15:44:28,672 [ERROR] LogOutputStream:75 - [STDERR_REDIRECT] 
2026-10-06 15:44:29,663 [ERROR] LogOutputStream:75 - [STDERR_REDIRECT] [Fatal Error] :1:1: Premature end of file.
2026-10-06 15:44:29,663 [ERROR] LogOutputStream:75 - [STDERR_REDIRECT] 
2026-10-06 15:44:30,665 [ERROR] LogOutputStream:75 - [STDERR_REDIRECT] [Fatal Error] :1:1: Premature end of file.
2026-10-06 15:44:30,665 [ERROR] LogOutputStream:75 - [STDERR_REDIRECT] 
2026-10-06 15:44:31,662 [ERROR] LogOutputStream:75 - [STDERR_REDIRECT] [Fatal Error] :1:1: Premature end of file.
2026-10-06 15:44:31,662 [ERROR] LogOutputStream:75 - [STDERR_REDIRECT] 
2026-10-06 15:44:32,672 [ERROR] LogOutputStream:75 - [STDERR_REDIRECT] [Fatal Error] :1:1: Premature end of file.
2026-10-06 15:44:32,672 [ERROR] LogOutputStream:75 - [STDERR_REDIRECT] 
2026-10-06 15:44:33,663 [ERROR] LogOutputStream:75 - [STDERR_REDIRECT] [Fatal Error] :1:1: Premature end of file.
2026-10-06 15:44:33,663 [ERROR] LogOutputStream:75 - [STDERR_REDIRECT] 
2026-10-06 15:44:34,665 [ERROR] LogOutputStream:75 - [STDERR_REDIRECT] [Fatal Error] :1:1: Premature end of file.
2026-10-06 15:44:34,665 [ERROR] LogOutputStream:75 - [STDERR_REDIRECT] 
2026-10-06 15:44:35,665 [ERROR] LogOutputStream:75 - [STDERR_REDIRECT] [Fatal Error] :1:1: Premature end of file.
2026-10-06 15:44:35,665 [ERROR] LogOutputStream:75 - [STDERR_REDIRECT] 
2026-10-06 15:44:36,661 [ERROR] LogOutputStream:75 - [STDERR_REDIRECT] [Fatal Error] :1:1: Premature end of file.
2026-10-06 15:44:36,661 [ERROR] LogOutputStream:75 - [STDERR_REDIRECT] 
2026-10-06 15:44:37,665 [ERROR] LogOutputStream:75 - [STDERR_REDIRECT] [Fatal Error] :1:1: Premature end of file.
2026-10-06 15:44:37,665 [ERROR] LogOutputStream:75 - [STDERR_REDIRECT] 
2026-10-06 15:44:38,663 [ERROR] LogOutputStream:75 - [STDERR_REDIRECT] [Fatal Error] :1:1: Premature end of file.
2026-10-06 15:44:38,663 [ERROR] LogOutputStream:75 - [STDERR_REDIRECT] 
2026-10-06 15:44:39,653 [ERROR] LogOutputStream:75 - [STDERR_REDIRECT] [Fatal Error] :1:1: Premature end of file.
2026-10-06 15:44:39,654 [ERROR] LogOutputStream:75 - [STDERR_REDIRECT] 
2026-10-06 15:44:40,659 [ERROR] LogOutputStream:75 - [STDERR_REDIRECT] [Fatal Error] :1:1: Premature end of file.
2026-10-06 15:44:40,659 [ERROR] LogOutputStream:75 - [STDERR_REDIRECT] 
2026-10-06 15:44:41,653 [ERROR] LogOutputStream:75 - [STDERR_REDIRECT] [Fatal Error] :1:1: Premature end of file.
2026-10-06 15:44:41,653 [ERROR] LogOutputStream:75 - [STDERR_REDIRECT] 
2026-10-06 15:44:42,655 [ERROR] LogOutputStream:75 - [STDERR_REDIRECT] [Fatal Error] :1:1: Premature end of file.
2026-10-06 15:44:42,655 [ERROR] LogOutputStream:75 - [STDERR_REDIRECT] 
2026-10-06 15:44:43,657 [ERROR] LogOutputStream:75 - [STDERR_REDIRECT] [Fatal Error] :1:1: Premature end of file.
2026-10-06 15:44:43,657 [ERROR] LogOutputStream:75 - [STDERR_REDIRECT] 
2026-10-06 15:44:44,674 [ERROR] LogOutputStream:75 - [STDERR_REDIRECT] [Fatal Error] :1:1: Premature end of file.
2026-10-06 15:44:44,674 [ERROR] LogOutputStream:75 - [STDERR_REDIRECT] 
2026-10-06 15:44:45,663 [ERROR] LogOutputStream:75 - [STDERR_REDIRECT] [Fatal Error] :1:1: Premature end of file.
2026-10-06 15:44:45,663 [ERROR] LogOutputStream:75 - [STDERR_REDIRECT] 
2026-10-06 15:44:46,660 [ERROR] LogOutputStream:75 - [STDERR_REDIRECT] [Fatal Error] :1:1: Premature end of file.
2026-10-06 15:44:46,660 [ERROR] LogOutputStream:75 - [STDERR_REDIRECT] 
2026-10-06 15:44:47,656 [ERROR] LogOutputStream:75 - [STDERR_REDIRECT] [Fatal Error] :1:1: Premature end of file.
2026-10-06 15:44:47,656 [ERROR] LogOutputStream:75 - [STDERR_REDIRECT] 
2026-10-06 15:44:48,661 [ERROR] LogOutputStream:75 - [STDERR_REDIRECT] [Fatal Error] :1:1: Premature end of file.
2026-10-06 15:44:48,661 [ERROR] LogOutputStream:75 - [STDERR_REDIRECT] 
2026-10-06 15:44:49,659 [ERROR] LogOutputStream:75 - [STDERR_REDIRECT] [Fatal Error] :1:1: Premature end of file.
2026-10-06 15:44:49,659 [ERROR] LogOutputStream:75 - [STDERR_REDIRECT] 
2026-10-06 15:44:50,673 [ERROR] LogOutputStream:75 - [STDERR_REDIRECT] [Fatal Error] :1:1: Premature end of file.
2026-10-06 15:44:50,673 [ERROR] LogOutputStream:75 - [STDERR_REDIRECT] 
2026-10-06 15:44:51,662 [ERROR] LogOutputStream:75 - [STDERR_REDIRECT] [Fatal Error] :1:1: Premature end of file.
2026-10-06 15:44:51,663 [ERROR] LogOutputStream:75 - [STDERR_REDIRECT] 
2026-10-06 15:44:52,659 [ERROR] LogOutputStream:75 - [STDERR_REDIRECT] [Fatal Error] :1:1: Premature end of file.
2026-10-06 15:44:52,659 [ERROR] LogOutputStream:75 - [STDERR_REDIRECT] 
2026-10-06 15:44:53,664 [ERROR] LogOutputStream:75 - [STDERR_REDIRECT] [Fatal Error] :1:1: Premature end of file.
2026-10-06 15:44:53,664 [ERROR] LogOutputStream:75 - [STDERR_REDIRECT] 
2026-10-06 15:44:54,666 [ERROR] LogOutputStream:75 - [STDERR_REDIRECT] [Fatal Error] :1:1: Premature end of file.
2026-10-06 15:44:54,666 [ERROR] LogOutputStream:75 - [STDERR_REDIRECT] 
2026-10-06 15:44:55,664 [ERROR] LogOutputStream:75 - [STDERR_REDIRECT] [Fatal Error] :1:1: Premature end of file.
2026-10-06 15:44:55,664 [ERROR] LogOutputStream:75 - [STDERR_REDIRECT] 
2026-10-06 15:44:56,661 [ERROR] LogOutputStream:75 - [STDERR_REDIRECT] [Fatal Error] :1:1: Premature end of file.
2026-10-06 15:44:56,661 [ERROR] LogOutputStream:75 - [STDERR_REDIRECT] 
2026-10-06 15:44:57,656 [ERROR] LogOutputStream:75 - [STDERR_REDIRECT] [Fatal Error] :1:1: Premature end of file.
2026-10-06 15:44:57,656 [ERROR] LogOutputStream:75 - [STDERR_REDIRECT] 
2026-10-06 15:44:58,661 [ERROR] LogOutputStream:75 - [STDERR_REDIRECT] [Fatal Error] :1:1: Premature end of file.
2026-10-06 15:44:58,661 [ERROR] LogOutputStream:75 - [STDERR_REDIRECT] 
2026-10-06 15:44:59,671 [ERROR] LogOutputStream:75 - [STDERR_REDIRECT] [Fatal Error] :1:1: Premature end of file.
2026-10-06 15:44:59,671 [ERROR] LogOutputStream:75 - [STDERR_REDIRECT] 
2026-10-06 15:45:00,668 [ERROR] LogOutputStream:75 - [STDERR_REDIRECT] [Fatal Error] :1:1: Premature end of file.
2026-10-06 15:45:00,668 [ERROR] LogOutputStream:75 - [STDERR_REDIRECT] 
2026-10-06 15:45:01,674 [ERROR] LogOutputStream:75 - [STDERR_REDIRECT] [Fatal Error] :1:1: Premature end of file.
2026-10-06 15:45:01,674 [ERROR] LogOutputStream:75 - [STDERR_REDIRECT] 
2026-10-06 15:45:02,664 [ERROR] LogOutputStream:75 - [STDERR_REDIRECT] [Fatal Error] :1:1: Premature end of file.
2026-10-06 15:45:02,664 [ERROR] LogOutputStream:75 - [STDERR_REDIRECT] 
2026-10-06 15:45:03,665 [ERROR] LogOutputStream:75 - [STDERR_REDIRECT] [Fatal Error] :1:1: Premature end of file.
2026-10-06 15:45:03,665 [ERROR] LogOutputStream:75 - [STDERR_REDIRECT] 
2026-10-06 15:45:04,672 [ERROR] LogOutputStream:75 - [STDERR_REDIRECT] [Fatal Error] :1:1: Premature end of file.
2026-10-06 15:45:04,672 [ERROR] LogOutputStream:75 - [STDERR_REDIRECT] 
2026-10-06 15:45:05,660 [ERROR] LogOutputStream:75 - [STDERR_REDIRECT] [Fatal Error] :1:1: Premature end of file.
2026-10-06 15:45:05,660 [ERROR] LogOutputStream:75 - [STDERR_REDIRECT] 
2026-10-06 15:45:06,664 [ERROR] LogOutputStream:75 - [STDERR_REDIRECT] [Fatal Error] :1:1: Premature end of file.
2026-10-06 15:45:06,664 [ERROR] LogOutputStream:75 - [STDERR_REDIRECT] 
2026-10-06 15:45:07,668 [ERROR] LogOutputStream:75 - [STDERR_REDIRECT] [Fatal Error] :1:1: Premature end of file.
2026-10-06 15:45:07,668 [ERROR] LogOutputStream:75 - [STDERR_REDIRECT] 
2026-10-06 15:45:08,658 [ERROR] LogOutputStream:75 - [STDERR_REDIRECT] [Fatal Error] :1:1: Premature end of file.
2026-10-06 15:45:08,658 [ERROR] LogOutputStream:75 - [STDERR_REDIRECT] 
2026-10-06 15:45:09,671 [ERROR] LogOutputStream:75 - [STDERR_REDIRECT] [Fatal Error] :1:1: Premature end of file.
2026-10-06 15:45:09,671 [ERROR] LogOutputStream:75 - [STDERR_REDIRECT] 
2026-10-06 15:45:10,671 [ERROR] LogOutputStream:75 - [STDERR_REDIRECT] [Fatal Error] :1:1: Premature end of file.
2026-10-06 15:45:10,671 [ERROR] LogOutputStream:75 - [STDERR_REDIRECT] 
2026-10-06 15:45:11,662 [ERROR] LogOutputStream:75 - [STDERR_REDIRECT] [Fatal Error] :1:1: Premature end of file.
2026-10-06 15:45:11,662 [ERROR] LogOutputStream:75 - [STDERR_REDIRECT] 
2026-10-06 15:45:12,659 [ERROR] LogOutputStream:75 - [STDERR_REDIRECT] [Fatal Error] :1:1: Premature end of file.
2026-10-06 15:45:12,659 [ERROR] LogOutputStream:75 - [STDERR_REDIRECT] 
2026-10-06 15:45:13,661 [ERROR] LogOutputStream:75 - [STDERR_REDIRECT] [Fatal Error] :1:1: Premature end of file.
2026-10-06 15:45:13,661 [ERROR] LogOutputStream:75 - [STDERR_REDIRECT] 
2026-10-06 15:45:14,658 [ERROR] LogOutputStream:75 - [STDERR_REDIRECT] [Fatal Error] :1:1: Premature end of file.
2026-10-06 15:45:14,658 [ERROR] LogOutputStream:75 - [STDERR_REDIRECT] 
2026-10-06 15:45:15,675 [ERROR] LogOutputStream:75 - [STDERR_REDIRECT] [Fatal Error] :1:1: Premature end of file.
2026-10-06 15:45:15,675 [ERROR] LogOutputStream:75 - [STDERR_REDIRECT] 
2026-10-06 15:45:16,677 [ERROR] LogOutputStream:75 - [STDERR_REDIRECT] [Fatal Error] :1:1: Premature end of file.
2026-10-06 15:45:16,677 [ERROR] LogOutputStream:75 - [STDERR_REDIRECT] 
2026-10-06 15:45:17,658 [ERROR] LogOutputStream:75 - [STDERR_REDIRECT] [Fatal Error] :1:1: Premature end of file.
2026-10-06 15:45:17,658 [ERROR] LogOutputStream:75 - [STDERR_REDIRECT] 
2026-10-06 15:45:18,660 [ERROR] LogOutputStream:75 - [STDERR_REDIRECT] [Fatal Error] :1:1: Premature end of file.
2026-10-06 15:45:18,660 [ERROR] LogOutputStream:75 - [STDERR_REDIRECT] 
2026-10-06 15:45:19,673 [ERROR] LogOutputStream:75 - [STDERR_REDIRECT] [Fatal Error] :1:1: Premature end of file.
2026-10-06 15:45:19,673 [ERROR] LogOutputStream:75 - [STDERR_REDIRECT] 
2026-10-06 15:45:20,653 [ERROR] LogOutputStream:75 - [STDERR_REDIRECT] [Fatal Error] :1:1: Premature end of file.
2026-10-06 15:45:20,653 [ERROR] LogOutputStream:75 - [STDERR_REDIRECT] 
2026-10-06 15:45:21,672 [ERROR] LogOutputStream:75 - [STDERR_REDIRECT] [Fatal Error] :1:1: Premature end of file.
2026-10-06 15:45:21,672 [ERROR] LogOutputStream:75 - [STDERR_REDIRECT] 
2026-10-06 15:45:22,671 [ERROR] LogOutputStream:75 - [STDERR_REDIRECT] [Fatal Error] :1:1: Premature end of file.
2026-10-06 15:45:22,671 [ERROR] LogOutputStream:75 - [STDERR_REDIRECT] 
2026-10-06 15:45:23,664 [ERROR] LogOutputStream:75 - [STDERR_REDIRECT] [Fatal Error] :1:1: Premature end of file.
2026-10-06 15:45:23,664 [ERROR] LogOutputStream:75 - [STDERR_REDIRECT] 
2026-10-06 15:45:24,653 [ERROR] LogOutputStream:75 - [STDERR_REDIRECT] [Fatal Error] :1:1: Premature end of file.
2026-10-06 15:45:24,653 [ERROR] LogOutputStream:75 - [STDERR_REDIRECT] 
2026-10-06 15:45:25,646 [ERROR] LogOutputStream:75 - [STDERR_REDIRECT] [Fatal Error] :1:1: Premature end of file.
2026-10-06 15:45:25,647 [ERROR] LogOutputStream:75 - [STDERR_REDIRECT] 
2026-10-06 15:45:26,660 [ERROR] LogOutputStream:75 - [STDERR_REDIRECT] [Fatal Error] :1:1: Premature end of file.
2026-10-06 15:45:26,660 [ERROR] LogOutputStream:75 - [STDERR_REDIRECT] 
2026-10-06 15:45:27,669 [ERROR] LogOutputStream:75 - [STDERR_REDIRECT] [Fatal Error] :1:1: Premature end of file.
2026-10-06 15:45:27,669 [ERROR] LogOutputStream:75 - [STDERR_REDIRECT] 
2026-10-06 15:45:28,658 [ERROR] LogOutputStream:75 - [STDERR_REDIRECT] [Fatal Error] :1:1: Premature end of file.
2026-10-06 15:45:28,659 [ERROR] LogOutputStream:75 - [STDERR_REDIRECT] 
2026-10-06 15:45:29,668 [ERROR] LogOutputStream:75 - [STDERR_REDIRECT] [Fatal Error] :1:1: Premature end of file.
2026-10-06 15:45:29,668 [ERROR] LogOutputStream:75 - [STDERR_REDIRECT] 
2026-10-06 15:45:30,656 [ERROR] LogOutputStream:75 - [STDERR_REDIRECT] [Fatal Error] :1:1: Premature end of file.
2026-10-06 15:45:30,656 [ERROR] LogOutputStream:75 - [STDERR_REDIRECT] 
2026-10-06 15:45:31,661 [ERROR] LogOutputStream:75 - [STDERR_REDIRECT] [Fatal Error] :1:1: Premature end of file.
2026-10-06 15:45:31,661 [ERROR] LogOutputStream:75 - [STDERR_REDIRECT] 
2026-10-06 15:45:32,661 [ERROR] LogOutputStream:75 - [STDERR_REDIRECT] [Fatal Error] :1:1: Premature end of file.
2026-10-06 15:45:32,662 [ERROR] LogOutputStream:75 - [STDERR_REDIRECT] 
2026-10-06 15:45:33,657 [ERROR] LogOutputStream:75 - [STDERR_REDIRECT] [Fatal Error] :1:1: Premature end of file.
2026-10-06 15:45:33,658 [ERROR] LogOutputStream:75 - [STDERR_REDIRECT] 
2026-10-06 15:45:34,673 [ERROR] LogOutputStream:75 - [STDERR_REDIRECT] [Fatal Error] :1:1: Premature end of file.
2026-10-06 15:45:34,673 [ERROR] LogOutputStream:75 - [STDERR_REDIRECT] 
2026-10-06 15:45:35,661 [ERROR] LogOutputStream:75 - [STDERR_REDIRECT] [Fatal Error] :1:1: Premature end of file.
2026-10-06 15:45:35,661 [ERROR] LogOutputStream:75 - [STDERR_REDIRECT] 
2026-10-06 15:45:36,660 [ERROR] LogOutputStream:75 - [STDERR_REDIRECT] [Fatal Error] :1:1: Premature end of file.
2026-10-06 15:45:36,660 [ERROR] LogOutputStream:75 - [STDERR_REDIRECT] 
2026-10-06 15:45:37,671 [ERROR] LogOutputStream:75 - [STDERR_REDIRECT] [Fatal Error] :1:1: Premature end of file.
2026-10-06 15:45:37,671 [ERROR] LogOutputStream:75 - [STDERR_REDIRECT] 
2026-10-06 15:45:38,661 [ERROR] LogOutputStream:75 - [STDERR_REDIRECT] [Fatal Error] :1:1: Premature end of file.
2026-10-06 15:45:38,661 [ERROR] LogOutputStream:75 - [STDERR_REDIRECT] 
2026-10-06 15:45:39,659 [ERROR] LogOutputStream:75 - [STDERR_REDIRECT] [Fatal Error] :1:1: Premature end of file.
2026-10-06 15:45:39,659 [ERROR] LogOutputStream:75 - [STDERR_REDIRECT] 
2026-10-06 15:45:40,667 [ERROR] LogOutputStream:75 - [STDERR_REDIRECT] [Fatal Error] :1:1: Premature end of file.
2026-10-06 15:45:40,667 [ERROR] LogOutputStream:75 - [STDERR_REDIRECT] 
2026-10-06 15:45:41,660 [ERROR] LogOutputStream:75 - [STDERR_REDIRECT] [Fatal Error] :1:1: Premature end of file.
2026-10-06 15:45:41,660 [ERROR] LogOutputStream:75 - [STDERR_REDIRECT] 
2026-10-06 15:45:42,661 [ERROR] LogOutputStream:75 - [STDERR_REDIRECT] [Fatal Error] :1:1: Premature end of file.
2026-10-06 15:45:42,661 [ERROR] LogOutputStream:75 - [STDERR_REDIRECT] 
2026-10-06 15:45:43,667 [ERROR] LogOutputStream:75 - [STDERR_REDIRECT] [Fatal Error] :1:1: Premature end of file.
2026-10-06 15:45:43,668 [ERROR] LogOutputStream:75 - [STDERR_REDIRECT] 
2026-10-06 15:45:44,665 [ERROR] LogOutputStream:75 - [STDERR_REDIRECT] [Fatal Error] :1:1: Premature end of file.
2026-10-06 15:45:44,666 [ERROR] LogOutputStream:75 - [STDERR_REDIRECT] 
2026-10-06 15:45:45,668 [ERROR] LogOutputStream:75 - [STDERR_REDIRECT] [Fatal Error] :1:1: Premature end of file.
2026-10-06 15:45:45,668 [ERROR] LogOutputStream:75 - [STDERR_REDIRECT] 
2026-10-06 15:45:46,664 [ERROR] LogOutputStream:75 - [STDERR_REDIRECT] [Fatal Error] :1:1: Premature end of file.
2026-10-06 15:45:46,664 [ERROR] LogOutputStream:75 - [STDERR_REDIRECT] 
2026-10-06 15:45:47,665 [ERROR] LogOutputStream:75 - [STDERR_REDIRECT] [Fatal Error] :1:1: Premature end of file.
2026-10-06 15:45:47,665 [ERROR] LogOutputStream:75 - [STDERR_REDIRECT] 
2026-10-06 15:45:48,656 [ERROR] LogOutputStream:75 - [STDERR_REDIRECT] [Fatal Error] :1:1: Premature end of file.
2026-10-06 15:45:48,657 [ERROR] LogOutputStream:75 - [STDERR_REDIRECT] 
2026-10-06 15:45:49,659 [ERROR] LogOutputStream:75 - [STDERR_REDIRECT] [Fatal Error] :1:1: Premature end of file.
2026-10-06 15:45:49,659 [ERROR] LogOutputStream:75 - [STDERR_REDIRECT] 
2026-10-06 15:45:50,671 [ERROR] LogOutputStream:75 - [STDERR_REDIRECT] [Fatal Error] :1:1: Premature end of file.
2026-10-06 15:45:50,671 [ERROR] LogOutputStream:75 - [STDERR_REDIRECT] 
2026-10-06 15:45:51,670 [ERROR] LogOutputStream:75 - [STDERR_REDIRECT] [Fatal Error] :1:1: Premature end of file.
2026-10-06 15:45:51,670 [ERROR] LogOutputStream:75 - [STDERR_REDIRECT] 
2026-10-06 15:45:52,664 [ERROR] LogOutputStream:75 - [STDERR_REDIRECT] [Fatal Error] :1:1: Premature end of file.
2026-10-06 15:45:52,665 [ERROR] LogOutputStream:75 - [STDERR_REDIRECT] 
2026-10-06 15:45:53,669 [ERROR] LogOutputStream:75 - [STDERR_REDIRECT] [Fatal Error] :1:1: Premature end of file.
2026-10-06 15:45:53,669 [ERROR] LogOutputStream:75 - [STDERR_REDIRECT] 
2026-10-06 15:45:54,658 [ERROR] LogOutputStream:75 - [STDERR_REDIRECT] [Fatal Error] :1:1: Premature end of file.
2026-10-06 15:45:54,660 [ERROR] LogOutputStream:75 - [STDERR_REDIRECT] 
2026-10-06 15:45:55,672 [ERROR] LogOutputStream:75 - [STDERR_REDIRECT] [Fatal Error] :1:1: Premature end of file.
2026-10-06 15:45:55,672 [ERROR] LogOutputStream:75 - [STDERR_REDIRECT] 
2026-10-06 15:45:56,663 [ERROR] LogOutputStream:75 - [STDERR_REDIRECT] [Fatal Error] :1:1: Premature end of file.
2026-10-06 15:45:56,663 [ERROR] LogOutputStream:75 - [STDERR_REDIRECT] 
2026-10-06 15:45:57,671 [ERROR] LogOutputStream:75 - [STDERR_REDIRECT] [Fatal Error] :1:1: Premature end of file.
2026-10-06 15:45:57,671 [ERROR] LogOutputStream:75 - [STDERR_REDIRECT] 
2026-10-06 15:45:58,665 [ERROR] LogOutputStream:75 - [STDERR_REDIRECT] [Fatal Error] :1:1: Premature end of file.
2026-10-06 15:45:58,666 [ERROR] LogOutputStream:75 - [STDERR_REDIRECT] 
2026-10-06 15:45:59,670 [ERROR] LogOutputStream:75 - [STDERR_REDIRECT] [Fatal Error] :1:1: Premature end of file.
2026-10-06 15:45:59,670 [ERROR] LogOutputStream:75 - [STDERR_REDIRECT] 
2026-10-06 15:46:00,666 [ERROR] LogOutputStream:75 - [STDERR_REDIRECT] [Fatal Error] :1:1: Premature end of file.
2026-10-06 15:46:00,666 [ERROR] LogOutputStream:75 - [STDERR_REDIRECT] 
2026-10-06 15:46:01,663 [ERROR] LogOutputStream:75 - [STDERR_REDIRECT] [Fatal Error] :1:1: Premature end of file.
2026-10-06 15:46:01,663 [ERROR] LogOutputStream:75 - [STDERR_REDIRECT] 
2026-10-06 15:46:02,667 [ERROR] LogOutputStream:75 - [STDERR_REDIRECT] [Fatal Error] :1:1: Premature end of file.
2026-10-06 15:46:02,667 [ERROR] LogOutputStream:75 - [STDERR_REDIRECT] 
2026-10-06 15:46:03,664 [ERROR] LogOutputStream:75 - [STDERR_REDIRECT] [Fatal Error] :1:1: Premature end of file.
2026-10-06 15:46:03,664 [ERROR] LogOutputStream:75 - [STDERR_REDIRECT] 
2026-10-06 15:46:04,662 [ERROR] LogOutputStream:75 - [STDERR_REDIRECT] [Fatal Error] :1:1: Premature end of file.
2026-10-06 15:46:04,662 [ERROR] LogOutputStream:75 - [STDERR_REDIRECT] 
2026-10-06 15:46:05,676 [ERROR] LogOutputStream:75 - [STDERR_REDIRECT] [Fatal Error] :1:1: Premature end of file.
2026-10-06 15:46:05,676 [ERROR] LogOutputStream:75 - [STDERR_REDIRECT] 
2026-10-06 15:46:06,661 [ERROR] LogOutputStream:75 - [STDERR_REDIRECT] [Fatal Error] :1:1: Premature end of file.
2026-10-06 15:46:06,661 [ERROR] LogOutputStream:75 - [STDERR_REDIRECT] 
2026-10-06 15:46:07,673 [ERROR] LogOutputStream:75 - [STDERR_REDIRECT] [Fatal Error] :1:1: Premature end of file.
2026-10-06 15:46:07,673 [ERROR] LogOutputStream:75 - [STDERR_REDIRECT] 
2026-10-06 15:46:08,668 [ERROR] LogOutputStream:75 - [STDERR_REDIRECT] [Fatal Error] :1:1: Premature end of file.
2026-10-06 15:46:08,668 [ERROR] LogOutputStream:75 - [STDERR_REDIRECT] 
2026-10-06 15:46:09,669 [ERROR] LogOutputStream:75 - [STDERR_REDIRECT] [Fatal Error] :1:1: Premature end of file.
2026-10-06 15:46:09,669 [ERROR] LogOutputStream:75 - [STDERR_REDIRECT] 
2026-10-06 15:46:10,661 [ERROR] LogOutputStream:75 - [STDERR_REDIRECT] [Fatal Error] :1:1: Premature end of file.
2026-10-06 15:46:10,661 [ERROR] LogOutputStream:75 - [STDERR_REDIRECT] 
2026-10-06 15:46:11,651 [ERROR] LogOutputStream:75 - [STDERR_REDIRECT] [Fatal Error] :1:1: Premature end of file.
2026-10-06 15:46:11,651 [ERROR] LogOutputStream:75 - [STDERR_REDIRECT] 
2026-10-06 15:46:12,663 [ERROR] LogOutputStream:75 - [STDERR_REDIRECT] [Fatal Error] :1:1: Premature end of file.
2026-10-06 15:46:12,663 [ERROR] LogOutputStream:75 - [STDERR_REDIRECT] 
2026-10-06 15:46:13,660 [ERROR] LogOutputStream:75 - [STDERR_REDIRECT] [Fatal Error] :1:1: Premature end of file.
2026-10-06 15:46:13,660 [ERROR] LogOutputStream:75 - [STDERR_REDIRECT] 
2026-10-06 15:46:14,660 [ERROR] LogOutputStream:75 - [STDERR_REDIRECT] [Fatal Error] :1:1: Premature end of file.
2026-10-06 15:46:14,660 [ERROR] LogOutputStream:75 - [STDERR_REDIRECT] 
2026-10-06 15:46:15,672 [ERROR] LogOutputStream:75 - [STDERR_REDIRECT] [Fatal Error] :1:1: Premature end of file.
2026-10-06 15:46:15,672 [ERROR] LogOutputStream:75 - [STDERR_REDIRECT] 
2026-10-06 15:46:16,657 [ERROR] LogOutputStream:75 - [STDERR_REDIRECT] [Fatal Error] :1:1: Premature end of file.
2026-10-06 15:46:16,658 [ERROR] LogOutputStream:75 - [STDERR_REDIRECT] 
2026-10-06 15:46:17,659 [ERROR] LogOutputStream:75 - [STDERR_REDIRECT] [Fatal Error] :1:1: Premature end of file.
2026-10-06 15:46:17,659 [ERROR] LogOutputStream:75 - [STDERR_REDIRECT] 
2026-10-06 15:46:18,664 [ERROR] LogOutputStream:75 - [STDERR_REDIRECT] [Fatal Error] :1:1: Premature end of file.
2026-10-06 15:46:18,664 [ERROR] LogOutputStream:75 - [STDERR_REDIRECT] 
2026-10-06 15:46:19,653 [ERROR] LogOutputStream:75 - [STDERR_REDIRECT] [Fatal Error] :1:1: Premature end of file.
2026-10-06 15:46:19,653 [ERROR] LogOutputStream:75 - [STDERR_REDIRECT] 
2026-10-06 15:46:20,673 [ERROR] LogOutputStream:75 - [STDERR_REDIRECT] [Fatal Error] :1:1: Premature end of file.
2026-10-06 15:46:20,673 [ERROR] LogOutputStream:75 - [STDERR_REDIRECT] 
2026-10-06 15:46:21,666 [ERROR] LogOutputStream:75 - [STDERR_REDIRECT] [Fatal Error] :1:1: Premature end of file.
2026-10-06 15:46:21,666 [ERROR] LogOutputStream:75 - [STDERR_REDIRECT] 
2026-10-06 15:46:22,658 [ERROR] LogOutputStream:75 - [STDERR_REDIRECT] [Fatal Error] :1:1: Premature end of file.
2026-10-06 15:46:22,658 [ERROR] LogOutputStream:75 - [STDERR_REDIRECT] 
2026-10-06 15:46:23,666 [ERROR] LogOutputStream:75 - [STDERR_REDIRECT] [Fatal Error] :1:1: Premature end of file.
2026-10-06 15:46:23,666 [ERROR] LogOutputStream:75 - [STDERR_REDIRECT] 
2026-10-06 15:46:24,666 [ERROR] LogOutputStream:75 - [STDERR_REDIRECT] [Fatal Error] :1:1: Premature end of file.
2026-10-06 15:46:24,666 [ERROR] LogOutputStream:75 - [STDERR_REDIRECT] 
2026-10-06 15:46:25,677 [ERROR] LogOutputStream:75 - [STDERR_REDIRECT] [Fatal Error] :1:1: Premature end of file.
2026-10-06 15:46:25,677 [ERROR] LogOutputStream:75 - [STDERR_REDIRECT] 
2026-10-06 15:46:26,666 [ERROR] LogOutputStream:75 - [STDERR_REDIRECT] [Fatal Error] :1:1: Premature end of file.
2026-10-06 15:46:26,666 [ERROR] LogOutputStream:75 - [STDERR_REDIRECT] 
2026-10-06 15:46:27,658 [ERROR] LogOutputStream:75 - [STDERR_REDIRECT] [Fatal Error] :1:1: Premature end of file.
2026-10-06 15:46:27,658 [ERROR] LogOutputStream:75 - [STDERR_REDIRECT] 
2026-10-06 15:46:28,664 [ERROR] LogOutputStream:75 - [STDERR_REDIRECT] [Fatal Error] :1:1: Premature end of file.
2026-10-06 15:46:28,664 [ERROR] LogOutputStream:75 - [STDERR_REDIRECT] 
2026-10-06 15:46:29,668 [ERROR] LogOutputStream:75 - [STDERR_REDIRECT] [Fatal Error] :1:1: Premature end of file.
2026-10-06 15:46:29,668 [ERROR] LogOutputStream:75 - [STDERR_REDIRECT] 
2026-10-06 15:46:30,663 [ERROR] LogOutputStream:75 - [STDERR_REDIRECT] [Fatal Error] :1:1: Premature end of file.
2026-10-06 15:46:30,664 [ERROR] LogOutputStream:75 - [STDERR_REDIRECT] 
2026-10-06 15:46:31,664 [ERROR] LogOutputStream:75 - [STDERR_REDIRECT] [Fatal Error] :1:1: Premature end of file.
2026-10-06 15:46:31,664 [ERROR] LogOutputStream:75 - [STDERR_REDIRECT] 
2026-10-06 15:46:32,663 [ERROR] LogOutputStream:75 - [STDERR_REDIRECT] [Fatal Error] :1:1: Premature end of file.
2026-10-06 15:46:32,663 [ERROR] LogOutputStream:75 - [STDERR_REDIRECT] 
2026-10-06 15:46:33,657 [ERROR] LogOutputStream:75 - [STDERR_REDIRECT] [Fatal Error] :1:1: Premature end of file.
2026-10-06 15:46:33,657 [ERROR] LogOutputStream:75 - [STDERR_REDIRECT] 
2026-10-06 15:46:34,669 [ERROR] LogOutputStream:75 - [STDERR_REDIRECT] [Fatal Error] :1:1: Premature end of file.
2026-10-06 15:46:34,669 [ERROR] LogOutputStream:75 - [STDERR_REDIRECT] 
2026-10-06 15:46:35,674 [ERROR] LogOutputStream:75 - [STDERR_REDIRECT] [Fatal Error] :1:1: Premature end of file.
2026-10-06 15:46:35,674 [ERROR] LogOutputStream:75 - [STDERR_REDIRECT] 
2026-10-06 15:46:36,660 [ERROR] LogOutputStream:75 - [STDERR_REDIRECT] [Fatal Error] :1:1: Premature end of file.
2026-10-06 15:46:36,660 [ERROR] LogOutputStream:75 - [STDERR_REDIRECT] 
2026-10-06 15:46:37,659 [ERROR] LogOutputStream:75 - [STDERR_REDIRECT] [Fatal Error] :1:1: Premature end of file.
2026-10-06 15:46:37,659 [ERROR] LogOutputStream:75 - [STDERR_REDIRECT] 
2026-10-06 15:46:38,662 [ERROR] LogOutputStream:75 - [STDERR_REDIRECT] [Fatal Error] :1:1: Premature end of file.
2026-10-06 15:46:38,662 [ERROR] LogOutputStream:75 - [STDERR_REDIRECT] 
2026-10-06 15:46:39,657 [ERROR] LogOutputStream:75 - [STDERR_REDIRECT] [Fatal Error] :1:1: Premature end of file.
2026-10-06 15:46:39,657 [ERROR] LogOutputStream:75 - [STDERR_REDIRECT] 
2026-10-06 15:46:40,650 [ERROR] LogOutputStream:75 - [STDERR_REDIRECT] [Fatal Error] :1:1: Premature end of file.
2026-10-06 15:46:40,650 [ERROR] LogOutputStream:75 - [STDERR_REDIRECT] 
2026-10-06 15:46:41,658 [ERROR] LogOutputStream:75 - [STDERR_REDIRECT] [Fatal Error] :1:1: Premature end of file.
2026-10-06 15:46:41,658 [ERROR] LogOutputStream:75 - [STDERR_REDIRECT] 
2026-10-06 15:46:42,664 [ERROR] LogOutputStream:75 - [STDERR_REDIRECT] [Fatal Error] :1:1: Premature end of file.
2026-10-06 15:46:42,664 [ERROR] LogOutputStream:75 - [STDERR_REDIRECT] 
2026-10-06 15:46:43,673 [ERROR] LogOutputStream:75 - [STDERR_REDIRECT] [Fatal Error] :1:1: Premature end of file.
2026-10-06 15:46:43,673 [ERROR] LogOutputStream:75 - [STDERR_REDIRECT] 
2026-10-06 15:46:44,670 [ERROR] LogOutputStream:75 - [STDERR_REDIRECT] [Fatal Error] :1:1: Premature end of file.
2026-10-06 15:46:44,670 [ERROR] LogOutputStream:75 - [STDERR_REDIRECT] 
2026-10-06 15:46:45,658 [ERROR] LogOutputStream:75 - [STDERR_REDIRECT] [Fatal Error] :1:1: Premature end of file.
2026-10-06 15:46:45,658 [ERROR] LogOutputStream:75 - [STDERR_REDIRECT] 
2026-10-06 15:46:46,655 [ERROR] LogOutputStream:75 - [STDERR_REDIRECT] [Fatal Error] :1:1: Premature end of file.
2026-10-06 15:46:46,655 [ERROR] LogOutputStream:75 - [STDERR_REDIRECT] 
2026-10-06 15:46:47,659 [ERROR] LogOutputStream:75 - [STDERR_REDIRECT] [Fatal Error] :1:1: Premature end of file.
2026-10-06 15:46:47,660 [ERROR] LogOutputStream:75 - [STDERR_REDIRECT] 
2026-10-06 15:46:48,669 [ERROR] LogOutputStream:75 - [STDERR_REDIRECT] [Fatal Error] :1:1: Premature end of file.
2026-10-06 15:46:48,669 [ERROR] LogOutputStream:75 - [STDERR_REDIRECT] 
2026-10-06 15:46:49,663 [ERROR] LogOutputStream:75 - [STDERR_REDIRECT] [Fatal Error] :1:1: Premature end of file.
2026-10-06 15:46:49,664 [ERROR] LogOutputStream:75 - [STDERR_REDIRECT] 
2026-10-06 15:46:50,658 [ERROR] LogOutputStream:75 - [STDERR_REDIRECT] [Fatal Error] :1:1: Premature end of file.
2026-10-06 15:46:50,658 [ERROR] LogOutputStream:75 - [STDERR_REDIRECT] 
2026-10-06 15:46:51,662 [ERROR] LogOutputStream:75 - [STDERR_REDIRECT] [Fatal Error] :1:1: Premature end of file.
2026-10-06 15:46:51,662 [ERROR] LogOutputStream:75 - [STDERR_REDIRECT] 
2026-10-06 15:46:52,659 [ERROR] LogOutputStream:75 - [STDERR_REDIRECT] [Fatal Error] :1:1: Premature end of file.
2026-10-06 15:46:52,659 [ERROR] LogOutputStream:75 - [STDERR_REDIRECT] 
2026-10-06 15:46:53,662 [ERROR] LogOutputStream:75 - [STDERR_REDIRECT] [Fatal Error] :1:1: Premature end of file.
2026-10-06 15:46:53,662 [ERROR] LogOutputStream:75 - [STDERR_REDIRECT] 
2026-10-06 15:46:54,670 [ERROR] LogOutputStream:75 - [STDERR_REDIRECT] [Fatal Error] :1:1: Premature end of file.
2026-10-06 15:46:54,671 [ERROR] LogOutputStream:75 - [STDERR_REDIRECT] 
2026-10-06 15:46:55,663 [ERROR] LogOutputStream:75 - [STDERR_REDIRECT] [Fatal Error] :1:1: Premature end of file.
2026-10-06 15:46:55,663 [ERROR] LogOutputStream:75 - [STDERR_REDIRECT] 
2026-10-06 15:46:56,670 [ERROR] LogOutputStream:75 - [STDERR_REDIRECT] [Fatal Error] :1:1: Premature end of file.
2026-10-06 15:46:56,670 [ERROR] LogOutputStream:75 - [STDERR_REDIRECT] 
2026-10-06 15:46:57,656 [ERROR] LogOutputStream:75 - [STDERR_REDIRECT] [Fatal Error] :1:1: Premature end of file.
2026-10-06 15:46:57,656 [ERROR] LogOutputStream:75 - [STDERR_REDIRECT] 
2026-10-06 15:46:58,666 [ERROR] LogOutputStream:75 - [STDERR_REDIRECT] [Fatal Error] :1:1: Premature end of file.
2026-10-06 15:46:58,666 [ERROR] LogOutputStream:75 - [STDERR_REDIRECT] 
2026-10-06 15:46:59,655 [ERROR] LogOutputStream:75 - [STDERR_REDIRECT] [Fatal Error] :1:1: Premature end of file.
2026-10-06 15:46:59,655 [ERROR] LogOutputStream:75 - [STDERR_REDIRECT] 
2026-10-06 15:47:00,663 [ERROR] LogOutputStream:75 - [STDERR_REDIRECT] [Fatal Error] :1:1: Premature end of file.
2026-10-06 15:47:00,663 [ERROR] LogOutputStream:75 - [STDERR_REDIRECT] 
2026-10-06 15:47:01,673 [ERROR] LogOutputStream:75 - [STDERR_REDIRECT] [Fatal Error] :1:1: Premature end of file.
2026-10-06 15:47:01,673 [ERROR] LogOutputStream:75 - [STDERR_REDIRECT] 
2026-10-06 15:47:02,669 [ERROR] LogOutputStream:75 - [STDERR_REDIRECT] [Fatal Error] :1:1: Premature end of file.
2026-10-06 15:47:02,669 [ERROR] LogOutputStream:75 - [STDERR_REDIRECT] 
2026-10-06 15:47:03,668 [ERROR] LogOutputStream:75 - [STDERR_REDIRECT] [Fatal Error] :1:1: Premature end of file.
2026-10-06 15:47:03,669 [ERROR] LogOutputStream:75 - [STDERR_REDIRECT] 
2026-10-06 15:47:04,659 [ERROR] LogOutputStream:75 - [STDERR_REDIRECT] [Fatal Error] :1:1: Premature end of file.
2026-10-06 15:47:04,659 [ERROR] LogOutputStream:75 - [STDERR_REDIRECT] 
2026-10-06 15:47:05,670 [ERROR] LogOutputStream:75 - [STDERR_REDIRECT] [Fatal Error] :1:1: Premature end of file.
2026-10-06 15:47:05,670 [ERROR] LogOutputStream:75 - [STDERR_REDIRECT] 
2026-10-06 15:47:06,674 [ERROR] LogOutputStream:75 - [STDERR_REDIRECT] [Fatal Error] :1:1: Premature end of file.
2026-10-06 15:47:06,674 [ERROR] LogOutputStream:75 - [STDERR_REDIRECT] 
2026-10-06 15:47:07,668 [ERROR] LogOutputStream:75 - [STDERR_REDIRECT] [Fatal Error] :1:1: Premature end of file.
2026-10-06 15:47:07,668 [ERROR] LogOutputStream:75 - [STDERR_REDIRECT] 
2026-10-06 15:47:08,661 [ERROR] LogOutputStream:75 - [STDERR_REDIRECT] [Fatal Error] :1:1: Premature end of file.
2026-10-06 15:47:08,661 [ERROR] LogOutputStream:75 - [STDERR_REDIRECT] 
2026-10-06 15:47:09,667 [ERROR] LogOutputStream:75 - [STDERR_REDIRECT] [Fatal Error] :1:1: Premature end of file.
2026-10-06 15:47:09,668 [ERROR] LogOutputStream:75 - [STDERR_REDIRECT] 
2026-10-06 15:47:10,667 [ERROR] LogOutputStream:75 - [STDERR_REDIRECT] [Fatal Error] :1:1: Premature end of file.
2026-10-06 15:47:10,667 [ERROR] LogOutputStream:75 - [STDERR_REDIRECT] 
2026-10-06 15:47:11,664 [ERROR] LogOutputStream:75 - [STDERR_REDIRECT] [Fatal Error] :1:1: Premature end of file.
2026-10-06 15:47:11,664 [ERROR] LogOutputStream:75 - [STDERR_REDIRECT] 
2026-10-06 15:47:12,663 [ERROR] LogOutputStream:75 - [STDERR_REDIRECT] [Fatal Error] :1:1: Premature end of file.
2026-10-06 15:47:12,663 [ERROR] LogOutputStream:75 - [STDERR_REDIRECT] 
2026-10-06 15:47:13,650 [ERROR] LogOutputStream:75 - [STDERR_REDIRECT] [Fatal Error] :1:1: Premature end of file.
2026-10-06 15:47:13,650 [ERROR] LogOutputStream:75 - [STDERR_REDIRECT] 
2026-10-06 15:47:14,657 [ERROR] LogOutputStream:75 - [STDERR_REDIRECT] [Fatal Error] :1:1: Premature end of file.
2026-10-06 15:47:14,657 [ERROR] LogOutputStream:75 - [STDERR_REDIRECT] 
2026-10-06 15:47:15,658 [ERROR] LogOutputStream:75 - [STDERR_REDIRECT] [Fatal Error] :1:1: Premature end of file.
2026-10-06 15:47:15,658 [ERROR] LogOutputStream:75 - [STDERR_REDIRECT] 
2026-10-06 15:47:16,678 [ERROR] LogOutputStream:75 - [STDERR_REDIRECT] [Fatal Error] :1:1: Premature end of file.
2026-10-06 15:47:16,678 [ERROR] LogOutputStream:75 - [STDERR_REDIRECT] 
2026-10-06 15:47:17,669 [ERROR] LogOutputStream:75 - [STDERR_REDIRECT] [Fatal Error] :1:1: Premature end of file.
2026-10-06 15:47:17,669 [ERROR] LogOutputStream:75 - [STDERR_REDIRECT] 
2026-10-06 15:47:18,675 [ERROR] LogOutputStream:75 - [STDERR_REDIRECT] [Fatal Error] :1:1: Premature end of file.
2026-10-06 15:47:18,675 [ERROR] LogOutputStream:75 - [STDERR_REDIRECT] 
2026-10-06 15:47:19,666 [ERROR] LogOutputStream:75 - [STDERR_REDIRECT] [Fatal Error] :1:1: Premature end of file.
2026-10-06 15:47:19,666 [ERROR] LogOutputStream:75 - [STDERR_REDIRECT] 
2026-10-06 15:47:20,677 [ERROR] LogOutputStream:75 - [STDERR_REDIRECT] [Fatal Error] :1:1: Premature end of file.
2026-10-06 15:47:20,677 [ERROR] LogOutputStream:75 - [STDERR_REDIRECT] 
2026-10-06 15:47:21,673 [ERROR] LogOutputStream:75 - [STDERR_REDIRECT] [Fatal Error] :1:1: Premature end of file.
2026-10-06 15:47:21,673 [ERROR] LogOutputStream:75 - [STDERR_REDIRECT] 
2026-10-06 15:47:22,666 [ERROR] LogOutputStream:75 - [STDERR_REDIRECT] [Fatal Error] :1:1: Premature end of file.
2026-10-06 15:47:22,666 [ERROR] LogOutputStream:75 - [STDERR_REDIRECT] 
2026-10-06 15:47:23,661 [ERROR] LogOutputStream:75 - [STDERR_REDIRECT] [Fatal Error] :1:1: Premature end of file.
2026-10-06 15:47:23,661 [ERROR] LogOutputStream:75 - [STDERR_REDIRECT] 
2026-10-06 15:47:24,664 [ERROR] LogOutputStream:75 - [STDERR_REDIRECT] [Fatal Error] :1:1: Premature end of file.
2026-10-06 15:47:24,664 [ERROR] LogOutputStream:75 - [STDERR_REDIRECT] 
2026-10-06 15:47:25,662 [ERROR] LogOutputStream:75 - [STDERR_REDIRECT] [Fatal Error] :1:1: Premature end of file.
2026-10-06 15:47:25,662 [ERROR] LogOutputStream:75 - [STDERR_REDIRECT] 
2026-10-06 15:47:26,677 [ERROR] LogOutputStream:75 - [STDERR_REDIRECT] [Fatal Error] :1:1: Premature end of file.
2026-10-06 15:47:26,677 [ERROR] LogOutputStream:75 - [STDERR_REDIRECT] 
2026-10-06 15:47:27,660 [ERROR] LogOutputStream:75 - [STDERR_REDIRECT] [Fatal Error] :1:1: Premature end of file.
2026-10-06 15:47:27,660 [ERROR] LogOutputStream:75 - [STDERR_REDIRECT] 
2026-10-06 15:47:28,670 [ERROR] LogOutputStream:75 - [STDERR_REDIRECT] [Fatal Error] :1:1: Premature end of file.
2026-10-06 15:47:28,670 [ERROR] LogOutputStream:75 - [STDERR_REDIRECT] 
2026-10-06 15:47:29,659 [ERROR] LogOutputStream:75 - [STDERR_REDIRECT] [Fatal Error] :1:1: Premature end of file.
2026-10-06 15:47:29,660 [ERROR] LogOutputStream:75 - [STDERR_REDIRECT] 
2026-10-06 15:47:30,663 [ERROR] LogOutputStream:75 - [STDERR_REDIRECT] [Fatal Error] :1:1: Premature end of file.
2026-10-06 15:47:30,663 [ERROR] LogOutputStream:75 - [STDERR_REDIRECT] 
2026-10-06 15:47:31,670 [ERROR] LogOutputStream:75 - [STDERR_REDIRECT] [Fatal Error] :1:1: Premature end of file.
2026-10-06 15:47:31,670 [ERROR] LogOutputStream:75 - [STDERR_REDIRECT] 
2026-10-06 15:47:32,670 [ERROR] LogOutputStream:75 - [STDERR_REDIRECT] [Fatal Error] :1:1: Premature end of file.
2026-10-06 15:47:32,671 [ERROR] LogOutputStream:75 - [STDERR_REDIRECT] 
2026-10-06 15:47:33,675 [ERROR] LogOutputStream:75 - [STDERR_REDIRECT] [Fatal Error] :1:1: Premature end of file.
2026-10-06 15:47:33,675 [ERROR] LogOutputStream:75 - [STDERR_REDIRECT] 
2026-10-06 15:47:34,666 [ERROR] LogOutputStream:75 - [STDERR_REDIRECT] [Fatal Error] :1:1: Premature end of file.
2026-10-06 15:47:34,666 [ERROR] LogOutputStream:75 - [STDERR_REDIRECT] 
2026-10-06 15:47:35,656 [ERROR] LogOutputStream:75 - [STDERR_REDIRECT] [Fatal Error] :1:1: Premature end of file.
2026-10-06 15:47:35,656 [ERROR] LogOutputStream:75 - [STDERR_REDIRECT] 
2026-10-06 15:47:36,667 [ERROR] LogOutputStream:75 - [STDERR_REDIRECT] [Fatal Error] :1:1: Premature end of file.
2026-10-06 15:47:36,667 [ERROR] LogOutputStream:75 - [STDERR_REDIRECT] 
2026-10-06 15:47:37,663 [ERROR] LogOutputStream:75 - [STDERR_REDIRECT] [Fatal Error] :1:1: Premature end of file.
2026-10-06 15:47:37,663 [ERROR] LogOutputStream:75 - [STDERR_REDIRECT] 
2026-10-06 15:47:38,660 [ERROR] LogOutputStream:75 - [STDERR_REDIRECT] [Fatal Error] :1:1: Premature end of file.
2026-10-06 15:47:38,660 [ERROR] LogOutputStream:75 - [STDERR_REDIRECT] 
2026-10-06 15:47:39,663 [ERROR] LogOutputStream:75 - [STDERR_REDIRECT] [Fatal Error] :1:1: Premature end of file.
2026-10-06 15:47:39,663 [ERROR] LogOutputStream:75 - [STDERR_REDIRECT] 
2026-10-06 15:47:40,657 [ERROR] LogOutputStream:75 - [STDERR_REDIRECT] [Fatal Error] :1:1: Premature end of file.
2026-10-06 15:47:40,657 [ERROR] LogOutputStream:75 - [STDERR_REDIRECT] 
2026-10-06 15:47:41,661 [ERROR] LogOutputStream:75 - [STDERR_REDIRECT] [Fatal Error] :1:1: Premature end of file.
2026-10-06 15:47:41,661 [ERROR] LogOutputStream:75 - [STDERR_REDIRECT] 
2026-10-06 15:47:42,662 [ERROR] LogOutputStream:75 - [STDERR_REDIRECT] [Fatal Error] :1:1: Premature end of file.
2026-10-06 15:47:42,662 [ERROR] LogOutputStream:75 - [STDERR_REDIRECT] 
2026-10-06 15:47:43,662 [ERROR] LogOutputStream:75 - [STDERR_REDIRECT] [Fatal Error] :1:1: Premature end of file.
2026-10-06 15:47:43,662 [ERROR] LogOutputStream:75 - [STDERR_REDIRECT] 
2026-10-06 15:47:44,668 [ERROR] LogOutputStream:75 - [STDERR_REDIRECT] [Fatal Error] :1:1: Premature end of file.
2026-10-06 15:47:44,668 [ERROR] LogOutputStream:75 - [STDERR_REDIRECT] 
2026-10-06 15:47:45,664 [ERROR] LogOutputStream:75 - [STDERR_REDIRECT] [Fatal Error] :1:1: Premature end of file.
2026-10-06 15:47:45,664 [ERROR] LogOutputStream:75 - [STDERR_REDIRECT] 
2026-10-06 15:47:46,665 [ERROR] LogOutputStream:75 - [STDERR_REDIRECT] [Fatal Error] :1:1: Premature end of file.
2026-10-06 15:47:46,665 [ERROR] LogOutputStream:75 - [STDERR_REDIRECT] 
2026-10-06 15:47:47,663 [ERROR] LogOutputStream:75 - [STDERR_REDIRECT] [Fatal Error] :1:1: Premature end of file.
2026-10-06 15:47:47,663 [ERROR] LogOutputStream:75 - [STDERR_REDIRECT] 
2026-10-06 15:47:48,668 [ERROR] LogOutputStream:75 - [STDERR_REDIRECT] [Fatal Error] :1:1: Premature end of file.
2026-10-06 15:47:48,668 [ERROR] LogOutputStream:75 - [STDERR_REDIRECT] 
2026-10-06 15:47:49,663 [ERROR] LogOutputStream:75 - [STDERR_REDIRECT] [Fatal Error] :1:1: Premature end of file.
2026-10-06 15:47:49,663 [ERROR] LogOutputStream:75 - [STDERR_REDIRECT] 
2026-10-06 15:47:50,668 [ERROR] LogOutputStream:75 - [STDERR_REDIRECT] [Fatal Error] :1:1: Premature end of file.
2026-10-06 15:47:50,668 [ERROR] LogOutputStream:75 - [STDERR_REDIRECT] 
2026-10-06 15:47:51,668 [ERROR] LogOutputStream:75 - [STDERR_REDIRECT] [Fatal Error] :1:1: Premature end of file.
2026-10-06 15:47:51,668 [ERROR] LogOutputStream:75 - [STDERR_REDIRECT] 
2026-10-06 15:47:52,657 [ERROR] LogOutputStream:75 - [STDERR_REDIRECT] [Fatal Error] :1:1: Premature end of file.
2026-10-06 15:47:52,657 [ERROR] LogOutputStream:75 - [STDERR_REDIRECT] 
2026-10-06 15:47:53,671 [ERROR] LogOutputStream:75 - [STDERR_REDIRECT] [Fatal Error] :1:1: Premature end of file.
2026-10-06 15:47:53,671 [ERROR] LogOutputStream:75 - [STDERR_REDIRECT] 
2026-10-06 15:47:54,670 [ERROR] LogOutputStream:75 - [STDERR_REDIRECT] [Fatal Error] :1:1: Premature end of file.
2026-10-06 15:47:54,670 [ERROR] LogOutputStream:75 - [STDERR_REDIRECT] 
2026-10-06 15:47:55,667 [ERROR] LogOutputStream:75 - [STDERR_REDIRECT] [Fatal Error] :1:1: Premature end of file.
2026-10-06 15:47:55,668 [ERROR] LogOutputStream:75 - [STDERR_REDIRECT] 
2026-10-06 15:47:56,666 [ERROR] LogOutputStream:75 - [STDERR_REDIRECT] [Fatal Error] :1:1: Premature end of file.
2026-10-06 15:47:56,666 [ERROR] LogOutputStream:75 - [STDERR_REDIRECT] 
2026-10-06 15:47:57,666 [ERROR] LogOutputStream:75 - [STDERR_REDIRECT] [Fatal Error] :1:1: Premature end of file.
2026-10-06 15:47:57,667 [ERROR] LogOutputStream:75 - [STDERR_REDIRECT] 
2026-10-06 15:47:58,669 [ERROR] LogOutputStream:75 - [STDERR_REDIRECT] [Fatal Error] :1:1: Premature end of file.
2026-10-06 15:47:58,669 [ERROR] LogOutputStream:75 - [STDERR_REDIRECT] 
2026-10-06 15:47:59,672 [ERROR] LogOutputStream:75 - [STDERR_REDIRECT] [Fatal Error] :1:1: Premature end of file.
2026-10-06 15:47:59,672 [ERROR] LogOutputStream:75 - [STDERR_REDIRECT] 
2026-10-06 15:48:00,662 [ERROR] LogOutputStream:75 - [STDERR_REDIRECT] [Fatal Error] :1:1: Premature end of file.
2026-10-06 15:48:00,662 [ERROR] LogOutputStream:75 - [STDERR_REDIRECT] 
2026-10-06 15:48:01,669 [ERROR] LogOutputStream:75 - [STDERR_REDIRECT] [Fatal Error] :1:1: Premature end of file.
2026-10-06 15:48:01,669 [ERROR] LogOutputStream:75 - [STDERR_REDIRECT] 
2026-10-06 15:48:02,662 [ERROR] LogOutputStream:75 - [STDERR_REDIRECT] [Fatal Error] :1:1: Premature end of file.
2026-10-06 15:48:02,662 [ERROR] LogOutputStream:75 - [STDERR_REDIRECT] 
2026-10-06 15:48:03,667 [ERROR] LogOutputStream:75 - [STDERR_REDIRECT] [Fatal Error] :1:1: Premature end of file.
2026-10-06 15:48:03,667 [ERROR] LogOutputStream:75 - [STDERR_REDIRECT] 
2026-10-06 15:48:04,676 [ERROR] LogOutputStream:75 - [STDERR_REDIRECT] [Fatal Error] :1:1: Premature end of file.
2026-10-06 15:48:04,676 [ERROR] LogOutputStream:75 - [STDERR_REDIRECT] 
2026-10-06 15:48:05,676 [ERROR] LogOutputStream:75 - [STDERR_REDIRECT] [Fatal Error] :1:1: Premature end of file.
2026-10-06 15:48:05,676 [ERROR] LogOutputStream:75 - [STDERR_REDIRECT] 
2026-10-06 15:48:06,671 [ERROR] LogOutputStream:75 - [STDERR_REDIRECT] [Fatal Error] :1:1: Premature end of file.
2026-10-06 15:48:06,671 [ERROR] LogOutputStream:75 - [STDERR_REDIRECT] 
2026-10-06 15:48:07,667 [ERROR] LogOutputStream:75 - [STDERR_REDIRECT] [Fatal Error] :1:1: Premature end of file.
2026-10-06 15:48:07,667 [ERROR] LogOutputStream:75 - [STDERR_REDIRECT] 
2026-10-06 15:48:08,665 [ERROR] LogOutputStream:75 - [STDERR_REDIRECT] [Fatal Error] :1:1: Premature end of file.
2026-10-06 15:48:08,665 [ERROR] LogOutputStream:75 - [STDERR_REDIRECT] 
2026-10-06 15:48:09,660 [ERROR] LogOutputStream:75 - [STDERR_REDIRECT] [Fatal Error] :1:1: Premature end of file.
2026-10-06 15:48:09,660 [ERROR] LogOutputStream:75 - [STDERR_REDIRECT] 
2026-10-06 15:48:10,667 [ERROR] LogOutputStream:75 - [STDERR_REDIRECT] [Fatal Error] :1:1: Premature end of file.
2026-10-06 15:48:10,667 [ERROR] LogOutputStream:75 - [STDERR_REDIRECT] 
2026-10-06 15:48:11,649 [ERROR] LogOutputStream:75 - [STDERR_REDIRECT] [Fatal Error] :1:1: Premature end of file.
2026-10-06 15:48:11,649 [ERROR] LogOutputStream:75 - [STDERR_REDIRECT] 
2026-10-06 15:48:12,664 [ERROR] LogOutputStream:75 - [STDERR_REDIRECT] [Fatal Error] :1:1: Premature end of file.
2026-10-06 15:48:12,664 [ERROR] LogOutputStream:75 - [STDERR_REDIRECT] 
2026-10-06 15:48:13,671 [ERROR] LogOutputStream:75 - [STDERR_REDIRECT] [Fatal Error] :1:1: Premature end of file.
2026-10-06 15:48:13,671 [ERROR] LogOutputStream:75 - [STDERR_REDIRECT] 
2026-10-06 15:48:14,672 [ERROR] LogOutputStream:75 - [STDERR_REDIRECT] [Fatal Error] :1:1: Premature end of file.
2026-10-06 15:48:14,672 [ERROR] LogOutputStream:75 - [STDERR_REDIRECT] 
2026-10-06 15:48:15,667 [ERROR] LogOutputStream:75 - [STDERR_REDIRECT] [Fatal Error] :1:1: Premature end of file.
2026-10-06 15:48:15,667 [ERROR] LogOutputStream:75 - [STDERR_REDIRECT] 
2026-10-06 15:48:16,668 [ERROR] LogOutputStream:75 - [STDERR_REDIRECT] [Fatal Error] :1:1: Premature end of file.
2026-10-06 15:48:16,669 [ERROR] LogOutputStream:75 - [STDERR_REDIRECT] 
2026-10-06 15:48:17,662 [ERROR] LogOutputStream:75 - [STDERR_REDIRECT] [Fatal Error] :1:1: Premature end of file.
2026-10-06 15:48:17,662 [ERROR] LogOutputStream:75 - [STDERR_REDIRECT] 
2026-10-06 15:48:18,661 [ERROR] LogOutputStream:75 - [STDERR_REDIRECT] [Fatal Error] :1:1: Premature end of file.
2026-10-06 15:48:18,662 [ERROR] LogOutputStream:75 - [STDERR_REDIRECT] 
2026-10-06 15:48:19,668 [ERROR] LogOutputStream:75 - [STDERR_REDIRECT] [Fatal Error] :1:1: Premature end of file.
2026-10-06 15:48:19,668 [ERROR] LogOutputStream:75 - [STDERR_REDIRECT] 
2026-10-06 15:48:20,666 [ERROR] LogOutputStream:75 - [STDERR_REDIRECT] [Fatal Error] :1:1: Premature end of file.
2026-10-06 15:48:20,666 [ERROR] LogOutputStream:75 - [STDERR_REDIRECT] 
2026-10-06 15:48:21,668 [ERROR] LogOutputStream:75 - [STDERR_REDIRECT] [Fatal Error] :1:1: Premature end of file.
2026-10-06 15:48:21,668 [ERROR] LogOutputStream:75 - [STDERR_REDIRECT] 
2026-10-06 15:48:22,661 [ERROR] LogOutputStream:75 - [STDERR_REDIRECT] [Fatal Error] :1:1: Premature end of file.
2026-10-06 15:48:22,661 [ERROR] LogOutputStream:75 - [STDERR_REDIRECT] 
2026-10-06 15:48:23,666 [ERROR] LogOutputStream:75 - [STDERR_REDIRECT] [Fatal Error] :1:1: Premature end of file.
2026-10-06 15:48:23,666 [ERROR] LogOutputStream:75 - [STDERR_REDIRECT] 
2026-10-06 15:48:24,663 [ERROR] LogOutputStream:75 - [STDERR_REDIRECT] [Fatal Error] :1:1: Premature end of file.
2026-10-06 15:48:24,663 [ERROR] LogOutputStream:75 - [STDERR_REDIRECT] 
2026-10-06 15:48:25,649 [ERROR] LogOutputStream:75 - [STDERR_REDIRECT] [Fatal Error] :1:1: Premature end of file.
2026-10-06 15:48:25,650 [ERROR] LogOutputStream:75 - [STDERR_REDIRECT] 
2026-10-06 15:48:26,659 [ERROR] LogOutputStream:75 - [STDERR_REDIRECT] [Fatal Error] :1:1: Premature end of file.
2026-10-06 15:48:26,659 [ERROR] LogOutputStream:75 - [STDERR_REDIRECT] 
2026-10-06 15:48:27,668 [ERROR] LogOutputStream:75 - [STDERR_REDIRECT] [Fatal Error] :1:1: Premature end of file.
2026-10-06 15:48:27,668 [ERROR] LogOutputStream:75 - [STDERR_REDIRECT] 
2026-10-06 15:48:28,658 [ERROR] LogOutputStream:75 - [STDERR_REDIRECT] [Fatal Error] :1:1: Premature end of file.
2026-10-06 15:48:28,658 [ERROR] LogOutputStream:75 - [STDERR_REDIRECT] 
2026-10-06 15:48:29,662 [ERROR] LogOutputStream:75 - [STDERR_REDIRECT] [Fatal Error] :1:1: Premature end of file.
2026-10-06 15:48:29,662 [ERROR] LogOutputStream:75 - [STDERR_REDIRECT] 
2026-10-06 15:48:30,670 [ERROR] LogOutputStream:75 - [STDERR_REDIRECT] [Fatal Error] :1:1: Premature end of file.
2026-10-06 15:48:30,670 [ERROR] LogOutputStream:75 - [STDERR_REDIRECT] 
2026-10-06 15:48:31,675 [ERROR] LogOutputStream:75 - [STDERR_REDIRECT] [Fatal Error] :1:1: Premature end of file.
2026-10-06 15:48:31,675 [ERROR] LogOutputStream:75 - [STDERR_REDIRECT] 
2026-10-06 15:48:32,669 [ERROR] LogOutputStream:75 - [STDERR_REDIRECT] [Fatal Error] :1:1: Premature end of file.
2026-10-06 15:48:32,669 [ERROR] LogOutputStream:75 - [STDERR_REDIRECT] 
2026-10-06 15:48:33,656 [ERROR] LogOutputStream:75 - [STDERR_REDIRECT] [Fatal Error] :1:1: Premature end of file.
2026-10-06 15:48:33,656 [ERROR] LogOutputStream:75 - [STDERR_REDIRECT] 
2026-10-06 15:48:34,662 [ERROR] LogOutputStream:75 - [STDERR_REDIRECT] [Fatal Error] :1:1: Premature end of file.
2026-10-06 15:48:34,662 [ERROR] LogOutputStream:75 - [STDERR_REDIRECT] 
2026-10-06 15:48:35,658 [ERROR] LogOutputStream:75 - [STDERR_REDIRECT] [Fatal Error] :1:1: Premature end of file.
2026-10-06 15:48:35,658 [ERROR] LogOutputStream:75 - [STDERR_REDIRECT] 
2026-10-06 15:48:36,656 [ERROR] LogOutputStream:75 - [STDERR_REDIRECT] [Fatal Error] :1:1: Premature end of file.
2026-10-06 15:48:36,656 [ERROR] LogOutputStream:75 - [STDERR_REDIRECT] 
2026-10-06 15:48:37,654 [ERROR] LogOutputStream:75 - [STDERR_REDIRECT] [Fatal Error] :1:1: Premature end of file.
2026-10-06 15:48:37,654 [ERROR] LogOutputStream:75 - [STDERR_REDIRECT] 
2026-10-06 15:48:38,652 [ERROR] LogOutputStream:75 - [STDERR_REDIRECT] [Fatal Error] :1:1: Premature end of file.
2026-10-06 15:48:38,652 [ERROR] LogOutputStream:75 - [STDERR_REDIRECT] 
2026-10-06 15:48:39,679 [ERROR] LogOutputStream:75 - [STDERR_REDIRECT] [Fatal Error] :1:1: Premature end of file.
2026-10-06 15:48:39,679 [ERROR] LogOutputStream:75 - [STDERR_REDIRECT] 
2026-10-06 15:48:40,665 [ERROR] LogOutputStream:75 - [STDERR_REDIRECT] [Fatal Error] :1:1: Premature end of file.
2026-10-06 15:48:40,665 [ERROR] LogOutputStream:75 - [STDERR_REDIRECT] 
2026-10-06 15:48:41,666 [ERROR] LogOutputStream:75 - [STDERR_REDIRECT] [Fatal Error] :1:1: Premature end of file.
2026-10-06 15:48:41,666 [ERROR] LogOutputStream:75 - [STDERR_REDIRECT] 
2026-10-06 15:48:42,658 [ERROR] LogOutputStream:75 - [STDERR_REDIRECT] [Fatal Error] :1:1: Premature end of file.
2026-10-06 15:48:42,658 [ERROR] LogOutputStream:75 - [STDERR_REDIRECT] 
2026-10-06 15:48:43,667 [ERROR] LogOutputStream:75 - [STDERR_REDIRECT] [Fatal Error] :1:1: Premature end of file.
2026-10-06 15:48:43,667 [ERROR] LogOutputStream:75 - [STDERR_REDIRECT] 
2026-10-06 15:48:44,661 [ERROR] LogOutputStream:75 - [STDERR_REDIRECT] [Fatal Error] :1:1: Premature end of file.
2026-10-06 15:48:44,661 [ERROR] LogOutputStream:75 - [STDERR_REDIRECT] 
2026-10-06 15:48:45,659 [ERROR] LogOutputStream:75 - [STDERR_REDIRECT] [Fatal Error] :1:1: Premature end of file.
2026-10-06 15:48:45,659 [ERROR] LogOutputStream:75 - [STDERR_REDIRECT] 
2026-10-06 15:48:46,676 [ERROR] LogOutputStream:75 - [STDERR_REDIRECT] [Fatal Error] :1:1: Premature end of file.
2026-10-06 15:48:46,676 [ERROR] LogOutputStream:75 - [STDERR_REDIRECT] 
2026-10-06 15:48:47,675 [ERROR] LogOutputStream:75 - [STDERR_REDIRECT] [Fatal Error] :1:1: Premature end of file.
2026-10-06 15:48:47,675 [ERROR] LogOutputStream:75 - [STDERR_REDIRECT] 
2026-10-06 15:48:48,658 [ERROR] LogOutputStream:75 - [STDERR_REDIRECT] [Fatal Error] :1:1: Premature end of file.
2026-10-06 15:48:48,658 [ERROR] LogOutputStream:75 - [STDERR_REDIRECT] 
2026-10-06 15:48:49,672 [ERROR] LogOutputStream:75 - [STDERR_REDIRECT] [Fatal Error] :1:1: Premature end of file.
2026-10-06 15:48:49,672 [ERROR] LogOutputStream:75 - [STDERR_REDIRECT] 
2026-10-06 15:48:50,650 [ERROR] LogOutputStream:75 - [STDERR_REDIRECT] [Fatal Error] :1:1: Premature end of file.
2026-10-06 15:48:50,651 [ERROR] LogOutputStream:75 - [STDERR_REDIRECT] 
2026-10-06 15:48:51,665 [ERROR] LogOutputStream:75 - [STDERR_REDIRECT] [Fatal Error] :1:1: Premature end of file.
2026-10-06 15:48:51,666 [ERROR] LogOutputStream:75 - [STDERR_REDIRECT] 
2026-10-06 15:48:52,672 [ERROR] LogOutputStream:75 - [STDERR_REDIRECT] [Fatal Error] :1:1: Premature end of file.
2026-10-06 15:48:52,673 [ERROR] LogOutputStream:75 - [STDERR_REDIRECT] 
2026-10-06 15:48:53,661 [ERROR] LogOutputStream:75 - [STDERR_REDIRECT] [Fatal Error] :1:1: Premature end of file.
2026-10-06 15:48:53,661 [ERROR] LogOutputStream:75 - [STDERR_REDIRECT] 
2026-10-06 15:48:54,672 [ERROR] LogOutputStream:75 - [STDERR_REDIRECT] [Fatal Error] :1:1: Premature end of file.
2026-10-06 15:48:54,672 [ERROR] LogOutputStream:75 - [STDERR_REDIRECT] 
2026-10-06 15:48:55,666 [ERROR] LogOutputStream:75 - [STDERR_REDIRECT] [Fatal Error] :1:1: Premature end of file.
2026-10-06 15:48:55,666 [ERROR] LogOutputStream:75 - [STDERR_REDIRECT] 
2026-10-06 15:48:56,661 [ERROR] LogOutputStream:75 - [STDERR_REDIRECT] [Fatal Error] :1:1: Premature end of file.
2026-10-06 15:48:56,661 [ERROR] LogOutputStream:75 - [STDERR_REDIRECT] 
2026-10-06 15:48:57,669 [ERROR] LogOutputStream:75 - [STDERR_REDIRECT] [Fatal Error] :1:1: Premature end of file.
2026-10-06 15:48:57,670 [ERROR] LogOutputStream:75 - [STDERR_REDIRECT] 
2026-10-06 15:48:58,667 [ERROR] LogOutputStream:75 - [STDERR_REDIRECT] [Fatal Error] :1:1: Premature end of file.
2026-10-06 15:48:58,668 [ERROR] LogOutputStream:75 - [STDERR_REDIRECT] 
2026-10-06 15:48:59,658 [ERROR] LogOutputStream:75 - [STDERR_REDIRECT] [Fatal Error] :1:1: Premature end of file.
2026-10-06 15:48:59,658 [ERROR] LogOutputStream:75 - [STDERR_REDIRECT] 
2026-10-06 15:49:00,661 [ERROR] LogOutputStream:75 - [STDERR_REDIRECT] [Fatal Error] :1:1: Premature end of file.
2026-10-06 15:49:00,662 [ERROR] LogOutputStream:75 - [STDERR_REDIRECT] 
2026-10-06 15:49:01,673 [ERROR] LogOutputStream:75 - [STDERR_REDIRECT] [Fatal Error] :1:1: Premature end of file.
2026-10-06 15:49:01,673 [ERROR] LogOutputStream:75 - [STDERR_REDIRECT] 
2026-10-06 15:49:02,672 [ERROR] LogOutputStream:75 - [STDERR_REDIRECT] [Fatal Error] :1:1: Premature end of file.
2026-10-06 15:49:02,672 [ERROR] LogOutputStream:75 - [STDERR_REDIRECT] 
2026-10-06 15:49:03,670 [ERROR] LogOutputStream:75 - [STDERR_REDIRECT] [Fatal Error] :1:1: Premature end of file.
2026-10-06 15:49:03,670 [ERROR] LogOutputStream:75 - [STDERR_REDIRECT] 
2026-10-06 15:49:04,669 [ERROR] LogOutputStream:75 - [STDERR_REDIRECT] [Fatal Error] :1:1: Premature end of file.
2026-10-06 15:49:04,669 [ERROR] LogOutputStream:75 - [STDERR_REDIRECT] 
2026-10-06 15:49:05,669 [ERROR] LogOutputStream:75 - [STDERR_REDIRECT] [Fatal Error] :1:1: Premature end of file.
2026-10-06 15:49:05,669 [ERROR] LogOutputStream:75 - [STDERR_REDIRECT] 
2026-10-06 15:49:06,663 [ERROR] LogOutputStream:75 - [STDERR_REDIRECT] [Fatal Error] :1:1: Premature end of file.
2026-10-06 15:49:06,663 [ERROR] LogOutputStream:75 - [STDERR_REDIRECT] 
2026-10-06 15:49:07,656 [ERROR] LogOutputStream:75 - [STDERR_REDIRECT] [Fatal Error] :1:1: Premature end of file.
2026-10-06 15:49:07,656 [ERROR] LogOutputStream:75 - [STDERR_REDIRECT] 
2026-10-06 15:49:08,650 [ERROR] LogOutputStream:75 - [STDERR_REDIRECT] [Fatal Error] :1:1: Premature end of file.
2026-10-06 15:49:08,650 [ERROR] LogOutputStream:75 - [STDERR_REDIRECT] 
2026-10-06 15:49:09,672 [ERROR] LogOutputStream:75 - [STDERR_REDIRECT] [Fatal Error] :1:1: Premature end of file.
2026-10-06 15:49:09,673 [ERROR] LogOutputStream:75 - [STDERR_REDIRECT] 
2026-10-06 15:49:10,671 [ERROR] LogOutputStream:75 - [STDERR_REDIRECT] [Fatal Error] :1:1: Premature end of file.
2026-10-06 15:49:10,672 [ERROR] LogOutputStream:75 - [STDERR_REDIRECT] 
2026-10-06 15:49:11,667 [ERROR] LogOutputStream:75 - [STDERR_REDIRECT] [Fatal Error] :1:1: Premature end of file.
2026-10-06 15:49:11,667 [ERROR] LogOutputStream:75 - [STDERR_REDIRECT] 
2026-10-06 15:49:12,653 [ERROR] LogOutputStream:75 - [STDERR_REDIRECT] [Fatal Error] :1:1: Premature end of file.
2026-10-06 15:49:12,653 [ERROR] LogOutputStream:75 - [STDERR_REDIRECT] 
2026-10-06 15:49:13,676 [ERROR] LogOutputStream:75 - [STDERR_REDIRECT] [Fatal Error] :1:1: Premature end of file.
2026-10-06 15:49:13,677 [ERROR] LogOutputStream:75 - [STDERR_REDIRECT] 
2026-10-06 15:49:14,672 [ERROR] LogOutputStream:75 - [STDERR_REDIRECT] [Fatal Error] :1:1: Premature end of file.
2026-10-06 15:49:14,672 [ERROR] LogOutputStream:75 - [STDERR_REDIRECT] 
2026-10-06 15:49:15,662 [ERROR] LogOutputStream:75 - [STDERR_REDIRECT] [Fatal Error] :1:1: Premature end of file.
2026-10-06 15:49:15,662 [ERROR] LogOutputStream:75 - [STDERR_REDIRECT] 
2026-10-06 15:49:16,664 [ERROR] LogOutputStream:75 - [STDERR_REDIRECT] [Fatal Error] :1:1: Premature end of file.
2026-10-06 15:49:16,664 [ERROR] LogOutputStream:75 - [STDERR_REDIRECT] 
2026-10-06 15:49:17,666 [ERROR] LogOutputStream:75 - [STDERR_REDIRECT] [Fatal Error] :1:1: Premature end of file.
2026-10-06 15:49:17,666 [ERROR] LogOutputStream:75 - [STDERR_REDIRECT] 
2026-10-06 15:49:18,669 [ERROR] LogOutputStream:75 - [STDERR_REDIRECT] [Fatal Error] :1:1: Premature end of file.
2026-10-06 15:49:18,669 [ERROR] LogOutputStream:75 - [STDERR_REDIRECT] 
2026-10-06 15:49:19,655 [ERROR] LogOutputStream:75 - [STDERR_REDIRECT] [Fatal Error] :1:1: Premature end of file.
2026-10-06 15:49:19,655 [ERROR] LogOutputStream:75 - [STDERR_REDIRECT] 
2026-10-06 15:49:20,656 [ERROR] LogOutputStream:75 - [STDERR_REDIRECT] [Fatal Error] :1:1: Premature end of file.
2026-10-06 15:49:20,656 [ERROR] LogOutputStream:75 - [STDERR_REDIRECT] 
2026-10-06 15:49:21,667 [ERROR] LogOutputStream:75 - [STDERR_REDIRECT] [Fatal Error] :1:1: Premature end of file.
2026-10-06 15:49:21,668 [ERROR] LogOutputStream:75 - [STDERR_REDIRECT] 
2026-10-06 15:49:22,665 [ERROR] LogOutputStream:75 - [STDERR_REDIRECT] [Fatal Error] :1:1: Premature end of file.
2026-10-06 15:49:22,665 [ERROR] LogOutputStream:75 - [STDERR_REDIRECT] 
2026-10-06 15:49:23,668 [ERROR] LogOutputStream:75 - [STDERR_REDIRECT] [Fatal Error] :1:1: Premature end of file.
2026-10-06 15:49:23,668 [ERROR] LogOutputStream:75 - [STDERR_REDIRECT] 
2026-10-06 15:49:24,661 [ERROR] LogOutputStream:75 - [STDERR_REDIRECT] [Fatal Error] :1:1: Premature end of file.
2026-10-06 15:49:24,661 [ERROR] LogOutputStream:75 - [STDERR_REDIRECT] 
2026-10-06 15:49:25,668 [ERROR] LogOutputStream:75 - [STDERR_REDIRECT] [Fatal Error] :1:1: Premature end of file.
2026-10-06 15:49:25,668 [ERROR] LogOutputStream:75 - [STDERR_REDIRECT] 
2026-10-06 15:49:26,669 [ERROR] LogOutputStream:75 - [STDERR_REDIRECT] [Fatal Error] :1:1: Premature end of file.
2026-10-06 15:49:26,670 [ERROR] LogOutputStream:75 - [STDERR_REDIRECT] 
2026-10-06 15:49:27,662 [ERROR] LogOutputStream:75 - [STDERR_REDIRECT] [Fatal Error] :1:1: Premature end of file.
2026-10-06 15:49:27,662 [ERROR] LogOutputStream:75 - [STDERR_REDIRECT] 
2026-10-06 15:49:28,659 [ERROR] LogOutputStream:75 - [STDERR_REDIRECT] [Fatal Error] :1:1: Premature end of file.
2026-10-06 15:49:28,659 [ERROR] LogOutputStream:75 - [STDERR_REDIRECT] 
2026-10-06 15:49:29,672 [ERROR] LogOutputStream:75 - [STDERR_REDIRECT] [Fatal Error] :1:1: Premature end of file.
2026-10-06 15:49:29,672 [ERROR] LogOutputStream:75 - [STDERR_REDIRECT] 
2026-10-06 15:49:30,667 [ERROR] LogOutputStream:75 - [STDERR_REDIRECT] [Fatal Error] :1:1: Premature end of file.
2026-10-06 15:49:30,667 [ERROR] LogOutputStream:75 - [STDERR_REDIRECT] 
2026-10-06 15:49:31,678 [ERROR] LogOutputStream:75 - [STDERR_REDIRECT] [Fatal Error] :1:1: Premature end of file.
2026-10-06 15:49:31,678 [ERROR] LogOutputStream:75 - [STDERR_REDIRECT] 
2026-10-06 15:49:32,675 [ERROR] LogOutputStream:75 - [STDERR_REDIRECT] [Fatal Error] :1:1: Premature end of file.
2026-10-06 15:49:32,675 [ERROR] LogOutputStream:75 - [STDERR_REDIRECT] 
2026-10-06 15:49:33,660 [ERROR] LogOutputStream:75 - [STDERR_REDIRECT] [Fatal Error] :1:1: Premature end of file.
2026-10-06 15:49:33,660 [ERROR] LogOutputStream:75 - [STDERR_REDIRECT] 
2026-10-06 15:49:34,655 [ERROR] LogOutputStream:75 - [STDERR_REDIRECT] [Fatal Error] :1:1: Premature end of file.
2026-10-06 15:49:34,655 [ERROR] LogOutputStream:75 - [STDERR_REDIRECT] 
2026-10-06 15:49:35,674 [ERROR] LogOutputStream:75 - [STDERR_REDIRECT] [Fatal Error] :1:1: Premature end of file.
2026-10-06 15:49:35,674 [ERROR] LogOutputStream:75 - [STDERR_REDIRECT] 
2026-10-06 15:49:36,661 [ERROR] LogOutputStream:75 - [STDERR_REDIRECT] [Fatal Error] :1:1: Premature end of file.
2026-10-06 15:49:36,661 [ERROR] LogOutputStream:75 - [STDERR_REDIRECT] 
2026-10-06 15:49:37,666 [ERROR] LogOutputStream:75 - [STDERR_REDIRECT] [Fatal Error] :1:1: Premature end of file.
2026-10-06 15:49:37,666 [ERROR] LogOutputStream:75 - [STDERR_REDIRECT] 
2026-10-06 15:49:38,660 [ERROR] LogOutputStream:75 - [STDERR_REDIRECT] [Fatal Error] :1:1: Premature end of file.
2026-10-06 15:49:38,661 [ERROR] LogOutputStream:75 - [STDERR_REDIRECT] 
2026-10-06 15:49:39,662 [ERROR] LogOutputStream:75 - [STDERR_REDIRECT] [Fatal Error] :1:1: Premature end of file.
2026-10-06 15:49:39,662 [ERROR] LogOutputStream:75 - [STDERR_REDIRECT] 
2026-10-06 15:49:40,661 [ERROR] LogOutputStream:75 - [STDERR_REDIRECT] [Fatal Error] :1:1: Premature end of file.
2026-10-06 15:49:40,661 [ERROR] LogOutputStream:75 - [STDERR_REDIRECT] 
2026-10-06 15:49:41,662 [ERROR] LogOutputStream:75 - [STDERR_REDIRECT] [Fatal Error] :1:1: Premature end of file.
2026-10-06 15:49:41,662 [ERROR] LogOutputStream:75 - [STDERR_REDIRECT] 
2026-10-06 15:49:42,664 [ERROR] LogOutputStream:75 - [STDERR_REDIRECT] [Fatal Error] :1:1: Premature end of file.
2026-10-06 15:49:42,664 [ERROR] LogOutputStream:75 - [STDERR_REDIRECT] 
2026-10-06 15:49:43,673 [ERROR] LogOutputStream:75 - [STDERR_REDIRECT] [Fatal Error] :1:1: Premature end of file.
2026-10-06 15:49:43,673 [ERROR] LogOutputStream:75 - [STDERR_REDIRECT] 
2026-10-06 15:49:44,664 [ERROR] LogOutputStream:75 - [STDERR_REDIRECT] [Fatal Error] :1:1: Premature end of file.
2026-10-06 15:49:44,664 [ERROR] LogOutputStream:75 - [STDERR_REDIRECT] 
2026-10-06 15:49:45,670 [ERROR] LogOutputStream:75 - [STDERR_REDIRECT] [Fatal Error] :1:1: Premature end of file.
2026-10-06 15:49:45,670 [ERROR] LogOutputStream:75 - [STDERR_REDIRECT] 
2026-10-06 15:49:46,655 [ERROR] LogOutputStream:75 - [STDERR_REDIRECT] [Fatal Error] :1:1: Premature end of file.
2026-10-06 15:49:46,655 [ERROR] LogOutputStream:75 - [STDERR_REDIRECT] 
2026-10-06 15:49:47,676 [ERROR] LogOutputStream:75 - [STDERR_REDIRECT] [Fatal Error] :1:1: Premature end of file.
2026-10-06 15:49:47,676 [ERROR] LogOutputStream:75 - [STDERR_REDIRECT] 
2026-10-06 15:49:48,675 [ERROR] LogOutputStream:75 - [STDERR_REDIRECT] [Fatal Error] :1:1: Premature end of file.
2026-10-06 15:49:48,675 [ERROR] LogOutputStream:75 - [STDERR_REDIRECT] 
2026-10-06 15:49:49,673 [ERROR] LogOutputStream:75 - [STDERR_REDIRECT] [Fatal Error] :1:1: Premature end of file.
2026-10-06 15:49:49,673 [ERROR] LogOutputStream:75 - [STDERR_REDIRECT] 
2026-10-06 15:49:50,672 [ERROR] LogOutputStream:75 - [STDERR_REDIRECT] [Fatal Error] :1:1: Premature end of file.
2026-10-06 15:49:50,672 [ERROR] LogOutputStream:75 - [STDERR_REDIRECT] 
2026-10-06 15:49:51,652 [ERROR] LogOutputStream:75 - [STDERR_REDIRECT] [Fatal Error] :1:1: Premature end of file.
2026-10-06 15:49:51,652 [ERROR] LogOutputStream:75 - [STDERR_REDIRECT] 
2026-10-06 15:49:52,658 [ERROR] LogOutputStream:75 - [STDERR_REDIRECT] [Fatal Error] :1:1: Premature end of file.
2026-10-06 15:49:52,658 [ERROR] LogOutputStream:75 - [STDERR_REDIRECT] 
2026-10-06 15:49:53,648 [ERROR] LogOutputStream:75 - [STDERR_REDIRECT] [Fatal Error] :1:1: Premature end of file.
2026-10-06 15:49:53,649 [ERROR] LogOutputStream:75 - [STDERR_REDIRECT] 
2026-10-06 15:49:54,660 [ERROR] LogOutputStream:75 - [STDERR_REDIRECT] [Fatal Error] :1:1: Premature end of file.
2026-10-06 15:49:54,661 [ERROR] LogOutputStream:75 - [STDERR_REDIRECT] 
2026-10-06 15:49:55,656 [ERROR] LogOutputStream:75 - [STDERR_REDIRECT] [Fatal Error] :1:1: Premature end of file.
2026-10-06 15:49:55,656 [ERROR] LogOutputStream:75 - [STDERR_REDIRECT] 
2026-10-06 15:49:56,661 [ERROR] LogOutputStream:75 - [STDERR_REDIRECT] [Fatal Error] :1:1: Premature end of file.
2026-10-06 15:49:56,662 [ERROR] LogOutputStream:75 - [STDERR_REDIRECT] 
2026-10-06 15:49:57,663 [ERROR] LogOutputStream:75 - [STDERR_REDIRECT] [Fatal Error] :1:1: Premature end of file.
2026-10-06 15:49:57,663 [ERROR] LogOutputStream:75 - [STDERR_REDIRECT] 
2026-10-06 15:49:58,656 [ERROR] LogOutputStream:75 - [STDERR_REDIRECT] [Fatal Error] :1:1: Premature end of file.
2026-10-06 15:49:58,657 [ERROR] LogOutputStream:75 - [STDERR_REDIRECT] 
2026-10-06 15:49:59,660 [ERROR] LogOutputStream:75 - [STDERR_REDIRECT] [Fatal Error] :1:1: Premature end of file.
2026-10-06 15:49:59,660 [ERROR] LogOutputStream:75 - [STDERR_REDIRECT] 
2026-10-06 15:50:00,651 [ERROR] LogOutputStream:75 - [STDERR_REDIRECT] [Fatal Error] :1:1: Premature end of file.
2026-10-06 15:50:00,651 [ERROR] LogOutputStream:75 - [STDERR_REDIRECT] 
2026-10-06 15:50:01,662 [ERROR] LogOutputStream:75 - [STDERR_REDIRECT] [Fatal Error] :1:1: Premature end of file.
2026-10-06 15:50:01,662 [ERROR] LogOutputStream:75 - [STDERR_REDIRECT] 
2026-10-06 15:50:02,659 [ERROR] LogOutputStream:75 - [STDERR_REDIRECT] [Fatal Error] :1:1: Premature end of file.
2026-10-06 15:50:02,659 [ERROR] LogOutputStream:75 - [STDERR_REDIRECT] 
2026-10-06 15:50:03,665 [ERROR] LogOutputStream:75 - [STDERR_REDIRECT] [Fatal Error] :1:1: Premature end of file.
2026-10-06 15:50:03,665 [ERROR] LogOutputStream:75 - [STDERR_REDIRECT] 
2026-10-06 15:50:04,661 [ERROR] LogOutputStream:75 - [STDERR_REDIRECT] [Fatal Error] :1:1: Premature end of file.
2026-10-06 15:50:04,661 [ERROR] LogOutputStream:75 - [STDERR_REDIRECT] 
2026-10-06 15:50:05,657 [ERROR] LogOutputStream:75 - [STDERR_REDIRECT] [Fatal Error] :1:1: Premature end of file.
2026-10-06 15:50:05,657 [ERROR] LogOutputStream:75 - [STDERR_REDIRECT] 
2026-10-06 15:50:06,650 [ERROR] LogOutputStream:75 - [STDERR_REDIRECT] [Fatal Error] :1:1: Premature end of file.
2026-10-06 15:50:06,650 [ERROR] LogOutputStream:75 - [STDERR_REDIRECT] 
2026-10-06 15:50:07,652 [ERROR] LogOutputStream:75 - [STDERR_REDIRECT] [Fatal Error] :1:1: Premature end of file.
2026-10-06 15:50:07,652 [ERROR] LogOutputStream:75 - [STDERR_REDIRECT] 
2026-10-06 15:50:08,650 [ERROR] LogOutputStream:75 - [STDERR_REDIRECT] [Fatal Error] :1:1: Premature end of file.
2026-10-06 15:50:08,650 [ERROR] LogOutputStream:75 - [STDERR_REDIRECT] 
2026-10-06 15:50:09,662 [ERROR] LogOutputStream:75 - [STDERR_REDIRECT] [Fatal Error] :1:1: Premature end of file.
2026-10-06 15:50:09,662 [ERROR] LogOutputStream:75 - [STDERR_REDIRECT] 
2026-10-06 15:50:10,652 [ERROR] LogOutputStream:75 - [STDERR_REDIRECT] [Fatal Error] :1:1: Premature end of file.
2026-10-06 15:50:10,652 [ERROR] LogOutputStream:75 - [STDERR_REDIRECT] 
2026-10-06 15:50:11,653 [ERROR] LogOutputStream:75 - [STDERR_REDIRECT] [Fatal Error] :1:1: Premature end of file.
2026-10-06 15:50:11,653 [ERROR] LogOutputStream:75 - [STDERR_REDIRECT] 
2026-10-06 15:50:12,649 [ERROR] LogOutputStream:75 - [STDERR_REDIRECT] [Fatal Error] :1:1: Premature end of file.
2026-10-06 15:50:12,650 [ERROR] LogOutputStream:75 - [STDERR_REDIRECT] 
2026-10-06 15:50:13,662 [ERROR] LogOutputStream:75 - [STDERR_REDIRECT] [Fatal Error] :1:1: Premature end of file.
2026-10-06 15:50:13,662 [ERROR] LogOutputStream:75 - [STDERR_REDIRECT] 
2026-10-06 15:50:14,664 [ERROR] LogOutputStream:75 - [STDERR_REDIRECT] [Fatal Error] :1:1: Premature end of file.
2026-10-06 15:50:14,665 [ERROR] LogOutputStream:75 - [STDERR_REDIRECT] 
2026-10-06 15:50:15,670 [ERROR] LogOutputStream:75 - [STDERR_REDIRECT] [Fatal Error] :1:1: Premature end of file.
2026-10-06 15:50:15,670 [ERROR] LogOutputStream:75 - [STDERR_REDIRECT] 
2026-10-06 15:50:16,677 [ERROR] LogOutputStream:75 - [STDERR_REDIRECT] [Fatal Error] :1:1: Premature end of file.
2026-10-06 15:50:16,677 [ERROR] LogOutputStream:75 - [STDERR_REDIRECT] 
2026-10-06 15:50:17,669 [ERROR] LogOutputStream:75 - [STDERR_REDIRECT] [Fatal Error] :1:1: Premature end of file.
2026-10-06 15:50:17,669 [ERROR] LogOutputStream:75 - [STDERR_REDIRECT] 
2026-10-06 15:50:18,666 [ERROR] LogOutputStream:75 - [STDERR_REDIRECT] [Fatal Error] :1:1: Premature end of file.
2026-10-06 15:50:18,666 [ERROR] LogOutputStream:75 - [STDERR_REDIRECT] 
2026-10-06 15:50:19,661 [ERROR] LogOutputStream:75 - [STDERR_REDIRECT] [Fatal Error] :1:1: Premature end of file.
2026-10-06 15:50:19,661 [ERROR] LogOutputStream:75 - [STDERR_REDIRECT] 
2026-10-06 15:50:20,676 [ERROR] LogOutputStream:75 - [STDERR_REDIRECT] [Fatal Error] :1:1: Premature end of file.
2026-10-06 15:50:20,676 [ERROR] LogOutputStream:75 - [STDERR_REDIRECT] 
2026-10-06 15:50:21,670 [ERROR] LogOutputStream:75 - [STDERR_REDIRECT] [Fatal Error] :1:1: Premature end of file.
2026-10-06 15:50:21,670 [ERROR] LogOutputStream:75 - [STDERR_REDIRECT] 
2026-10-06 15:50:22,658 [ERROR] LogOutputStream:75 - [STDERR_REDIRECT] [Fatal Error] :1:1: Premature end of file.
2026-10-06 15:50:22,658 [ERROR] LogOutputStream:75 - [STDERR_REDIRECT] 
2026-10-06 15:50:23,672 [ERROR] LogOutputStream:75 - [STDERR_REDIRECT] [Fatal Error] :1:1: Premature end of file.
2026-10-06 15:50:23,673 [ERROR] LogOutputStream:75 - [STDERR_REDIRECT] 
2026-10-06 15:50:24,660 [ERROR] LogOutputStream:75 - [STDERR_REDIRECT] [Fatal Error] :1:1: Premature end of file.
2026-10-06 15:50:24,660 [ERROR] LogOutputStream:75 - [STDERR_REDIRECT] 
2026-10-06 15:50:25,675 [ERROR] LogOutputStream:75 - [STDERR_REDIRECT] [Fatal Error] :1:1: Premature end of file.
2026-10-06 15:50:25,675 [ERROR] LogOutputStream:75 - [STDERR_REDIRECT] 
2026-10-06 15:50:26,677 [ERROR] LogOutputStream:75 - [STDERR_REDIRECT] [Fatal Error] :1:1: Premature end of file.
2026-10-06 15:50:26,677 [ERROR] LogOutputStream:75 - [STDERR_REDIRECT] 
2026-10-06 15:50:27,660 [ERROR] LogOutputStream:75 - [STDERR_REDIRECT] [Fatal Error] :1:1: Premature end of file.
2026-10-06 15:50:27,660 [ERROR] LogOutputStream:75 - [STDERR_REDIRECT] 
2026-10-06 15:50:28,667 [ERROR] LogOutputStream:75 - [STDERR_REDIRECT] [Fatal Error] :1:1: Premature end of file.
2026-10-06 15:50:28,667 [ERROR] LogOutputStream:75 - [STDERR_REDIRECT] 
2026-10-06 15:50:29,659 [ERROR] LogOutputStream:75 - [STDERR_REDIRECT] [Fatal Error] :1:1: Premature end of file.
2026-10-06 15:50:29,659 [ERROR] LogOutputStream:75 - [STDERR_REDIRECT] 
2026-10-06 15:50:30,657 [ERROR] LogOutputStream:75 - [STDERR_REDIRECT] [Fatal Error] :1:1: Premature end of file.
2026-10-06 15:50:30,657 [ERROR] LogOutputStream:75 - [STDERR_REDIRECT] 
2026-10-06 15:50:31,672 [ERROR] LogOutputStream:75 - [STDERR_REDIRECT] [Fatal Error] :1:1: Premature end of file.
2026-10-06 15:50:31,672 [ERROR] LogOutputStream:75 - [STDERR_REDIRECT] 
2026-10-06 15:50:32,661 [ERROR] LogOutputStream:75 - [STDERR_REDIRECT] [Fatal Error] :1:1: Premature end of file.
2026-10-06 15:50:32,661 [ERROR] LogOutputStream:75 - [STDERR_REDIRECT] 
2026-10-06 15:50:33,669 [ERROR] LogOutputStream:75 - [STDERR_REDIRECT] [Fatal Error] :1:1: Premature end of file.
2026-10-06 15:50:33,669 [ERROR] LogOutputStream:75 - [STDERR_REDIRECT] 
2026-10-06 15:50:34,672 [ERROR] LogOutputStream:75 - [STDERR_REDIRECT] [Fatal Error] :1:1: Premature end of file.
2026-10-06 15:50:34,673 [ERROR] LogOutputStream:75 - [STDERR_REDIRECT] 
2026-10-06 15:50:35,668 [ERROR] LogOutputStream:75 - [STDERR_REDIRECT] [Fatal Error] :1:1: Premature end of file.
2026-10-06 15:50:35,668 [ERROR] LogOutputStream:75 - [STDERR_REDIRECT] 
2026-10-06 15:50:36,671 [ERROR] LogOutputStream:75 - [STDERR_REDIRECT] [Fatal Error] :1:1: Premature end of file.
2026-10-06 15:50:36,671 [ERROR] LogOutputStream:75 - [STDERR_REDIRECT] 
2026-10-06 15:50:37,666 [ERROR] LogOutputStream:75 - [STDERR_REDIRECT] [Fatal Error] :1:1: Premature end of file.
2026-10-06 15:50:37,666 [ERROR] LogOutputStream:75 - [STDERR_REDIRECT] 
2026-10-06 15:50:38,661 [ERROR] LogOutputStream:75 - [STDERR_REDIRECT] [Fatal Error] :1:1: Premature end of file.
2026-10-06 15:50:38,661 [ERROR] LogOutputStream:75 - [STDERR_REDIRECT] 
2026-10-06 15:50:39,654 [ERROR] LogOutputStream:75 - [STDERR_REDIRECT] [Fatal Error] :1:1: Premature end of file.
2026-10-06 15:50:39,654 [ERROR] LogOutputStream:75 - [STDERR_REDIRECT] 
2026-10-06 15:50:40,657 [ERROR] LogOutputStream:75 - [STDERR_REDIRECT] [Fatal Error] :1:1: Premature end of file.
2026-10-06 15:50:40,657 [ERROR] LogOutputStream:75 - [STDERR_REDIRECT] 
2026-10-06 15:50:41,674 [ERROR] LogOutputStream:75 - [STDERR_REDIRECT] [Fatal Error] :1:1: Premature end of file.
2026-10-06 15:50:41,674 [ERROR] LogOutputStream:75 - [STDERR_REDIRECT] 
2026-10-06 15:50:42,651 [ERROR] LogOutputStream:75 - [STDERR_REDIRECT] [Fatal Error] :1:1: Premature end of file.
2026-10-06 15:50:42,651 [ERROR] LogOutputStream:75 - [STDERR_REDIRECT] 
2026-10-06 15:50:43,667 [ERROR] LogOutputStream:75 - [STDERR_REDIRECT] [Fatal Error] :1:1: Premature end of file.
2026-10-06 15:50:43,667 [ERROR] LogOutputStream:75 - [STDERR_REDIRECT] 
2026-10-06 15:50:44,664 [ERROR] LogOutputStream:75 - [STDERR_REDIRECT] [Fatal Error] :1:1: Premature end of file.
2026-10-06 15:50:44,665 [ERROR] LogOutputStream:75 - [STDERR_REDIRECT] 
2026-10-06 15:50:45,658 [ERROR] LogOutputStream:75 - [STDERR_REDIRECT] [Fatal Error] :1:1: Premature end of file.
2026-10-06 15:50:45,658 [ERROR] LogOutputStream:75 - [STDERR_REDIRECT] 
2026-10-06 15:50:46,666 [ERROR] LogOutputStream:75 - [STDERR_REDIRECT] [Fatal Error] :1:1: Premature end of file.
2026-10-06 15:50:46,666 [ERROR] LogOutputStream:75 - [STDERR_REDIRECT] 
2026-10-06 15:50:47,664 [ERROR] LogOutputStream:75 - [STDERR_REDIRECT] [Fatal Error] :1:1: Premature end of file.
2026-10-06 15:50:47,664 [ERROR] LogOutputStream:75 - [STDERR_REDIRECT] 
2026-10-06 15:50:48,659 [ERROR] LogOutputStream:75 - [STDERR_REDIRECT] [Fatal Error] :1:1: Premature end of file.
2026-10-06 15:50:48,659 [ERROR] LogOutputStream:75 - [STDERR_REDIRECT] 
2026-10-06 15:50:49,658 [ERROR] LogOutputStream:75 - [STDERR_REDIRECT] [Fatal Error] :1:1: Premature end of file.
2026-10-06 15:50:49,658 [ERROR] LogOutputStream:75 - [STDERR_REDIRECT] 
2026-10-06 15:50:50,671 [ERROR] LogOutputStream:75 - [STDERR_REDIRECT] [Fatal Error] :1:1: Premature end of file.
2026-10-06 15:50:50,671 [ERROR] LogOutputStream:75 - [STDERR_REDIRECT] 
2026-10-06 15:50:51,675 [ERROR] LogOutputStream:75 - [STDERR_REDIRECT] [Fatal Error] :1:1: Premature end of file.
2026-10-06 15:50:51,675 [ERROR] LogOutputStream:75 - [STDERR_REDIRECT] 
2026-10-06 15:50:52,665 [ERROR] LogOutputStream:75 - [STDERR_REDIRECT] [Fatal Error] :1:1: Premature end of file.
2026-10-06 15:50:52,665 [ERROR] LogOutputStream:75 - [STDERR_REDIRECT] 
2026-10-06 15:50:53,664 [ERROR] LogOutputStream:75 - [STDERR_REDIRECT] [Fatal Error] :1:1: Premature end of file.
2026-10-06 15:50:53,664 [ERROR] LogOutputStream:75 - [STDERR_REDIRECT] 
2026-10-06 15:50:54,658 [ERROR] LogOutputStream:75 - [STDERR_REDIRECT] [Fatal Error] :1:1: Premature end of file.
2026-10-06 15:50:54,659 [ERROR] LogOutputStream:75 - [STDERR_REDIRECT] 
2026-10-06 15:50:55,669 [ERROR] LogOutputStream:75 - [STDERR_REDIRECT] [Fatal Error] :1:1: Premature end of file.
2026-10-06 15:50:55,669 [ERROR] LogOutputStream:75 - [STDERR_REDIRECT] 
2026-10-06 15:50:56,674 [ERROR] LogOutputStream:75 - [STDERR_REDIRECT] [Fatal Error] :1:1: Premature end of file.
2026-10-06 15:50:56,674 [ERROR] LogOutputStream:75 - [STDERR_REDIRECT] 
2026-10-06 15:50:57,671 [ERROR] LogOutputStream:75 - [STDERR_REDIRECT] [Fatal Error] :1:1: Premature end of file.
2026-10-06 15:50:57,671 [ERROR] LogOutputStream:75 - [STDERR_REDIRECT] 
2026-10-06 15:50:58,669 [ERROR] LogOutputStream:75 - [STDERR_REDIRECT] [Fatal Error] :1:1: Premature end of file.
2026-10-06 15:50:58,669 [ERROR] LogOutputStream:75 - [STDERR_REDIRECT] 
2026-10-06 15:50:59,668 [ERROR] LogOutputStream:75 - [STDERR_REDIRECT] [Fatal Error] :1:1: Premature end of file.
2026-10-06 15:50:59,668 [ERROR] LogOutputStream:75 - [STDERR_REDIRECT] 
2026-10-06 15:51:00,662 [ERROR] LogOutputStream:75 - [STDERR_REDIRECT] [Fatal Error] :1:1: Premature end of file.
2026-10-06 15:51:00,662 [ERROR] LogOutputStream:75 - [STDERR_REDIRECT] 
2026-10-06 15:51:01,665 [ERROR] LogOutputStream:75 - [STDERR_REDIRECT] [Fatal Error] :1:1: Premature end of file.
2026-10-06 15:51:01,665 [ERROR] LogOutputStream:75 - [STDERR_REDIRECT] 
2026-10-06 15:51:02,675 [ERROR] LogOutputStream:75 - [STDERR_REDIRECT] [Fatal Error] :1:1: Premature end of file.
2026-10-06 15:51:02,675 [ERROR] LogOutputStream:75 - [STDERR_REDIRECT] 
2026-10-06 15:51:03,674 [ERROR] LogOutputStream:75 - [STDERR_REDIRECT] [Fatal Error] :1:1: Premature end of file.
2026-10-06 15:51:03,674 [ERROR] LogOutputStream:75 - [STDERR_REDIRECT] 
2026-10-06 15:51:04,672 [ERROR] LogOutputStream:75 - [STDERR_REDIRECT] [Fatal Error] :1:1: Premature end of file.
2026-10-06 15:51:04,672 [ERROR] LogOutputStream:75 - [STDERR_REDIRECT] 
2026-10-06 15:51:05,674 [ERROR] LogOutputStream:75 - [STDERR_REDIRECT] [Fatal Error] :1:1: Premature end of file.
2026-10-06 15:51:05,674 [ERROR] LogOutputStream:75 - [STDERR_REDIRECT] 
2026-10-06 15:51:06,677 [ERROR] LogOutputStream:75 - [STDERR_REDIRECT] [Fatal Error] :1:1: Premature end of file.
2026-10-06 15:51:06,677 [ERROR] LogOutputStream:75 - [STDERR_REDIRECT] 
2026-10-06 15:51:07,669 [ERROR] LogOutputStream:75 - [STDERR_REDIRECT] [Fatal Error] :1:1: Premature end of file.
2026-10-06 15:51:07,669 [ERROR] LogOutputStream:75 - [STDERR_REDIRECT] 
2026-10-06 15:51:08,657 [ERROR] LogOutputStream:75 - [STDERR_REDIRECT] [Fatal Error] :1:1: Premature end of file.
2026-10-06 15:51:08,657 [ERROR] LogOutputStream:75 - [STDERR_REDIRECT] 
2026-10-06 15:51:09,658 [ERROR] LogOutputStream:75 - [STDERR_REDIRECT] [Fatal Error] :1:1: Premature end of file.
2026-10-06 15:51:09,658 [ERROR] LogOutputStream:75 - [STDERR_REDIRECT] 
2026-10-06 15:51:10,675 [ERROR] LogOutputStream:75 - [STDERR_REDIRECT] [Fatal Error] :1:1: Premature end of file.
2026-10-06 15:51:10,675 [ERROR] LogOutputStream:75 - [STDERR_REDIRECT] 
2026-10-06 15:51:11,661 [ERROR] LogOutputStream:75 - [STDERR_REDIRECT] [Fatal Error] :1:1: Premature end of file.
2026-10-06 15:51:11,661 [ERROR] LogOutputStream:75 - [STDERR_REDIRECT] 
2026-10-06 15:51:12,663 [ERROR] LogOutputStream:75 - [STDERR_REDIRECT] [Fatal Error] :1:1: Premature end of file.
2026-10-06 15:51:12,663 [ERROR] LogOutputStream:75 - [STDERR_REDIRECT] 
2026-10-06 15:51:13,666 [ERROR] LogOutputStream:75 - [STDERR_REDIRECT] [Fatal Error] :1:1: Premature end of file.
2026-10-06 15:51:13,666 [ERROR] LogOutputStream:75 - [STDERR_REDIRECT] 
2026-10-06 15:51:14,659 [ERROR] LogOutputStream:75 - [STDERR_REDIRECT] [Fatal Error] :1:1: Premature end of file.
2026-10-06 15:51:14,659 [ERROR] LogOutputStream:75 - [STDERR_REDIRECT] 
2026-10-06 15:51:15,671 [ERROR] LogOutputStream:75 - [STDERR_REDIRECT] [Fatal Error] :1:1: Premature end of file.
2026-10-06 15:51:15,671 [ERROR] LogOutputStream:75 - [STDERR_REDIRECT] 
2026-10-06 15:51:16,666 [ERROR] LogOutputStream:75 - [STDERR_REDIRECT] [Fatal Error] :1:1: Premature end of file.
2026-10-06 15:51:16,666 [ERROR] LogOutputStream:75 - [STDERR_REDIRECT] 
2026-10-06 15:51:17,666 [ERROR] LogOutputStream:75 - [STDERR_REDIRECT] [Fatal Error] :1:1: Premature end of file.
2026-10-06 15:51:17,666 [ERROR] LogOutputStream:75 - [STDERR_REDIRECT] 
2026-10-06 15:51:18,660 [ERROR] LogOutputStream:75 - [STDERR_REDIRECT] [Fatal Error] :1:1: Premature end of file.
2026-10-06 15:51:18,660 [ERROR] LogOutputStream:75 - [STDERR_REDIRECT] 
2026-10-06 15:51:19,657 [ERROR] LogOutputStream:75 - [STDERR_REDIRECT] [Fatal Error] :1:1: Premature end of file.
2026-10-06 15:51:19,658 [ERROR] LogOutputStream:75 - [STDERR_REDIRECT] 
2026-10-06 15:51:20,668 [ERROR] LogOutputStream:75 - [STDERR_REDIRECT] [Fatal Error] :1:1: Premature end of file.
2026-10-06 15:51:20,668 [ERROR] LogOutputStream:75 - [STDERR_REDIRECT] 
2026-10-06 15:51:21,674 [ERROR] LogOutputStream:75 - [STDERR_REDIRECT] [Fatal Error] :1:1: Premature end of file.
2026-10-06 15:51:21,674 [ERROR] LogOutputStream:75 - [STDERR_REDIRECT] 
2026-10-06 15:51:22,656 [ERROR] LogOutputStream:75 - [STDERR_REDIRECT] [Fatal Error] :1:1: Premature end of file.
2026-10-06 15:51:22,656 [ERROR] LogOutputStream:75 - [STDERR_REDIRECT] 
2026-10-06 15:51:23,675 [ERROR] LogOutputStream:75 - [STDERR_REDIRECT] [Fatal Error] :1:1: Premature end of file.
2026-10-06 15:51:23,675 [ERROR] LogOutputStream:75 - [STDERR_REDIRECT] 
2026-10-06 15:51:24,659 [ERROR] LogOutputStream:75 - [STDERR_REDIRECT] [Fatal Error] :1:1: Premature end of file.
2026-10-06 15:51:24,659 [ERROR] LogOutputStream:75 - [STDERR_REDIRECT] 
2026-10-06 15:51:25,655 [ERROR] LogOutputStream:75 - [STDERR_REDIRECT] [Fatal Error] :1:1: Premature end of file.
2026-10-06 15:51:25,655 [ERROR] LogOutputStream:75 - [STDERR_REDIRECT] 
2026-10-06 15:51:26,659 [ERROR] LogOutputStream:75 - [STDERR_REDIRECT] [Fatal Error] :1:1: Premature end of file.
2026-10-06 15:51:26,659 [ERROR] LogOutputStream:75 - [STDERR_REDIRECT] 
2026-10-06 15:51:27,658 [ERROR] LogOutputStream:75 - [STDERR_REDIRECT] [Fatal Error] :1:1: Premature end of file.
2026-10-06 15:51:27,658 [ERROR] LogOutputStream:75 - [STDERR_REDIRECT] 
2026-10-06 15:51:28,660 [ERROR] LogOutputStream:75 - [STDERR_REDIRECT] [Fatal Error] :1:1: Premature end of file.
2026-10-06 15:51:28,660 [ERROR] LogOutputStream:75 - [STDERR_REDIRECT] 
2026-10-06 15:51:29,671 [ERROR] LogOutputStream:75 - [STDERR_REDIRECT] [Fatal Error] :1:1: Premature end of file.
2026-10-06 15:51:29,671 [ERROR] LogOutputStream:75 - [STDERR_REDIRECT] 
2026-10-06 15:51:30,667 [ERROR] LogOutputStream:75 - [STDERR_REDIRECT] [Fatal Error] :1:1: Premature end of file.
2026-10-06 15:51:30,667 [ERROR] LogOutputStream:75 - [STDERR_REDIRECT] 
2026-10-06 15:51:31,661 [ERROR] LogOutputStream:75 - [STDERR_REDIRECT] [Fatal Error] :1:1: Premature end of file.
2026-10-06 15:51:31,661 [ERROR] LogOutputStream:75 - [STDERR_REDIRECT] 
2026-10-06 15:51:32,657 [ERROR] LogOutputStream:75 - [STDERR_REDIRECT] [Fatal Error] :1:1: Premature end of file.
2026-10-06 15:51:32,657 [ERROR] LogOutputStream:75 - [STDERR_REDIRECT] 
2026-10-06 15:51:33,663 [ERROR] LogOutputStream:75 - [STDERR_REDIRECT] [Fatal Error] :1:1: Premature end of file.
2026-10-06 15:51:33,664 [ERROR] LogOutputStream:75 - [STDERR_REDIRECT] 
2026-10-06 15:51:34,665 [ERROR] LogOutputStream:75 - [STDERR_REDIRECT] [Fatal Error] :1:1: Premature end of file.
2026-10-06 15:51:34,666 [ERROR] LogOutputStream:75 - [STDERR_REDIRECT] 
2026-10-06 15:51:35,664 [ERROR] LogOutputStream:75 - [STDERR_REDIRECT] [Fatal Error] :1:1: Premature end of file.
2026-10-06 15:51:35,664 [ERROR] LogOutputStream:75 - [STDERR_REDIRECT] 
2026-10-06 15:51:36,678 [ERROR] LogOutputStream:75 - [STDERR_REDIRECT] [Fatal Error] :1:1: Premature end of file.
2026-10-06 15:51:36,678 [ERROR] LogOutputStream:75 - [STDERR_REDIRECT] 
2026-10-06 15:51:37,668 [ERROR] LogOutputStream:75 - [STDERR_REDIRECT] [Fatal Error] :1:1: Premature end of file.
2026-10-06 15:51:37,668 [ERROR] LogOutputStream:75 - [STDERR_REDIRECT] 
2026-10-06 15:51:38,650 [ERROR] LogOutputStream:75 - [STDERR_REDIRECT] [Fatal Error] :1:1: Premature end of file.
2026-10-06 15:51:38,651 [ERROR] LogOutputStream:75 - [STDERR_REDIRECT] 
2026-10-06 15:51:39,659 [ERROR] LogOutputStream:75 - [STDERR_REDIRECT] [Fatal Error] :1:1: Premature end of file.
2026-10-06 15:51:39,660 [ERROR] LogOutputStream:75 - [STDERR_REDIRECT] 
2026-10-06 15:51:40,666 [ERROR] LogOutputStream:75 - [STDERR_REDIRECT] [Fatal Error] :1:1: Premature end of file.
2026-10-06 15:51:40,666 [ERROR] LogOutputStream:75 - [STDERR_REDIRECT] 
2026-10-06 15:51:41,667 [ERROR] LogOutputStream:75 - [STDERR_REDIRECT] [Fatal Error] :1:1: Premature end of file.
2026-10-06 15:51:41,667 [ERROR] LogOutputStream:75 - [STDERR_REDIRECT] 
2026-10-06 15:51:42,661 [ERROR] LogOutputStream:75 - [STDERR_REDIRECT] [Fatal Error] :1:1: Premature end of file.
2026-10-06 15:51:42,661 [ERROR] LogOutputStream:75 - [STDERR_REDIRECT] 
2026-10-06 15:51:43,657 [ERROR] LogOutputStream:75 - [STDERR_REDIRECT] [Fatal Error] :1:1: Premature end of file.
2026-10-06 15:51:43,658 [ERROR] LogOutputStream:75 - [STDERR_REDIRECT] 
2026-10-06 15:51:44,678 [ERROR] LogOutputStream:75 - [STDERR_REDIRECT] [Fatal Error] :1:1: Premature end of file.
2026-10-06 15:51:44,678 [ERROR] LogOutputStream:75 - [STDERR_REDIRECT] 
2026-10-06 15:51:45,651 [ERROR] LogOutputStream:75 - [STDERR_REDIRECT] [Fatal Error] :1:1: Premature end of file.
2026-10-06 15:51:45,651 [ERROR] LogOutputStream:75 - [STDERR_REDIRECT] 
2026-10-06 15:51:46,672 [ERROR] LogOutputStream:75 - [STDERR_REDIRECT] [Fatal Error] :1:1: Premature end of file.
2026-10-06 15:51:46,672 [ERROR] LogOutputStream:75 - [STDERR_REDIRECT] 
2026-10-06 15:51:47,668 [ERROR] LogOutputStream:75 - [STDERR_REDIRECT] [Fatal Error] :1:1: Premature end of file.
2026-10-06 15:51:47,669 [ERROR] LogOutputStream:75 - [STDERR_REDIRECT] 
2026-10-06 15:51:48,657 [ERROR] LogOutputStream:75 - [STDERR_REDIRECT] [Fatal Error] :1:1: Premature end of file.
2026-10-06 15:51:48,657 [ERROR] LogOutputStream:75 - [STDERR_REDIRECT] 
2026-10-06 15:51:49,670 [ERROR] LogOutputStream:75 - [STDERR_REDIRECT] [Fatal Error] :1:1: Premature end of file.
2026-10-06 15:51:49,670 [ERROR] LogOutputStream:75 - [STDERR_REDIRECT] 
2026-10-06 15:51:50,670 [ERROR] LogOutputStream:75 - [STDERR_REDIRECT] [Fatal Error] :1:1: Premature end of file.
2026-10-06 15:51:50,670 [ERROR] LogOutputStream:75 - [STDERR_REDIRECT] 
2026-10-06 15:51:51,668 [ERROR] LogOutputStream:75 - [STDERR_REDIRECT] [Fatal Error] :1:1: Premature end of file.
2026-10-06 15:51:51,668 [ERROR] LogOutputStream:75 - [STDERR_REDIRECT] 
2026-10-06 15:51:52,671 [ERROR] LogOutputStream:75 - [STDERR_REDIRECT] [Fatal Error] :1:1: Premature end of file.
2026-10-06 15:51:52,671 [ERROR] LogOutputStream:75 - [STDERR_REDIRECT] 
2026-10-06 15:51:53,668 [ERROR] LogOutputStream:75 - [STDERR_REDIRECT] [Fatal Error] :1:1: Premature end of file.
2026-10-06 15:51:53,668 [ERROR] LogOutputStream:75 - [STDERR_REDIRECT] 
2026-10-06 15:51:54,665 [ERROR] LogOutputStream:75 - [STDERR_REDIRECT] [Fatal Error] :1:1: Premature end of file.
2026-10-06 15:51:54,665 [ERROR] LogOutputStream:75 - [STDERR_REDIRECT] 
2026-10-06 15:51:55,669 [ERROR] LogOutputStream:75 - [STDERR_REDIRECT] [Fatal Error] :1:1: Premature end of file.
2026-10-06 15:51:55,669 [ERROR] LogOutputStream:75 - [STDERR_REDIRECT] 
2026-10-06 15:51:56,670 [ERROR] LogOutputStream:75 - [STDERR_REDIRECT] [Fatal Error] :1:1: Premature end of file.
2026-10-06 15:51:56,671 [ERROR] LogOutputStream:75 - [STDERR_REDIRECT] 
2026-10-06 15:51:57,666 [ERROR] LogOutputStream:75 - [STDERR_REDIRECT] [Fatal Error] :1:1: Premature end of file.
2026-10-06 15:51:57,666 [ERROR] LogOutputStream:75 - [STDERR_REDIRECT] 
2026-10-06 15:51:58,666 [ERROR] LogOutputStream:75 - [STDERR_REDIRECT] [Fatal Error] :1:1: Premature end of file.
2026-10-06 15:51:58,666 [ERROR] LogOutputStream:75 - [STDERR_REDIRECT] 
2026-10-06 15:51:59,660 [ERROR] LogOutputStream:75 - [STDERR_REDIRECT] [Fatal Error] :1:1: Premature end of file.
2026-10-06 15:51:59,661 [ERROR] LogOutputStream:75 - [STDERR_REDIRECT] 
2026-10-06 15:52:00,655 [ERROR] LogOutputStream:75 - [STDERR_REDIRECT] [Fatal Error] :1:1: Premature end of file.
2026-10-06 15:52:00,655 [ERROR] LogOutputStream:75 - [STDERR_REDIRECT] 
2026-10-06 15:52:01,670 [ERROR] LogOutputStream:75 - [STDERR_REDIRECT] [Fatal Error] :1:1: Premature end of file.
2026-10-06 15:52:01,670 [ERROR] LogOutputStream:75 - [STDERR_REDIRECT] 
2026-10-06 15:52:02,673 [ERROR] LogOutputStream:75 - [STDERR_REDIRECT] [Fatal Error] :1:1: Premature end of file.
2026-10-06 15:52:02,673 [ERROR] LogOutputStream:75 - [STDERR_REDIRECT] 
2026-10-06 15:52:03,665 [ERROR] LogOutputStream:75 - [STDERR_REDIRECT] [Fatal Error] :1:1: Premature end of file.
2026-10-06 15:52:03,665 [ERROR] LogOutputStream:75 - [STDERR_REDIRECT] 
2026-10-06 15:52:04,649 [ERROR] LogOutputStream:75 - [STDERR_REDIRECT] [Fatal Error] :1:1: Premature end of file.
2026-10-06 15:52:04,650 [ERROR] LogOutputStream:75 - [STDERR_REDIRECT] 
2026-10-06 15:52:05,672 [ERROR] LogOutputStream:75 - [STDERR_REDIRECT] [Fatal Error] :1:1: Premature end of file.
2026-10-06 15:52:05,672 [ERROR] LogOutputStream:75 - [STDERR_REDIRECT] 
2026-10-06 15:52:06,653 [ERROR] LogOutputStream:75 - [STDERR_REDIRECT] [Fatal Error] :1:1: Premature end of file.
2026-10-06 15:52:06,654 [ERROR] LogOutputStream:75 - [STDERR_REDIRECT] 
2026-10-06 15:52:07,649 [ERROR] LogOutputStream:75 - [STDERR_REDIRECT] [Fatal Error] :1:1: Premature end of file.
2026-10-06 15:52:07,649 [ERROR] LogOutputStream:75 - [STDERR_REDIRECT] 
2026-10-06 15:52:08,676 [ERROR] LogOutputStream:75 - [STDERR_REDIRECT] [Fatal Error] :1:1: Premature end of file.
2026-10-06 15:52:08,676 [ERROR] LogOutputStream:75 - [STDERR_REDIRECT] 
2026-10-06 15:52:09,672 [ERROR] LogOutputStream:75 - [STDERR_REDIRECT] [Fatal Error] :1:1: Premature end of file.
2026-10-06 15:52:09,672 [ERROR] LogOutputStream:75 - [STDERR_REDIRECT] 
2026-10-06 15:52:10,664 [ERROR] LogOutputStream:75 - [STDERR_REDIRECT] [Fatal Error] :1:1: Premature end of file.
2026-10-06 15:52:10,664 [ERROR] LogOutputStream:75 - [STDERR_REDIRECT] 
2026-10-06 15:52:11,659 [ERROR] LogOutputStream:75 - [STDERR_REDIRECT] [Fatal Error] :1:1: Premature end of file.
2026-10-06 15:52:11,659 [ERROR] LogOutputStream:75 - [STDERR_REDIRECT] 
2026-10-06 15:52:12,652 [ERROR] LogOutputStream:75 - [STDERR_REDIRECT] [Fatal Error] :1:1: Premature end of file.
2026-10-06 15:52:12,652 [ERROR] LogOutputStream:75 - [STDERR_REDIRECT] 
2026-10-06 15:52:13,662 [ERROR] LogOutputStream:75 - [STDERR_REDIRECT] [Fatal Error] :1:1: Premature end of file.
2026-10-06 15:52:13,662 [ERROR] LogOutputStream:75 - [STDERR_REDIRECT] 
2026-10-06 15:52:14,664 [ERROR] LogOutputStream:75 - [STDERR_REDIRECT] [Fatal Error] :1:1: Premature end of file.
2026-10-06 15:52:14,664 [ERROR] LogOutputStream:75 - [STDERR_REDIRECT] 
2026-10-06 15:52:15,668 [ERROR] LogOutputStream:75 - [STDERR_REDIRECT] [Fatal Error] :1:1: Premature end of file.
2026-10-06 15:52:15,668 [ERROR] LogOutputStream:75 - [STDERR_REDIRECT] 
2026-10-06 15:52:16,671 [ERROR] LogOutputStream:75 - [STDERR_REDIRECT] [Fatal Error] :1:1: Premature end of file.
2026-10-06 15:52:16,671 [ERROR] LogOutputStream:75 - [STDERR_REDIRECT] 
2026-10-06 15:52:17,667 [ERROR] LogOutputStream:75 - [STDERR_REDIRECT] [Fatal Error] :1:1: Premature end of file.
2026-10-06 15:52:17,667 [ERROR] LogOutputStream:75 - [STDERR_REDIRECT] 
2026-10-06 15:52:18,659 [ERROR] LogOutputStream:75 - [STDERR_REDIRECT] [Fatal Error] :1:1: Premature end of file.
2026-10-06 15:52:18,659 [ERROR] LogOutputStream:75 - [STDERR_REDIRECT] 
2026-10-06 15:52:19,669 [ERROR] LogOutputStream:75 - [STDERR_REDIRECT] [Fatal Error] :1:1: Premature end of file.
2026-10-06 15:52:19,669 [ERROR] LogOutputStream:75 - [STDERR_REDIRECT] 
2026-10-06 15:52:20,674 [ERROR] LogOutputStream:75 - [STDERR_REDIRECT] [Fatal Error] :1:1: Premature end of file.
2026-10-06 15:52:20,674 [ERROR] LogOutputStream:75 - [STDERR_REDIRECT] 
2026-10-06 15:52:21,659 [ERROR] LogOutputStream:75 - [STDERR_REDIRECT] [Fatal Error] :1:1: Premature end of file.
2026-10-06 15:52:21,659 [ERROR] LogOutputStream:75 - [STDERR_REDIRECT] 
2026-10-06 15:52:22,669 [ERROR] LogOutputStream:75 - [STDERR_REDIRECT] [Fatal Error] :1:1: Premature end of file.
2026-10-06 15:52:22,669 [ERROR] LogOutputStream:75 - [STDERR_REDIRECT] 
2026-10-06 15:52:23,665 [ERROR] LogOutputStream:75 - [STDERR_REDIRECT] [Fatal Error] :1:1: Premature end of file.
2026-10-06 15:52:23,665 [ERROR] LogOutputStream:75 - [STDERR_REDIRECT] 
2026-10-06 15:52:24,666 [ERROR] LogOutputStream:75 - [STDERR_REDIRECT] [Fatal Error] :1:1: Premature end of file.
2026-10-06 15:52:24,666 [ERROR] LogOutputStream:75 - [STDERR_REDIRECT] 
2026-10-06 15:52:25,657 [ERROR] LogOutputStream:75 - [STDERR_REDIRECT] [Fatal Error] :1:1: Premature end of file.
2026-10-06 15:52:25,657 [ERROR] LogOutputStream:75 - [STDERR_REDIRECT] 
2026-10-06 15:52:26,657 [ERROR] LogOutputStream:75 - [STDERR_REDIRECT] [Fatal Error] :1:1: Premature end of file.
2026-10-06 15:52:26,657 [ERROR] LogOutputStream:75 - [STDERR_REDIRECT] 
2026-10-06 15:52:27,665 [ERROR] LogOutputStream:75 - [STDERR_REDIRECT] [Fatal Error] :1:1: Premature end of file.
2026-10-06 15:52:27,665 [ERROR] LogOutputStream:75 - [STDERR_REDIRECT] 
2026-10-06 15:52:28,674 [ERROR] LogOutputStream:75 - [STDERR_REDIRECT] [Fatal Error] :1:1: Premature end of file.
2026-10-06 15:52:28,674 [ERROR] LogOutputStream:75 - [STDERR_REDIRECT] 
2026-10-06 15:52:29,666 [ERROR] LogOutputStream:75 - [STDERR_REDIRECT] [Fatal Error] :1:1: Premature end of file.
2026-10-06 15:52:29,666 [ERROR] LogOutputStream:75 - [STDERR_REDIRECT] 
2026-10-06 15:52:30,663 [ERROR] LogOutputStream:75 - [STDERR_REDIRECT] [Fatal Error] :1:1: Premature end of file.
2026-10-06 15:52:30,663 [ERROR] LogOutputStream:75 - [STDERR_REDIRECT] 
2026-10-06 15:52:31,652 [ERROR] LogOutputStream:75 - [STDERR_REDIRECT] [Fatal Error] :1:1: Premature end of file.
2026-10-06 15:52:31,652 [ERROR] LogOutputStream:75 - [STDERR_REDIRECT] 
2026-10-06 15:52:32,653 [ERROR] LogOutputStream:75 - [STDERR_REDIRECT] [Fatal Error] :1:1: Premature end of file.
2026-10-06 15:52:32,653 [ERROR] LogOutputStream:75 - [STDERR_REDIRECT] 
2026-10-06 15:52:33,659 [ERROR] LogOutputStream:75 - [STDERR_REDIRECT] [Fatal Error] :1:1: Premature end of file.
2026-10-06 15:52:33,659 [ERROR] LogOutputStream:75 - [STDERR_REDIRECT] 
2026-10-06 15:52:34,671 [ERROR] LogOutputStream:75 - [STDERR_REDIRECT] [Fatal Error] :1:1: Premature end of file.
2026-10-06 15:52:34,671 [ERROR] LogOutputStream:75 - [STDERR_REDIRECT] 
2026-10-06 15:52:35,675 [ERROR] LogOutputStream:75 - [STDERR_REDIRECT] [Fatal Error] :1:1: Premature end of file.
2026-10-06 15:52:35,675 [ERROR] LogOutputStream:75 - [STDERR_REDIRECT] 
2026-10-06 15:52:36,670 [ERROR] LogOutputStream:75 - [STDERR_REDIRECT] [Fatal Error] :1:1: Premature end of file.
2026-10-06 15:52:36,670 [ERROR] LogOutputStream:75 - [STDERR_REDIRECT] 
2026-10-06 15:52:37,669 [ERROR] LogOutputStream:75 - [STDERR_REDIRECT] [Fatal Error] :1:1: Premature end of file.
2026-10-06 15:52:37,669 [ERROR] LogOutputStream:75 - [STDERR_REDIRECT] 
2026-10-06 15:52:38,664 [ERROR] LogOutputStream:75 - [STDERR_REDIRECT] [Fatal Error] :1:1: Premature end of file.
2026-10-06 15:52:38,664 [ERROR] LogOutputStream:75 - [STDERR_REDIRECT] 
2026-10-06 15:52:39,657 [ERROR] LogOutputStream:75 - [STDERR_REDIRECT] [Fatal Error] :1:1: Premature end of file.
2026-10-06 15:52:39,657 [ERROR] LogOutputStream:75 - [STDERR_REDIRECT] 
2026-10-06 15:52:40,672 [ERROR] LogOutputStream:75 - [STDERR_REDIRECT] [Fatal Error] :1:1: Premature end of file.
2026-10-06 15:52:40,672 [ERROR] LogOutputStream:75 - [STDERR_REDIRECT] 
2026-10-06 15:52:41,669 [ERROR] LogOutputStream:75 - [STDERR_REDIRECT] [Fatal Error] :1:1: Premature end of file.
2026-10-06 15:52:41,669 [ERROR] LogOutputStream:75 - [STDERR_REDIRECT] 
2026-10-06 15:52:42,655 [ERROR] LogOutputStream:75 - [STDERR_REDIRECT] [Fatal Error] :1:1: Premature end of file.
2026-10-06 15:52:42,655 [ERROR] LogOutputStream:75 - [STDERR_REDIRECT] 
2026-10-06 15:52:43,666 [ERROR] LogOutputStream:75 - [STDERR_REDIRECT] [Fatal Error] :1:1: Premature end of file.
2026-10-06 15:52:43,667 [ERROR] LogOutputStream:75 - [STDERR_REDIRECT] 
2026-10-06 15:52:44,663 [ERROR] LogOutputStream:75 - [STDERR_REDIRECT] [Fatal Error] :1:1: Premature end of file.
2026-10-06 15:52:44,663 [ERROR] LogOutputStream:75 - [STDERR_REDIRECT] 
2026-10-06 15:52:45,676 [ERROR] LogOutputStream:75 - [STDERR_REDIRECT] [Fatal Error] :1:1: Premature end of file.
2026-10-06 15:52:45,676 [ERROR] LogOutputStream:75 - [STDERR_REDIRECT] 
2026-10-06 15:52:46,668 [ERROR] LogOutputStream:75 - [STDERR_REDIRECT] [Fatal Error] :1:1: Premature end of file.
2026-10-06 15:52:46,668 [ERROR] LogOutputStream:75 - [STDERR_REDIRECT] 
2026-10-06 15:52:47,661 [ERROR] LogOutputStream:75 - [STDERR_REDIRECT] [Fatal Error] :1:1: Premature end of file.
2026-10-06 15:52:47,661 [ERROR] LogOutputStream:75 - [STDERR_REDIRECT] 
2026-10-06 15:52:48,663 [ERROR] LogOutputStream:75 - [STDERR_REDIRECT] [Fatal Error] :1:1: Premature end of file.
2026-10-06 15:52:48,663 [ERROR] LogOutputStream:75 - [STDERR_REDIRECT] 
2026-10-06 15:52:49,661 [ERROR] LogOutputStream:75 - [STDERR_REDIRECT] [Fatal Error] :1:1: Premature end of file.
2026-10-06 15:52:49,661 [ERROR] LogOutputStream:75 - [STDERR_REDIRECT] 
2026-10-06 15:52:50,646 [ERROR] LogOutputStream:75 - [STDERR_REDIRECT] [Fatal Error] :1:1: Premature end of file.
2026-10-06 15:52:50,646 [ERROR] LogOutputStream:75 - [STDERR_REDIRECT] 
2026-10-06 15:52:51,655 [ERROR] LogOutputStream:75 - [STDERR_REDIRECT] [Fatal Error] :1:1: Premature end of file.
2026-10-06 15:52:51,655 [ERROR] LogOutputStream:75 - [STDERR_REDIRECT] 
2026-10-06 15:52:52,676 [ERROR] LogOutputStream:75 - [STDERR_REDIRECT] [Fatal Error] :1:1: Premature end of file.
2026-10-06 15:52:52,676 [ERROR] LogOutputStream:75 - [STDERR_REDIRECT] 
2026-10-06 15:52:53,678 [ERROR] LogOutputStream:75 - [STDERR_REDIRECT] [Fatal Error] :1:1: Premature end of file.
2026-10-06 15:52:53,678 [ERROR] LogOutputStream:75 - [STDERR_REDIRECT] 
2026-10-06 15:52:54,666 [ERROR] LogOutputStream:75 - [STDERR_REDIRECT] [Fatal Error] :1:1: Premature end of file.
2026-10-06 15:52:54,666 [ERROR] LogOutputStream:75 - [STDERR_REDIRECT] 
2026-10-06 15:52:55,665 [ERROR] LogOutputStream:75 - [STDERR_REDIRECT] [Fatal Error] :1:1: Premature end of file.
2026-10-06 15:52:55,665 [ERROR] LogOutputStream:75 - [STDERR_REDIRECT] 
2026-10-06 15:52:56,668 [ERROR] LogOutputStream:75 - [STDERR_REDIRECT] [Fatal Error] :1:1: Premature end of file.
2026-10-06 15:52:56,668 [ERROR] LogOutputStream:75 - [STDERR_REDIRECT] 
2026-10-06 15:52:57,669 [ERROR] LogOutputStream:75 - [STDERR_REDIRECT] [Fatal Error] :1:1: Premature end of file.
2026-10-06 15:52:57,669 [ERROR] LogOutputStream:75 - [STDERR_REDIRECT] 
2026-10-06 15:52:58,662 [ERROR] LogOutputStream:75 - [STDERR_REDIRECT] [Fatal Error] :1:1: Premature end of file.
2026-10-06 15:52:58,662 [ERROR] LogOutputStream:75 - [STDERR_REDIRECT] 
2026-10-06 15:52:59,666 [ERROR] LogOutputStream:75 - [STDERR_REDIRECT] [Fatal Error] :1:1: Premature end of file.
2026-10-06 15:52:59,666 [ERROR] LogOutputStream:75 - [STDERR_REDIRECT] 
2026-10-06 15:53:00,664 [ERROR] LogOutputStream:75 - [STDERR_REDIRECT] [Fatal Error] :1:1: Premature end of file.
2026-10-06 15:53:00,664 [ERROR] LogOutputStream:75 - [STDERR_REDIRECT] 
2026-10-06 15:53:01,663 [ERROR] LogOutputStream:75 - [STDERR_REDIRECT] [Fatal Error] :1:1: Premature end of file.
2026-10-06 15:53:01,663 [ERROR] LogOutputStream:75 - [STDERR_REDIRECT] 
2026-10-06 15:53:02,657 [ERROR] LogOutputStream:75 - [STDERR_REDIRECT] [Fatal Error] :1:1: Premature end of file.
2026-10-06 15:53:02,657 [ERROR] LogOutputStream:75 - [STDERR_REDIRECT] 
2026-10-06 15:53:03,656 [ERROR] LogOutputStream:75 - [STDERR_REDIRECT] [Fatal Error] :1:1: Premature end of file.
2026-10-06 15:53:03,656 [ERROR] LogOutputStream:75 - [STDERR_REDIRECT] 
2026-10-06 15:53:04,657 [ERROR] LogOutputStream:75 - [STDERR_REDIRECT] [Fatal Error] :1:1: Premature end of file.
2026-10-06 15:53:04,658 [ERROR] LogOutputStream:75 - [STDERR_REDIRECT] 
2026-10-06 15:53:05,655 [ERROR] LogOutputStream:75 - [STDERR_REDIRECT] [Fatal Error] :1:1: Premature end of file.
2026-10-06 15:53:05,655 [ERROR] LogOutputStream:75 - [STDERR_REDIRECT] 
2026-10-06 15:53:06,657 [ERROR] LogOutputStream:75 - [STDERR_REDIRECT] [Fatal Error] :1:1: Premature end of file.
2026-10-06 15:53:06,657 [ERROR] LogOutputStream:75 - [STDERR_REDIRECT] 
2026-10-06 15:53:07,661 [ERROR] LogOutputStream:75 - [STDERR_REDIRECT] [Fatal Error] :1:1: Premature end of file.
2026-10-06 15:53:07,661 [ERROR] LogOutputStream:75 - [STDERR_REDIRECT] 
2026-10-06 15:53:08,661 [ERROR] LogOutputStream:75 - [STDERR_REDIRECT] [Fatal Error] :1:1: Premature end of file.
2026-10-06 15:53:08,661 [ERROR] LogOutputStream:75 - [STDERR_REDIRECT] 
2026-10-06 15:53:09,659 [ERROR] LogOutputStream:75 - [STDERR_REDIRECT] [Fatal Error] :1:1: Premature end of file.
2026-10-06 15:53:09,659 [ERROR] LogOutputStream:75 - [STDERR_REDIRECT] 
2026-10-06 15:53:10,660 [ERROR] LogOutputStream:75 - [STDERR_REDIRECT] [Fatal Error] :1:1: Premature end of file.
2026-10-06 15:53:10,661 [ERROR] LogOutputStream:75 - [STDERR_REDIRECT] 
2026-10-06 15:53:11,661 [ERROR] LogOutputStream:75 - [STDERR_REDIRECT] [Fatal Error] :1:1: Premature end of file.
2026-10-06 15:53:11,661 [ERROR] LogOutputStream:75 - [STDERR_REDIRECT] 
2026-10-06 15:53:12,652 [ERROR] LogOutputStream:75 - [STDERR_REDIRECT] [Fatal Error] :1:1: Premature end of file.
2026-10-06 15:53:12,652 [ERROR] LogOutputStream:75 - [STDERR_REDIRECT] 
2026-10-06 15:53:13,652 [ERROR] LogOutputStream:75 - [STDERR_REDIRECT] [Fatal Error] :1:1: Premature end of file.
2026-10-06 15:53:13,653 [ERROR] LogOutputStream:75 - [STDERR_REDIRECT] 
2026-10-06 15:53:14,657 [ERROR] LogOutputStream:75 - [STDERR_REDIRECT] [Fatal Error] :1:1: Premature end of file.
2026-10-06 15:53:14,658 [ERROR] LogOutputStream:75 - [STDERR_REDIRECT] 
2026-10-06 15:53:15,676 [ERROR] LogOutputStream:75 - [STDERR_REDIRECT] [Fatal Error] :1:1: Premature end of file.
2026-10-06 15:53:15,676 [ERROR] LogOutputStream:75 - [STDERR_REDIRECT] 
2026-10-06 15:53:16,679 [ERROR] LogOutputStream:75 - [STDERR_REDIRECT] [Fatal Error] :1:1: Premature end of file.
2026-10-06 15:53:16,679 [ERROR] LogOutputStream:75 - [STDERR_REDIRECT] 
2026-10-06 15:53:17,653 [ERROR] LogOutputStream:75 - [STDERR_REDIRECT] [Fatal Error] :1:1: Premature end of file.
2026-10-06 15:53:17,653 [ERROR] LogOutputStream:75 - [STDERR_REDIRECT] 
2026-10-06 15:53:18,672 [ERROR] LogOutputStream:75 - [STDERR_REDIRECT] [Fatal Error] :1:1: Premature end of file.
2026-10-06 15:53:18,672 [ERROR] LogOutputStream:75 - [STDERR_REDIRECT] 
2026-10-06 15:53:19,668 [ERROR] LogOutputStream:75 - [STDERR_REDIRECT] [Fatal Error] :1:1: Premature end of file.
2026-10-06 15:53:19,668 [ERROR] LogOutputStream:75 - [STDERR_REDIRECT] 
2026-10-06 15:53:20,667 [ERROR] LogOutputStream:75 - [STDERR_REDIRECT] [Fatal Error] :1:1: Premature end of file.
2026-10-06 15:53:20,667 [ERROR] LogOutputStream:75 - [STDERR_REDIRECT] 
2026-10-06 15:53:21,662 [ERROR] LogOutputStream:75 - [STDERR_REDIRECT] [Fatal Error] :1:1: Premature end of file.
2026-10-06 15:53:21,662 [ERROR] LogOutputStream:75 - [STDERR_REDIRECT] 
2026-10-06 15:53:22,650 [ERROR] LogOutputStream:75 - [STDERR_REDIRECT] [Fatal Error] :1:1: Premature end of file.
2026-10-06 15:53:22,650 [ERROR] LogOutputStream:75 - [STDERR_REDIRECT] 
2026-10-06 15:53:23,662 [ERROR] LogOutputStream:75 - [STDERR_REDIRECT] [Fatal Error] :1:1: Premature end of file.
2026-10-06 15:53:23,662 [ERROR] LogOutputStream:75 - [STDERR_REDIRECT] 
2026-10-06 15:53:24,661 [ERROR] LogOutputStream:75 - [STDERR_REDIRECT] [Fatal Error] :1:1: Premature end of file.
2026-10-06 15:53:24,661 [ERROR] LogOutputStream:75 - [STDERR_REDIRECT] 
2026-10-06 15:53:25,665 [ERROR] LogOutputStream:75 - [STDERR_REDIRECT] [Fatal Error] :1:1: Premature end of file.
2026-10-06 15:53:25,665 [ERROR] LogOutputStream:75 - [STDERR_REDIRECT] 
2026-10-06 15:53:26,675 [ERROR] LogOutputStream:75 - [STDERR_REDIRECT] [Fatal Error] :1:1: Premature end of file.
2026-10-06 15:53:26,675 [ERROR] LogOutputStream:75 - [STDERR_REDIRECT] 
2026-10-06 15:53:27,667 [ERROR] LogOutputStream:75 - [STDERR_REDIRECT] [Fatal Error] :1:1: Premature end of file.
2026-10-06 15:53:27,667 [ERROR] LogOutputStream:75 - [STDERR_REDIRECT] 
2026-10-06 15:53:28,662 [ERROR] LogOutputStream:75 - [STDERR_REDIRECT] [Fatal Error] :1:1: Premature end of file.
2026-10-06 15:53:28,662 [ERROR] LogOutputStream:75 - [STDERR_REDIRECT] 
2026-10-06 15:53:29,667 [ERROR] LogOutputStream:75 - [STDERR_REDIRECT] [Fatal Error] :1:1: Premature end of file.
2026-10-06 15:53:29,667 [ERROR] LogOutputStream:75 - [STDERR_REDIRECT] 
2026-10-06 15:53:30,668 [ERROR] LogOutputStream:75 - [STDERR_REDIRECT] [Fatal Error] :1:1: Premature end of file.
2026-10-06 15:53:30,668 [ERROR] LogOutputStream:75 - [STDERR_REDIRECT] 
2026-10-06 15:53:31,668 [ERROR] LogOutputStream:75 - [STDERR_REDIRECT] [Fatal Error] :1:1: Premature end of file.
2026-10-06 15:53:31,668 [ERROR] LogOutputStream:75 - [STDERR_REDIRECT] 
2026-10-06 15:53:32,668 [ERROR] LogOutputStream:75 - [STDERR_REDIRECT] [Fatal Error] :1:1: Premature end of file.
2026-10-06 15:53:32,668 [ERROR] LogOutputStream:75 - [STDERR_REDIRECT] 
2026-10-06 15:53:33,672 [ERROR] LogOutputStream:75 - [STDERR_REDIRECT] [Fatal Error] :1:1: Premature end of file.
2026-10-06 15:53:33,672 [ERROR] LogOutputStream:75 - [STDERR_REDIRECT] 
2026-10-06 15:53:34,668 [ERROR] LogOutputStream:75 - [STDERR_REDIRECT] [Fatal Error] :1:1: Premature end of file.
2026-10-06 15:53:34,668 [ERROR] LogOutputStream:75 - [STDERR_REDIRECT] 
2026-10-06 15:53:35,666 [ERROR] LogOutputStream:75 - [STDERR_REDIRECT] [Fatal Error] :1:1: Premature end of file.
2026-10-06 15:53:35,666 [ERROR] LogOutputStream:75 - [STDERR_REDIRECT] 
2026-10-06 15:53:36,661 [ERROR] LogOutputStream:75 - [STDERR_REDIRECT] [Fatal Error] :1:1: Premature end of file.
2026-10-06 15:53:36,662 [ERROR] LogOutputStream:75 - [STDERR_REDIRECT] 
2026-10-06 15:53:37,674 [ERROR] LogOutputStream:75 - [STDERR_REDIRECT] [Fatal Error] :1:1: Premature end of file.
2026-10-06 15:53:37,675 [ERROR] LogOutputStream:75 - [STDERR_REDIRECT] 
2026-10-06 15:53:38,676 [ERROR] LogOutputStream:75 - [STDERR_REDIRECT] [Fatal Error] :1:1: Premature end of file.
2026-10-06 15:53:38,676 [ERROR] LogOutputStream:75 - [STDERR_REDIRECT] 
2026-10-06 15:53:39,662 [ERROR] LogOutputStream:75 - [STDERR_REDIRECT] [Fatal Error] :1:1: Premature end of file.
2026-10-06 15:53:39,662 [ERROR] LogOutputStream:75 - [STDERR_REDIRECT] 
2026-10-06 15:53:40,658 [ERROR] LogOutputStream:75 - [STDERR_REDIRECT] [Fatal Error] :1:1: Premature end of file.
2026-10-06 15:53:40,658 [ERROR] LogOutputStream:75 - [STDERR_REDIRECT] 
2026-10-06 15:53:41,670 [ERROR] LogOutputStream:75 - [STDERR_REDIRECT] [Fatal Error] :1:1: Premature end of file.
2026-10-06 15:53:41,670 [ERROR] LogOutputStream:75 - [STDERR_REDIRECT] 
2026-10-06 15:53:42,669 [ERROR] LogOutputStream:75 - [STDERR_REDIRECT] [Fatal Error] :1:1: Premature end of file.
2026-10-06 15:53:42,669 [ERROR] LogOutputStream:75 - [STDERR_REDIRECT] 
2026-10-06 15:53:43,668 [ERROR] LogOutputStream:75 - [STDERR_REDIRECT] [Fatal Error] :1:1: Premature end of file.
2026-10-06 15:53:43,668 [ERROR] LogOutputStream:75 - [STDERR_REDIRECT] 
2026-10-06 15:53:44,660 [ERROR] LogOutputStream:75 - [STDERR_REDIRECT] [Fatal Error] :1:1: Premature end of file.
2026-10-06 15:53:44,660 [ERROR] LogOutputStream:75 - [STDERR_REDIRECT] 
2026-10-06 15:53:45,671 [ERROR] LogOutputStream:75 - [STDERR_REDIRECT] [Fatal Error] :1:1: Premature end of file.
2026-10-06 15:53:45,671 [ERROR] LogOutputStream:75 - [STDERR_REDIRECT] 
2026-10-06 15:53:46,659 [ERROR] LogOutputStream:75 - [STDERR_REDIRECT] [Fatal Error] :1:1: Premature end of file.
2026-10-06 15:53:46,659 [ERROR] LogOutputStream:75 - [STDERR_REDIRECT] 
2026-10-06 15:53:47,665 [ERROR] LogOutputStream:75 - [STDERR_REDIRECT] [Fatal Error] :1:1: Premature end of file.
2026-10-06 15:53:47,665 [ERROR] LogOutputStream:75 - [STDERR_REDIRECT] 
2026-10-06 15:53:48,669 [ERROR] LogOutputStream:75 - [STDERR_REDIRECT] [Fatal Error] :1:1: Premature end of file.
2026-10-06 15:53:48,669 [ERROR] LogOutputStream:75 - [STDERR_REDIRECT] 
2026-10-06 15:53:49,652 [ERROR] LogOutputStream:75 - [STDERR_REDIRECT] [Fatal Error] :1:1: Premature end of file.
2026-10-06 15:53:49,652 [ERROR] LogOutputStream:75 - [STDERR_REDIRECT] 
2026-10-06 15:53:50,662 [ERROR] LogOutputStream:75 - [STDERR_REDIRECT] [Fatal Error] :1:1: Premature end of file.
2026-10-06 15:53:50,662 [ERROR] LogOutputStream:75 - [STDERR_REDIRECT] 
2026-10-06 15:53:51,680 [ERROR] LogOutputStream:75 - [STDERR_REDIRECT] [Fatal Error] :1:1: Premature end of file.
2026-10-06 15:53:51,680 [ERROR] LogOutputStream:75 - [STDERR_REDIRECT] 
2026-10-06 15:53:52,674 [ERROR] LogOutputStream:75 - [STDERR_REDIRECT] [Fatal Error] :1:1: Premature end of file.
2026-10-06 15:53:52,674 [ERROR] LogOutputStream:75 - [STDERR_REDIRECT] 
2026-10-06 15:53:53,669 [ERROR] LogOutputStream:75 - [STDERR_REDIRECT] [Fatal Error] :1:1: Premature end of file.
2026-10-06 15:53:53,669 [ERROR] LogOutputStream:75 - [STDERR_REDIRECT] 
2026-10-06 15:53:54,665 [ERROR] LogOutputStream:75 - [STDERR_REDIRECT] [Fatal Error] :1:1: Premature end of file.
2026-10-06 15:53:54,665 [ERROR] LogOutputStream:75 - [STDERR_REDIRECT] 
2026-10-06 15:53:55,664 [ERROR] LogOutputStream:75 - [STDERR_REDIRECT] [Fatal Error] :1:1: Premature end of file.
2026-10-06 15:53:55,664 [ERROR] LogOutputStream:75 - [STDERR_REDIRECT] 
2026-10-06 15:53:56,671 [ERROR] LogOutputStream:75 - [STDERR_REDIRECT] [Fatal Error] :1:1: Premature end of file.
2026-10-06 15:53:56,672 [ERROR] LogOutputStream:75 - [STDERR_REDIRECT] 
2026-10-06 15:53:57,674 [ERROR] LogOutputStream:75 - [STDERR_REDIRECT] [Fatal Error] :1:1: Premature end of file.
2026-10-06 15:53:57,674 [ERROR] LogOutputStream:75 - [STDERR_REDIRECT] 
2026-10-06 15:53:58,668 [ERROR] LogOutputStream:75 - [STDERR_REDIRECT] [Fatal Error] :1:1: Premature end of file.
2026-10-06 15:53:58,668 [ERROR] LogOutputStream:75 - [STDERR_REDIRECT] 
2026-10-06 15:53:59,660 [ERROR] LogOutputStream:75 - [STDERR_REDIRECT] [Fatal Error] :1:1: Premature end of file.
2026-10-06 15:53:59,661 [ERROR] LogOutputStream:75 - [STDERR_REDIRECT] 
2026-10-06 15:54:00,665 [ERROR] LogOutputStream:75 - [STDERR_REDIRECT] [Fatal Error] :1:1: Premature end of file.
2026-10-06 15:54:00,665 [ERROR] LogOutputStream:75 - [STDERR_REDIRECT] 
2026-10-06 15:54:01,660 [ERROR] LogOutputStream:75 - [STDERR_REDIRECT] [Fatal Error] :1:1: Premature end of file.
2026-10-06 15:54:01,660 [ERROR] LogOutputStream:75 - [STDERR_REDIRECT] 
2026-10-06 15:54:02,648 [ERROR] LogOutputStream:75 - [STDERR_REDIRECT] [Fatal Error] :1:1: Premature end of file.
2026-10-06 15:54:02,648 [ERROR] LogOutputStream:75 - [STDERR_REDIRECT] 
2026-10-06 15:54:03,671 [ERROR] LogOutputStream:75 - [STDERR_REDIRECT] [Fatal Error] :1:1: Premature end of file.
2026-10-06 15:54:03,671 [ERROR] LogOutputStream:75 - [STDERR_REDIRECT] 
2026-10-06 15:54:04,672 [ERROR] LogOutputStream:75 - [STDERR_REDIRECT] [Fatal Error] :1:1: Premature end of file.
2026-10-06 15:54:04,672 [ERROR] LogOutputStream:75 - [STDERR_REDIRECT] 
2026-10-06 15:54:05,674 [ERROR] LogOutputStream:75 - [STDERR_REDIRECT] [Fatal Error] :1:1: Premature end of file.
2026-10-06 15:54:05,674 [ERROR] LogOutputStream:75 - [STDERR_REDIRECT] 
2026-10-06 15:54:06,668 [ERROR] LogOutputStream:75 - [STDERR_REDIRECT] [Fatal Error] :1:1: Premature end of file.
2026-10-06 15:54:06,668 [ERROR] LogOutputStream:75 - [STDERR_REDIRECT] 
2026-10-06 15:54:07,654 [ERROR] LogOutputStream:75 - [STDERR_REDIRECT] [Fatal Error] :1:1: Premature end of file.
2026-10-06 15:54:07,654 [ERROR] LogOutputStream:75 - [STDERR_REDIRECT] 
2026-10-06 15:54:08,651 [ERROR] LogOutputStream:75 - [STDERR_REDIRECT] [Fatal Error] :1:1: Premature end of file.
2026-10-06 15:54:08,651 [ERROR] LogOutputStream:75 - [STDERR_REDIRECT] 
2026-10-06 15:54:09,670 [ERROR] LogOutputStream:75 - [STDERR_REDIRECT] [Fatal Error] :1:1: Premature end of file.
2026-10-06 15:54:09,670 [ERROR] LogOutputStream:75 - [STDERR_REDIRECT] 
2026-10-06 15:54:10,676 [ERROR] LogOutputStream:75 - [STDERR_REDIRECT] [Fatal Error] :1:1: Premature end of file.
2026-10-06 15:54:10,676 [ERROR] LogOutputStream:75 - [STDERR_REDIRECT] 
2026-10-06 15:54:11,671 [ERROR] LogOutputStream:75 - [STDERR_REDIRECT] [Fatal Error] :1:1: Premature end of file.
2026-10-06 15:54:11,671 [ERROR] LogOutputStream:75 - [STDERR_REDIRECT] 
2026-10-06 15:54:12,661 [ERROR] LogOutputStream:75 - [STDERR_REDIRECT] [Fatal Error] :1:1: Premature end of file.
2026-10-06 15:54:12,661 [ERROR] LogOutputStream:75 - [STDERR_REDIRECT] 
2026-10-06 15:54:13,662 [ERROR] LogOutputStream:75 - [STDERR_REDIRECT] [Fatal Error] :1:1: Premature end of file.
2026-10-06 15:54:13,662 [ERROR] LogOutputStream:75 - [STDERR_REDIRECT] 
2026-10-06 15:54:14,666 [ERROR] LogOutputStream:75 - [STDERR_REDIRECT] [Fatal Error] :1:1: Premature end of file.
2026-10-06 15:54:14,666 [ERROR] LogOutputStream:75 - [STDERR_REDIRECT] 
2026-10-06 15:54:15,673 [ERROR] LogOutputStream:75 - [STDERR_REDIRECT] [Fatal Error] :1:1: Premature end of file.
2026-10-06 15:54:15,673 [ERROR] LogOutputStream:75 - [STDERR_REDIRECT] 
2026-10-06 15:54:16,675 [ERROR] LogOutputStream:75 - [STDERR_REDIRECT] [Fatal Error] :1:1: Premature end of file.
2026-10-06 15:54:16,675 [ERROR] LogOutputStream:75 - [STDERR_REDIRECT] 
2026-10-06 15:54:17,668 [ERROR] LogOutputStream:75 - [STDERR_REDIRECT] [Fatal Error] :1:1: Premature end of file.
2026-10-06 15:54:17,668 [ERROR] LogOutputStream:75 - [STDERR_REDIRECT] 
2026-10-06 15:54:18,664 [ERROR] LogOutputStream:75 - [STDERR_REDIRECT] [Fatal Error] :1:1: Premature end of file.
2026-10-06 15:54:18,664 [ERROR] LogOutputStream:75 - [STDERR_REDIRECT] 
2026-10-06 15:54:19,660 [ERROR] LogOutputStream:75 - [STDERR_REDIRECT] [Fatal Error] :1:1: Premature end of file.
2026-10-06 15:54:19,660 [ERROR] LogOutputStream:75 - [STDERR_REDIRECT] 
2026-10-06 15:54:20,658 [ERROR] LogOutputStream:75 - [STDERR_REDIRECT] [Fatal Error] :1:1: Premature end of file.
2026-10-06 15:54:20,658 [ERROR] LogOutputStream:75 - [STDERR_REDIRECT] 
2026-10-06 15:54:21,675 [ERROR] LogOutputStream:75 - [STDERR_REDIRECT] [Fatal Error] :1:1: Premature end of file.
2026-10-06 15:54:21,675 [ERROR] LogOutputStream:75 - [STDERR_REDIRECT] 
2026-10-06 15:54:22,665 [ERROR] LogOutputStream:75 - [STDERR_REDIRECT] [Fatal Error] :1:1: Premature end of file.
2026-10-06 15:54:22,665 [ERROR] LogOutputStream:75 - [STDERR_REDIRECT] 
2026-10-06 15:54:23,659 [ERROR] LogOutputStream:75 - [STDERR_REDIRECT] [Fatal Error] :1:1: Premature end of file.
2026-10-06 15:54:23,659 [ERROR] LogOutputStream:75 - [STDERR_REDIRECT] 
2026-10-06 15:54:24,660 [ERROR] LogOutputStream:75 - [STDERR_REDIRECT] [Fatal Error] :1:1: Premature end of file.
2026-10-06 15:54:24,660 [ERROR] LogOutputStream:75 - [STDERR_REDIRECT] 
2026-10-06 15:54:25,661 [ERROR] LogOutputStream:75 - [STDERR_REDIRECT] [Fatal Error] :1:1: Premature end of file.
2026-10-06 15:54:25,661 [ERROR] LogOutputStream:75 - [STDERR_REDIRECT] 
2026-10-06 15:54:26,654 [ERROR] LogOutputStream:75 - [STDERR_REDIRECT] [Fatal Error] :1:1: Premature end of file.
2026-10-06 15:54:26,654 [ERROR] LogOutputStream:75 - [STDERR_REDIRECT] 
2026-10-06 15:54:27,666 [ERROR] LogOutputStream:75 - [STDERR_REDIRECT] [Fatal Error] :1:1: Premature end of file.
2026-10-06 15:54:27,667 [ERROR] LogOutputStream:75 - [STDERR_REDIRECT] 
2026-10-06 15:54:28,670 [ERROR] LogOutputStream:75 - [STDERR_REDIRECT] [Fatal Error] :1:1: Premature end of file.
2026-10-06 15:54:28,671 [ERROR] LogOutputStream:75 - [STDERR_REDIRECT] 
2026-10-06 15:54:29,662 [ERROR] LogOutputStream:75 - [STDERR_REDIRECT] [Fatal Error] :1:1: Premature end of file.
2026-10-06 15:54:29,662 [ERROR] LogOutputStream:75 - [STDERR_REDIRECT] 
2026-10-06 15:54:30,668 [ERROR] LogOutputStream:75 - [STDERR_REDIRECT] [Fatal Error] :1:1: Premature end of file.
2026-10-06 15:54:30,668 [ERROR] LogOutputStream:75 - [STDERR_REDIRECT] 
2026-10-06 15:54:31,659 [ERROR] LogOutputStream:75 - [STDERR_REDIRECT] [Fatal Error] :1:1: Premature end of file.
2026-10-06 15:54:31,659 [ERROR] LogOutputStream:75 - [STDERR_REDIRECT] 
2026-10-06 15:54:32,654 [ERROR] LogOutputStream:75 - [STDERR_REDIRECT] [Fatal Error] :1:1: Premature end of file.
2026-10-06 15:54:32,654 [ERROR] LogOutputStream:75 - [STDERR_REDIRECT] 
2026-10-06 15:54:33,662 [ERROR] LogOutputStream:75 - [STDERR_REDIRECT] [Fatal Error] :1:1: Premature end of file.
2026-10-06 15:54:33,662 [ERROR] LogOutputStream:75 - [STDERR_REDIRECT] 
2026-10-06 15:54:34,669 [ERROR] LogOutputStream:75 - [STDERR_REDIRECT] [Fatal Error] :1:1: Premature end of file.
2026-10-06 15:54:34,669 [ERROR] LogOutputStream:75 - [STDERR_REDIRECT] 
2026-10-06 15:54:35,666 [ERROR] LogOutputStream:75 - [STDERR_REDIRECT] [Fatal Error] :1:1: Premature end of file.
2026-10-06 15:54:35,666 [ERROR] LogOutputStream:75 - [STDERR_REDIRECT] 
2026-10-06 15:54:36,671 [ERROR] LogOutputStream:75 - [STDERR_REDIRECT] [Fatal Error] :1:1: Premature end of file.
2026-10-06 15:54:36,671 [ERROR] LogOutputStream:75 - [STDERR_REDIRECT] 
2026-10-06 15:54:37,665 [ERROR] LogOutputStream:75 - [STDERR_REDIRECT] [Fatal Error] :1:1: Premature end of file.
2026-10-06 15:54:37,665 [ERROR] LogOutputStream:75 - [STDERR_REDIRECT] 
2026-10-06 15:54:38,652 [ERROR] LogOutputStream:75 - [STDERR_REDIRECT] [Fatal Error] :1:1: Premature end of file.
2026-10-06 15:54:38,652 [ERROR] LogOutputStream:75 - [STDERR_REDIRECT] 
2026-10-06 15:54:39,659 [ERROR] LogOutputStream:75 - [STDERR_REDIRECT] [Fatal Error] :1:1: Premature end of file.
2026-10-06 15:54:39,659 [ERROR] LogOutputStream:75 - [STDERR_REDIRECT] 
2026-10-06 15:54:40,657 [ERROR] LogOutputStream:75 - [STDERR_REDIRECT] [Fatal Error] :1:1: Premature end of file.
2026-10-06 15:54:40,657 [ERROR] LogOutputStream:75 - [STDERR_REDIRECT] 
2026-10-06 15:54:41,671 [ERROR] LogOutputStream:75 - [STDERR_REDIRECT] [Fatal Error] :1:1: Premature end of file.
2026-10-06 15:54:41,671 [ERROR] LogOutputStream:75 - [STDERR_REDIRECT] 
2026-10-06 15:54:42,660 [ERROR] LogOutputStream:75 - [STDERR_REDIRECT] [Fatal Error] :1:1: Premature end of file.
2026-10-06 15:54:42,661 [ERROR] LogOutputStream:75 - [STDERR_REDIRECT] 
2026-10-06 15:54:43,666 [ERROR] LogOutputStream:75 - [STDERR_REDIRECT] [Fatal Error] :1:1: Premature end of file.
2026-10-06 15:54:43,666 [ERROR] LogOutputStream:75 - [STDERR_REDIRECT] 
2026-10-06 15:54:44,662 [ERROR] LogOutputStream:75 - [STDERR_REDIRECT] [Fatal Error] :1:1: Premature end of file.
2026-10-06 15:54:44,662 [ERROR] LogOutputStream:75 - [STDERR_REDIRECT] 
2026-10-06 15:54:45,677 [ERROR] LogOutputStream:75 - [STDERR_REDIRECT] [Fatal Error] :1:1: Premature end of file.
2026-10-06 15:54:45,677 [ERROR] LogOutputStream:75 - [STDERR_REDIRECT] 
2026-10-06 15:54:46,656 [ERROR] LogOutputStream:75 - [STDERR_REDIRECT] [Fatal Error] :1:1: Premature end of file.
2026-10-06 15:54:46,656 [ERROR] LogOutputStream:75 - [STDERR_REDIRECT] 
2026-10-06 15:54:47,647 [ERROR] LogOutputStream:75 - [STDERR_REDIRECT] [Fatal Error] :1:1: Premature end of file.
2026-10-06 15:54:47,647 [ERROR] LogOutputStream:75 - [STDERR_REDIRECT] 
2026-10-06 15:54:48,654 [ERROR] LogOutputStream:75 - [STDERR_REDIRECT] [Fatal Error] :1:1: Premature end of file.
2026-10-06 15:54:48,654 [ERROR] LogOutputStream:75 - [STDERR_REDIRECT] 
2026-10-06 15:54:49,646 [ERROR] LogOutputStream:75 - [STDERR_REDIRECT] [Fatal Error] :1:1: Premature end of file.
2026-10-06 15:54:49,646 [ERROR] LogOutputStream:75 - [STDERR_REDIRECT] 
2026-10-06 15:54:50,653 [ERROR] LogOutputStream:75 - [STDERR_REDIRECT] [Fatal Error] :1:1: Premature end of file.
2026-10-06 15:54:50,653 [ERROR] LogOutputStream:75 - [STDERR_REDIRECT] 
2026-10-06 15:54:51,647 [ERROR] LogOutputStream:75 - [STDERR_REDIRECT] [Fatal Error] :1:1: Premature end of file.
2026-10-06 15:54:51,647 [ERROR] LogOutputStream:75 - [STDERR_REDIRECT] 
2026-10-06 15:54:52,652 [ERROR] LogOutputStream:75 - [STDERR_REDIRECT] [Fatal Error] :1:1: Premature end of file.
2026-10-06 15:54:52,652 [ERROR] LogOutputStream:75 - [STDERR_REDIRECT] 
2026-10-06 15:54:53,654 [ERROR] LogOutputStream:75 - [STDERR_REDIRECT] [Fatal Error] :1:1: Premature end of file.
2026-10-06 15:54:53,654 [ERROR] LogOutputStream:75 - [STDERR_REDIRECT] 
2026-10-06 15:54:54,654 [ERROR] LogOutputStream:75 - [STDERR_REDIRECT] [Fatal Error] :1:1: Premature end of file.
2026-10-06 15:54:54,654 [ERROR] LogOutputStream:75 - [STDERR_REDIRECT] 
2026-10-06 15:54:55,654 [ERROR] LogOutputStream:75 - [STDERR_REDIRECT] [Fatal Error] :1:1: Premature end of file.
2026-10-06 15:54:55,654 [ERROR] LogOutputStream:75 - [STDERR_REDIRECT] 
2026-10-06 15:54:56,646 [ERROR] LogOutputStream:75 - [STDERR_REDIRECT] [Fatal Error] :1:1: Premature end of file.
2026-10-06 15:54:56,646 [ERROR] LogOutputStream:75 - [STDERR_REDIRECT] 
2026-10-06 15:54:57,647 [ERROR] LogOutputStream:75 - [STDERR_REDIRECT] [Fatal Error] :1:1: Premature end of file.
2026-10-06 15:54:57,648 [ERROR] LogOutputStream:75 - [STDERR_REDIRECT] 
2026-10-06 15:54:58,657 [ERROR] LogOutputStream:75 - [STDERR_REDIRECT] [Fatal Error] :1:1: Premature end of file.
2026-10-06 15:54:58,657 [ERROR] LogOutputStream:75 - [STDERR_REDIRECT] 
2026-10-06 15:54:59,657 [ERROR] LogOutputStream:75 - [STDERR_REDIRECT] [Fatal Error] :1:1: Premature end of file.
2026-10-06 15:54:59,657 [ERROR] LogOutputStream:75 - [STDERR_REDIRECT] 
2026-10-06 15:55:00,646 [ERROR] LogOutputStream:75 - [STDERR_REDIRECT] [Fatal Error] :1:1: Premature end of file.
2026-10-06 15:55:00,647 [ERROR] LogOutputStream:75 - [STDERR_REDIRECT] 
2026-10-06 15:55:01,659 [ERROR] LogOutputStream:75 - [STDERR_REDIRECT] [Fatal Error] :1:1: Premature end of file.
2026-10-06 15:55:01,659 [ERROR] LogOutputStream:75 - [STDERR_REDIRECT] 
2026-10-06 15:55:02,656 [ERROR] LogOutputStream:75 - [STDERR_REDIRECT] [Fatal Error] :1:1: Premature end of file.
2026-10-06 15:55:02,657 [ERROR] LogOutputStream:75 - [STDERR_REDIRECT] 
2026-10-06 15:55:03,660 [ERROR] LogOutputStream:75 - [STDERR_REDIRECT] [Fatal Error] :1:1: Premature end of file.
2026-10-06 15:55:03,660 [ERROR] LogOutputStream:75 - [STDERR_REDIRECT] 
2026-10-06 15:55:04,656 [ERROR] LogOutputStream:75 - [STDERR_REDIRECT] [Fatal Error] :1:1: Premature end of file.
2026-10-06 15:55:04,656 [ERROR] LogOutputStream:75 - [STDERR_REDIRECT] 
2026-10-06 15:55:05,655 [ERROR] LogOutputStream:75 - [STDERR_REDIRECT] [Fatal Error] :1:1: Premature end of file.
2026-10-06 15:55:05,655 [ERROR] LogOutputStream:75 - [STDERR_REDIRECT] 
2026-10-06 15:55:06,652 [ERROR] LogOutputStream:75 - [STDERR_REDIRECT] [Fatal Error] :1:1: Premature end of file.
2026-10-06 15:55:06,652 [ERROR] LogOutputStream:75 - [STDERR_REDIRECT] 
2026-10-06 15:55:07,659 [ERROR] LogOutputStream:75 - [STDERR_REDIRECT] [Fatal Error] :1:1: Premature end of file.
2026-10-06 15:55:07,659 [ERROR] LogOutputStream:75 - [STDERR_REDIRECT] 
2026-10-06 15:55:08,648 [ERROR] LogOutputStream:75 - [STDERR_REDIRECT] [Fatal Error] :1:1: Premature end of file.
2026-10-06 15:55:08,648 [ERROR] LogOutputStream:75 - [STDERR_REDIRECT] 
2026-10-06 15:55:09,656 [ERROR] LogOutputStream:75 - [STDERR_REDIRECT] [Fatal Error] :1:1: Premature end of file.
2026-10-06 15:55:09,656 [ERROR] LogOutputStream:75 - [STDERR_REDIRECT] 
2026-10-06 15:55:10,660 [ERROR] LogOutputStream:75 - [STDERR_REDIRECT] [Fatal Error] :1:1: Premature end of file.
2026-10-06 15:55:10,660 [ERROR] LogOutputStream:75 - [STDERR_REDIRECT] 
2026-10-06 15:55:11,654 [ERROR] LogOutputStream:75 - [STDERR_REDIRECT] [Fatal Error] :1:1: Premature end of file.
2026-10-06 15:55:11,654 [ERROR] LogOutputStream:75 - [STDERR_REDIRECT] 
2026-10-06 15:55:12,647 [ERROR] LogOutputStream:75 - [STDERR_REDIRECT] [Fatal Error] :1:1: Premature end of file.
2026-10-06 15:55:12,647 [ERROR] LogOutputStream:75 - [STDERR_REDIRECT] 
2026-10-06 15:55:13,654 [ERROR] LogOutputStream:75 - [STDERR_REDIRECT] [Fatal Error] :1:1: Premature end of file.
2026-10-06 15:55:13,654 [ERROR] LogOutputStream:75 - [STDERR_REDIRECT] 
2026-10-06 15:55:14,652 [ERROR] LogOutputStream:75 - [STDERR_REDIRECT] [Fatal Error] :1:1: Premature end of file.
2026-10-06 15:55:14,652 [ERROR] LogOutputStream:75 - [STDERR_REDIRECT] 
2026-10-06 15:55:15,656 [ERROR] LogOutputStream:75 - [STDERR_REDIRECT] [Fatal Error] :1:1: Premature end of file.
2026-10-06 15:55:15,656 [ERROR] LogOutputStream:75 - [STDERR_REDIRECT] 
2026-10-06 15:55:16,659 [ERROR] LogOutputStream:75 - [STDERR_REDIRECT] [Fatal Error] :1:1: Premature end of file.
2026-10-06 15:55:16,659 [ERROR] LogOutputStream:75 - [STDERR_REDIRECT] 
2026-10-06 15:55:17,653 [ERROR] LogOutputStream:75 - [STDERR_REDIRECT] [Fatal Error] :1:1: Premature end of file.
2026-10-06 15:55:17,654 [ERROR] LogOutputStream:75 - [STDERR_REDIRECT] 
2026-10-06 15:55:18,648 [ERROR] LogOutputStream:75 - [STDERR_REDIRECT] [Fatal Error] :1:1: Premature end of file.
2026-10-06 15:55:18,648 [ERROR] LogOutputStream:75 - [STDERR_REDIRECT] 
2026-10-06 15:55:19,656 [ERROR] LogOutputStream:75 - [STDERR_REDIRECT] [Fatal Error] :1:1: Premature end of file.
2026-10-06 15:55:19,656 [ERROR] LogOutputStream:75 - [STDERR_REDIRECT] 
2026-10-06 15:55:20,652 [ERROR] LogOutputStream:75 - [STDERR_REDIRECT] [Fatal Error] :1:1: Premature end of file.
2026-10-06 15:55:20,652 [ERROR] LogOutputStream:75 - [STDERR_REDIRECT] 
2026-10-06 15:55:21,645 [ERROR] LogOutputStream:75 - [STDERR_REDIRECT] [Fatal Error] :1:1: Premature end of file.
2026-10-06 15:55:21,645 [ERROR] LogOutputStream:75 - [STDERR_REDIRECT] 
2026-10-06 15:55:22,646 [ERROR] LogOutputStream:75 - [STDERR_REDIRECT] [Fatal Error] :1:1: Premature end of file.
2026-10-06 15:55:22,646 [ERROR] LogOutputStream:75 - [STDERR_REDIRECT] 
2026-10-06 15:55:23,665 [ERROR] LogOutputStream:75 - [STDERR_REDIRECT] [Fatal Error] :1:1: Premature end of file.
2026-10-06 15:55:23,665 [ERROR] LogOutputStream:75 - [STDERR_REDIRECT] 
2026-10-06 15:55:24,658 [ERROR] LogOutputStream:75 - [STDERR_REDIRECT] [Fatal Error] :1:1: Premature end of file.
2026-10-06 15:55:24,658 [ERROR] LogOutputStream:75 - [STDERR_REDIRECT] 
2026-10-06 15:55:25,670 [ERROR] LogOutputStream:75 - [STDERR_REDIRECT] [Fatal Error] :1:1: Premature end of file.
2026-10-06 15:55:25,670 [ERROR] LogOutputStream:75 - [STDERR_REDIRECT] 
2026-10-06 15:55:26,671 [ERROR] LogOutputStream:75 - [STDERR_REDIRECT] [Fatal Error] :1:1: Premature end of file.
2026-10-06 15:55:26,671 [ERROR] LogOutputStream:75 - [STDERR_REDIRECT] 
2026-10-06 15:55:27,658 [ERROR] LogOutputStream:75 - [STDERR_REDIRECT] [Fatal Error] :1:1: Premature end of file.
2026-10-06 15:55:27,658 [ERROR] LogOutputStream:75 - [STDERR_REDIRECT] 
2026-10-06 15:55:28,653 [ERROR] LogOutputStream:75 - [STDERR_REDIRECT] [Fatal Error] :1:1: Premature end of file.
2026-10-06 15:55:28,653 [ERROR] LogOutputStream:75 - [STDERR_REDIRECT] 
2026-10-06 15:55:29,668 [ERROR] LogOutputStream:75 - [STDERR_REDIRECT] [Fatal Error] :1:1: Premature end of file.
2026-10-06 15:55:29,668 [ERROR] LogOutputStream:75 - [STDERR_REDIRECT] 
2026-10-06 15:55:30,666 [ERROR] LogOutputStream:75 - [STDERR_REDIRECT] [Fatal Error] :1:1: Premature end of file.
2026-10-06 15:55:30,667 [ERROR] LogOutputStream:75 - [STDERR_REDIRECT] 
2026-10-06 15:55:31,660 [ERROR] LogOutputStream:75 - [STDERR_REDIRECT] [Fatal Error] :1:1: Premature end of file.
2026-10-06 15:55:31,660 [ERROR] LogOutputStream:75 - [STDERR_REDIRECT] 
2026-10-06 15:55:32,667 [ERROR] LogOutputStream:75 - [STDERR_REDIRECT] [Fatal Error] :1:1: Premature end of file.
2026-10-06 15:55:32,667 [ERROR] LogOutputStream:75 - [STDERR_REDIRECT] 
2026-10-06 15:55:33,662 [ERROR] LogOutputStream:75 - [STDERR_REDIRECT] [Fatal Error] :1:1: Premature end of file.
2026-10-06 15:55:33,662 [ERROR] LogOutputStream:75 - [STDERR_REDIRECT] 
2026-10-06 15:55:34,667 [ERROR] LogOutputStream:75 - [STDERR_REDIRECT] [Fatal Error] :1:1: Premature end of file.
2026-10-06 15:55:34,667 [ERROR] LogOutputStream:75 - [STDERR_REDIRECT] 
2026-10-06 15:55:35,654 [ERROR] LogOutputStream:75 - [STDERR_REDIRECT] [Fatal Error] :1:1: Premature end of file.
2026-10-06 15:55:35,654 [ERROR] LogOutputStream:75 - [STDERR_REDIRECT] 
2026-10-06 15:55:36,647 [ERROR] LogOutputStream:75 - [STDERR_REDIRECT] [Fatal Error] :1:1: Premature end of file.
2026-10-06 15:55:36,647 [ERROR] LogOutputStream:75 - [STDERR_REDIRECT] 
2026-10-06 15:55:37,654 [ERROR] LogOutputStream:75 - [STDERR_REDIRECT] [Fatal Error] :1:1: Premature end of file.
2026-10-06 15:55:37,654 [ERROR] LogOutputStream:75 - [STDERR_REDIRECT] 
2026-10-06 15:55:38,651 [ERROR] LogOutputStream:75 - [STDERR_REDIRECT] [Fatal Error] :1:1: Premature end of file.
2026-10-06 15:55:38,652 [ERROR] LogOutputStream:75 - [STDERR_REDIRECT] 
2026-10-06 15:55:39,649 [ERROR] LogOutputStream:75 - [STDERR_REDIRECT] [Fatal Error] :1:1: Premature end of file.
2026-10-06 15:55:39,649 [ERROR] LogOutputStream:75 - [STDERR_REDIRECT] 
2026-10-06 15:55:40,660 [ERROR] LogOutputStream:75 - [STDERR_REDIRECT] [Fatal Error] :1:1: Premature end of file.
2026-10-06 15:55:40,660 [ERROR] LogOutputStream:75 - [STDERR_REDIRECT] 
2026-10-06 15:55:41,645 [ERROR] LogOutputStream:75 - [STDERR_REDIRECT] [Fatal Error] :1:1: Premature end of file.
2026-10-06 15:55:41,645 [ERROR] LogOutputStream:75 - [STDERR_REDIRECT] 
2026-10-06 15:55:42,646 [ERROR] LogOutputStream:75 - [STDERR_REDIRECT] [Fatal Error] :1:1: Premature end of file.
2026-10-06 15:55:42,646 [ERROR] LogOutputStream:75 - [STDERR_REDIRECT] 
2026-10-06 15:55:43,658 [ERROR] LogOutputStream:75 - [STDERR_REDIRECT] [Fatal Error] :1:1: Premature end of file.
2026-10-06 15:55:43,658 [ERROR] LogOutputStream:75 - [STDERR_REDIRECT] 
2026-10-06 15:55:44,652 [ERROR] LogOutputStream:75 - [STDERR_REDIRECT] [Fatal Error] :1:1: Premature end of file.
2026-10-06 15:55:44,652 [ERROR] LogOutputStream:75 - [STDERR_REDIRECT] 
2026-10-06 15:55:45,658 [ERROR] LogOutputStream:75 - [STDERR_REDIRECT] [Fatal Error] :1:1: Premature end of file.
2026-10-06 15:55:45,658 [ERROR] LogOutputStream:75 - [STDERR_REDIRECT] 
2026-10-06 15:55:46,648 [ERROR] LogOutputStream:75 - [STDERR_REDIRECT] [Fatal Error] :1:1: Premature end of file.
2026-10-06 15:55:46,648 [ERROR] LogOutputStream:75 - [STDERR_REDIRECT] 
2026-10-06 15:55:47,646 [ERROR] LogOutputStream:75 - [STDERR_REDIRECT] [Fatal Error] :1:1: Premature end of file.
2026-10-06 15:55:47,646 [ERROR] LogOutputStream:75 - [STDERR_REDIRECT] 
2026-10-06 15:55:48,651 [ERROR] LogOutputStream:75 - [STDERR_REDIRECT] [Fatal Error] :1:1: Premature end of file.
2026-10-06 15:55:48,651 [ERROR] LogOutputStream:75 - [STDERR_REDIRECT] 
2026-10-06 15:55:49,658 [ERROR] LogOutputStream:75 - [STDERR_REDIRECT] [Fatal Error] :1:1: Premature end of file.
2026-10-06 15:55:49,658 [ERROR] LogOutputStream:75 - [STDERR_REDIRECT] 
2026-10-06 15:55:50,649 [ERROR] LogOutputStream:75 - [STDERR_REDIRECT] [Fatal Error] :1:1: Premature end of file.
2026-10-06 15:55:50,649 [ERROR] LogOutputStream:75 - [STDERR_REDIRECT] 
2026-10-06 15:55:51,658 [ERROR] LogOutputStream:75 - [STDERR_REDIRECT] [Fatal Error] :1:1: Premature end of file.
2026-10-06 15:55:51,658 [ERROR] LogOutputStream:75 - [STDERR_REDIRECT] 
2026-10-06 15:55:52,647 [ERROR] LogOutputStream:75 - [STDERR_REDIRECT] [Fatal Error] :1:1: Premature end of file.
2026-10-06 15:55:52,647 [ERROR] LogOutputStream:75 - [STDERR_REDIRECT] 
2026-10-06 15:55:53,649 [ERROR] LogOutputStream:75 - [STDERR_REDIRECT] [Fatal Error] :1:1: Premature end of file.
2026-10-06 15:55:53,649 [ERROR] LogOutputStream:75 - [STDERR_REDIRECT] 
2026-10-06 15:55:54,652 [ERROR] LogOutputStream:75 - [STDERR_REDIRECT] [Fatal Error] :1:1: Premature end of file.
2026-10-06 15:55:54,652 [ERROR] LogOutputStream:75 - [STDERR_REDIRECT] 
2026-10-06 15:55:55,647 [ERROR] LogOutputStream:75 - [STDERR_REDIRECT] [Fatal Error] :1:1: Premature end of file.
2026-10-06 15:55:55,647 [ERROR] LogOutputStream:75 - [STDERR_REDIRECT] 
2026-10-06 15:55:56,675 [ERROR] LogOutputStream:75 - [STDERR_REDIRECT] [Fatal Error] :1:1: Premature end of file.
2026-10-06 15:55:56,675 [ERROR] LogOutputStream:75 - [STDERR_REDIRECT] 
2026-10-06 15:55:57,648 [ERROR] LogOutputStream:75 - [STDERR_REDIRECT] [Fatal Error] :1:1: Premature end of file.
2026-10-06 15:55:57,649 [ERROR] LogOutputStream:75 - [STDERR_REDIRECT] 
2026-10-06 15:55:58,647 [ERROR] LogOutputStream:75 - [STDERR_REDIRECT] [Fatal Error] :1:1: Premature end of file.
2026-10-06 15:55:58,647 [ERROR] LogOutputStream:75 - [STDERR_REDIRECT] 
2026-10-06 15:55:59,650 [ERROR] LogOutputStream:75 - [STDERR_REDIRECT] [Fatal Error] :1:1: Premature end of file.
2026-10-06 15:55:59,650 [ERROR] LogOutputStream:75 - [STDERR_REDIRECT] 
2026-10-06 15:56:00,652 [ERROR] LogOutputStream:75 - [STDERR_REDIRECT] [Fatal Error] :1:1: Premature end of file.
2026-10-06 15:56:00,653 [ERROR] LogOutputStream:75 - [STDERR_REDIRECT] 
2026-10-06 15:56:01,650 [ERROR] LogOutputStream:75 - [STDERR_REDIRECT] [Fatal Error] :1:1: Premature end of file.
2026-10-06 15:56:01,650 [ERROR] LogOutputStream:75 - [STDERR_REDIRECT] 
2026-10-06 15:56:02,647 [ERROR] LogOutputStream:75 - [STDERR_REDIRECT] [Fatal Error] :1:1: Premature end of file.
2026-10-06 15:56:02,647 [ERROR] LogOutputStream:75 - [STDERR_REDIRECT] 
2026-10-06 15:56:03,651 [ERROR] LogOutputStream:75 - [STDERR_REDIRECT] [Fatal Error] :1:1: Premature end of file.
2026-10-06 15:56:03,651 [ERROR] LogOutputStream:75 - [STDERR_REDIRECT] 
2026-10-06 15:56:04,646 [ERROR] LogOutputStream:75 - [STDERR_REDIRECT] [Fatal Error] :1:1: Premature end of file.
2026-10-06 15:56:04,647 [ERROR] LogOutputStream:75 - [STDERR_REDIRECT] 
2026-10-06 15:56:05,663 [ERROR] LogOutputStream:75 - [STDERR_REDIRECT] [Fatal Error] :1:1: Premature end of file.
2026-10-06 15:56:05,663 [ERROR] LogOutputStream:75 - [STDERR_REDIRECT] 
2026-10-06 15:56:06,647 [ERROR] LogOutputStream:75 - [STDERR_REDIRECT] [Fatal Error] :1:1: Premature end of file.
2026-10-06 15:56:06,647 [ERROR] LogOutputStream:75 - [STDERR_REDIRECT] 
2026-10-06 15:56:07,649 [ERROR] LogOutputStream:75 - [STDERR_REDIRECT] [Fatal Error] :1:1: Premature end of file.
2026-10-06 15:56:07,649 [ERROR] LogOutputStream:75 - [STDERR_REDIRECT] 
2026-10-06 15:56:08,647 [ERROR] LogOutputStream:75 - [STDERR_REDIRECT] [Fatal Error] :1:1: Premature end of file.
2026-10-06 15:56:08,647 [ERROR] LogOutputStream:75 - [STDERR_REDIRECT] 
2026-10-06 15:56:09,656 [ERROR] LogOutputStream:75 - [STDERR_REDIRECT] [Fatal Error] :1:1: Premature end of file.
2026-10-06 15:56:09,656 [ERROR] LogOutputStream:75 - [STDERR_REDIRECT] 
2026-10-06 15:56:10,650 [ERROR] LogOutputStream:75 - [STDERR_REDIRECT] [Fatal Error] :1:1: Premature end of file.
2026-10-06 15:56:10,650 [ERROR] LogOutputStream:75 - [STDERR_REDIRECT] 
2026-10-06 15:56:11,658 [ERROR] LogOutputStream:75 - [STDERR_REDIRECT] [Fatal Error] :1:1: Premature end of file.
2026-10-06 15:56:11,658 [ERROR] LogOutputStream:75 - [STDERR_REDIRECT] 
2026-10-06 15:56:12,653 [ERROR] LogOutputStream:75 - [STDERR_REDIRECT] [Fatal Error] :1:1: Premature end of file.
2026-10-06 15:56:12,653 [ERROR] LogOutputStream:75 - [STDERR_REDIRECT] 
2026-10-06 15:56:13,657 [ERROR] LogOutputStream:75 - [STDERR_REDIRECT] [Fatal Error] :1:1: Premature end of file.
2026-10-06 15:56:13,657 [ERROR] LogOutputStream:75 - [STDERR_REDIRECT] 
2026-10-06 15:56:14,656 [ERROR] LogOutputStream:75 - [STDERR_REDIRECT] [Fatal Error] :1:1: Premature end of file.
2026-10-06 15:56:14,656 [ERROR] LogOutputStream:75 - [STDERR_REDIRECT] 
2026-10-06 15:56:15,656 [ERROR] LogOutputStream:75 - [STDERR_REDIRECT] [Fatal Error] :1:1: Premature end of file.
2026-10-06 15:56:15,656 [ERROR] LogOutputStream:75 - [STDERR_REDIRECT] 
2026-10-06 15:56:16,653 [ERROR] LogOutputStream:75 - [STDERR_REDIRECT] [Fatal Error] :1:1: Premature end of file.
2026-10-06 15:56:16,653 [ERROR] LogOutputStream:75 - [STDERR_REDIRECT] 
2026-10-06 15:56:17,662 [ERROR] LogOutputStream:75 - [STDERR_REDIRECT] [Fatal Error] :1:1: Premature end of file.
2026-10-06 15:56:17,662 [ERROR] LogOutputStream:75 - [STDERR_REDIRECT] 
2026-10-06 15:56:18,666 [ERROR] LogOutputStream:75 - [STDERR_REDIRECT] [Fatal Error] :1:1: Premature end of file.
2026-10-06 15:56:18,666 [ERROR] LogOutputStream:75 - [STDERR_REDIRECT] 
2026-10-06 15:56:19,650 [ERROR] LogOutputStream:75 - [STDERR_REDIRECT] [Fatal Error] :1:1: Premature end of file.
2026-10-06 15:56:19,650 [ERROR] LogOutputStream:75 - [STDERR_REDIRECT] 
2026-10-06 15:56:20,661 [ERROR] LogOutputStream:75 - [STDERR_REDIRECT] [Fatal Error] :1:1: Premature end of file.
2026-10-06 15:56:20,661 [ERROR] LogOutputStream:75 - [STDERR_REDIRECT] 
2026-10-06 15:56:21,646 [ERROR] LogOutputStream:75 - [STDERR_REDIRECT] [Fatal Error] :1:1: Premature end of file.
2026-10-06 15:56:21,646 [ERROR] LogOutputStream:75 - [STDERR_REDIRECT] 
2026-10-06 15:56:22,659 [ERROR] LogOutputStream:75 - [STDERR_REDIRECT] [Fatal Error] :1:1: Premature end of file.
2026-10-06 15:56:22,659 [ERROR] LogOutputStream:75 - [STDERR_REDIRECT] 
2026-10-06 15:56:23,661 [ERROR] LogOutputStream:75 - [STDERR_REDIRECT] [Fatal Error] :1:1: Premature end of file.
2026-10-06 15:56:23,661 [ERROR] LogOutputStream:75 - [STDERR_REDIRECT] 
2026-10-06 15:56:24,664 [ERROR] LogOutputStream:75 - [STDERR_REDIRECT] [Fatal Error] :1:1: Premature end of file.
2026-10-06 15:56:24,664 [ERROR] LogOutputStream:75 - [STDERR_REDIRECT] 
2026-10-06 15:56:25,660 [ERROR] LogOutputStream:75 - [STDERR_REDIRECT] [Fatal Error] :1:1: Premature end of file.
2026-10-06 15:56:25,660 [ERROR] LogOutputStream:75 - [STDERR_REDIRECT] 
2026-10-06 15:56:26,657 [ERROR] LogOutputStream:75 - [STDERR_REDIRECT] [Fatal Error] :1:1: Premature end of file.
2026-10-06 15:56:26,657 [ERROR] LogOutputStream:75 - [STDERR_REDIRECT] 
2026-10-06 15:56:27,652 [ERROR] LogOutputStream:75 - [STDERR_REDIRECT] [Fatal Error] :1:1: Premature end of file.
2026-10-06 15:56:27,652 [ERROR] LogOutputStream:75 - [STDERR_REDIRECT] 
2026-10-06 15:56:28,650 [ERROR] LogOutputStream:75 - [STDERR_REDIRECT] [Fatal Error] :1:1: Premature end of file.
2026-10-06 15:56:28,650 [ERROR] LogOutputStream:75 - [STDERR_REDIRECT] 
2026-10-06 15:56:29,667 [ERROR] LogOutputStream:75 - [STDERR_REDIRECT] [Fatal Error] :1:1: Premature end of file.
2026-10-06 15:56:29,668 [ERROR] LogOutputStream:75 - [STDERR_REDIRECT] 
2026-10-06 15:56:30,665 [ERROR] LogOutputStream:75 - [STDERR_REDIRECT] [Fatal Error] :1:1: Premature end of file.
2026-10-06 15:56:30,665 [ERROR] LogOutputStream:75 - [STDERR_REDIRECT] 
2026-10-06 15:56:31,652 [ERROR] LogOutputStream:75 - [STDERR_REDIRECT] [Fatal Error] :1:1: Premature end of file.
2026-10-06 15:56:31,652 [ERROR] LogOutputStream:75 - [STDERR_REDIRECT] 
2026-10-06 15:56:32,658 [ERROR] LogOutputStream:75 - [STDERR_REDIRECT] [Fatal Error] :1:1: Premature end of file.
2026-10-06 15:56:32,658 [ERROR] LogOutputStream:75 - [STDERR_REDIRECT] 
2026-10-06 15:56:33,669 [ERROR] LogOutputStream:75 - [STDERR_REDIRECT] [Fatal Error] :1:1: Premature end of file.
2026-10-06 15:56:33,669 [ERROR] LogOutputStream:75 - [STDERR_REDIRECT] 
2026-10-06 15:56:34,672 [ERROR] LogOutputStream:75 - [STDERR_REDIRECT] [Fatal Error] :1:1: Premature end of file.
2026-10-06 15:56:34,672 [ERROR] LogOutputStream:75 - [STDERR_REDIRECT] 
2026-10-06 15:56:35,673 [ERROR] LogOutputStream:75 - [STDERR_REDIRECT] [Fatal Error] :1:1: Premature end of file.
2026-10-06 15:56:35,673 [ERROR] LogOutputStream:75 - [STDERR_REDIRECT] 
2026-10-06 15:56:36,652 [ERROR] LogOutputStream:75 - [STDERR_REDIRECT] [Fatal Error] :1:1: Premature end of file.
2026-10-06 15:56:36,652 [ERROR] LogOutputStream:75 - [STDERR_REDIRECT] 
2026-10-06 15:56:37,662 [ERROR] LogOutputStream:75 - [STDERR_REDIRECT] [Fatal Error] :1:1: Premature end of file.
2026-10-06 15:56:37,662 [ERROR] LogOutputStream:75 - [STDERR_REDIRECT] 
2026-10-06 15:56:38,661 [ERROR] LogOutputStream:75 - [STDERR_REDIRECT] [Fatal Error] :1:1: Premature end of file.
2026-10-06 15:56:38,661 [ERROR] LogOutputStream:75 - [STDERR_REDIRECT] 
2026-10-06 15:56:39,655 [ERROR] LogOutputStream:75 - [STDERR_REDIRECT] [Fatal Error] :1:1: Premature end of file.
2026-10-06 15:56:39,655 [ERROR] LogOutputStream:75 - [STDERR_REDIRECT] 
2026-10-06 15:56:40,675 [ERROR] LogOutputStream:75 - [STDERR_REDIRECT] [Fatal Error] :1:1: Premature end of file.
2026-10-06 15:56:40,675 [ERROR] LogOutputStream:75 - [STDERR_REDIRECT] 
2026-10-06 15:56:41,675 [ERROR] LogOutputStream:75 - [STDERR_REDIRECT] [Fatal Error] :1:1: Premature end of file.
2026-10-06 15:56:41,675 [ERROR] LogOutputStream:75 - [STDERR_REDIRECT] 
2026-10-06 15:56:42,665 [ERROR] LogOutputStream:75 - [STDERR_REDIRECT] [Fatal Error] :1:1: Premature end of file.
2026-10-06 15:56:42,665 [ERROR] LogOutputStream:75 - [STDERR_REDIRECT] 
2026-10-06 15:56:43,671 [ERROR] LogOutputStream:75 - [STDERR_REDIRECT] [Fatal Error] :1:1: Premature end of file.
2026-10-06 15:56:43,671 [ERROR] LogOutputStream:75 - [STDERR_REDIRECT] 
2026-10-06 15:56:44,666 [ERROR] LogOutputStream:75 - [STDERR_REDIRECT] [Fatal Error] :1:1: Premature end of file.
2026-10-06 15:56:44,666 [ERROR] LogOutputStream:75 - [STDERR_REDIRECT] 
2026-10-06 15:56:45,667 [ERROR] LogOutputStream:75 - [STDERR_REDIRECT] [Fatal Error] :1:1: Premature end of file.
2026-10-06 15:56:45,667 [ERROR] LogOutputStream:75 - [STDERR_REDIRECT] 
2026-10-06 15:56:46,661 [ERROR] LogOutputStream:75 - [STDERR_REDIRECT] [Fatal Error] :1:1: Premature end of file.
2026-10-06 15:56:46,661 [ERROR] LogOutputStream:75 - [STDERR_REDIRECT] 
2026-10-06 15:56:47,653 [ERROR] LogOutputStream:75 - [STDERR_REDIRECT] [Fatal Error] :1:1: Premature end of file.
2026-10-06 15:56:47,653 [ERROR] LogOutputStream:75 - [STDERR_REDIRECT] 
2026-10-06 15:56:48,669 [ERROR] LogOutputStream:75 - [STDERR_REDIRECT] [Fatal Error] :1:1: Premature end of file.
2026-10-06 15:56:48,669 [ERROR] LogOutputStream:75 - [STDERR_REDIRECT] 
2026-10-06 15:56:49,666 [ERROR] LogOutputStream:75 - [STDERR_REDIRECT] [Fatal Error] :1:1: Premature end of file.
2026-10-06 15:56:49,666 [ERROR] LogOutputStream:75 - [STDERR_REDIRECT] 
2026-10-06 15:56:50,651 [ERROR] LogOutputStream:75 - [STDERR_REDIRECT] [Fatal Error] :1:1: Premature end of file.
2026-10-06 15:56:50,651 [ERROR] LogOutputStream:75 - [STDERR_REDIRECT] 
2026-10-06 15:56:51,662 [ERROR] LogOutputStream:75 - [STDERR_REDIRECT] [Fatal Error] :1:1: Premature end of file.
2026-10-06 15:56:51,662 [ERROR] LogOutputStream:75 - [STDERR_REDIRECT] 
2026-10-06 15:56:52,652 [ERROR] LogOutputStream:75 - [STDERR_REDIRECT] [Fatal Error] :1:1: Premature end of file.
2026-10-06 15:56:52,652 [ERROR] LogOutputStream:75 - [STDERR_REDIRECT] 
2026-10-06 15:56:53,670 [ERROR] LogOutputStream:75 - [STDERR_REDIRECT] [Fatal Error] :1:1: Premature end of file.
2026-10-06 15:56:53,670 [ERROR] LogOutputStream:75 - [STDERR_REDIRECT] 
2026-10-06 15:56:54,667 [ERROR] LogOutputStream:75 - [STDERR_REDIRECT] [Fatal Error] :1:1: Premature end of file.
2026-10-06 15:56:54,667 [ERROR] LogOutputStream:75 - [STDERR_REDIRECT] 
2026-10-06 15:56:55,669 [ERROR] LogOutputStream:75 - [STDERR_REDIRECT] [Fatal Error] :1:1: Premature end of file.
2026-10-06 15:56:55,670 [ERROR] LogOutputStream:75 - [STDERR_REDIRECT] 
2026-10-06 15:56:56,676 [ERROR] LogOutputStream:75 - [STDERR_REDIRECT] [Fatal Error] :1:1: Premature end of file.
2026-10-06 15:56:56,676 [ERROR] LogOutputStream:75 - [STDERR_REDIRECT] 
2026-10-06 15:56:57,675 [ERROR] LogOutputStream:75 - [STDERR_REDIRECT] [Fatal Error] :1:1: Premature end of file.
2026-10-06 15:56:57,675 [ERROR] LogOutputStream:75 - [STDERR_REDIRECT] 
2026-10-06 15:56:58,669 [ERROR] LogOutputStream:75 - [STDERR_REDIRECT] [Fatal Error] :1:1: Premature end of file.
2026-10-06 15:56:58,669 [ERROR] LogOutputStream:75 - [STDERR_REDIRECT] 
2026-10-06 15:56:59,660 [ERROR] LogOutputStream:75 - [STDERR_REDIRECT] [Fatal Error] :1:1: Premature end of file.
2026-10-06 15:56:59,661 [ERROR] LogOutputStream:75 - [STDERR_REDIRECT] 
2026-10-06 15:57:00,674 [ERROR] LogOutputStream:75 - [STDERR_REDIRECT] [Fatal Error] :1:1: Premature end of file.
2026-10-06 15:57:00,674 [ERROR] LogOutputStream:75 - [STDERR_REDIRECT] 
2026-10-06 15:57:01,674 [ERROR] LogOutputStream:75 - [STDERR_REDIRECT] [Fatal Error] :1:1: Premature end of file.
2026-10-06 15:57:01,674 [ERROR] LogOutputStream:75 - [STDERR_REDIRECT] 
2026-10-06 15:57:02,668 [ERROR] LogOutputStream:75 - [STDERR_REDIRECT] [Fatal Error] :1:1: Premature end of file.
2026-10-06 15:57:02,668 [ERROR] LogOutputStream:75 - [STDERR_REDIRECT] 
2026-10-06 15:57:03,659 [ERROR] LogOutputStream:75 - [STDERR_REDIRECT] [Fatal Error] :1:1: Premature end of file.
2026-10-06 15:57:03,659 [ERROR] LogOutputStream:75 - [STDERR_REDIRECT] 
2026-10-06 15:57:04,676 [ERROR] LogOutputStream:75 - [STDERR_REDIRECT] [Fatal Error] :1:1: Premature end of file.
2026-10-06 15:57:04,676 [ERROR] LogOutputStream:75 - [STDERR_REDIRECT] 
2026-10-06 15:57:05,674 [ERROR] LogOutputStream:75 - [STDERR_REDIRECT] [Fatal Error] :1:1: Premature end of file.
2026-10-06 15:57:05,674 [ERROR] LogOutputStream:75 - [STDERR_REDIRECT] 
2026-10-06 15:57:06,659 [ERROR] LogOutputStream:75 - [STDERR_REDIRECT] [Fatal Error] :1:1: Premature end of file.
2026-10-06 15:57:06,659 [ERROR] LogOutputStream:75 - [STDERR_REDIRECT] 
2026-10-06 15:57:07,651 [ERROR] LogOutputStream:75 - [STDERR_REDIRECT] [Fatal Error] :1:1: Premature end of file.
2026-10-06 15:57:07,651 [ERROR] LogOutputStream:75 - [STDERR_REDIRECT] 
2026-10-06 15:57:08,652 [ERROR] LogOutputStream:75 - [STDERR_REDIRECT] [Fatal Error] :1:1: Premature end of file.
2026-10-06 15:57:08,652 [ERROR] LogOutputStream:75 - [STDERR_REDIRECT] 
2026-10-06 15:57:09,662 [ERROR] LogOutputStream:75 - [STDERR_REDIRECT] [Fatal Error] :1:1: Premature end of file.
2026-10-06 15:57:09,662 [ERROR] LogOutputStream:75 - [STDERR_REDIRECT] 
2026-10-06 15:57:10,661 [ERROR] LogOutputStream:75 - [STDERR_REDIRECT] [Fatal Error] :1:1: Premature end of file.
2026-10-06 15:57:10,661 [ERROR] LogOutputStream:75 - [STDERR_REDIRECT] 
2026-10-06 15:57:11,656 [ERROR] LogOutputStream:75 - [STDERR_REDIRECT] [Fatal Error] :1:1: Premature end of file.
2026-10-06 15:57:11,656 [ERROR] LogOutputStream:75 - [STDERR_REDIRECT] 
2026-10-06 15:57:12,654 [ERROR] LogOutputStream:75 - [STDERR_REDIRECT] [Fatal Error] :1:1: Premature end of file.
2026-10-06 15:57:12,654 [ERROR] LogOutputStream:75 - [STDERR_REDIRECT] 
2026-10-06 15:57:13,664 [ERROR] LogOutputStream:75 - [STDERR_REDIRECT] [Fatal Error] :1:1: Premature end of file.
2026-10-06 15:57:13,664 [ERROR] LogOutputStream:75 - [STDERR_REDIRECT] 
2026-10-06 15:57:14,656 [ERROR] LogOutputStream:75 - [STDERR_REDIRECT] [Fatal Error] :1:1: Premature end of file.
2026-10-06 15:57:14,656 [ERROR] LogOutputStream:75 - [STDERR_REDIRECT] 
2026-10-06 15:57:15,649 [ERROR] LogOutputStream:75 - [STDERR_REDIRECT] [Fatal Error] :1:1: Premature end of file.
2026-10-06 15:57:15,649 [ERROR] LogOutputStream:75 - [STDERR_REDIRECT] 
2026-10-06 15:57:16,663 [ERROR] LogOutputStream:75 - [STDERR_REDIRECT] [Fatal Error] :1:1: Premature end of file.
2026-10-06 15:57:16,663 [ERROR] LogOutputStream:75 - [STDERR_REDIRECT] 
2026-10-06 15:57:17,659 [ERROR] LogOutputStream:75 - [STDERR_REDIRECT] [Fatal Error] :1:1: Premature end of file.
2026-10-06 15:57:17,659 [ERROR] LogOutputStream:75 - [STDERR_REDIRECT] 
2026-10-06 15:57:18,674 [ERROR] LogOutputStream:75 - [STDERR_REDIRECT] [Fatal Error] :1:1: Premature end of file.
2026-10-06 15:57:18,674 [ERROR] LogOutputStream:75 - [STDERR_REDIRECT] 
2026-10-06 15:57:19,668 [ERROR] LogOutputStream:75 - [STDERR_REDIRECT] [Fatal Error] :1:1: Premature end of file.
2026-10-06 15:57:19,668 [ERROR] LogOutputStream:75 - [STDERR_REDIRECT] 
2026-10-06 15:57:20,662 [ERROR] LogOutputStream:75 - [STDERR_REDIRECT] [Fatal Error] :1:1: Premature end of file.
2026-10-06 15:57:20,662 [ERROR] LogOutputStream:75 - [STDERR_REDIRECT] 
2026-10-06 15:57:21,652 [ERROR] LogOutputStream:75 - [STDERR_REDIRECT] [Fatal Error] :1:1: Premature end of file.
2026-10-06 15:57:21,652 [ERROR] LogOutputStream:75 - [STDERR_REDIRECT] 
2026-10-06 15:57:22,653 [ERROR] LogOutputStream:75 - [STDERR_REDIRECT] [Fatal Error] :1:1: Premature end of file.
2026-10-06 15:57:22,654 [ERROR] LogOutputStream:75 - [STDERR_REDIRECT] 
2026-10-06 15:57:23,660 [ERROR] LogOutputStream:75 - [STDERR_REDIRECT] [Fatal Error] :1:1: Premature end of file.
2026-10-06 15:57:23,661 [ERROR] LogOutputStream:75 - [STDERR_REDIRECT] 
2026-10-06 15:57:24,663 [ERROR] LogOutputStream:75 - [STDERR_REDIRECT] [Fatal Error] :1:1: Premature end of file.
2026-10-06 15:57:24,663 [ERROR] LogOutputStream:75 - [STDERR_REDIRECT] 
2026-10-06 15:57:25,668 [ERROR] LogOutputStream:75 - [STDERR_REDIRECT] [Fatal Error] :1:1: Premature end of file.
2026-10-06 15:57:25,668 [ERROR] LogOutputStream:75 - [STDERR_REDIRECT] 
2026-10-06 15:57:26,669 [ERROR] LogOutputStream:75 - [STDERR_REDIRECT] [Fatal Error] :1:1: Premature end of file.
2026-10-06 15:57:26,669 [ERROR] LogOutputStream:75 - [STDERR_REDIRECT] 
2026-10-06 15:57:27,661 [ERROR] LogOutputStream:75 - [STDERR_REDIRECT] [Fatal Error] :1:1: Premature end of file.
2026-10-06 15:57:27,661 [ERROR] LogOutputStream:75 - [STDERR_REDIRECT] 
2026-10-06 15:57:28,665 [ERROR] LogOutputStream:75 - [STDERR_REDIRECT] [Fatal Error] :1:1: Premature end of file.
2026-10-06 15:57:28,665 [ERROR] LogOutputStream:75 - [STDERR_REDIRECT] 
2026-10-06 15:57:29,658 [ERROR] LogOutputStream:75 - [STDERR_REDIRECT] [Fatal Error] :1:1: Premature end of file.
2026-10-06 15:57:29,658 [ERROR] LogOutputStream:75 - [STDERR_REDIRECT] 
2026-10-06 15:57:30,668 [ERROR] LogOutputStream:75 - [STDERR_REDIRECT] [Fatal Error] :1:1: Premature end of file.
2026-10-06 15:57:30,668 [ERROR] LogOutputStream:75 - [STDERR_REDIRECT] 
2026-10-06 15:57:31,661 [ERROR] LogOutputStream:75 - [STDERR_REDIRECT] [Fatal Error] :1:1: Premature end of file.
2026-10-06 15:57:31,661 [ERROR] LogOutputStream:75 - [STDERR_REDIRECT] 
2026-10-06 15:57:32,659 [ERROR] LogOutputStream:75 - [STDERR_REDIRECT] [Fatal Error] :1:1: Premature end of file.
2026-10-06 15:57:32,659 [ERROR] LogOutputStream:75 - [STDERR_REDIRECT] 
2026-10-06 15:57:33,672 [ERROR] LogOutputStream:75 - [STDERR_REDIRECT] [Fatal Error] :1:1: Premature end of file.
2026-10-06 15:57:33,672 [ERROR] LogOutputStream:75 - [STDERR_REDIRECT] 
2026-10-06 15:57:34,664 [ERROR] LogOutputStream:75 - [STDERR_REDIRECT] [Fatal Error] :1:1: Premature end of file.
2026-10-06 15:57:34,664 [ERROR] LogOutputStream:75 - [STDERR_REDIRECT] 
2026-10-06 15:57:35,658 [ERROR] LogOutputStream:75 - [STDERR_REDIRECT] [Fatal Error] :1:1: Premature end of file.
2026-10-06 15:57:35,658 [ERROR] LogOutputStream:75 - [STDERR_REDIRECT] 
2026-10-06 15:57:36,652 [ERROR] LogOutputStream:75 - [STDERR_REDIRECT] [Fatal Error] :1:1: Premature end of file.
2026-10-06 15:57:36,652 [ERROR] LogOutputStream:75 - [STDERR_REDIRECT] 
2026-10-06 15:57:37,666 [ERROR] LogOutputStream:75 - [STDERR_REDIRECT] [Fatal Error] :1:1: Premature end of file.
2026-10-06 15:57:37,666 [ERROR] LogOutputStream:75 - [STDERR_REDIRECT] 
2026-10-06 15:57:38,660 [ERROR] LogOutputStream:75 - [STDERR_REDIRECT] [Fatal Error] :1:1: Premature end of file.
2026-10-06 15:57:38,660 [ERROR] LogOutputStream:75 - [STDERR_REDIRECT] 
2026-10-06 15:57:39,664 [ERROR] LogOutputStream:75 - [STDERR_REDIRECT] [Fatal Error] :1:1: Premature end of file.
2026-10-06 15:57:39,664 [ERROR] LogOutputStream:75 - [STDERR_REDIRECT] 
2026-10-06 15:57:40,658 [ERROR] LogOutputStream:75 - [STDERR_REDIRECT] [Fatal Error] :1:1: Premature end of file.
2026-10-06 15:57:40,658 [ERROR] LogOutputStream:75 - [STDERR_REDIRECT] 
2026-10-06 15:57:41,665 [ERROR] LogOutputStream:75 - [STDERR_REDIRECT] [Fatal Error] :1:1: Premature end of file.
2026-10-06 15:57:41,666 [ERROR] LogOutputStream:75 - [STDERR_REDIRECT] 
2026-10-06 15:57:42,662 [ERROR] LogOutputStream:75 - [STDERR_REDIRECT] [Fatal Error] :1:1: Premature end of file.
2026-10-06 15:57:42,662 [ERROR] LogOutputStream:75 - [STDERR_REDIRECT] 
2026-10-06 15:57:43,653 [ERROR] LogOutputStream:75 - [STDERR_REDIRECT] [Fatal Error] :1:1: Premature end of file.
2026-10-06 15:57:43,654 [ERROR] LogOutputStream:75 - [STDERR_REDIRECT] 
2026-10-06 15:57:44,663 [ERROR] LogOutputStream:75 - [STDERR_REDIRECT] [Fatal Error] :1:1: Premature end of file.
2026-10-06 15:57:44,663 [ERROR] LogOutputStream:75 - [STDERR_REDIRECT] 
2026-10-06 15:57:45,656 [ERROR] LogOutputStream:75 - [STDERR_REDIRECT] [Fatal Error] :1:1: Premature end of file.
2026-10-06 15:57:45,656 [ERROR] LogOutputStream:75 - [STDERR_REDIRECT] 
2026-10-06 15:57:46,661 [ERROR] LogOutputStream:75 - [STDERR_REDIRECT] [Fatal Error] :1:1: Premature end of file.
2026-10-06 15:57:46,661 [ERROR] LogOutputStream:75 - [STDERR_REDIRECT] 
2026-10-06 15:57:47,667 [ERROR] LogOutputStream:75 - [STDERR_REDIRECT] [Fatal Error] :1:1: Premature end of file.
2026-10-06 15:57:47,667 [ERROR] LogOutputStream:75 - [STDERR_REDIRECT] 
2026-10-06 15:57:48,656 [ERROR] LogOutputStream:75 - [STDERR_REDIRECT] [Fatal Error] :1:1: Premature end of file.
2026-10-06 15:57:48,656 [ERROR] LogOutputStream:75 - [STDERR_REDIRECT] 
2026-10-06 15:57:49,651 [ERROR] LogOutputStream:75 - [STDERR_REDIRECT] [Fatal Error] :1:1: Premature end of file.
2026-10-06 15:57:49,651 [ERROR] LogOutputStream:75 - [STDERR_REDIRECT] 
2026-10-06 15:57:50,659 [ERROR] LogOutputStream:75 - [STDERR_REDIRECT] [Fatal Error] :1:1: Premature end of file.
2026-10-06 15:57:50,659 [ERROR] LogOutputStream:75 - [STDERR_REDIRECT] 
2026-10-06 15:57:51,653 [ERROR] LogOutputStream:75 - [STDERR_REDIRECT] [Fatal Error] :1:1: Premature end of file.
2026-10-06 15:57:51,653 [ERROR] LogOutputStream:75 - [STDERR_REDIRECT] 
2026-10-06 15:57:52,659 [ERROR] LogOutputStream:75 - [STDERR_REDIRECT] [Fatal Error] :1:1: Premature end of file.
2026-10-06 15:57:52,659 [ERROR] LogOutputStream:75 - [STDERR_REDIRECT] 
2026-10-06 15:57:53,653 [ERROR] LogOutputStream:75 - [STDERR_REDIRECT] [Fatal Error] :1:1: Premature end of file.
2026-10-06 15:57:53,653 [ERROR] LogOutputStream:75 - [STDERR_REDIRECT] 
2026-10-06 15:57:54,653 [ERROR] LogOutputStream:75 - [STDERR_REDIRECT] [Fatal Error] :1:1: Premature end of file.
2026-10-06 15:57:54,653 [ERROR] LogOutputStream:75 - [STDERR_REDIRECT] 
2026-10-06 15:57:55,654 [ERROR] LogOutputStream:75 - [STDERR_REDIRECT] [Fatal Error] :1:1: Premature end of file.
2026-10-06 15:57:55,654 [ERROR] LogOutputStream:75 - [STDERR_REDIRECT] 
2026-10-06 15:57:56,667 [ERROR] LogOutputStream:75 - [STDERR_REDIRECT] [Fatal Error] :1:1: Premature end of file.
2026-10-06 15:57:56,667 [ERROR] LogOutputStream:75 - [STDERR_REDIRECT] 
2026-10-06 15:57:57,655 [ERROR] LogOutputStream:75 - [STDERR_REDIRECT] [Fatal Error] :1:1: Premature end of file.
2026-10-06 15:57:57,655 [ERROR] LogOutputStream:75 - [STDERR_REDIRECT] 
2026-10-06 15:57:58,657 [ERROR] LogOutputStream:75 - [STDERR_REDIRECT] [Fatal Error] :1:1: Premature end of file.
2026-10-06 15:57:58,657 [ERROR] LogOutputStream:75 - [STDERR_REDIRECT] 
2026-10-06 15:57:59,657 [ERROR] LogOutputStream:75 - [STDERR_REDIRECT] [Fatal Error] :1:1: Premature end of file.
2026-10-06 15:57:59,657 [ERROR] LogOutputStream:75 - [STDERR_REDIRECT] 
2026-10-06 15:58:00,661 [ERROR] LogOutputStream:75 - [STDERR_REDIRECT] [Fatal Error] :1:1: Premature end of file.
2026-10-06 15:58:00,661 [ERROR] LogOutputStream:75 - [STDERR_REDIRECT] 
2026-10-06 15:58:01,658 [ERROR] LogOutputStream:75 - [STDERR_REDIRECT] [Fatal Error] :1:1: Premature end of file.
2026-10-06 15:58:01,658 [ERROR] LogOutputStream:75 - [STDERR_REDIRECT] 
2026-10-06 15:58:02,661 [ERROR] LogOutputStream:75 - [STDERR_REDIRECT] [Fatal Error] :1:1: Premature end of file.
2026-10-06 15:58:02,662 [ERROR] LogOutputStream:75 - [STDERR_REDIRECT] 
2026-10-06 15:58:03,663 [ERROR] LogOutputStream:75 - [STDERR_REDIRECT] [Fatal Error] :1:1: Premature end of file.
2026-10-06 15:58:03,663 [ERROR] LogOutputStream:75 - [STDERR_REDIRECT] 
2026-10-06 15:58:04,657 [ERROR] LogOutputStream:75 - [STDERR_REDIRECT] [Fatal Error] :1:1: Premature end of file.
2026-10-06 15:58:04,657 [ERROR] LogOutputStream:75 - [STDERR_REDIRECT] 
2026-10-06 15:58:05,663 [ERROR] LogOutputStream:75 - [STDERR_REDIRECT] [Fatal Error] :1:1: Premature end of file.
2026-10-06 15:58:05,663 [ERROR] LogOutputStream:75 - [STDERR_REDIRECT] 
2026-10-06 15:58:06,664 [ERROR] LogOutputStream:75 - [STDERR_REDIRECT] [Fatal Error] :1:1: Premature end of file.
2026-10-06 15:58:06,664 [ERROR] LogOutputStream:75 - [STDERR_REDIRECT] 
2026-10-06 15:58:07,651 [ERROR] LogOutputStream:75 - [STDERR_REDIRECT] [Fatal Error] :1:1: Premature end of file.
2026-10-06 15:58:07,651 [ERROR] LogOutputStream:75 - [STDERR_REDIRECT] 
2026-10-06 15:58:08,662 [ERROR] LogOutputStream:75 - [STDERR_REDIRECT] [Fatal Error] :1:1: Premature end of file.
2026-10-06 15:58:08,662 [ERROR] LogOutputStream:75 - [STDERR_REDIRECT] 
2026-10-06 15:58:09,658 [ERROR] LogOutputStream:75 - [STDERR_REDIRECT] [Fatal Error] :1:1: Premature end of file.
2026-10-06 15:58:09,658 [ERROR] LogOutputStream:75 - [STDERR_REDIRECT] 
2026-10-06 15:58:10,650 [ERROR] LogOutputStream:75 - [STDERR_REDIRECT] [Fatal Error] :1:1: Premature end of file.
2026-10-06 15:58:10,650 [ERROR] LogOutputStream:75 - [STDERR_REDIRECT] 
2026-10-06 15:58:11,676 [ERROR] LogOutputStream:75 - [STDERR_REDIRECT] [Fatal Error] :1:1: Premature end of file.
2026-10-06 15:58:11,676 [ERROR] LogOutputStream:75 - [STDERR_REDIRECT] 
2026-10-06 15:58:12,661 [ERROR] LogOutputStream:75 - [STDERR_REDIRECT] [Fatal Error] :1:1: Premature end of file.
2026-10-06 15:58:12,661 [ERROR] LogOutputStream:75 - [STDERR_REDIRECT] 
2026-10-06 15:58:13,674 [ERROR] LogOutputStream:75 - [STDERR_REDIRECT] [Fatal Error] :1:1: Premature end of file.
2026-10-06 15:58:13,674 [ERROR] LogOutputStream:75 - [STDERR_REDIRECT] 
2026-10-06 15:58:14,667 [ERROR] LogOutputStream:75 - [STDERR_REDIRECT] [Fatal Error] :1:1: Premature end of file.
2026-10-06 15:58:14,667 [ERROR] LogOutputStream:75 - [STDERR_REDIRECT] 
2026-10-06 15:58:15,658 [ERROR] LogOutputStream:75 - [STDERR_REDIRECT] [Fatal Error] :1:1: Premature end of file.
2026-10-06 15:58:15,658 [ERROR] LogOutputStream:75 - [STDERR_REDIRECT] 
2026-10-06 15:58:16,649 [ERROR] LogOutputStream:75 - [STDERR_REDIRECT] [Fatal Error] :1:1: Premature end of file.
2026-10-06 15:58:16,649 [ERROR] LogOutputStream:75 - [STDERR_REDIRECT] 
2026-10-06 15:58:17,673 [ERROR] LogOutputStream:75 - [STDERR_REDIRECT] [Fatal Error] :1:1: Premature end of file.
2026-10-06 15:58:17,673 [ERROR] LogOutputStream:75 - [STDERR_REDIRECT] 
2026-10-06 15:58:18,668 [ERROR] LogOutputStream:75 - [STDERR_REDIRECT] [Fatal Error] :1:1: Premature end of file.
2026-10-06 15:58:18,668 [ERROR] LogOutputStream:75 - [STDERR_REDIRECT] 
2026-10-06 15:58:19,659 [ERROR] LogOutputStream:75 - [STDERR_REDIRECT] [Fatal Error] :1:1: Premature end of file.
2026-10-06 15:58:19,659 [ERROR] LogOutputStream:75 - [STDERR_REDIRECT] 
2026-10-06 15:58:20,664 [ERROR] LogOutputStream:75 - [STDERR_REDIRECT] [Fatal Error] :1:1: Premature end of file.
2026-10-06 15:58:20,664 [ERROR] LogOutputStream:75 - [STDERR_REDIRECT] 
2026-10-06 15:58:21,652 [ERROR] LogOutputStream:75 - [STDERR_REDIRECT] [Fatal Error] :1:1: Premature end of file.
2026-10-06 15:58:21,652 [ERROR] LogOutputStream:75 - [STDERR_REDIRECT] 
2026-10-06 15:58:22,661 [ERROR] LogOutputStream:75 - [STDERR_REDIRECT] [Fatal Error] :1:1: Premature end of file.
2026-10-06 15:58:22,661 [ERROR] LogOutputStream:75 - [STDERR_REDIRECT] 
2026-10-06 15:58:23,666 [ERROR] LogOutputStream:75 - [STDERR_REDIRECT] [Fatal Error] :1:1: Premature end of file.
2026-10-06 15:58:23,666 [ERROR] LogOutputStream:75 - [STDERR_REDIRECT] 
2026-10-06 15:58:24,660 [ERROR] LogOutputStream:75 - [STDERR_REDIRECT] [Fatal Error] :1:1: Premature end of file.
2026-10-06 15:58:24,660 [ERROR] LogOutputStream:75 - [STDERR_REDIRECT] 
2026-10-06 15:58:25,663 [ERROR] LogOutputStream:75 - [STDERR_REDIRECT] [Fatal Error] :1:1: Premature end of file.
2026-10-06 15:58:25,663 [ERROR] LogOutputStream:75 - [STDERR_REDIRECT] 
2026-10-06 15:58:26,651 [ERROR] LogOutputStream:75 - [STDERR_REDIRECT] [Fatal Error] :1:1: Premature end of file.
2026-10-06 15:58:26,651 [ERROR] LogOutputStream:75 - [STDERR_REDIRECT] 
2026-10-06 15:58:27,674 [ERROR] LogOutputStream:75 - [STDERR_REDIRECT] [Fatal Error] :1:1: Premature end of file.
2026-10-06 15:58:27,674 [ERROR] LogOutputStream:75 - [STDERR_REDIRECT] 
2026-10-06 15:58:28,666 [ERROR] LogOutputStream:75 - [STDERR_REDIRECT] [Fatal Error] :1:1: Premature end of file.
2026-10-06 15:58:28,666 [ERROR] LogOutputStream:75 - [STDERR_REDIRECT] 
2026-10-06 15:58:29,649 [ERROR] LogOutputStream:75 - [STDERR_REDIRECT] [Fatal Error] :1:1: Premature end of file.
2026-10-06 15:58:29,649 [ERROR] LogOutputStream:75 - [STDERR_REDIRECT] 
2026-10-06 15:58:30,647 [ERROR] LogOutputStream:75 - [STDERR_REDIRECT] [Fatal Error] :1:1: Premature end of file.
2026-10-06 15:58:30,647 [ERROR] LogOutputStream:75 - [STDERR_REDIRECT] 
2026-10-06 15:58:31,660 [ERROR] LogOutputStream:75 - [STDERR_REDIRECT] [Fatal Error] :1:1: Premature end of file.
2026-10-06 15:58:31,660 [ERROR] LogOutputStream:75 - [STDERR_REDIRECT] 
2026-10-06 15:58:32,658 [ERROR] LogOutputStream:75 - [STDERR_REDIRECT] [Fatal Error] :1:1: Premature end of file.
2026-10-06 15:58:32,658 [ERROR] LogOutputStream:75 - [STDERR_REDIRECT] 
2026-10-06 15:58:33,669 [ERROR] LogOutputStream:75 - [STDERR_REDIRECT] [Fatal Error] :1:1: Premature end of file.
2026-10-06 15:58:33,669 [ERROR] LogOutputStream:75 - [STDERR_REDIRECT] 
2026-10-06 15:58:34,651 [ERROR] LogOutputStream:75 - [STDERR_REDIRECT] [Fatal Error] :1:1: Premature end of file.
2026-10-06 15:58:34,651 [ERROR] LogOutputStream:75 - [STDERR_REDIRECT] 
2026-10-06 15:58:35,655 [ERROR] LogOutputStream:75 - [STDERR_REDIRECT] [Fatal Error] :1:1: Premature end of file.
2026-10-06 15:58:35,655 [ERROR] LogOutputStream:75 - [STDERR_REDIRECT] 
2026-10-06 15:58:36,653 [ERROR] LogOutputStream:75 - [STDERR_REDIRECT] [Fatal Error] :1:1: Premature end of file.
2026-10-06 15:58:36,653 [ERROR] LogOutputStream:75 - [STDERR_REDIRECT] 
2026-10-06 15:58:37,673 [ERROR] LogOutputStream:75 - [STDERR_REDIRECT] [Fatal Error] :1:1: Premature end of file.
2026-10-06 15:58:37,674 [ERROR] LogOutputStream:75 - [STDERR_REDIRECT] 
2026-10-06 15:58:38,650 [ERROR] LogOutputStream:75 - [STDERR_REDIRECT] [Fatal Error] :1:1: Premature end of file.
2026-10-06 15:58:38,650 [ERROR] LogOutputStream:75 - [STDERR_REDIRECT] 
2026-10-06 15:58:39,678 [ERROR] LogOutputStream:75 - [STDERR_REDIRECT] [Fatal Error] :1:1: Premature end of file.
2026-10-06 15:58:39,678 [ERROR] LogOutputStream:75 - [STDERR_REDIRECT] 
2026-10-06 15:58:40,663 [ERROR] LogOutputStream:75 - [STDERR_REDIRECT] [Fatal Error] :1:1: Premature end of file.
2026-10-06 15:58:40,663 [ERROR] LogOutputStream:75 - [STDERR_REDIRECT] 
2026-10-06 15:58:41,667 [ERROR] LogOutputStream:75 - [STDERR_REDIRECT] [Fatal Error] :1:1: Premature end of file.
2026-10-06 15:58:41,667 [ERROR] LogOutputStream:75 - [STDERR_REDIRECT] 
2026-10-06 15:58:42,647 [ERROR] LogOutputStream:75 - [STDERR_REDIRECT] [Fatal Error] :1:1: Premature end of file.
2026-10-06 15:58:42,647 [ERROR] LogOutputStream:75 - [STDERR_REDIRECT] 
2026-10-06 15:58:43,656 [ERROR] LogOutputStream:75 - [STDERR_REDIRECT] [Fatal Error] :1:1: Premature end of file.
2026-10-06 15:58:43,657 [ERROR] LogOutputStream:75 - [STDERR_REDIRECT] 
2026-10-06 15:58:44,667 [ERROR] LogOutputStream:75 - [STDERR_REDIRECT] [Fatal Error] :1:1: Premature end of file.
2026-10-06 15:58:44,667 [ERROR] LogOutputStream:75 - [STDERR_REDIRECT] 
2026-10-06 15:58:45,671 [ERROR] LogOutputStream:75 - [STDERR_REDIRECT] [Fatal Error] :1:1: Premature end of file.
2026-10-06 15:58:45,671 [ERROR] LogOutputStream:75 - [STDERR_REDIRECT] 
2026-10-06 15:58:46,660 [ERROR] LogOutputStream:75 - [STDERR_REDIRECT] [Fatal Error] :1:1: Premature end of file.
2026-10-06 15:58:46,660 [ERROR] LogOutputStream:75 - [STDERR_REDIRECT] 
2026-10-06 15:58:47,662 [ERROR] LogOutputStream:75 - [STDERR_REDIRECT] [Fatal Error] :1:1: Premature end of file.
2026-10-06 15:58:47,662 [ERROR] LogOutputStream:75 - [STDERR_REDIRECT] 
2026-10-06 15:58:48,653 [ERROR] LogOutputStream:75 - [STDERR_REDIRECT] [Fatal Error] :1:1: Premature end of file.
2026-10-06 15:58:48,653 [ERROR] LogOutputStream:75 - [STDERR_REDIRECT] 
2026-10-06 15:58:49,682 [ERROR] LogOutputStream:75 - [STDERR_REDIRECT] [Fatal Error] :1:1: Premature end of file.
2026-10-06 15:58:49,682 [ERROR] LogOutputStream:75 - [STDERR_REDIRECT] 
2026-10-06 15:58:50,670 [ERROR] LogOutputStream:75 - [STDERR_REDIRECT] [Fatal Error] :1:1: Premature end of file.
2026-10-06 15:58:50,671 [ERROR] LogOutputStream:75 - [STDERR_REDIRECT] 
2026-10-06 15:58:51,671 [ERROR] LogOutputStream:75 - [STDERR_REDIRECT] [Fatal Error] :1:1: Premature end of file.
2026-10-06 15:58:51,671 [ERROR] LogOutputStream:75 - [STDERR_REDIRECT] 
2026-10-06 15:58:52,665 [ERROR] LogOutputStream:75 - [STDERR_REDIRECT] [Fatal Error] :1:1: Premature end of file.
2026-10-06 15:58:52,665 [ERROR] LogOutputStream:75 - [STDERR_REDIRECT] 
2026-10-06 15:58:53,670 [ERROR] LogOutputStream:75 - [STDERR_REDIRECT] [Fatal Error] :1:1: Premature end of file.
2026-10-06 15:58:53,670 [ERROR] LogOutputStream:75 - [STDERR_REDIRECT] 
2026-10-06 15:58:54,663 [ERROR] LogOutputStream:75 - [STDERR_REDIRECT] [Fatal Error] :1:1: Premature end of file.
2026-10-06 15:58:54,663 [ERROR] LogOutputStream:75 - [STDERR_REDIRECT] 
2026-10-06 15:58:55,663 [ERROR] LogOutputStream:75 - [STDERR_REDIRECT] [Fatal Error] :1:1: Premature end of file.
2026-10-06 15:58:55,663 [ERROR] LogOutputStream:75 - [STDERR_REDIRECT] 
2026-10-06 15:58:56,656 [ERROR] LogOutputStream:75 - [STDERR_REDIRECT] [Fatal Error] :1:1: Premature end of file.
2026-10-06 15:58:56,656 [ERROR] LogOutputStream:75 - [STDERR_REDIRECT] 
2026-10-06 15:58:57,672 [ERROR] LogOutputStream:75 - [STDERR_REDIRECT] [Fatal Error] :1:1: Premature end of file.
2026-10-06 15:58:57,672 [ERROR] LogOutputStream:75 - [STDERR_REDIRECT] 
2026-10-06 15:58:58,660 [ERROR] LogOutputStream:75 - [STDERR_REDIRECT] [Fatal Error] :1:1: Premature end of file.
2026-10-06 15:58:58,661 [ERROR] LogOutputStream:75 - [STDERR_REDIRECT] 
2026-10-06 15:58:59,666 [ERROR] LogOutputStream:75 - [STDERR_REDIRECT] [Fatal Error] :1:1: Premature end of file.
2026-10-06 15:58:59,666 [ERROR] LogOutputStream:75 - [STDERR_REDIRECT] 
2026-10-06 15:59:00,665 [ERROR] LogOutputStream:75 - [STDERR_REDIRECT] [Fatal Error] :1:1: Premature end of file.
2026-10-06 15:59:00,665 [ERROR] LogOutputStream:75 - [STDERR_REDIRECT] 
2026-10-06 15:59:01,669 [ERROR] LogOutputStream:75 - [STDERR_REDIRECT] [Fatal Error] :1:1: Premature end of file.
2026-10-06 15:59:01,669 [ERROR] LogOutputStream:75 - [STDERR_REDIRECT] 
2026-10-06 15:59:02,663 [ERROR] LogOutputStream:75 - [STDERR_REDIRECT] [Fatal Error] :1:1: Premature end of file.
2026-10-06 15:59:02,663 [ERROR] LogOutputStream:75 - [STDERR_REDIRECT] 
2026-10-06 15:59:03,669 [ERROR] LogOutputStream:75 - [STDERR_REDIRECT] [Fatal Error] :1:1: Premature end of file.
2026-10-06 15:59:03,669 [ERROR] LogOutputStream:75 - [STDERR_REDIRECT] 
2026-10-06 15:59:04,657 [ERROR] LogOutputStream:75 - [STDERR_REDIRECT] [Fatal Error] :1:1: Premature end of file.
2026-10-06 15:59:04,658 [ERROR] LogOutputStream:75 - [STDERR_REDIRECT] 
2026-10-06 15:59:05,657 [ERROR] LogOutputStream:75 - [STDERR_REDIRECT] [Fatal Error] :1:1: Premature end of file.
2026-10-06 15:59:05,657 [ERROR] LogOutputStream:75 - [STDERR_REDIRECT] 
2026-10-06 15:59:06,666 [ERROR] LogOutputStream:75 - [STDERR_REDIRECT] [Fatal Error] :1:1: Premature end of file.
2026-10-06 15:59:06,666 [ERROR] LogOutputStream:75 - [STDERR_REDIRECT] 
2026-10-06 15:59:07,682 [ERROR] LogOutputStream:75 - [STDERR_REDIRECT] [Fatal Error] :1:1: Premature end of file.
2026-10-06 15:59:07,682 [ERROR] LogOutputStream:75 - [STDERR_REDIRECT] 
2026-10-06 15:59:08,648 [ERROR] LogOutputStream:75 - [STDERR_REDIRECT] [Fatal Error] :1:1: Premature end of file.
2026-10-06 15:59:08,648 [ERROR] LogOutputStream:75 - [STDERR_REDIRECT] 
2026-10-06 15:59:09,674 [ERROR] LogOutputStream:75 - [STDERR_REDIRECT] [Fatal Error] :1:1: Premature end of file.
2026-10-06 15:59:09,674 [ERROR] LogOutputStream:75 - [STDERR_REDIRECT] 
2026-10-06 15:59:10,675 [ERROR] LogOutputStream:75 - [STDERR_REDIRECT] [Fatal Error] :1:1: Premature end of file.
2026-10-06 15:59:10,675 [ERROR] LogOutputStream:75 - [STDERR_REDIRECT] 
2026-10-06 15:59:11,669 [ERROR] LogOutputStream:75 - [STDERR_REDIRECT] [Fatal Error] :1:1: Premature end of file.
2026-10-06 15:59:11,670 [ERROR] LogOutputStream:75 - [STDERR_REDIRECT] 
2026-10-06 15:59:12,655 [ERROR] LogOutputStream:75 - [STDERR_REDIRECT] [Fatal Error] :1:1: Premature end of file.
2026-10-06 15:59:12,655 [ERROR] LogOutputStream:75 - [STDERR_REDIRECT] 
2026-10-06 15:59:13,666 [ERROR] LogOutputStream:75 - [STDERR_REDIRECT] [Fatal Error] :1:1: Premature end of file.
2026-10-06 15:59:13,666 [ERROR] LogOutputStream:75 - [STDERR_REDIRECT] 
2026-10-06 15:59:14,661 [ERROR] LogOutputStream:75 - [STDERR_REDIRECT] [Fatal Error] :1:1: Premature end of file.
2026-10-06 15:59:14,661 [ERROR] LogOutputStream:75 - [STDERR_REDIRECT] 
2026-10-06 15:59:15,669 [ERROR] LogOutputStream:75 - [STDERR_REDIRECT] [Fatal Error] :1:1: Premature end of file.
2026-10-06 15:59:15,670 [ERROR] LogOutputStream:75 - [STDERR_REDIRECT] 
2026-10-06 15:59:16,667 [ERROR] LogOutputStream:75 - [STDERR_REDIRECT] [Fatal Error] :1:1: Premature end of file.
2026-10-06 15:59:16,668 [ERROR] LogOutputStream:75 - [STDERR_REDIRECT] 
2026-10-06 15:59:17,656 [ERROR] LogOutputStream:75 - [STDERR_REDIRECT] [Fatal Error] :1:1: Premature end of file.
2026-10-06 15:59:17,656 [ERROR] LogOutputStream:75 - [STDERR_REDIRECT] 
2026-10-06 15:59:18,649 [ERROR] LogOutputStream:75 - [STDERR_REDIRECT] [Fatal Error] :1:1: Premature end of file.
2026-10-06 15:59:18,649 [ERROR] LogOutputStream:75 - [STDERR_REDIRECT] 
2026-10-06 15:59:19,676 [ERROR] LogOutputStream:75 - [STDERR_REDIRECT] [Fatal Error] :1:1: Premature end of file.
2026-10-06 15:59:19,676 [ERROR] LogOutputStream:75 - [STDERR_REDIRECT] 
2026-10-06 15:59:20,651 [ERROR] LogOutputStream:75 - [STDERR_REDIRECT] [Fatal Error] :1:1: Premature end of file.
2026-10-06 15:59:20,651 [ERROR] LogOutputStream:75 - [STDERR_REDIRECT] 
2026-10-06 15:59:21,665 [ERROR] LogOutputStream:75 - [STDERR_REDIRECT] [Fatal Error] :1:1: Premature end of file.
2026-10-06 15:59:21,665 [ERROR] LogOutputStream:75 - [STDERR_REDIRECT] 
2026-10-06 15:59:22,654 [ERROR] LogOutputStream:75 - [STDERR_REDIRECT] [Fatal Error] :1:1: Premature end of file.
2026-10-06 15:59:22,654 [ERROR] LogOutputStream:75 - [STDERR_REDIRECT] 
2026-10-06 15:59:23,664 [ERROR] LogOutputStream:75 - [STDERR_REDIRECT] [Fatal Error] :1:1: Premature end of file.
2026-10-06 15:59:23,664 [ERROR] LogOutputStream:75 - [STDERR_REDIRECT] 
2026-10-06 15:59:24,664 [ERROR] LogOutputStream:75 - [STDERR_REDIRECT] [Fatal Error] :1:1: Premature end of file.
2026-10-06 15:59:24,664 [ERROR] LogOutputStream:75 - [STDERR_REDIRECT] 
2026-10-06 15:59:25,661 [ERROR] LogOutputStream:75 - [STDERR_REDIRECT] [Fatal Error] :1:1: Premature end of file.
2026-10-06 15:59:25,661 [ERROR] LogOutputStream:75 - [STDERR_REDIRECT] 
2026-10-06 15:59:26,660 [ERROR] LogOutputStream:75 - [STDERR_REDIRECT] [Fatal Error] :1:1: Premature end of file.
2026-10-06 15:59:26,660 [ERROR] LogOutputStream:75 - [STDERR_REDIRECT] 
2026-10-06 15:59:27,665 [ERROR] LogOutputStream:75 - [STDERR_REDIRECT] [Fatal Error] :1:1: Premature end of file.
2026-10-06 15:59:27,665 [ERROR] LogOutputStream:75 - [STDERR_REDIRECT] 
2026-10-06 15:59:28,662 [ERROR] LogOutputStream:75 - [STDERR_REDIRECT] [Fatal Error] :1:1: Premature end of file.
2026-10-06 15:59:28,662 [ERROR] LogOutputStream:75 - [STDERR_REDIRECT] 
2026-10-06 15:59:29,670 [ERROR] LogOutputStream:75 - [STDERR_REDIRECT] [Fatal Error] :1:1: Premature end of file.
2026-10-06 15:59:29,670 [ERROR] LogOutputStream:75 - [STDERR_REDIRECT] 
2026-10-06 15:59:30,669 [ERROR] LogOutputStream:75 - [STDERR_REDIRECT] [Fatal Error] :1:1: Premature end of file.
2026-10-06 15:59:30,669 [ERROR] LogOutputStream:75 - [STDERR_REDIRECT] 
2026-10-06 15:59:31,674 [ERROR] LogOutputStream:75 - [STDERR_REDIRECT] [Fatal Error] :1:1: Premature end of file.
2026-10-06 15:59:31,674 [ERROR] LogOutputStream:75 - [STDERR_REDIRECT] 
2026-10-06 15:59:32,669 [ERROR] LogOutputStream:75 - [STDERR_REDIRECT] [Fatal Error] :1:1: Premature end of file.
2026-10-06 15:59:32,669 [ERROR] LogOutputStream:75 - [STDERR_REDIRECT] 
2026-10-06 15:59:33,652 [ERROR] LogOutputStream:75 - [STDERR_REDIRECT] [Fatal Error] :1:1: Premature end of file.
2026-10-06 15:59:33,652 [ERROR] LogOutputStream:75 - [STDERR_REDIRECT] 
2026-10-06 15:59:34,658 [ERROR] LogOutputStream:75 - [STDERR_REDIRECT] [Fatal Error] :1:1: Premature end of file.
2026-10-06 15:59:34,658 [ERROR] LogOutputStream:75 - [STDERR_REDIRECT] 
2026-10-06 15:59:35,673 [ERROR] LogOutputStream:75 - [STDERR_REDIRECT] [Fatal Error] :1:1: Premature end of file.
2026-10-06 15:59:35,673 [ERROR] LogOutputStream:75 - [STDERR_REDIRECT] 
2026-10-06 15:59:36,662 [ERROR] LogOutputStream:75 - [STDERR_REDIRECT] [Fatal Error] :1:1: Premature end of file.
2026-10-06 15:59:36,662 [ERROR] LogOutputStream:75 - [STDERR_REDIRECT] 
2026-10-06 15:59:37,672 [ERROR] LogOutputStream:75 - [STDERR_REDIRECT] [Fatal Error] :1:1: Premature end of file.
2026-10-06 15:59:37,672 [ERROR] LogOutputStream:75 - [STDERR_REDIRECT] 
2026-10-06 15:59:38,661 [ERROR] LogOutputStream:75 - [STDERR_REDIRECT] [Fatal Error] :1:1: Premature end of file.
2026-10-06 15:59:38,661 [ERROR] LogOutputStream:75 - [STDERR_REDIRECT] 
2026-10-06 15:59:39,660 [ERROR] LogOutputStream:75 - [STDERR_REDIRECT] [Fatal Error] :1:1: Premature end of file.
2026-10-06 15:59:39,660 [ERROR] LogOutputStream:75 - [STDERR_REDIRECT] 
2026-10-06 15:59:40,662 [ERROR] LogOutputStream:75 - [STDERR_REDIRECT] [Fatal Error] :1:1: Premature end of file.
2026-10-06 15:59:40,663 [ERROR] LogOutputStream:75 - [STDERR_REDIRECT] 
2026-10-06 15:59:41,658 [ERROR] LogOutputStream:75 - [STDERR_REDIRECT] [Fatal Error] :1:1: Premature end of file.
2026-10-06 15:59:41,658 [ERROR] LogOutputStream:75 - [STDERR_REDIRECT] 
2026-10-06 15:59:42,649 [ERROR] LogOutputStream:75 - [STDERR_REDIRECT] [Fatal Error] :1:1: Premature end of file.
2026-10-06 15:59:42,649 [ERROR] LogOutputStream:75 - [STDERR_REDIRECT] 
2026-10-06 15:59:43,674 [ERROR] LogOutputStream:75 - [STDERR_REDIRECT] [Fatal Error] :1:1: Premature end of file.
2026-10-06 15:59:43,674 [ERROR] LogOutputStream:75 - [STDERR_REDIRECT] 
2026-10-06 15:59:44,656 [ERROR] LogOutputStream:75 - [STDERR_REDIRECT] [Fatal Error] :1:1: Premature end of file.
2026-10-06 15:59:44,656 [ERROR] LogOutputStream:75 - [STDERR_REDIRECT] 
2026-10-06 15:59:45,665 [ERROR] LogOutputStream:75 - [STDERR_REDIRECT] [Fatal Error] :1:1: Premature end of file.
2026-10-06 15:59:45,665 [ERROR] LogOutputStream:75 - [STDERR_REDIRECT] 
2026-10-06 15:59:46,660 [ERROR] LogOutputStream:75 - [STDERR_REDIRECT] [Fatal Error] :1:1: Premature end of file.
2026-10-06 15:59:46,660 [ERROR] LogOutputStream:75 - [STDERR_REDIRECT] 
2026-10-06 15:59:47,659 [ERROR] LogOutputStream:75 - [STDERR_REDIRECT] [Fatal Error] :1:1: Premature end of file.
2026-10-06 15:59:47,659 [ERROR] LogOutputStream:75 - [STDERR_REDIRECT] 
2026-10-06 15:59:48,667 [ERROR] LogOutputStream:75 - [STDERR_REDIRECT] [Fatal Error] :1:1: Premature end of file.
2026-10-06 15:59:48,667 [ERROR] LogOutputStream:75 - [STDERR_REDIRECT] 
2026-10-06 15:59:49,675 [ERROR] LogOutputStream:75 - [STDERR_REDIRECT] [Fatal Error] :1:1: Premature end of file.
2026-10-06 15:59:49,675 [ERROR] LogOutputStream:75 - [STDERR_REDIRECT] 
2026-10-06 15:59:50,662 [ERROR] LogOutputStream:75 - [STDERR_REDIRECT] [Fatal Error] :1:1: Premature end of file.
2026-10-06 15:59:50,662 [ERROR] LogOutputStream:75 - [STDERR_REDIRECT] 
2026-10-06 15:59:51,660 [ERROR] LogOutputStream:75 - [STDERR_REDIRECT] [Fatal Error] :1:1: Premature end of file.
2026-10-06 15:59:51,660 [ERROR] LogOutputStream:75 - [STDERR_REDIRECT] 
2026-10-06 15:59:52,650 [ERROR] LogOutputStream:75 - [STDERR_REDIRECT] [Fatal Error] :1:1: Premature end of file.
2026-10-06 15:59:52,650 [ERROR] LogOutputStream:75 - [STDERR_REDIRECT] 
2026-10-06 15:59:53,668 [ERROR] LogOutputStream:75 - [STDERR_REDIRECT] [Fatal Error] :1:1: Premature end of file.
2026-10-06 15:59:53,668 [ERROR] LogOutputStream:75 - [STDERR_REDIRECT] 
2026-10-06 15:59:54,655 [ERROR] LogOutputStream:75 - [STDERR_REDIRECT] [Fatal Error] :1:1: Premature end of file.
2026-10-06 15:59:54,656 [ERROR] LogOutputStream:75 - [STDERR_REDIRECT] 
2026-10-06 15:59:55,665 [ERROR] LogOutputStream:75 - [STDERR_REDIRECT] [Fatal Error] :1:1: Premature end of file.
2026-10-06 15:59:55,665 [ERROR] LogOutputStream:75 - [STDERR_REDIRECT] 
2026-10-06 15:59:56,662 [ERROR] LogOutputStream:75 - [STDERR_REDIRECT] [Fatal Error] :1:1: Premature end of file.
2026-10-06 15:59:56,662 [ERROR] LogOutputStream:75 - [STDERR_REDIRECT] 
2026-10-06 15:59:57,678 [ERROR] LogOutputStream:75 - [STDERR_REDIRECT] [Fatal Error] :1:1: Premature end of file.
2026-10-06 15:59:57,678 [ERROR] LogOutputStream:75 - [STDERR_REDIRECT] 
2026-10-06 15:59:58,672 [ERROR] LogOutputStream:75 - [STDERR_REDIRECT] [Fatal Error] :1:1: Premature end of file.
2026-10-06 15:59:58,672 [ERROR] LogOutputStream:75 - [STDERR_REDIRECT] 
2026-10-06 15:59:59,660 [ERROR] LogOutputStream:75 - [STDERR_REDIRECT] [Fatal Error] :1:1: Premature end of file.
2026-10-06 15:59:59,660 [ERROR] LogOutputStream:75 - [STDERR_REDIRECT] 
2026-10-06 16:00:00,668 [ERROR] LogOutputStream:75 - [STDERR_REDIRECT] [Fatal Error] :1:1: Premature end of file.
2026-10-06 16:00:00,668 [ERROR] LogOutputStream:75 - [STDERR_REDIRECT] 
2026-10-06 16:00:01,662 [ERROR] LogOutputStream:75 - [STDERR_REDIRECT] [Fatal Error] :1:1: Premature end of file.
2026-10-06 16:00:01,662 [ERROR] LogOutputStream:75 - [STDERR_REDIRECT] 
2026-10-06 16:00:02,664 [ERROR] LogOutputStream:75 - [STDERR_REDIRECT] [Fatal Error] :1:1: Premature end of file.
2026-10-06 16:00:02,664 [ERROR] LogOutputStream:75 - [STDERR_REDIRECT] 
2026-10-06 16:00:03,671 [ERROR] LogOutputStream:75 - [STDERR_REDIRECT] [Fatal Error] :1:1: Premature end of file.
2026-10-06 16:00:03,671 [ERROR] LogOutputStream:75 - [STDERR_REDIRECT] 
2026-10-06 16:00:04,658 [ERROR] LogOutputStream:75 - [STDERR_REDIRECT] [Fatal Error] :1:1: Premature end of file.
2026-10-06 16:00:04,658 [ERROR] LogOutputStream:75 - [STDERR_REDIRECT] 
2026-10-06 16:00:05,656 [ERROR] LogOutputStream:75 - [STDERR_REDIRECT] [Fatal Error] :1:1: Premature end of file.
2026-10-06 16:00:05,656 [ERROR] LogOutputStream:75 - [STDERR_REDIRECT] 
2026-10-06 16:00:06,654 [ERROR] LogOutputStream:75 - [STDERR_REDIRECT] [Fatal Error] :1:1: Premature end of file.
2026-10-06 16:00:06,655 [ERROR] LogOutputStream:75 - [STDERR_REDIRECT] 
2026-10-06 16:00:07,649 [ERROR] LogOutputStream:75 - [STDERR_REDIRECT] [Fatal Error] :1:1: Premature end of file.
2026-10-06 16:00:07,649 [ERROR] LogOutputStream:75 - [STDERR_REDIRECT] 
2026-10-06 16:00:08,657 [ERROR] LogOutputStream:75 - [STDERR_REDIRECT] [Fatal Error] :1:1: Premature end of file.
2026-10-06 16:00:08,657 [ERROR] LogOutputStream:75 - [STDERR_REDIRECT] 
2026-10-06 16:00:09,650 [ERROR] LogOutputStream:75 - [STDERR_REDIRECT] [Fatal Error] :1:1: Premature end of file.
2026-10-06 16:00:09,650 [ERROR] LogOutputStream:75 - [STDERR_REDIRECT] 
2026-10-06 16:00:10,660 [ERROR] LogOutputStream:75 - [STDERR_REDIRECT] [Fatal Error] :1:1: Premature end of file.
2026-10-06 16:00:10,660 [ERROR] LogOutputStream:75 - [STDERR_REDIRECT] 
2026-10-06 16:00:11,647 [ERROR] LogOutputStream:75 - [STDERR_REDIRECT] [Fatal Error] :1:1: Premature end of file.
2026-10-06 16:00:11,647 [ERROR] LogOutputStream:75 - [STDERR_REDIRECT] 
2026-10-06 16:00:12,650 [ERROR] LogOutputStream:75 - [STDERR_REDIRECT] [Fatal Error] :1:1: Premature end of file.
2026-10-06 16:00:12,650 [ERROR] LogOutputStream:75 - [STDERR_REDIRECT] 
2026-10-06 16:00:13,653 [ERROR] LogOutputStream:75 - [STDERR_REDIRECT] [Fatal Error] :1:1: Premature end of file.
2026-10-06 16:00:13,653 [ERROR] LogOutputStream:75 - [STDERR_REDIRECT] 
2026-10-06 16:00:14,646 [ERROR] LogOutputStream:75 - [STDERR_REDIRECT] [Fatal Error] :1:1: Premature end of file.
2026-10-06 16:00:14,646 [ERROR] LogOutputStream:75 - [STDERR_REDIRECT] 
2026-10-06 16:00:15,659 [ERROR] LogOutputStream:75 - [STDERR_REDIRECT] [Fatal Error] :1:1: Premature end of file.
2026-10-06 16:00:15,659 [ERROR] LogOutputStream:75 - [STDERR_REDIRECT] 
2026-10-06 16:00:16,648 [ERROR] LogOutputStream:75 - [STDERR_REDIRECT] [Fatal Error] :1:1: Premature end of file.
2026-10-06 16:00:16,648 [ERROR] LogOutputStream:75 - [STDERR_REDIRECT] 
2026-10-06 16:00:17,648 [ERROR] LogOutputStream:75 - [STDERR_REDIRECT] [Fatal Error] :1:1: Premature end of file.
2026-10-06 16:00:17,648 [ERROR] LogOutputStream:75 - [STDERR_REDIRECT] 
2026-10-06 16:00:18,648 [ERROR] LogOutputStream:75 - [STDERR_REDIRECT] [Fatal Error] :1:1: Premature end of file.
2026-10-06 16:00:18,648 [ERROR] LogOutputStream:75 - [STDERR_REDIRECT] 
2026-10-06 16:00:19,651 [ERROR] LogOutputStream:75 - [STDERR_REDIRECT] [Fatal Error] :1:1: Premature end of file.
2026-10-06 16:00:19,651 [ERROR] LogOutputStream:75 - [STDERR_REDIRECT] 
2026-10-06 16:00:20,655 [ERROR] LogOutputStream:75 - [STDERR_REDIRECT] [Fatal Error] :1:1: Premature end of file.
2026-10-06 16:00:20,655 [ERROR] LogOutputStream:75 - [STDERR_REDIRECT] 
2026-10-06 16:00:21,666 [ERROR] LogOutputStream:75 - [STDERR_REDIRECT] [Fatal Error] :1:1: Premature end of file.
2026-10-06 16:00:21,666 [ERROR] LogOutputStream:75 - [STDERR_REDIRECT] 
2026-10-06 16:00:22,663 [ERROR] LogOutputStream:75 - [STDERR_REDIRECT] [Fatal Error] :1:1: Premature end of file.
2026-10-06 16:00:22,663 [ERROR] LogOutputStream:75 - [STDERR_REDIRECT] 
2026-10-06 16:00:23,658 [ERROR] LogOutputStream:75 - [STDERR_REDIRECT] [Fatal Error] :1:1: Premature end of file.
2026-10-06 16:00:23,658 [ERROR] LogOutputStream:75 - [STDERR_REDIRECT] 
2026-10-06 16:00:24,655 [ERROR] LogOutputStream:75 - [STDERR_REDIRECT] [Fatal Error] :1:1: Premature end of file.
2026-10-06 16:00:24,656 [ERROR] LogOutputStream:75 - [STDERR_REDIRECT] 
2026-10-06 16:00:25,669 [ERROR] LogOutputStream:75 - [STDERR_REDIRECT] [Fatal Error] :1:1: Premature end of file.
2026-10-06 16:00:25,669 [ERROR] LogOutputStream:75 - [STDERR_REDIRECT] 
2026-10-06 16:00:26,647 [ERROR] LogOutputStream:75 - [STDERR_REDIRECT] [Fatal Error] :1:1: Premature end of file.
2026-10-06 16:00:26,647 [ERROR] LogOutputStream:75 - [STDERR_REDIRECT] 
2026-10-06 16:00:27,678 [ERROR] LogOutputStream:75 - [STDERR_REDIRECT] [Fatal Error] :1:1: Premature end of file.
2026-10-06 16:00:27,678 [ERROR] LogOutputStream:75 - [STDERR_REDIRECT] 
2026-10-06 16:00:28,670 [ERROR] LogOutputStream:75 - [STDERR_REDIRECT] [Fatal Error] :1:1: Premature end of file.
2026-10-06 16:00:28,670 [ERROR] LogOutputStream:75 - [STDERR_REDIRECT] 
2026-10-06 16:00:29,666 [ERROR] LogOutputStream:75 - [STDERR_REDIRECT] [Fatal Error] :1:1: Premature end of file.
2026-10-06 16:00:29,666 [ERROR] LogOutputStream:75 - [STDERR_REDIRECT] 
2026-10-06 16:00:30,661 [ERROR] LogOutputStream:75 - [STDERR_REDIRECT] [Fatal Error] :1:1: Premature end of file.
2026-10-06 16:00:30,661 [ERROR] LogOutputStream:75 - [STDERR_REDIRECT] 
2026-10-06 16:00:31,663 [ERROR] LogOutputStream:75 - [STDERR_REDIRECT] [Fatal Error] :1:1: Premature end of file.
2026-10-06 16:00:31,663 [ERROR] LogOutputStream:75 - [STDERR_REDIRECT] 
2026-10-06 16:00:32,670 [ERROR] LogOutputStream:75 - [STDERR_REDIRECT] [Fatal Error] :1:1: Premature end of file.
2026-10-06 16:00:32,670 [ERROR] LogOutputStream:75 - [STDERR_REDIRECT] 
2026-10-06 16:00:33,661 [ERROR] LogOutputStream:75 - [STDERR_REDIRECT] [Fatal Error] :1:1: Premature end of file.
2026-10-06 16:00:33,661 [ERROR] LogOutputStream:75 - [STDERR_REDIRECT] 
2026-10-06 16:00:34,656 [ERROR] LogOutputStream:75 - [STDERR_REDIRECT] [Fatal Error] :1:1: Premature end of file.
2026-10-06 16:00:34,656 [ERROR] LogOutputStream:75 - [STDERR_REDIRECT] 
2026-10-06 16:00:35,658 [ERROR] LogOutputStream:75 - [STDERR_REDIRECT] [Fatal Error] :1:1: Premature end of file.
2026-10-06 16:00:35,658 [ERROR] LogOutputStream:75 - [STDERR_REDIRECT] 
2026-10-06 16:00:36,675 [ERROR] LogOutputStream:75 - [STDERR_REDIRECT] [Fatal Error] :1:1: Premature end of file.
2026-10-06 16:00:36,675 [ERROR] LogOutputStream:75 - [STDERR_REDIRECT] 
2026-10-06 16:00:37,677 [ERROR] LogOutputStream:75 - [STDERR_REDIRECT] [Fatal Error] :1:1: Premature end of file.
2026-10-06 16:00:37,677 [ERROR] LogOutputStream:75 - [STDERR_REDIRECT] 
2026-10-06 16:00:38,661 [ERROR] LogOutputStream:75 - [STDERR_REDIRECT] [Fatal Error] :1:1: Premature end of file.
2026-10-06 16:00:38,661 [ERROR] LogOutputStream:75 - [STDERR_REDIRECT] 
2026-10-06 16:00:39,660 [ERROR] LogOutputStream:75 - [STDERR_REDIRECT] [Fatal Error] :1:1: Premature end of file.
2026-10-06 16:00:39,660 [ERROR] LogOutputStream:75 - [STDERR_REDIRECT] 
2026-10-06 16:00:40,664 [ERROR] LogOutputStream:75 - [STDERR_REDIRECT] [Fatal Error] :1:1: Premature end of file.
2026-10-06 16:00:40,664 [ERROR] LogOutputStream:75 - [STDERR_REDIRECT] 
2026-10-06 16:00:41,676 [ERROR] LogOutputStream:75 - [STDERR_REDIRECT] [Fatal Error] :1:1: Premature end of file.
2026-10-06 16:00:41,676 [ERROR] LogOutputStream:75 - [STDERR_REDIRECT] 
2026-10-06 16:00:42,656 [ERROR] LogOutputStream:75 - [STDERR_REDIRECT] [Fatal Error] :1:1: Premature end of file.
2026-10-06 16:00:42,656 [ERROR] LogOutputStream:75 - [STDERR_REDIRECT] 
2026-10-06 16:00:43,663 [ERROR] LogOutputStream:75 - [STDERR_REDIRECT] [Fatal Error] :1:1: Premature end of file.
2026-10-06 16:00:43,663 [ERROR] LogOutputStream:75 - [STDERR_REDIRECT] 
2026-10-06 16:00:44,676 [ERROR] LogOutputStream:75 - [STDERR_REDIRECT] [Fatal Error] :1:1: Premature end of file.
2026-10-06 16:00:44,676 [ERROR] LogOutputStream:75 - [STDERR_REDIRECT] 
2026-10-06 16:00:45,660 [ERROR] LogOutputStream:75 - [STDERR_REDIRECT] [Fatal Error] :1:1: Premature end of file.
2026-10-06 16:00:45,660 [ERROR] LogOutputStream:75 - [STDERR_REDIRECT] 
2026-10-06 16:00:46,654 [ERROR] LogOutputStream:75 - [STDERR_REDIRECT] [Fatal Error] :1:1: Premature end of file.
2026-10-06 16:00:46,654 [ERROR] LogOutputStream:75 - [STDERR_REDIRECT] 
2026-10-06 16:00:47,669 [ERROR] LogOutputStream:75 - [STDERR_REDIRECT] [Fatal Error] :1:1: Premature end of file.
2026-10-06 16:00:47,669 [ERROR] LogOutputStream:75 - [STDERR_REDIRECT] 
2026-10-06 16:00:48,666 [ERROR] LogOutputStream:75 - [STDERR_REDIRECT] [Fatal Error] :1:1: Premature end of file.
2026-10-06 16:00:48,666 [ERROR] LogOutputStream:75 - [STDERR_REDIRECT] 
2026-10-06 16:00:49,653 [ERROR] LogOutputStream:75 - [STDERR_REDIRECT] [Fatal Error] :1:1: Premature end of file.
2026-10-06 16:00:49,653 [ERROR] LogOutputStream:75 - [STDERR_REDIRECT] 
2026-10-06 16:00:50,667 [ERROR] LogOutputStream:75 - [STDERR_REDIRECT] [Fatal Error] :1:1: Premature end of file.
2026-10-06 16:00:50,667 [ERROR] LogOutputStream:75 - [STDERR_REDIRECT] 
2026-10-06 16:00:51,649 [ERROR] LogOutputStream:75 - [STDERR_REDIRECT] [Fatal Error] :1:1: Premature end of file.
2026-10-06 16:00:51,649 [ERROR] LogOutputStream:75 - [STDERR_REDIRECT] 
2026-10-06 16:00:52,673 [ERROR] LogOutputStream:75 - [STDERR_REDIRECT] [Fatal Error] :1:1: Premature end of file.
2026-10-06 16:00:52,673 [ERROR] LogOutputStream:75 - [STDERR_REDIRECT] 
2026-10-06 16:00:53,672 [ERROR] LogOutputStream:75 - [STDERR_REDIRECT] [Fatal Error] :1:1: Premature end of file.
2026-10-06 16:00:53,672 [ERROR] LogOutputStream:75 - [STDERR_REDIRECT] 
2026-10-06 16:00:54,664 [ERROR] LogOutputStream:75 - [STDERR_REDIRECT] [Fatal Error] :1:1: Premature end of file.
2026-10-06 16:00:54,664 [ERROR] LogOutputStream:75 - [STDERR_REDIRECT] 
2026-10-06 16:00:55,672 [ERROR] LogOutputStream:75 - [STDERR_REDIRECT] [Fatal Error] :1:1: Premature end of file.
2026-10-06 16:00:55,672 [ERROR] LogOutputStream:75 - [STDERR_REDIRECT] 
2026-10-06 16:00:56,665 [ERROR] LogOutputStream:75 - [STDERR_REDIRECT] [Fatal Error] :1:1: Premature end of file.
2026-10-06 16:00:56,666 [ERROR] LogOutputStream:75 - [STDERR_REDIRECT] 
2026-10-06 16:00:57,657 [ERROR] LogOutputStream:75 - [STDERR_REDIRECT] [Fatal Error] :1:1: Premature end of file.
2026-10-06 16:00:57,657 [ERROR] LogOutputStream:75 - [STDERR_REDIRECT] 
2026-10-06 16:00:58,663 [ERROR] LogOutputStream:75 - [STDERR_REDIRECT] [Fatal Error] :1:1: Premature end of file.
2026-10-06 16:00:58,663 [ERROR] LogOutputStream:75 - [STDERR_REDIRECT] 
2026-10-06 16:00:59,663 [ERROR] LogOutputStream:75 - [STDERR_REDIRECT] [Fatal Error] :1:1: Premature end of file.
2026-10-06 16:00:59,663 [ERROR] LogOutputStream:75 - [STDERR_REDIRECT] 
2026-10-06 16:01:00,676 [ERROR] LogOutputStream:75 - [STDERR_REDIRECT] [Fatal Error] :1:1: Premature end of file.
2026-10-06 16:01:00,676 [ERROR] LogOutputStream:75 - [STDERR_REDIRECT] 
2026-10-06 16:01:01,665 [ERROR] LogOutputStream:75 - [STDERR_REDIRECT] [Fatal Error] :1:1: Premature end of file.
2026-10-06 16:01:01,665 [ERROR] LogOutputStream:75 - [STDERR_REDIRECT] 
2026-10-06 16:01:02,655 [ERROR] LogOutputStream:75 - [STDERR_REDIRECT] [Fatal Error] :1:1: Premature end of file.
2026-10-06 16:01:02,655 [ERROR] LogOutputStream:75 - [STDERR_REDIRECT] 
2026-10-06 16:01:03,663 [ERROR] LogOutputStream:75 - [STDERR_REDIRECT] [Fatal Error] :1:1: Premature end of file.
2026-10-06 16:01:03,663 [ERROR] LogOutputStream:75 - [STDERR_REDIRECT] 
2026-10-06 16:01:04,665 [ERROR] LogOutputStream:75 - [STDERR_REDIRECT] [Fatal Error] :1:1: Premature end of file.
2026-10-06 16:01:04,665 [ERROR] LogOutputStream:75 - [STDERR_REDIRECT] 
2026-10-06 16:01:05,663 [ERROR] LogOutputStream:75 - [STDERR_REDIRECT] [Fatal Error] :1:1: Premature end of file.
2026-10-06 16:01:05,663 [ERROR] LogOutputStream:75 - [STDERR_REDIRECT] 
2026-10-06 16:01:06,660 [ERROR] LogOutputStream:75 - [STDERR_REDIRECT] [Fatal Error] :1:1: Premature end of file.
2026-10-06 16:01:06,660 [ERROR] LogOutputStream:75 - [STDERR_REDIRECT] 
2026-10-06 16:01:07,667 [ERROR] LogOutputStream:75 - [STDERR_REDIRECT] [Fatal Error] :1:1: Premature end of file.
2026-10-06 16:01:07,667 [ERROR] LogOutputStream:75 - [STDERR_REDIRECT] 
2026-10-06 16:01:08,661 [ERROR] LogOutputStream:75 - [STDERR_REDIRECT] [Fatal Error] :1:1: Premature end of file.
2026-10-06 16:01:08,661 [ERROR] LogOutputStream:75 - [STDERR_REDIRECT] 
2026-10-06 16:01:09,668 [ERROR] LogOutputStream:75 - [STDERR_REDIRECT] [Fatal Error] :1:1: Premature end of file.
2026-10-06 16:01:09,668 [ERROR] LogOutputStream:75 - [STDERR_REDIRECT] 
2026-10-06 16:01:10,672 [ERROR] LogOutputStream:75 - [STDERR_REDIRECT] [Fatal Error] :1:1: Premature end of file.
2026-10-06 16:01:10,672 [ERROR] LogOutputStream:75 - [STDERR_REDIRECT] 
2026-10-06 16:01:11,674 [ERROR] LogOutputStream:75 - [STDERR_REDIRECT] [Fatal Error] :1:1: Premature end of file.
2026-10-06 16:01:11,674 [ERROR] LogOutputStream:75 - [STDERR_REDIRECT] 
2026-10-06 16:01:12,657 [ERROR] LogOutputStream:75 - [STDERR_REDIRECT] [Fatal Error] :1:1: Premature end of file.
2026-10-06 16:01:12,657 [ERROR] LogOutputStream:75 - [STDERR_REDIRECT] 
2026-10-06 16:01:13,668 [ERROR] LogOutputStream:75 - [STDERR_REDIRECT] [Fatal Error] :1:1: Premature end of file.
2026-10-06 16:01:13,669 [ERROR] LogOutputStream:75 - [STDERR_REDIRECT] 
2026-10-06 16:01:14,659 [ERROR] LogOutputStream:75 - [STDERR_REDIRECT] [Fatal Error] :1:1: Premature end of file.
2026-10-06 16:01:14,659 [ERROR] LogOutputStream:75 - [STDERR_REDIRECT] 
2026-10-06 16:01:15,677 [ERROR] LogOutputStream:75 - [STDERR_REDIRECT] [Fatal Error] :1:1: Premature end of file.
2026-10-06 16:01:15,677 [ERROR] LogOutputStream:75 - [STDERR_REDIRECT] 
2026-10-06 16:01:16,671 [ERROR] LogOutputStream:75 - [STDERR_REDIRECT] [Fatal Error] :1:1: Premature end of file.
2026-10-06 16:01:16,671 [ERROR] LogOutputStream:75 - [STDERR_REDIRECT] 
2026-10-06 16:01:17,665 [ERROR] LogOutputStream:75 - [STDERR_REDIRECT] [Fatal Error] :1:1: Premature end of file.
2026-10-06 16:01:17,665 [ERROR] LogOutputStream:75 - [STDERR_REDIRECT] 
2026-10-06 16:01:18,661 [ERROR] LogOutputStream:75 - [STDERR_REDIRECT] [Fatal Error] :1:1: Premature end of file.
2026-10-06 16:01:18,661 [ERROR] LogOutputStream:75 - [STDERR_REDIRECT] 
2026-10-06 16:01:19,665 [ERROR] LogOutputStream:75 - [STDERR_REDIRECT] [Fatal Error] :1:1: Premature end of file.
2026-10-06 16:01:19,665 [ERROR] LogOutputStream:75 - [STDERR_REDIRECT] 
2026-10-06 16:01:20,658 [ERROR] LogOutputStream:75 - [STDERR_REDIRECT] [Fatal Error] :1:1: Premature end of file.
2026-10-06 16:01:20,658 [ERROR] LogOutputStream:75 - [STDERR_REDIRECT] 
2026-10-06 16:01:21,662 [ERROR] LogOutputStream:75 - [STDERR_REDIRECT] [Fatal Error] :1:1: Premature end of file.
2026-10-06 16:01:21,662 [ERROR] LogOutputStream:75 - [STDERR_REDIRECT] 
2026-10-06 16:01:22,655 [ERROR] LogOutputStream:75 - [STDERR_REDIRECT] [Fatal Error] :1:1: Premature end of file.
2026-10-06 16:01:22,655 [ERROR] LogOutputStream:75 - [STDERR_REDIRECT] 
2026-10-06 16:01:23,659 [ERROR] LogOutputStream:75 - [STDERR_REDIRECT] [Fatal Error] :1:1: Premature end of file.
2026-10-06 16:01:23,659 [ERROR] LogOutputStream:75 - [STDERR_REDIRECT] 
2026-10-06 16:01:24,659 [ERROR] LogOutputStream:75 - [STDERR_REDIRECT] [Fatal Error] :1:1: Premature end of file.
2026-10-06 16:01:24,659 [ERROR] LogOutputStream:75 - [STDERR_REDIRECT] 
2026-10-06 16:01:25,667 [ERROR] LogOutputStream:75 - [STDERR_REDIRECT] [Fatal Error] :1:1: Premature end of file.
2026-10-06 16:01:25,667 [ERROR] LogOutputStream:75 - [STDERR_REDIRECT] 
2026-10-06 16:01:26,649 [ERROR] LogOutputStream:75 - [STDERR_REDIRECT] [Fatal Error] :1:1: Premature end of file.
2026-10-06 16:01:26,649 [ERROR] LogOutputStream:75 - [STDERR_REDIRECT] 
2026-10-06 16:01:27,669 [ERROR] LogOutputStream:75 - [STDERR_REDIRECT] [Fatal Error] :1:1: Premature end of file.
2026-10-06 16:01:27,669 [ERROR] LogOutputStream:75 - [STDERR_REDIRECT] 
2026-10-06 16:01:28,672 [ERROR] LogOutputStream:75 - [STDERR_REDIRECT] [Fatal Error] :1:1: Premature end of file.
2026-10-06 16:01:28,672 [ERROR] LogOutputStream:75 - [STDERR_REDIRECT] 
2026-10-06 16:01:29,664 [ERROR] LogOutputStream:75 - [STDERR_REDIRECT] [Fatal Error] :1:1: Premature end of file.
2026-10-06 16:01:29,664 [ERROR] LogOutputStream:75 - [STDERR_REDIRECT] 
2026-10-06 16:01:30,651 [ERROR] LogOutputStream:75 - [STDERR_REDIRECT] [Fatal Error] :1:1: Premature end of file.
2026-10-06 16:01:30,651 [ERROR] LogOutputStream:75 - [STDERR_REDIRECT] 
2026-10-06 16:01:31,669 [ERROR] LogOutputStream:75 - [STDERR_REDIRECT] [Fatal Error] :1:1: Premature end of file.
2026-10-06 16:01:31,669 [ERROR] LogOutputStream:75 - [STDERR_REDIRECT] 
2026-10-06 16:01:32,662 [ERROR] LogOutputStream:75 - [STDERR_REDIRECT] [Fatal Error] :1:1: Premature end of file.
2026-10-06 16:01:32,663 [ERROR] LogOutputStream:75 - [STDERR_REDIRECT] 
2026-10-06 16:01:33,676 [ERROR] LogOutputStream:75 - [STDERR_REDIRECT] [Fatal Error] :1:1: Premature end of file.
2026-10-06 16:01:33,676 [ERROR] LogOutputStream:75 - [STDERR_REDIRECT] 
2026-10-06 16:01:34,672 [ERROR] LogOutputStream:75 - [STDERR_REDIRECT] [Fatal Error] :1:1: Premature end of file.
2026-10-06 16:01:34,672 [ERROR] LogOutputStream:75 - [STDERR_REDIRECT] 
2026-10-06 16:01:35,669 [ERROR] LogOutputStream:75 - [STDERR_REDIRECT] [Fatal Error] :1:1: Premature end of file.
2026-10-06 16:01:35,669 [ERROR] LogOutputStream:75 - [STDERR_REDIRECT] 
2026-10-06 16:01:36,657 [ERROR] LogOutputStream:75 - [STDERR_REDIRECT] [Fatal Error] :1:1: Premature end of file.
2026-10-06 16:01:36,657 [ERROR] LogOutputStream:75 - [STDERR_REDIRECT] 
2026-10-06 16:01:37,667 [ERROR] LogOutputStream:75 - [STDERR_REDIRECT] [Fatal Error] :1:1: Premature end of file.
2026-10-06 16:01:37,667 [ERROR] LogOutputStream:75 - [STDERR_REDIRECT] 
2026-10-06 16:01:38,655 [ERROR] LogOutputStream:75 - [STDERR_REDIRECT] [Fatal Error] :1:1: Premature end of file.
2026-10-06 16:01:38,655 [ERROR] LogOutputStream:75 - [STDERR_REDIRECT] 
2026-10-06 16:01:39,654 [ERROR] LogOutputStream:75 - [STDERR_REDIRECT] [Fatal Error] :1:1: Premature end of file.
2026-10-06 16:01:39,654 [ERROR] LogOutputStream:75 - [STDERR_REDIRECT] 
2026-10-06 16:01:40,654 [ERROR] LogOutputStream:75 - [STDERR_REDIRECT] [Fatal Error] :1:1: Premature end of file.
2026-10-06 16:01:40,654 [ERROR] LogOutputStream:75 - [STDERR_REDIRECT] 
2026-10-06 16:01:41,670 [ERROR] LogOutputStream:75 - [STDERR_REDIRECT] [Fatal Error] :1:1: Premature end of file.
2026-10-06 16:01:41,670 [ERROR] LogOutputStream:75 - [STDERR_REDIRECT] 
2026-10-06 16:01:42,647 [ERROR] LogOutputStream:75 - [STDERR_REDIRECT] [Fatal Error] :1:1: Premature end of file.
2026-10-06 16:01:42,647 [ERROR] LogOutputStream:75 - [STDERR_REDIRECT] 
2026-10-06 16:01:43,647 [ERROR] LogOutputStream:75 - [STDERR_REDIRECT] [Fatal Error] :1:1: Premature end of file.
2026-10-06 16:01:43,647 [ERROR] LogOutputStream:75 - [STDERR_REDIRECT] 
2026-10-06 16:01:44,657 [ERROR] LogOutputStream:75 - [STDERR_REDIRECT] [Fatal Error] :1:1: Premature end of file.
2026-10-06 16:01:44,657 [ERROR] LogOutputStream:75 - [STDERR_REDIRECT] 
2026-10-06 16:01:45,655 [ERROR] LogOutputStream:75 - [STDERR_REDIRECT] [Fatal Error] :1:1: Premature end of file.
2026-10-06 16:01:45,655 [ERROR] LogOutputStream:75 - [STDERR_REDIRECT] 
2026-10-06 16:01:46,647 [ERROR] LogOutputStream:75 - [STDERR_REDIRECT] [Fatal Error] :1:1: Premature end of file.
2026-10-06 16:01:46,647 [ERROR] LogOutputStream:75 - [STDERR_REDIRECT] 
2026-10-06 16:01:47,647 [ERROR] LogOutputStream:75 - [STDERR_REDIRECT] [Fatal Error] :1:1: Premature end of file.
2026-10-06 16:01:47,648 [ERROR] LogOutputStream:75 - [STDERR_REDIRECT] 
2026-10-06 16:01:48,647 [ERROR] LogOutputStream:75 - [STDERR_REDIRECT] [Fatal Error] :1:1: Premature end of file.
2026-10-06 16:01:48,647 [ERROR] LogOutputStream:75 - [STDERR_REDIRECT] 
2026-10-06 16:01:49,650 [ERROR] LogOutputStream:75 - [STDERR_REDIRECT] [Fatal Error] :1:1: Premature end of file.
2026-10-06 16:01:49,651 [ERROR] LogOutputStream:75 - [STDERR_REDIRECT] 
2026-10-06 16:01:50,652 [ERROR] LogOutputStream:75 - [STDERR_REDIRECT] [Fatal Error] :1:1: Premature end of file.
2026-10-06 16:01:50,652 [ERROR] LogOutputStream:75 - [STDERR_REDIRECT] 
2026-10-06 16:01:51,660 [ERROR] LogOutputStream:75 - [STDERR_REDIRECT] [Fatal Error] :1:1: Premature end of file.
2026-10-06 16:01:51,660 [ERROR] LogOutputStream:75 - [STDERR_REDIRECT] 
2026-10-06 16:01:52,665 [ERROR] LogOutputStream:75 - [STDERR_REDIRECT] [Fatal Error] :1:1: Premature end of file.
2026-10-06 16:01:52,665 [ERROR] LogOutputStream:75 - [STDERR_REDIRECT] 
2026-10-06 16:01:53,646 [ERROR] LogOutputStream:75 - [STDERR_REDIRECT] [Fatal Error] :1:1: Premature end of file.
2026-10-06 16:01:53,646 [ERROR] LogOutputStream:75 - [STDERR_REDIRECT] 
2026-10-06 16:01:54,656 [ERROR] LogOutputStream:75 - [STDERR_REDIRECT] [Fatal Error] :1:1: Premature end of file.
2026-10-06 16:01:54,656 [ERROR] LogOutputStream:75 - [STDERR_REDIRECT] 
2026-10-06 16:01:55,662 [ERROR] LogOutputStream:75 - [STDERR_REDIRECT] [Fatal Error] :1:1: Premature end of file.
2026-10-06 16:01:55,662 [ERROR] LogOutputStream:75 - [STDERR_REDIRECT] 
2026-10-06 16:01:56,645 [ERROR] LogOutputStream:75 - [STDERR_REDIRECT] [Fatal Error] :1:1: Premature end of file.
2026-10-06 16:01:56,645 [ERROR] LogOutputStream:75 - [STDERR_REDIRECT] 
2026-10-06 16:01:57,651 [ERROR] LogOutputStream:75 - [STDERR_REDIRECT] [Fatal Error] :1:1: Premature end of file.
2026-10-06 16:01:57,651 [ERROR] LogOutputStream:75 - [STDERR_REDIRECT] 
2026-10-06 16:01:58,649 [ERROR] LogOutputStream:75 - [STDERR_REDIRECT] [Fatal Error] :1:1: Premature end of file.
2026-10-06 16:01:58,650 [ERROR] LogOutputStream:75 - [STDERR_REDIRECT] 
2026-10-06 16:01:59,673 [ERROR] LogOutputStream:75 - [STDERR_REDIRECT] [Fatal Error] :1:1: Premature end of file.
2026-10-06 16:01:59,673 [ERROR] LogOutputStream:75 - [STDERR_REDIRECT] 
2026-10-06 16:02:00,656 [ERROR] LogOutputStream:75 - [STDERR_REDIRECT] [Fatal Error] :1:1: Premature end of file.
2026-10-06 16:02:00,656 [ERROR] LogOutputStream:75 - [STDERR_REDIRECT] 
2026-10-06 16:02:01,654 [ERROR] LogOutputStream:75 - [STDERR_REDIRECT] [Fatal Error] :1:1: Premature end of file.
2026-10-06 16:02:01,654 [ERROR] LogOutputStream:75 - [STDERR_REDIRECT] 
2026-10-06 16:02:02,655 [ERROR] LogOutputStream:75 - [STDERR_REDIRECT] [Fatal Error] :1:1: Premature end of file.
2026-10-06 16:02:02,655 [ERROR] LogOutputStream:75 - [STDERR_REDIRECT] 
2026-10-06 16:02:03,650 [ERROR] LogOutputStream:75 - [STDERR_REDIRECT] [Fatal Error] :1:1: Premature end of file.
2026-10-06 16:02:03,650 [ERROR] LogOutputStream:75 - [STDERR_REDIRECT] 
2026-10-06 16:02:04,657 [ERROR] LogOutputStream:75 - [STDERR_REDIRECT] [Fatal Error] :1:1: Premature end of file.
2026-10-06 16:02:04,657 [ERROR] LogOutputStream:75 - [STDERR_REDIRECT] 
2026-10-06 16:02:05,655 [ERROR] LogOutputStream:75 - [STDERR_REDIRECT] [Fatal Error] :1:1: Premature end of file.
2026-10-06 16:02:05,655 [ERROR] LogOutputStream:75 - [STDERR_REDIRECT] 
2026-10-06 16:02:06,651 [ERROR] LogOutputStream:75 - [STDERR_REDIRECT] [Fatal Error] :1:1: Premature end of file.
2026-10-06 16:02:06,651 [ERROR] LogOutputStream:75 - [STDERR_REDIRECT] 
2026-10-06 16:02:07,649 [ERROR] LogOutputStream:75 - [STDERR_REDIRECT] [Fatal Error] :1:1: Premature end of file.
2026-10-06 16:02:07,649 [ERROR] LogOutputStream:75 - [STDERR_REDIRECT] 
2026-10-06 16:02:08,650 [ERROR] LogOutputStream:75 - [STDERR_REDIRECT] [Fatal Error] :1:1: Premature end of file.
2026-10-06 16:02:08,651 [ERROR] LogOutputStream:75 - [STDERR_REDIRECT] 
2026-10-06 16:02:09,647 [ERROR] LogOutputStream:75 - [STDERR_REDIRECT] [Fatal Error] :1:1: Premature end of file.
2026-10-06 16:02:09,647 [ERROR] LogOutputStream:75 - [STDERR_REDIRECT] 
2026-10-06 16:02:10,654 [ERROR] LogOutputStream:75 - [STDERR_REDIRECT] [Fatal Error] :1:1: Premature end of file.
2026-10-06 16:02:10,654 [ERROR] LogOutputStream:75 - [STDERR_REDIRECT] 
2026-10-06 16:02:11,663 [ERROR] LogOutputStream:75 - [STDERR_REDIRECT] [Fatal Error] :1:1: Premature end of file.
2026-10-06 16:02:11,663 [ERROR] LogOutputStream:75 - [STDERR_REDIRECT] 
2026-10-06 16:02:12,659 [ERROR] LogOutputStream:75 - [STDERR_REDIRECT] [Fatal Error] :1:1: Premature end of file.
2026-10-06 16:02:12,659 [ERROR] LogOutputStream:75 - [STDERR_REDIRECT] 
2026-10-06 16:02:13,656 [ERROR] LogOutputStream:75 - [STDERR_REDIRECT] [Fatal Error] :1:1: Premature end of file.
2026-10-06 16:02:13,656 [ERROR] LogOutputStream:75 - [STDERR_REDIRECT] 
2026-10-06 16:02:14,668 [ERROR] LogOutputStream:75 - [STDERR_REDIRECT] [Fatal Error] :1:1: Premature end of file.
2026-10-06 16:02:14,668 [ERROR] LogOutputStream:75 - [STDERR_REDIRECT] 
2026-10-06 16:02:15,669 [ERROR] LogOutputStream:75 - [STDERR_REDIRECT] [Fatal Error] :1:1: Premature end of file.
2026-10-06 16:02:15,669 [ERROR] LogOutputStream:75 - [STDERR_REDIRECT] 
2026-10-06 16:02:16,656 [ERROR] LogOutputStream:75 - [STDERR_REDIRECT] [Fatal Error] :1:1: Premature end of file.
2026-10-06 16:02:16,656 [ERROR] LogOutputStream:75 - [STDERR_REDIRECT] 
2026-10-06 16:02:17,674 [ERROR] LogOutputStream:75 - [STDERR_REDIRECT] [Fatal Error] :1:1: Premature end of file.
2026-10-06 16:02:17,674 [ERROR] LogOutputStream:75 - [STDERR_REDIRECT] 
2026-10-06 16:02:18,662 [ERROR] LogOutputStream:75 - [STDERR_REDIRECT] [Fatal Error] :1:1: Premature end of file.
2026-10-06 16:02:18,662 [ERROR] LogOutputStream:75 - [STDERR_REDIRECT] 
2026-10-06 16:02:19,657 [ERROR] LogOutputStream:75 - [STDERR_REDIRECT] [Fatal Error] :1:1: Premature end of file.
2026-10-06 16:02:19,658 [ERROR] LogOutputStream:75 - [STDERR_REDIRECT] 
2026-10-06 16:02:20,650 [ERROR] LogOutputStream:75 - [STDERR_REDIRECT] [Fatal Error] :1:1: Premature end of file.
2026-10-06 16:02:20,650 [ERROR] LogOutputStream:75 - [STDERR_REDIRECT] 
2026-10-06 16:02:21,663 [ERROR] LogOutputStream:75 - [STDERR_REDIRECT] [Fatal Error] :1:1: Premature end of file.
2026-10-06 16:02:21,663 [ERROR] LogOutputStream:75 - [STDERR_REDIRECT] 
2026-10-06 16:02:22,658 [ERROR] LogOutputStream:75 - [STDERR_REDIRECT] [Fatal Error] :1:1: Premature end of file.
2026-10-06 16:02:22,658 [ERROR] LogOutputStream:75 - [STDERR_REDIRECT] 
2026-10-06 16:02:23,667 [ERROR] LogOutputStream:75 - [STDERR_REDIRECT] [Fatal Error] :1:1: Premature end of file.
2026-10-06 16:02:23,667 [ERROR] LogOutputStream:75 - [STDERR_REDIRECT] 
2026-10-06 16:02:24,657 [ERROR] LogOutputStream:75 - [STDERR_REDIRECT] [Fatal Error] :1:1: Premature end of file.
2026-10-06 16:02:24,657 [ERROR] LogOutputStream:75 - [STDERR_REDIRECT] 
2026-10-06 16:02:25,660 [ERROR] LogOutputStream:75 - [STDERR_REDIRECT] [Fatal Error] :1:1: Premature end of file.
2026-10-06 16:02:25,660 [ERROR] LogOutputStream:75 - [STDERR_REDIRECT] 
2026-10-06 16:02:26,670 [ERROR] LogOutputStream:75 - [STDERR_REDIRECT] [Fatal Error] :1:1: Premature end of file.
2026-10-06 16:02:26,670 [ERROR] LogOutputStream:75 - [STDERR_REDIRECT] 
2026-10-06 16:02:27,671 [ERROR] LogOutputStream:75 - [STDERR_REDIRECT] [Fatal Error] :1:1: Premature end of file.
2026-10-06 16:02:27,671 [ERROR] LogOutputStream:75 - [STDERR_REDIRECT] 
2026-10-06 16:02:28,678 [ERROR] LogOutputStream:75 - [STDERR_REDIRECT] [Fatal Error] :1:1: Premature end of file.
2026-10-06 16:02:28,678 [ERROR] LogOutputStream:75 - [STDERR_REDIRECT] 
2026-10-06 16:02:29,671 [ERROR] LogOutputStream:75 - [STDERR_REDIRECT] [Fatal Error] :1:1: Premature end of file.
2026-10-06 16:02:29,671 [ERROR] LogOutputStream:75 - [STDERR_REDIRECT] 
2026-10-06 16:02:30,664 [ERROR] LogOutputStream:75 - [STDERR_REDIRECT] [Fatal Error] :1:1: Premature end of file.
2026-10-06 16:02:30,664 [ERROR] LogOutputStream:75 - [STDERR_REDIRECT] 
2026-10-06 16:02:31,663 [ERROR] LogOutputStream:75 - [STDERR_REDIRECT] [Fatal Error] :1:1: Premature end of file.
2026-10-06 16:02:31,663 [ERROR] LogOutputStream:75 - [STDERR_REDIRECT] 
2026-10-06 16:02:32,664 [ERROR] LogOutputStream:75 - [STDERR_REDIRECT] [Fatal Error] :1:1: Premature end of file.
2026-10-06 16:02:32,664 [ERROR] LogOutputStream:75 - [STDERR_REDIRECT] 
2026-10-06 16:02:33,668 [ERROR] LogOutputStream:75 - [STDERR_REDIRECT] [Fatal Error] :1:1: Premature end of file.
2026-10-06 16:02:33,668 [ERROR] LogOutputStream:75 - [STDERR_REDIRECT] 
2026-10-06 16:02:34,661 [ERROR] LogOutputStream:75 - [STDERR_REDIRECT] [Fatal Error] :1:1: Premature end of file.
2026-10-06 16:02:34,661 [ERROR] LogOutputStream:75 - [STDERR_REDIRECT] 
2026-10-06 16:02:35,674 [ERROR] LogOutputStream:75 - [STDERR_REDIRECT] [Fatal Error] :1:1: Premature end of file.
2026-10-06 16:02:35,674 [ERROR] LogOutputStream:75 - [STDERR_REDIRECT] 
2026-10-06 16:02:36,675 [ERROR] LogOutputStream:75 - [STDERR_REDIRECT] [Fatal Error] :1:1: Premature end of file.
2026-10-06 16:02:36,675 [ERROR] LogOutputStream:75 - [STDERR_REDIRECT] 
2026-10-06 16:02:37,663 [ERROR] LogOutputStream:75 - [STDERR_REDIRECT] [Fatal Error] :1:1: Premature end of file.
2026-10-06 16:02:37,663 [ERROR] LogOutputStream:75 - [STDERR_REDIRECT] 
2026-10-06 16:02:38,678 [ERROR] LogOutputStream:75 - [STDERR_REDIRECT] [Fatal Error] :1:1: Premature end of file.
2026-10-06 16:02:38,678 [ERROR] LogOutputStream:75 - [STDERR_REDIRECT] 
2026-10-06 16:02:39,658 [ERROR] LogOutputStream:75 - [STDERR_REDIRECT] [Fatal Error] :1:1: Premature end of file.
2026-10-06 16:02:39,658 [ERROR] LogOutputStream:75 - [STDERR_REDIRECT] 
2026-10-06 16:02:40,664 [ERROR] LogOutputStream:75 - [STDERR_REDIRECT] [Fatal Error] :1:1: Premature end of file.
2026-10-06 16:02:40,665 [ERROR] LogOutputStream:75 - [STDERR_REDIRECT] 
2026-10-06 16:02:41,655 [ERROR] LogOutputStream:75 - [STDERR_REDIRECT] [Fatal Error] :1:1: Premature end of file.
2026-10-06 16:02:41,655 [ERROR] LogOutputStream:75 - [STDERR_REDIRECT] 
2026-10-06 16:02:42,661 [ERROR] LogOutputStream:75 - [STDERR_REDIRECT] [Fatal Error] :1:1: Premature end of file.
2026-10-06 16:02:42,662 [ERROR] LogOutputStream:75 - [STDERR_REDIRECT] 
2026-10-06 16:02:43,664 [ERROR] LogOutputStream:75 - [STDERR_REDIRECT] [Fatal Error] :1:1: Premature end of file.
2026-10-06 16:02:43,664 [ERROR] LogOutputStream:75 - [STDERR_REDIRECT] 
2026-10-06 16:02:44,664 [ERROR] LogOutputStream:75 - [STDERR_REDIRECT] [Fatal Error] :1:1: Premature end of file.
2026-10-06 16:02:44,664 [ERROR] LogOutputStream:75 - [STDERR_REDIRECT] 
2026-10-06 16:02:45,666 [ERROR] LogOutputStream:75 - [STDERR_REDIRECT] [Fatal Error] :1:1: Premature end of file.
2026-10-06 16:02:45,666 [ERROR] LogOutputStream:75 - [STDERR_REDIRECT] 
2026-10-06 16:02:46,675 [ERROR] LogOutputStream:75 - [STDERR_REDIRECT] [Fatal Error] :1:1: Premature end of file.
2026-10-06 16:02:46,675 [ERROR] LogOutputStream:75 - [STDERR_REDIRECT] 
2026-10-06 16:02:47,673 [ERROR] LogOutputStream:75 - [STDERR_REDIRECT] [Fatal Error] :1:1: Premature end of file.
2026-10-06 16:02:47,673 [ERROR] LogOutputStream:75 - [STDERR_REDIRECT] 
2026-10-06 16:02:48,668 [ERROR] LogOutputStream:75 - [STDERR_REDIRECT] [Fatal Error] :1:1: Premature end of file.
2026-10-06 16:02:48,668 [ERROR] LogOutputStream:75 - [STDERR_REDIRECT] 
2026-10-06 16:02:49,655 [ERROR] LogOutputStream:75 - [STDERR_REDIRECT] [Fatal Error] :1:1: Premature end of file.
2026-10-06 16:02:49,655 [ERROR] LogOutputStream:75 - [STDERR_REDIRECT] 
2026-10-06 16:02:50,656 [ERROR] LogOutputStream:75 - [STDERR_REDIRECT] [Fatal Error] :1:1: Premature end of file.
2026-10-06 16:02:50,656 [ERROR] LogOutputStream:75 - [STDERR_REDIRECT] 
2026-10-06 16:02:51,670 [ERROR] LogOutputStream:75 - [STDERR_REDIRECT] [Fatal Error] :1:1: Premature end of file.
2026-10-06 16:02:51,670 [ERROR] LogOutputStream:75 - [STDERR_REDIRECT] 
2026-10-06 16:02:52,663 [ERROR] LogOutputStream:75 - [STDERR_REDIRECT] [Fatal Error] :1:1: Premature end of file.
2026-10-06 16:02:52,663 [ERROR] LogOutputStream:75 - [STDERR_REDIRECT] 
2026-10-06 16:02:53,674 [ERROR] LogOutputStream:75 - [STDERR_REDIRECT] [Fatal Error] :1:1: Premature end of file.
2026-10-06 16:02:53,674 [ERROR] LogOutputStream:75 - [STDERR_REDIRECT] 
2026-10-06 16:02:54,671 [ERROR] LogOutputStream:75 - [STDERR_REDIRECT] [Fatal Error] :1:1: Premature end of file.
2026-10-06 16:02:54,671 [ERROR] LogOutputStream:75 - [STDERR_REDIRECT] 
2026-10-06 16:02:55,661 [ERROR] LogOutputStream:75 - [STDERR_REDIRECT] [Fatal Error] :1:1: Premature end of file.
2026-10-06 16:02:55,661 [ERROR] LogOutputStream:75 - [STDERR_REDIRECT] 
2026-10-06 16:02:56,654 [ERROR] LogOutputStream:75 - [STDERR_REDIRECT] [Fatal Error] :1:1: Premature end of file.
2026-10-06 16:02:56,654 [ERROR] LogOutputStream:75 - [STDERR_REDIRECT] 
2026-10-06 16:02:57,666 [ERROR] LogOutputStream:75 - [STDERR_REDIRECT] [Fatal Error] :1:1: Premature end of file.
2026-10-06 16:02:57,666 [ERROR] LogOutputStream:75 - [STDERR_REDIRECT] 
2026-10-06 16:02:58,667 [ERROR] LogOutputStream:75 - [STDERR_REDIRECT] [Fatal Error] :1:1: Premature end of file.
2026-10-06 16:02:58,667 [ERROR] LogOutputStream:75 - [STDERR_REDIRECT] 
2026-10-06 16:02:59,665 [ERROR] LogOutputStream:75 - [STDERR_REDIRECT] [Fatal Error] :1:1: Premature end of file.
2026-10-06 16:02:59,665 [ERROR] LogOutputStream:75 - [STDERR_REDIRECT] 
2026-10-06 16:03:00,669 [ERROR] LogOutputStream:75 - [STDERR_REDIRECT] [Fatal Error] :1:1: Premature end of file.
2026-10-06 16:03:00,669 [ERROR] LogOutputStream:75 - [STDERR_REDIRECT] 
2026-10-06 16:03:01,668 [ERROR] LogOutputStream:75 - [STDERR_REDIRECT] [Fatal Error] :1:1: Premature end of file.
2026-10-06 16:03:01,669 [ERROR] LogOutputStream:75 - [STDERR_REDIRECT] 
2026-10-06 16:03:02,665 [ERROR] LogOutputStream:75 - [STDERR_REDIRECT] [Fatal Error] :1:1: Premature end of file.
2026-10-06 16:03:02,665 [ERROR] LogOutputStream:75 - [STDERR_REDIRECT] 
2026-10-06 16:03:03,663 [ERROR] LogOutputStream:75 - [STDERR_REDIRECT] [Fatal Error] :1:1: Premature end of file.
2026-10-06 16:03:03,663 [ERROR] LogOutputStream:75 - [STDERR_REDIRECT] 
2026-10-06 16:03:04,661 [ERROR] LogOutputStream:75 - [STDERR_REDIRECT] [Fatal Error] :1:1: Premature end of file.
2026-10-06 16:03:04,661 [ERROR] LogOutputStream:75 - [STDERR_REDIRECT] 
2026-10-06 16:03:05,661 [ERROR] LogOutputStream:75 - [STDERR_REDIRECT] [Fatal Error] :1:1: Premature end of file.
2026-10-06 16:03:05,661 [ERROR] LogOutputStream:75 - [STDERR_REDIRECT] 
2026-10-06 16:03:06,666 [ERROR] LogOutputStream:75 - [STDERR_REDIRECT] [Fatal Error] :1:1: Premature end of file.
2026-10-06 16:03:06,666 [ERROR] LogOutputStream:75 - [STDERR_REDIRECT] 
2026-10-06 16:03:07,663 [ERROR] LogOutputStream:75 - [STDERR_REDIRECT] [Fatal Error] :1:1: Premature end of file.
2026-10-06 16:03:07,663 [ERROR] LogOutputStream:75 - [STDERR_REDIRECT] 
2026-10-06 16:03:08,652 [ERROR] LogOutputStream:75 - [STDERR_REDIRECT] [Fatal Error] :1:1: Premature end of file.
2026-10-06 16:03:08,652 [ERROR] LogOutputStream:75 - [STDERR_REDIRECT] 
2026-10-06 16:03:09,647 [ERROR] LogOutputStream:75 - [STDERR_REDIRECT] [Fatal Error] :1:1: Premature end of file.
2026-10-06 16:03:09,647 [ERROR] LogOutputStream:75 - [STDERR_REDIRECT] 
2026-10-06 16:03:10,656 [ERROR] LogOutputStream:75 - [STDERR_REDIRECT] [Fatal Error] :1:1: Premature end of file.
2026-10-06 16:03:10,657 [ERROR] LogOutputStream:75 - [STDERR_REDIRECT] 
2026-10-06 16:03:11,661 [ERROR] LogOutputStream:75 - [STDERR_REDIRECT] [Fatal Error] :1:1: Premature end of file.
2026-10-06 16:03:11,661 [ERROR] LogOutputStream:75 - [STDERR_REDIRECT] 
2026-10-06 16:03:12,661 [ERROR] LogOutputStream:75 - [STDERR_REDIRECT] [Fatal Error] :1:1: Premature end of file.
2026-10-06 16:03:12,661 [ERROR] LogOutputStream:75 - [STDERR_REDIRECT] 
2026-10-06 16:03:13,658 [ERROR] LogOutputStream:75 - [STDERR_REDIRECT] [Fatal Error] :1:1: Premature end of file.
2026-10-06 16:03:13,659 [ERROR] LogOutputStream:75 - [STDERR_REDIRECT] 
2026-10-06 16:03:14,671 [ERROR] LogOutputStream:75 - [STDERR_REDIRECT] [Fatal Error] :1:1: Premature end of file.
2026-10-06 16:03:14,671 [ERROR] LogOutputStream:75 - [STDERR_REDIRECT] 
2026-10-06 16:03:15,671 [ERROR] LogOutputStream:75 - [STDERR_REDIRECT] [Fatal Error] :1:1: Premature end of file.
2026-10-06 16:03:15,672 [ERROR] LogOutputStream:75 - [STDERR_REDIRECT] 
2026-10-06 16:03:16,649 [ERROR] LogOutputStream:75 - [STDERR_REDIRECT] [Fatal Error] :1:1: Premature end of file.
2026-10-06 16:03:16,649 [ERROR] LogOutputStream:75 - [STDERR_REDIRECT] 
2026-10-06 16:03:17,649 [ERROR] LogOutputStream:75 - [STDERR_REDIRECT] [Fatal Error] :1:1: Premature end of file.
2026-10-06 16:03:17,649 [ERROR] LogOutputStream:75 - [STDERR_REDIRECT] 
2026-10-06 16:03:18,654 [ERROR] LogOutputStream:75 - [STDERR_REDIRECT] [Fatal Error] :1:1: Premature end of file.
2026-10-06 16:03:18,655 [ERROR] LogOutputStream:75 - [STDERR_REDIRECT] 
2026-10-06 16:03:19,654 [ERROR] LogOutputStream:75 - [STDERR_REDIRECT] [Fatal Error] :1:1: Premature end of file.
2026-10-06 16:03:19,654 [ERROR] LogOutputStream:75 - [STDERR_REDIRECT] 
2026-10-06 16:03:20,651 [ERROR] LogOutputStream:75 - [STDERR_REDIRECT] [Fatal Error] :1:1: Premature end of file.
2026-10-06 16:03:20,651 [ERROR] LogOutputStream:75 - [STDERR_REDIRECT] 
2026-10-06 16:03:21,658 [ERROR] LogOutputStream:75 - [STDERR_REDIRECT] [Fatal Error] :1:1: Premature end of file.
2026-10-06 16:03:21,658 [ERROR] LogOutputStream:75 - [STDERR_REDIRECT] 
2026-10-06 16:03:22,650 [ERROR] LogOutputStream:75 - [STDERR_REDIRECT] [Fatal Error] :1:1: Premature end of file.
2026-10-06 16:03:22,650 [ERROR] LogOutputStream:75 - [STDERR_REDIRECT] 
2026-10-06 16:03:23,652 [ERROR] LogOutputStream:75 - [STDERR_REDIRECT] [Fatal Error] :1:1: Premature end of file.
2026-10-06 16:03:23,652 [ERROR] LogOutputStream:75 - [STDERR_REDIRECT] 
2026-10-06 16:03:24,654 [ERROR] LogOutputStream:75 - [STDERR_REDIRECT] [Fatal Error] :1:1: Premature end of file.
2026-10-06 16:03:24,654 [ERROR] LogOutputStream:75 - [STDERR_REDIRECT] 
2026-10-06 16:03:25,672 [ERROR] LogOutputStream:75 - [STDERR_REDIRECT] [Fatal Error] :1:1: Premature end of file.
2026-10-06 16:03:25,672 [ERROR] LogOutputStream:75 - [STDERR_REDIRECT] 
2026-10-06 16:03:26,674 [ERROR] LogOutputStream:75 - [STDERR_REDIRECT] [Fatal Error] :1:1: Premature end of file.
2026-10-06 16:03:26,674 [ERROR] LogOutputStream:75 - [STDERR_REDIRECT] 
2026-10-06 16:03:27,664 [ERROR] LogOutputStream:75 - [STDERR_REDIRECT] [Fatal Error] :1:1: Premature end of file.
2026-10-06 16:03:27,664 [ERROR] LogOutputStream:75 - [STDERR_REDIRECT] 
2026-10-06 16:03:28,660 [ERROR] LogOutputStream:75 - [STDERR_REDIRECT] [Fatal Error] :1:1: Premature end of file.
2026-10-06 16:03:28,660 [ERROR] LogOutputStream:75 - [STDERR_REDIRECT] 
2026-10-06 16:03:29,658 [ERROR] LogOutputStream:75 - [STDERR_REDIRECT] [Fatal Error] :1:1: Premature end of file.
2026-10-06 16:03:29,658 [ERROR] LogOutputStream:75 - [STDERR_REDIRECT] 
2026-10-06 16:03:30,652 [ERROR] LogOutputStream:75 - [STDERR_REDIRECT] [Fatal Error] :1:1: Premature end of file.
2026-10-06 16:03:30,652 [ERROR] LogOutputStream:75 - [STDERR_REDIRECT] 
2026-10-06 16:03:31,666 [ERROR] LogOutputStream:75 - [STDERR_REDIRECT] [Fatal Error] :1:1: Premature end of file.
2026-10-06 16:03:31,666 [ERROR] LogOutputStream:75 - [STDERR_REDIRECT] 
2026-10-06 16:03:32,663 [ERROR] LogOutputStream:75 - [STDERR_REDIRECT] [Fatal Error] :1:1: Premature end of file.
2026-10-06 16:03:32,663 [ERROR] LogOutputStream:75 - [STDERR_REDIRECT] 
2026-10-06 16:03:33,658 [ERROR] LogOutputStream:75 - [STDERR_REDIRECT] [Fatal Error] :1:1: Premature end of file.
2026-10-06 16:03:33,658 [ERROR] LogOutputStream:75 - [STDERR_REDIRECT] 
2026-10-06 16:03:34,675 [ERROR] LogOutputStream:75 - [STDERR_REDIRECT] [Fatal Error] :1:1: Premature end of file.
2026-10-06 16:03:34,675 [ERROR] LogOutputStream:75 - [STDERR_REDIRECT] 
2026-10-06 16:03:35,667 [ERROR] LogOutputStream:75 - [STDERR_REDIRECT] [Fatal Error] :1:1: Premature end of file.
2026-10-06 16:03:35,667 [ERROR] LogOutputStream:75 - [STDERR_REDIRECT] 
2026-10-06 16:03:36,667 [ERROR] LogOutputStream:75 - [STDERR_REDIRECT] [Fatal Error] :1:1: Premature end of file.
2026-10-06 16:03:36,667 [ERROR] LogOutputStream:75 - [STDERR_REDIRECT] 
2026-10-06 16:03:37,654 [ERROR] LogOutputStream:75 - [STDERR_REDIRECT] [Fatal Error] :1:1: Premature end of file.
2026-10-06 16:03:37,654 [ERROR] LogOutputStream:75 - [STDERR_REDIRECT] 
2026-10-06 16:03:38,654 [ERROR] LogOutputStream:75 - [STDERR_REDIRECT] [Fatal Error] :1:1: Premature end of file.
2026-10-06 16:03:38,654 [ERROR] LogOutputStream:75 - [STDERR_REDIRECT] 
2026-10-06 16:03:39,673 [ERROR] LogOutputStream:75 - [STDERR_REDIRECT] [Fatal Error] :1:1: Premature end of file.
2026-10-06 16:03:39,673 [ERROR] LogOutputStream:75 - [STDERR_REDIRECT] 
2026-10-06 16:03:40,670 [ERROR] LogOutputStream:75 - [STDERR_REDIRECT] [Fatal Error] :1:1: Premature end of file.
2026-10-06 16:03:40,670 [ERROR] LogOutputStream:75 - [STDERR_REDIRECT] 
2026-10-06 16:03:41,659 [ERROR] LogOutputStream:75 - [STDERR_REDIRECT] [Fatal Error] :1:1: Premature end of file.
2026-10-06 16:03:41,659 [ERROR] LogOutputStream:75 - [STDERR_REDIRECT] 
2026-10-06 16:03:42,667 [ERROR] LogOutputStream:75 - [STDERR_REDIRECT] [Fatal Error] :1:1: Premature end of file.
2026-10-06 16:03:42,668 [ERROR] LogOutputStream:75 - [STDERR_REDIRECT] 
2026-10-06 16:03:43,682 [ERROR] LogOutputStream:75 - [STDERR_REDIRECT] [Fatal Error] :1:1: Premature end of file.
2026-10-06 16:03:43,682 [ERROR] LogOutputStream:75 - [STDERR_REDIRECT] 
2026-10-06 16:03:44,673 [ERROR] LogOutputStream:75 - [STDERR_REDIRECT] [Fatal Error] :1:1: Premature end of file.
2026-10-06 16:03:44,673 [ERROR] LogOutputStream:75 - [STDERR_REDIRECT] 
2026-10-06 16:03:45,675 [ERROR] LogOutputStream:75 - [STDERR_REDIRECT] [Fatal Error] :1:1: Premature end of file.
2026-10-06 16:03:45,675 [ERROR] LogOutputStream:75 - [STDERR_REDIRECT] 
2026-10-06 16:03:46,662 [ERROR] LogOutputStream:75 - [STDERR_REDIRECT] [Fatal Error] :1:1: Premature end of file.
2026-10-06 16:03:46,662 [ERROR] LogOutputStream:75 - [STDERR_REDIRECT] 
2026-10-06 16:03:47,654 [ERROR] LogOutputStream:75 - [STDERR_REDIRECT] [Fatal Error] :1:1: Premature end of file.
2026-10-06 16:03:47,655 [ERROR] LogOutputStream:75 - [STDERR_REDIRECT] 
2026-10-06 16:03:48,663 [ERROR] LogOutputStream:75 - [STDERR_REDIRECT] [Fatal Error] :1:1: Premature end of file.
2026-10-06 16:03:48,663 [ERROR] LogOutputStream:75 - [STDERR_REDIRECT] 
2026-10-06 16:03:49,651 [ERROR] LogOutputStream:75 - [STDERR_REDIRECT] [Fatal Error] :1:1: Premature end of file.
2026-10-06 16:03:49,651 [ERROR] LogOutputStream:75 - [STDERR_REDIRECT] 
2026-10-06 16:03:50,672 [ERROR] LogOutputStream:75 - [STDERR_REDIRECT] [Fatal Error] :1:1: Premature end of file.
2026-10-06 16:03:50,673 [ERROR] LogOutputStream:75 - [STDERR_REDIRECT] 
2026-10-06 16:03:51,671 [ERROR] LogOutputStream:75 - [STDERR_REDIRECT] [Fatal Error] :1:1: Premature end of file.
2026-10-06 16:03:51,671 [ERROR] LogOutputStream:75 - [STDERR_REDIRECT] 
2026-10-06 16:03:52,671 [ERROR] LogOutputStream:75 - [STDERR_REDIRECT] [Fatal Error] :1:1: Premature end of file.
2026-10-06 16:03:52,671 [ERROR] LogOutputStream:75 - [STDERR_REDIRECT] 
2026-10-06 16:03:53,668 [ERROR] LogOutputStream:75 - [STDERR_REDIRECT] [Fatal Error] :1:1: Premature end of file.
2026-10-06 16:03:53,669 [ERROR] LogOutputStream:75 - [STDERR_REDIRECT] 
2026-10-06 16:03:54,661 [ERROR] LogOutputStream:75 - [STDERR_REDIRECT] [Fatal Error] :1:1: Premature end of file.
2026-10-06 16:03:54,661 [ERROR] LogOutputStream:75 - [STDERR_REDIRECT] 
2026-10-06 16:03:55,656 [ERROR] LogOutputStream:75 - [STDERR_REDIRECT] [Fatal Error] :1:1: Premature end of file.
2026-10-06 16:03:55,656 [ERROR] LogOutputStream:75 - [STDERR_REDIRECT] 
2026-10-06 16:03:56,665 [ERROR] LogOutputStream:75 - [STDERR_REDIRECT] [Fatal Error] :1:1: Premature end of file.
2026-10-06 16:03:56,665 [ERROR] LogOutputStream:75 - [STDERR_REDIRECT] 
2026-10-06 16:03:57,650 [ERROR] LogOutputStream:75 - [STDERR_REDIRECT] [Fatal Error] :1:1: Premature end of file.
2026-10-06 16:03:57,651 [ERROR] LogOutputStream:75 - [STDERR_REDIRECT] 
2026-10-06 16:03:58,676 [ERROR] LogOutputStream:75 - [STDERR_REDIRECT] [Fatal Error] :1:1: Premature end of file.
2026-10-06 16:03:58,676 [ERROR] LogOutputStream:75 - [STDERR_REDIRECT] 
2026-10-06 16:03:59,669 [ERROR] LogOutputStream:75 - [STDERR_REDIRECT] [Fatal Error] :1:1: Premature end of file.
2026-10-06 16:03:59,669 [ERROR] LogOutputStream:75 - [STDERR_REDIRECT] 
2026-10-06 16:04:00,658 [ERROR] LogOutputStream:75 - [STDERR_REDIRECT] [Fatal Error] :1:1: Premature end of file.
2026-10-06 16:04:00,658 [ERROR] LogOutputStream:75 - [STDERR_REDIRECT] 
2026-10-06 16:04:01,666 [ERROR] LogOutputStream:75 - [STDERR_REDIRECT] [Fatal Error] :1:1: Premature end of file.
2026-10-06 16:04:01,666 [ERROR] LogOutputStream:75 - [STDERR_REDIRECT] 
2026-10-06 16:04:02,669 [ERROR] LogOutputStream:75 - [STDERR_REDIRECT] [Fatal Error] :1:1: Premature end of file.
2026-10-06 16:04:02,669 [ERROR] LogOutputStream:75 - [STDERR_REDIRECT] 
2026-10-06 16:04:03,674 [ERROR] LogOutputStream:75 - [STDERR_REDIRECT] [Fatal Error] :1:1: Premature end of file.
2026-10-06 16:04:03,674 [ERROR] LogOutputStream:75 - [STDERR_REDIRECT] 
2026-10-06 16:04:04,671 [ERROR] LogOutputStream:75 - [STDERR_REDIRECT] [Fatal Error] :1:1: Premature end of file.
2026-10-06 16:04:04,671 [ERROR] LogOutputStream:75 - [STDERR_REDIRECT] 
2026-10-06 16:04:05,662 [ERROR] LogOutputStream:75 - [STDERR_REDIRECT] [Fatal Error] :1:1: Premature end of file.
2026-10-06 16:04:05,662 [ERROR] LogOutputStream:75 - [STDERR_REDIRECT] 
2026-10-06 16:04:06,664 [ERROR] LogOutputStream:75 - [STDERR_REDIRECT] [Fatal Error] :1:1: Premature end of file.
2026-10-06 16:04:06,664 [ERROR] LogOutputStream:75 - [STDERR_REDIRECT] 
2026-10-06 16:04:07,672 [ERROR] LogOutputStream:75 - [STDERR_REDIRECT] [Fatal Error] :1:1: Premature end of file.
2026-10-06 16:04:07,672 [ERROR] LogOutputStream:75 - [STDERR_REDIRECT] 
2026-10-06 16:04:08,650 [ERROR] LogOutputStream:75 - [STDERR_REDIRECT] [Fatal Error] :1:1: Premature end of file.
2026-10-06 16:04:08,650 [ERROR] LogOutputStream:75 - [STDERR_REDIRECT] 
2026-10-06 16:04:09,674 [ERROR] LogOutputStream:75 - [STDERR_REDIRECT] [Fatal Error] :1:1: Premature end of file.
2026-10-06 16:04:09,674 [ERROR] LogOutputStream:75 - [STDERR_REDIRECT] 
2026-10-06 16:04:10,665 [ERROR] LogOutputStream:75 - [STDERR_REDIRECT] [Fatal Error] :1:1: Premature end of file.
2026-10-06 16:04:10,665 [ERROR] LogOutputStream:75 - [STDERR_REDIRECT] 
2026-10-06 16:04:11,665 [ERROR] LogOutputStream:75 - [STDERR_REDIRECT] [Fatal Error] :1:1: Premature end of file.
2026-10-06 16:04:11,665 [ERROR] LogOutputStream:75 - [STDERR_REDIRECT] 
2026-10-06 16:04:12,652 [ERROR] LogOutputStream:75 - [STDERR_REDIRECT] [Fatal Error] :1:1: Premature end of file.
2026-10-06 16:04:12,652 [ERROR] LogOutputStream:75 - [STDERR_REDIRECT] 
2026-10-06 16:04:13,663 [ERROR] LogOutputStream:75 - [STDERR_REDIRECT] [Fatal Error] :1:1: Premature end of file.
2026-10-06 16:04:13,663 [ERROR] LogOutputStream:75 - [STDERR_REDIRECT] 
2026-10-06 16:04:14,680 [ERROR] LogOutputStream:75 - [STDERR_REDIRECT] [Fatal Error] :1:1: Premature end of file.
2026-10-06 16:04:14,680 [ERROR] LogOutputStream:75 - [STDERR_REDIRECT] 
2026-10-06 16:04:15,669 [ERROR] LogOutputStream:75 - [STDERR_REDIRECT] [Fatal Error] :1:1: Premature end of file.
2026-10-06 16:04:15,669 [ERROR] LogOutputStream:75 - [STDERR_REDIRECT] 
2026-10-06 16:04:16,665 [ERROR] LogOutputStream:75 - [STDERR_REDIRECT] [Fatal Error] :1:1: Premature end of file.
2026-10-06 16:04:16,665 [ERROR] LogOutputStream:75 - [STDERR_REDIRECT] 
2026-10-06 16:04:17,670 [ERROR] LogOutputStream:75 - [STDERR_REDIRECT] [Fatal Error] :1:1: Premature end of file.
2026-10-06 16:04:17,670 [ERROR] LogOutputStream:75 - [STDERR_REDIRECT] 
2026-10-06 16:04:18,656 [ERROR] LogOutputStream:75 - [STDERR_REDIRECT] [Fatal Error] :1:1: Premature end of file.
2026-10-06 16:04:18,657 [ERROR] LogOutputStream:75 - [STDERR_REDIRECT] 
2026-10-06 16:04:19,650 [ERROR] LogOutputStream:75 - [STDERR_REDIRECT] [Fatal Error] :1:1: Premature end of file.
2026-10-06 16:04:19,651 [ERROR] LogOutputStream:75 - [STDERR_REDIRECT] 
2026-10-06 16:04:20,662 [ERROR] LogOutputStream:75 - [STDERR_REDIRECT] [Fatal Error] :1:1: Premature end of file.
2026-10-06 16:04:20,662 [ERROR] LogOutputStream:75 - [STDERR_REDIRECT] 
2026-10-06 16:04:21,662 [ERROR] LogOutputStream:75 - [STDERR_REDIRECT] [Fatal Error] :1:1: Premature end of file.
2026-10-06 16:04:21,662 [ERROR] LogOutputStream:75 - [STDERR_REDIRECT] 
2026-10-06 16:04:22,663 [ERROR] LogOutputStream:75 - [STDERR_REDIRECT] [Fatal Error] :1:1: Premature end of file.
2026-10-06 16:04:22,663 [ERROR] LogOutputStream:75 - [STDERR_REDIRECT] 
2026-10-06 16:04:23,655 [ERROR] LogOutputStream:75 - [STDERR_REDIRECT] [Fatal Error] :1:1: Premature end of file.
2026-10-06 16:04:23,655 [ERROR] LogOutputStream:75 - [STDERR_REDIRECT] 
2026-10-06 16:04:24,669 [ERROR] LogOutputStream:75 - [STDERR_REDIRECT] [Fatal Error] :1:1: Premature end of file.
2026-10-06 16:04:24,669 [ERROR] LogOutputStream:75 - [STDERR_REDIRECT] 
2026-10-06 16:04:25,664 [ERROR] LogOutputStream:75 - [STDERR_REDIRECT] [Fatal Error] :1:1: Premature end of file.
2026-10-06 16:04:25,664 [ERROR] LogOutputStream:75 - [STDERR_REDIRECT] 
2026-10-06 16:04:26,667 [ERROR] LogOutputStream:75 - [STDERR_REDIRECT] [Fatal Error] :1:1: Premature end of file.
2026-10-06 16:04:26,667 [ERROR] LogOutputStream:75 - [STDERR_REDIRECT] 
2026-10-06 16:04:27,660 [ERROR] LogOutputStream:75 - [STDERR_REDIRECT] [Fatal Error] :1:1: Premature end of file.
2026-10-06 16:04:27,660 [ERROR] LogOutputStream:75 - [STDERR_REDIRECT] 
2026-10-06 16:04:28,667 [ERROR] LogOutputStream:75 - [STDERR_REDIRECT] [Fatal Error] :1:1: Premature end of file.
2026-10-06 16:04:28,667 [ERROR] LogOutputStream:75 - [STDERR_REDIRECT] 
2026-10-06 16:04:29,666 [ERROR] LogOutputStream:75 - [STDERR_REDIRECT] [Fatal Error] :1:1: Premature end of file.
2026-10-06 16:04:29,666 [ERROR] LogOutputStream:75 - [STDERR_REDIRECT] 
2026-10-06 16:04:30,656 [ERROR] LogOutputStream:75 - [STDERR_REDIRECT] [Fatal Error] :1:1: Premature end of file.
2026-10-06 16:04:30,656 [ERROR] LogOutputStream:75 - [STDERR_REDIRECT] 
2026-10-06 16:04:31,667 [ERROR] LogOutputStream:75 - [STDERR_REDIRECT] [Fatal Error] :1:1: Premature end of file.
2026-10-06 16:04:31,667 [ERROR] LogOutputStream:75 - [STDERR_REDIRECT] 
2026-10-06 16:04:32,673 [ERROR] LogOutputStream:75 - [STDERR_REDIRECT] [Fatal Error] :1:1: Premature end of file.
2026-10-06 16:04:32,673 [ERROR] LogOutputStream:75 - [STDERR_REDIRECT] 
2026-10-06 16:04:33,653 [ERROR] LogOutputStream:75 - [STDERR_REDIRECT] [Fatal Error] :1:1: Premature end of file.
2026-10-06 16:04:33,653 [ERROR] LogOutputStream:75 - [STDERR_REDIRECT] 
2026-10-06 16:04:34,648 [ERROR] LogOutputStream:75 - [STDERR_REDIRECT] [Fatal Error] :1:1: Premature end of file.
2026-10-06 16:04:34,648 [ERROR] LogOutputStream:75 - [STDERR_REDIRECT] 
2026-10-06 16:04:35,659 [ERROR] LogOutputStream:75 - [STDERR_REDIRECT] [Fatal Error] :1:1: Premature end of file.
2026-10-06 16:04:35,659 [ERROR] LogOutputStream:75 - [STDERR_REDIRECT] 
2026-10-06 16:04:36,671 [ERROR] LogOutputStream:75 - [STDERR_REDIRECT] [Fatal Error] :1:1: Premature end of file.
2026-10-06 16:04:36,671 [ERROR] LogOutputStream:75 - [STDERR_REDIRECT] 
2026-10-06 16:04:37,655 [ERROR] LogOutputStream:75 - [STDERR_REDIRECT] [Fatal Error] :1:1: Premature end of file.
2026-10-06 16:04:37,655 [ERROR] LogOutputStream:75 - [STDERR_REDIRECT] 
2026-10-06 16:04:38,659 [ERROR] LogOutputStream:75 - [STDERR_REDIRECT] [Fatal Error] :1:1: Premature end of file.
2026-10-06 16:04:38,659 [ERROR] LogOutputStream:75 - [STDERR_REDIRECT] 
2026-10-06 16:04:39,667 [ERROR] LogOutputStream:75 - [STDERR_REDIRECT] [Fatal Error] :1:1: Premature end of file.
2026-10-06 16:04:39,667 [ERROR] LogOutputStream:75 - [STDERR_REDIRECT] 
2026-10-06 16:04:40,657 [ERROR] LogOutputStream:75 - [STDERR_REDIRECT] [Fatal Error] :1:1: Premature end of file.
2026-10-06 16:04:40,657 [ERROR] LogOutputStream:75 - [STDERR_REDIRECT] 
2026-10-06 16:04:41,663 [ERROR] LogOutputStream:75 - [STDERR_REDIRECT] [Fatal Error] :1:1: Premature end of file.
2026-10-06 16:04:41,664 [ERROR] LogOutputStream:75 - [STDERR_REDIRECT] 
2026-10-06 16:04:42,665 [ERROR] LogOutputStream:75 - [STDERR_REDIRECT] [Fatal Error] :1:1: Premature end of file.
2026-10-06 16:04:42,665 [ERROR] LogOutputStream:75 - [STDERR_REDIRECT] 
2026-10-06 16:04:43,669 [ERROR] LogOutputStream:75 - [STDERR_REDIRECT] [Fatal Error] :1:1: Premature end of file.
2026-10-06 16:04:43,669 [ERROR] LogOutputStream:75 - [STDERR_REDIRECT] 
2026-10-06 16:04:44,662 [ERROR] LogOutputStream:75 - [STDERR_REDIRECT] [Fatal Error] :1:1: Premature end of file.
2026-10-06 16:04:44,662 [ERROR] LogOutputStream:75 - [STDERR_REDIRECT] 
2026-10-06 16:04:45,660 [ERROR] LogOutputStream:75 - [STDERR_REDIRECT] [Fatal Error] :1:1: Premature end of file.
2026-10-06 16:04:45,660 [ERROR] LogOutputStream:75 - [STDERR_REDIRECT] 
2026-10-06 16:04:46,651 [ERROR] LogOutputStream:75 - [STDERR_REDIRECT] [Fatal Error] :1:1: Premature end of file.
2026-10-06 16:04:46,651 [ERROR] LogOutputStream:75 - [STDERR_REDIRECT] 
2026-10-06 16:04:47,649 [ERROR] LogOutputStream:75 - [STDERR_REDIRECT] [Fatal Error] :1:1: Premature end of file.
2026-10-06 16:04:47,649 [ERROR] LogOutputStream:75 - [STDERR_REDIRECT] 
2026-10-06 16:04:48,661 [ERROR] LogOutputStream:75 - [STDERR_REDIRECT] [Fatal Error] :1:1: Premature end of file.
2026-10-06 16:04:48,661 [ERROR] LogOutputStream:75 - [STDERR_REDIRECT] 
2026-10-06 16:04:49,667 [ERROR] LogOutputStream:75 - [STDERR_REDIRECT] [Fatal Error] :1:1: Premature end of file.
2026-10-06 16:04:49,667 [ERROR] LogOutputStream:75 - [STDERR_REDIRECT] 
2026-10-06 16:04:50,678 [ERROR] LogOutputStream:75 - [STDERR_REDIRECT] [Fatal Error] :1:1: Premature end of file.
2026-10-06 16:04:50,678 [ERROR] LogOutputStream:75 - [STDERR_REDIRECT] 
2026-10-06 16:04:51,673 [ERROR] LogOutputStream:75 - [STDERR_REDIRECT] [Fatal Error] :1:1: Premature end of file.
2026-10-06 16:04:51,673 [ERROR] LogOutputStream:75 - [STDERR_REDIRECT] 
2026-10-06 16:04:52,668 [ERROR] LogOutputStream:75 - [STDERR_REDIRECT] [Fatal Error] :1:1: Premature end of file.
2026-10-06 16:04:52,668 [ERROR] LogOutputStream:75 - [STDERR_REDIRECT] 
2026-10-06 16:04:53,660 [ERROR] LogOutputStream:75 - [STDERR_REDIRECT] [Fatal Error] :1:1: Premature end of file.
2026-10-06 16:04:53,660 [ERROR] LogOutputStream:75 - [STDERR_REDIRECT] 
2026-10-06 16:04:54,657 [ERROR] LogOutputStream:75 - [STDERR_REDIRECT] [Fatal Error] :1:1: Premature end of file.
2026-10-06 16:04:54,658 [ERROR] LogOutputStream:75 - [STDERR_REDIRECT] 
2026-10-06 16:04:55,677 [ERROR] LogOutputStream:75 - [STDERR_REDIRECT] [Fatal Error] :1:1: Premature end of file.
2026-10-06 16:04:55,677 [ERROR] LogOutputStream:75 - [STDERR_REDIRECT] 
2026-10-06 16:04:56,655 [ERROR] LogOutputStream:75 - [STDERR_REDIRECT] [Fatal Error] :1:1: Premature end of file.
2026-10-06 16:04:56,655 [ERROR] LogOutputStream:75 - [STDERR_REDIRECT] 
2026-10-06 16:04:57,655 [ERROR] LogOutputStream:75 - [STDERR_REDIRECT] [Fatal Error] :1:1: Premature end of file.
2026-10-06 16:04:57,655 [ERROR] LogOutputStream:75 - [STDERR_REDIRECT] 
2026-10-06 16:04:58,662 [ERROR] LogOutputStream:75 - [STDERR_REDIRECT] [Fatal Error] :1:1: Premature end of file.
2026-10-06 16:04:58,663 [ERROR] LogOutputStream:75 - [STDERR_REDIRECT] 
2026-10-06 16:04:59,659 [ERROR] LogOutputStream:75 - [STDERR_REDIRECT] [Fatal Error] :1:1: Premature end of file.
2026-10-06 16:04:59,660 [ERROR] LogOutputStream:75 - [STDERR_REDIRECT] 
2026-10-06 16:05:00,659 [ERROR] LogOutputStream:75 - [STDERR_REDIRECT] [Fatal Error] :1:1: Premature end of file.
2026-10-06 16:05:00,659 [ERROR] LogOutputStream:75 - [STDERR_REDIRECT] 
2026-10-06 16:05:01,664 [ERROR] LogOutputStream:75 - [STDERR_REDIRECT] [Fatal Error] :1:1: Premature end of file.
2026-10-06 16:05:01,664 [ERROR] LogOutputStream:75 - [STDERR_REDIRECT] 
2026-10-06 16:05:02,669 [ERROR] LogOutputStream:75 - [STDERR_REDIRECT] [Fatal Error] :1:1: Premature end of file.
2026-10-06 16:05:02,669 [ERROR] LogOutputStream:75 - [STDERR_REDIRECT] 
2026-10-06 16:05:03,650 [ERROR] LogOutputStream:75 - [STDERR_REDIRECT] [Fatal Error] :1:1: Premature end of file.
2026-10-06 16:05:03,650 [ERROR] LogOutputStream:75 - [STDERR_REDIRECT] 
2026-10-06 16:05:04,671 [ERROR] LogOutputStream:75 - [STDERR_REDIRECT] [Fatal Error] :1:1: Premature end of file.
2026-10-06 16:05:04,671 [ERROR] LogOutputStream:75 - [STDERR_REDIRECT] 
2026-10-06 16:05:05,670 [ERROR] LogOutputStream:75 - [STDERR_REDIRECT] [Fatal Error] :1:1: Premature end of file.
2026-10-06 16:05:05,670 [ERROR] LogOutputStream:75 - [STDERR_REDIRECT] 
2026-10-06 16:05:06,663 [ERROR] LogOutputStream:75 - [STDERR_REDIRECT] [Fatal Error] :1:1: Premature end of file.
2026-10-06 16:05:06,663 [ERROR] LogOutputStream:75 - [STDERR_REDIRECT] 
2026-10-06 16:05:07,667 [ERROR] LogOutputStream:75 - [STDERR_REDIRECT] [Fatal Error] :1:1: Premature end of file.
2026-10-06 16:05:07,667 [ERROR] LogOutputStream:75 - [STDERR_REDIRECT] 
2026-10-06 16:05:08,651 [ERROR] LogOutputStream:75 - [STDERR_REDIRECT] [Fatal Error] :1:1: Premature end of file.
2026-10-06 16:05:08,651 [ERROR] LogOutputStream:75 - [STDERR_REDIRECT] 
2026-10-06 16:05:09,662 [ERROR] LogOutputStream:75 - [STDERR_REDIRECT] [Fatal Error] :1:1: Premature end of file.
2026-10-06 16:05:09,662 [ERROR] LogOutputStream:75 - [STDERR_REDIRECT] 
2026-10-06 16:05:10,675 [ERROR] LogOutputStream:75 - [STDERR_REDIRECT] [Fatal Error] :1:1: Premature end of file.
2026-10-06 16:05:10,675 [ERROR] LogOutputStream:75 - [STDERR_REDIRECT] 
2026-10-06 16:05:11,668 [ERROR] LogOutputStream:75 - [STDERR_REDIRECT] [Fatal Error] :1:1: Premature end of file.
2026-10-06 16:05:11,668 [ERROR] LogOutputStream:75 - [STDERR_REDIRECT] 
2026-10-06 16:05:12,658 [ERROR] LogOutputStream:75 - [STDERR_REDIRECT] [Fatal Error] :1:1: Premature end of file.
2026-10-06 16:05:12,658 [ERROR] LogOutputStream:75 - [STDERR_REDIRECT] 
2026-10-06 16:05:13,656 [ERROR] LogOutputStream:75 - [STDERR_REDIRECT] [Fatal Error] :1:1: Premature end of file.
2026-10-06 16:05:13,656 [ERROR] LogOutputStream:75 - [STDERR_REDIRECT] 
2026-10-06 16:05:14,671 [ERROR] LogOutputStream:75 - [STDERR_REDIRECT] [Fatal Error] :1:1: Premature end of file.
2026-10-06 16:05:14,671 [ERROR] LogOutputStream:75 - [STDERR_REDIRECT] 
2026-10-06 16:05:15,665 [ERROR] LogOutputStream:75 - [STDERR_REDIRECT] [Fatal Error] :1:1: Premature end of file.
2026-10-06 16:05:15,665 [ERROR] LogOutputStream:75 - [STDERR_REDIRECT] 
2026-10-06 16:05:16,665 [ERROR] LogOutputStream:75 - [STDERR_REDIRECT] [Fatal Error] :1:1: Premature end of file.
2026-10-06 16:05:16,665 [ERROR] LogOutputStream:75 - [STDERR_REDIRECT] 
2026-10-06 16:05:17,659 [ERROR] LogOutputStream:75 - [STDERR_REDIRECT] [Fatal Error] :1:1: Premature end of file.
2026-10-06 16:05:17,659 [ERROR] LogOutputStream:75 - [STDERR_REDIRECT] 
2026-10-06 16:05:18,667 [ERROR] LogOutputStream:75 - [STDERR_REDIRECT] [Fatal Error] :1:1: Premature end of file.
2026-10-06 16:05:18,667 [ERROR] LogOutputStream:75 - [STDERR_REDIRECT] 
2026-10-06 16:05:19,669 [ERROR] LogOutputStream:75 - [STDERR_REDIRECT] [Fatal Error] :1:1: Premature end of file.
2026-10-06 16:05:19,670 [ERROR] LogOutputStream:75 - [STDERR_REDIRECT] 
2026-10-06 16:05:20,660 [ERROR] LogOutputStream:75 - [STDERR_REDIRECT] [Fatal Error] :1:1: Premature end of file.
2026-10-06 16:05:20,660 [ERROR] LogOutputStream:75 - [STDERR_REDIRECT] 
2026-10-06 16:05:21,648 [ERROR] LogOutputStream:75 - [STDERR_REDIRECT] [Fatal Error] :1:1: Premature end of file.
2026-10-06 16:05:21,648 [ERROR] LogOutputStream:75 - [STDERR_REDIRECT] 
2026-10-06 16:05:22,660 [ERROR] LogOutputStream:75 - [STDERR_REDIRECT] [Fatal Error] :1:1: Premature end of file.
2026-10-06 16:05:22,661 [ERROR] LogOutputStream:75 - [STDERR_REDIRECT] 
2026-10-06 16:05:23,679 [ERROR] LogOutputStream:75 - [STDERR_REDIRECT] [Fatal Error] :1:1: Premature end of file.
2026-10-06 16:05:23,679 [ERROR] LogOutputStream:75 - [STDERR_REDIRECT] 
2026-10-06 16:05:24,652 [ERROR] LogOutputStream:75 - [STDERR_REDIRECT] [Fatal Error] :1:1: Premature end of file.
2026-10-06 16:05:24,652 [ERROR] LogOutputStream:75 - [STDERR_REDIRECT] 
2026-10-06 16:05:25,661 [ERROR] LogOutputStream:75 - [STDERR_REDIRECT] [Fatal Error] :1:1: Premature end of file.
2026-10-06 16:05:25,663 [ERROR] LogOutputStream:75 - [STDERR_REDIRECT] 
2026-10-06 16:05:26,664 [ERROR] LogOutputStream:75 - [STDERR_REDIRECT] [Fatal Error] :1:1: Premature end of file.
2026-10-06 16:05:26,664 [ERROR] LogOutputStream:75 - [STDERR_REDIRECT] 
2026-10-06 16:05:27,658 [ERROR] LogOutputStream:75 - [STDERR_REDIRECT] [Fatal Error] :1:1: Premature end of file.
2026-10-06 16:05:27,658 [ERROR] LogOutputStream:75 - [STDERR_REDIRECT] 
2026-10-06 16:05:28,646 [ERROR] LogOutputStream:75 - [STDERR_REDIRECT] [Fatal Error] :1:1: Premature end of file.
2026-10-06 16:05:28,646 [ERROR] LogOutputStream:75 - [STDERR_REDIRECT] 
2026-10-06 16:05:29,656 [ERROR] LogOutputStream:75 - [STDERR_REDIRECT] [Fatal Error] :1:1: Premature end of file.
2026-10-06 16:05:29,656 [ERROR] LogOutputStream:75 - [STDERR_REDIRECT] 
2026-10-06 16:05:30,647 [ERROR] LogOutputStream:75 - [STDERR_REDIRECT] [Fatal Error] :1:1: Premature end of file.
2026-10-06 16:05:30,647 [ERROR] LogOutputStream:75 - [STDERR_REDIRECT] 
2026-10-06 16:05:31,658 [ERROR] LogOutputStream:75 - [STDERR_REDIRECT] [Fatal Error] :1:1: Premature end of file.
2026-10-06 16:05:31,658 [ERROR] LogOutputStream:75 - [STDERR_REDIRECT] 
2026-10-06 16:05:32,648 [ERROR] LogOutputStream:75 - [STDERR_REDIRECT] [Fatal Error] :1:1: Premature end of file.
2026-10-06 16:05:32,648 [ERROR] LogOutputStream:75 - [STDERR_REDIRECT] 
2026-10-06 16:05:33,654 [ERROR] LogOutputStream:75 - [STDERR_REDIRECT] [Fatal Error] :1:1: Premature end of file.
2026-10-06 16:05:33,654 [ERROR] LogOutputStream:75 - [STDERR_REDIRECT] 
2026-10-06 16:05:34,655 [ERROR] LogOutputStream:75 - [STDERR_REDIRECT] [Fatal Error] :1:1: Premature end of file.
2026-10-06 16:05:34,655 [ERROR] LogOutputStream:75 - [STDERR_REDIRECT] 
2026-10-06 16:05:35,655 [ERROR] LogOutputStream:75 - [STDERR_REDIRECT] [Fatal Error] :1:1: Premature end of file.
2026-10-06 16:05:35,656 [ERROR] LogOutputStream:75 - [STDERR_REDIRECT] 
2026-10-06 16:05:36,652 [ERROR] LogOutputStream:75 - [STDERR_REDIRECT] [Fatal Error] :1:1: Premature end of file.
2026-10-06 16:05:36,652 [ERROR] LogOutputStream:75 - [STDERR_REDIRECT] 
2026-10-06 16:05:37,655 [ERROR] LogOutputStream:75 - [STDERR_REDIRECT] [Fatal Error] :1:1: Premature end of file.
2026-10-06 16:05:37,655 [ERROR] LogOutputStream:75 - [STDERR_REDIRECT] 
2026-10-06 16:05:38,651 [ERROR] LogOutputStream:75 - [STDERR_REDIRECT] [Fatal Error] :1:1: Premature end of file.
2026-10-06 16:05:38,651 [ERROR] LogOutputStream:75 - [STDERR_REDIRECT] 
2026-10-06 16:05:39,657 [ERROR] LogOutputStream:75 - [STDERR_REDIRECT] [Fatal Error] :1:1: Premature end of file.
2026-10-06 16:05:39,657 [ERROR] LogOutputStream:75 - [STDERR_REDIRECT] 
2026-10-06 16:05:40,652 [ERROR] LogOutputStream:75 - [STDERR_REDIRECT] [Fatal Error] :1:1: Premature end of file.
2026-10-06 16:05:40,652 [ERROR] LogOutputStream:75 - [STDERR_REDIRECT] 
2026-10-06 16:05:41,656 [ERROR] LogOutputStream:75 - [STDERR_REDIRECT] [Fatal Error] :1:1: Premature end of file.
2026-10-06 16:05:41,656 [ERROR] LogOutputStream:75 - [STDERR_REDIRECT] 
2026-10-06 16:05:42,650 [ERROR] LogOutputStream:75 - [STDERR_REDIRECT] [Fatal Error] :1:1: Premature end of file.
2026-10-06 16:05:42,650 [ERROR] LogOutputStream:75 - [STDERR_REDIRECT] 
2026-10-06 16:05:43,655 [ERROR] LogOutputStream:75 - [STDERR_REDIRECT] [Fatal Error] :1:1: Premature end of file.
2026-10-06 16:05:43,655 [ERROR] LogOutputStream:75 - [STDERR_REDIRECT] 
2026-10-06 16:05:44,653 [ERROR] LogOutputStream:75 - [STDERR_REDIRECT] [Fatal Error] :1:1: Premature end of file.
2026-10-06 16:05:44,653 [ERROR] LogOutputStream:75 - [STDERR_REDIRECT] 
2026-10-06 16:05:45,658 [ERROR] LogOutputStream:75 - [STDERR_REDIRECT] [Fatal Error] :1:1: Premature end of file.
2026-10-06 16:05:45,658 [ERROR] LogOutputStream:75 - [STDERR_REDIRECT] 
2026-10-06 16:05:46,658 [ERROR] LogOutputStream:75 - [STDERR_REDIRECT] [Fatal Error] :1:1: Premature end of file.
2026-10-06 16:05:46,658 [ERROR] LogOutputStream:75 - [STDERR_REDIRECT] 
2026-10-06 16:05:47,660 [ERROR] LogOutputStream:75 - [STDERR_REDIRECT] [Fatal Error] :1:1: Premature end of file.
2026-10-06 16:05:47,660 [ERROR] LogOutputStream:75 - [STDERR_REDIRECT] 
2026-10-06 16:05:48,655 [ERROR] LogOutputStream:75 - [STDERR_REDIRECT] [Fatal Error] :1:1: Premature end of file.
2026-10-06 16:05:48,655 [ERROR] LogOutputStream:75 - [STDERR_REDIRECT] 
2026-10-06 16:05:49,656 [ERROR] LogOutputStream:75 - [STDERR_REDIRECT] [Fatal Error] :1:1: Premature end of file.
2026-10-06 16:05:49,656 [ERROR] LogOutputStream:75 - [STDERR_REDIRECT] 
2026-10-06 16:05:50,656 [ERROR] LogOutputStream:75 - [STDERR_REDIRECT] [Fatal Error] :1:1: Premature end of file.
2026-10-06 16:05:50,656 [ERROR] LogOutputStream:75 - [STDERR_REDIRECT] 
2026-10-06 16:05:51,664 [ERROR] LogOutputStream:75 - [STDERR_REDIRECT] [Fatal Error] :1:1: Premature end of file.
2026-10-06 16:05:51,664 [ERROR] LogOutputStream:75 - [STDERR_REDIRECT] 
2026-10-06 16:05:52,652 [ERROR] LogOutputStream:75 - [STDERR_REDIRECT] [Fatal Error] :1:1: Premature end of file.
2026-10-06 16:05:52,652 [ERROR] LogOutputStream:75 - [STDERR_REDIRECT] 
2026-10-06 16:05:53,649 [ERROR] LogOutputStream:75 - [STDERR_REDIRECT] [Fatal Error] :1:1: Premature end of file.
2026-10-06 16:05:53,649 [ERROR] LogOutputStream:75 - [STDERR_REDIRECT] 
2026-10-06 16:05:54,656 [ERROR] LogOutputStream:75 - [STDERR_REDIRECT] [Fatal Error] :1:1: Premature end of file.
2026-10-06 16:05:54,656 [ERROR] LogOutputStream:75 - [STDERR_REDIRECT] 
2026-10-06 16:05:55,645 [ERROR] LogOutputStream:75 - [STDERR_REDIRECT] [Fatal Error] :1:1: Premature end of file.
2026-10-06 16:05:55,645 [ERROR] LogOutputStream:75 - [STDERR_REDIRECT] 
2026-10-06 16:05:56,658 [ERROR] LogOutputStream:75 - [STDERR_REDIRECT] [Fatal Error] :1:1: Premature end of file.
2026-10-06 16:05:56,658 [ERROR] LogOutputStream:75 - [STDERR_REDIRECT] 
2026-10-06 16:05:57,655 [ERROR] LogOutputStream:75 - [STDERR_REDIRECT] [Fatal Error] :1:1: Premature end of file.
2026-10-06 16:05:57,656 [ERROR] LogOutputStream:75 - [STDERR_REDIRECT] 
2026-10-06 16:05:58,649 [ERROR] LogOutputStream:75 - [STDERR_REDIRECT] [Fatal Error] :1:1: Premature end of file.
2026-10-06 16:05:58,649 [ERROR] LogOutputStream:75 - [STDERR_REDIRECT] 
2026-10-06 16:05:59,650 [ERROR] LogOutputStream:75 - [STDERR_REDIRECT] [Fatal Error] :1:1: Premature end of file.
2026-10-06 16:05:59,650 [ERROR] LogOutputStream:75 - [STDERR_REDIRECT] 
2026-10-06 16:06:00,646 [ERROR] LogOutputStream:75 - [STDERR_REDIRECT] [Fatal Error] :1:1: Premature end of file.
2026-10-06 16:06:00,647 [ERROR] LogOutputStream:75 - [STDERR_REDIRECT] 
2026-10-06 16:06:01,647 [ERROR] LogOutputStream:75 - [STDERR_REDIRECT] [Fatal Error] :1:1: Premature end of file.
2026-10-06 16:06:01,647 [ERROR] LogOutputStream:75 - [STDERR_REDIRECT] 
2026-10-06 16:06:02,646 [ERROR] LogOutputStream:75 - [STDERR_REDIRECT] [Fatal Error] :1:1: Premature end of file.
2026-10-06 16:06:02,646 [ERROR] LogOutputStream:75 - [STDERR_REDIRECT] 
2026-10-06 16:06:03,647 [ERROR] LogOutputStream:75 - [STDERR_REDIRECT] [Fatal Error] :1:1: Premature end of file.
2026-10-06 16:06:03,647 [ERROR] LogOutputStream:75 - [STDERR_REDIRECT] 
2026-10-06 16:06:04,658 [ERROR] LogOutputStream:75 - [STDERR_REDIRECT] [Fatal Error] :1:1: Premature end of file.
2026-10-06 16:06:04,658 [ERROR] LogOutputStream:75 - [STDERR_REDIRECT] 
2026-10-06 16:06:05,647 [ERROR] LogOutputStream:75 - [STDERR_REDIRECT] [Fatal Error] :1:1: Premature end of file.
2026-10-06 16:06:05,647 [ERROR] LogOutputStream:75 - [STDERR_REDIRECT] 
2026-10-06 16:06:06,655 [ERROR] LogOutputStream:75 - [STDERR_REDIRECT] [Fatal Error] :1:1: Premature end of file.
2026-10-06 16:06:06,655 [ERROR] LogOutputStream:75 - [STDERR_REDIRECT] 
2026-10-06 16:06:07,646 [ERROR] LogOutputStream:75 - [STDERR_REDIRECT] [Fatal Error] :1:1: Premature end of file.
2026-10-06 16:06:07,646 [ERROR] LogOutputStream:75 - [STDERR_REDIRECT] 
2026-10-06 16:06:08,651 [ERROR] LogOutputStream:75 - [STDERR_REDIRECT] [Fatal Error] :1:1: Premature end of file.
2026-10-06 16:06:08,651 [ERROR] LogOutputStream:75 - [STDERR_REDIRECT] 
2026-10-06 16:06:09,655 [ERROR] LogOutputStream:75 - [STDERR_REDIRECT] [Fatal Error] :1:1: Premature end of file.
2026-10-06 16:06:09,655 [ERROR] LogOutputStream:75 - [STDERR_REDIRECT] 
2026-10-06 16:06:10,664 [ERROR] LogOutputStream:75 - [STDERR_REDIRECT] [Fatal Error] :1:1: Premature end of file.
2026-10-06 16:06:10,664 [ERROR] LogOutputStream:75 - [STDERR_REDIRECT] 
2026-10-06 16:06:11,663 [ERROR] LogOutputStream:75 - [STDERR_REDIRECT] [Fatal Error] :1:1: Premature end of file.
2026-10-06 16:06:11,663 [ERROR] LogOutputStream:75 - [STDERR_REDIRECT] 
2026-10-06 16:06:12,647 [ERROR] LogOutputStream:75 - [STDERR_REDIRECT] [Fatal Error] :1:1: Premature end of file.
2026-10-06 16:06:12,648 [ERROR] LogOutputStream:75 - [STDERR_REDIRECT] 
2026-10-06 16:06:13,673 [ERROR] LogOutputStream:75 - [STDERR_REDIRECT] [Fatal Error] :1:1: Premature end of file.
2026-10-06 16:06:13,673 [ERROR] LogOutputStream:75 - [STDERR_REDIRECT] 
2026-10-06 16:06:14,666 [ERROR] LogOutputStream:75 - [STDERR_REDIRECT] [Fatal Error] :1:1: Premature end of file.
2026-10-06 16:06:14,666 [ERROR] LogOutputStream:75 - [STDERR_REDIRECT] 
2026-10-06 16:06:15,672 [ERROR] LogOutputStream:75 - [STDERR_REDIRECT] [Fatal Error] :1:1: Premature end of file.
2026-10-06 16:06:15,672 [ERROR] LogOutputStream:75 - [STDERR_REDIRECT] 
2026-10-06 16:06:16,671 [ERROR] LogOutputStream:75 - [STDERR_REDIRECT] [Fatal Error] :1:1: Premature end of file.
2026-10-06 16:06:16,671 [ERROR] LogOutputStream:75 - [STDERR_REDIRECT] 
2026-10-06 16:06:17,662 [ERROR] LogOutputStream:75 - [STDERR_REDIRECT] [Fatal Error] :1:1: Premature end of file.
2026-10-06 16:06:17,662 [ERROR] LogOutputStream:75 - [STDERR_REDIRECT] 
2026-10-06 16:06:18,660 [ERROR] LogOutputStream:75 - [STDERR_REDIRECT] [Fatal Error] :1:1: Premature end of file.
2026-10-06 16:06:18,660 [ERROR] LogOutputStream:75 - [STDERR_REDIRECT] 
2026-10-06 16:06:19,666 [ERROR] LogOutputStream:75 - [STDERR_REDIRECT] [Fatal Error] :1:1: Premature end of file.
2026-10-06 16:06:19,666 [ERROR] LogOutputStream:75 - [STDERR_REDIRECT] 
2026-10-06 16:06:20,652 [ERROR] LogOutputStream:75 - [STDERR_REDIRECT] [Fatal Error] :1:1: Premature end of file.
2026-10-06 16:06:20,652 [ERROR] LogOutputStream:75 - [STDERR_REDIRECT] 
2026-10-06 16:06:21,664 [ERROR] LogOutputStream:75 - [STDERR_REDIRECT] [Fatal Error] :1:1: Premature end of file.
2026-10-06 16:06:21,664 [ERROR] LogOutputStream:75 - [STDERR_REDIRECT] 
2026-10-06 16:06:22,646 [ERROR] LogOutputStream:75 - [STDERR_REDIRECT] [Fatal Error] :1:1: Premature end of file.
2026-10-06 16:06:22,647 [ERROR] LogOutputStream:75 - [STDERR_REDIRECT] 
2026-10-06 16:06:23,652 [ERROR] LogOutputStream:75 - [STDERR_REDIRECT] [Fatal Error] :1:1: Premature end of file.
2026-10-06 16:06:23,652 [ERROR] LogOutputStream:75 - [STDERR_REDIRECT] 
2026-10-06 16:06:24,663 [ERROR] LogOutputStream:75 - [STDERR_REDIRECT] [Fatal Error] :1:1: Premature end of file.
2026-10-06 16:06:24,663 [ERROR] LogOutputStream:75 - [STDERR_REDIRECT] 
2026-10-06 16:06:25,658 [ERROR] LogOutputStream:75 - [STDERR_REDIRECT] [Fatal Error] :1:1: Premature end of file.
2026-10-06 16:06:25,659 [ERROR] LogOutputStream:75 - [STDERR_REDIRECT] 
2026-10-06 16:06:26,649 [ERROR] LogOutputStream:75 - [STDERR_REDIRECT] [Fatal Error] :1:1: Premature end of file.
2026-10-06 16:06:26,649 [ERROR] LogOutputStream:75 - [STDERR_REDIRECT] 
2026-10-06 16:06:27,648 [ERROR] LogOutputStream:75 - [STDERR_REDIRECT] [Fatal Error] :1:1: Premature end of file.
2026-10-06 16:06:27,648 [ERROR] LogOutputStream:75 - [STDERR_REDIRECT] 
2026-10-06 16:06:28,657 [ERROR] LogOutputStream:75 - [STDERR_REDIRECT] [Fatal Error] :1:1: Premature end of file.
2026-10-06 16:06:28,657 [ERROR] LogOutputStream:75 - [STDERR_REDIRECT] 
2026-10-06 16:06:29,658 [ERROR] LogOutputStream:75 - [STDERR_REDIRECT] [Fatal Error] :1:1: Premature end of file.
2026-10-06 16:06:29,658 [ERROR] LogOutputStream:75 - [STDERR_REDIRECT] 
2026-10-06 16:06:30,664 [ERROR] LogOutputStream:75 - [STDERR_REDIRECT] [Fatal Error] :1:1: Premature end of file.
2026-10-06 16:06:30,664 [ERROR] LogOutputStream:75 - [STDERR_REDIRECT] 
2026-10-06 16:06:31,651 [ERROR] LogOutputStream:75 - [STDERR_REDIRECT] [Fatal Error] :1:1: Premature end of file.
2026-10-06 16:06:31,651 [ERROR] LogOutputStream:75 - [STDERR_REDIRECT] 
2026-10-06 16:06:32,656 [ERROR] LogOutputStream:75 - [STDERR_REDIRECT] [Fatal Error] :1:1: Premature end of file.
2026-10-06 16:06:32,656 [ERROR] LogOutputStream:75 - [STDERR_REDIRECT] 
2026-10-06 16:06:33,648 [ERROR] LogOutputStream:75 - [STDERR_REDIRECT] [Fatal Error] :1:1: Premature end of file.
2026-10-06 16:06:33,649 [ERROR] LogOutputStream:75 - [STDERR_REDIRECT] 
2026-10-06 16:06:34,659 [ERROR] LogOutputStream:75 - [STDERR_REDIRECT] [Fatal Error] :1:1: Premature end of file.
2026-10-06 16:06:34,659 [ERROR] LogOutputStream:75 - [STDERR_REDIRECT] 
2026-10-06 16:06:35,661 [ERROR] LogOutputStream:75 - [STDERR_REDIRECT] [Fatal Error] :1:1: Premature end of file.
2026-10-06 16:06:35,661 [ERROR] LogOutputStream:75 - [STDERR_REDIRECT] 
2026-10-06 16:06:36,663 [ERROR] LogOutputStream:75 - [STDERR_REDIRECT] [Fatal Error] :1:1: Premature end of file.
2026-10-06 16:06:36,663 [ERROR] LogOutputStream:75 - [STDERR_REDIRECT] 
2026-10-06 16:06:37,659 [ERROR] LogOutputStream:75 - [STDERR_REDIRECT] [Fatal Error] :1:1: Premature end of file.
2026-10-06 16:06:37,659 [ERROR] LogOutputStream:75 - [STDERR_REDIRECT] 
2026-10-06 16:06:38,659 [ERROR] LogOutputStream:75 - [STDERR_REDIRECT] [Fatal Error] :1:1: Premature end of file.
2026-10-06 16:06:38,659 [ERROR] LogOutputStream:75 - [STDERR_REDIRECT] 
2026-10-06 16:06:39,660 [ERROR] LogOutputStream:75 - [STDERR_REDIRECT] [Fatal Error] :1:1: Premature end of file.
2026-10-06 16:06:39,660 [ERROR] LogOutputStream:75 - [STDERR_REDIRECT] 
2026-10-06 16:06:40,664 [ERROR] LogOutputStream:75 - [STDERR_REDIRECT] [Fatal Error] :1:1: Premature end of file.
2026-10-06 16:06:40,665 [ERROR] LogOutputStream:75 - [STDERR_REDIRECT] 
2026-10-06 16:06:41,652 [ERROR] LogOutputStream:75 - [STDERR_REDIRECT] [Fatal Error] :1:1: Premature end of file.
2026-10-06 16:06:41,652 [ERROR] LogOutputStream:75 - [STDERR_REDIRECT] 
2026-10-06 16:06:42,653 [ERROR] LogOutputStream:75 - [STDERR_REDIRECT] [Fatal Error] :1:1: Premature end of file.
2026-10-06 16:06:42,653 [ERROR] LogOutputStream:75 - [STDERR_REDIRECT] 
2026-10-06 16:06:43,669 [ERROR] LogOutputStream:75 - [STDERR_REDIRECT] [Fatal Error] :1:1: Premature end of file.
2026-10-06 16:06:43,669 [ERROR] LogOutputStream:75 - [STDERR_REDIRECT] 
2026-10-06 16:06:44,657 [ERROR] LogOutputStream:75 - [STDERR_REDIRECT] [Fatal Error] :1:1: Premature end of file.
2026-10-06 16:06:44,658 [ERROR] LogOutputStream:75 - [STDERR_REDIRECT] 
2026-10-06 16:06:45,646 [ERROR] LogOutputStream:75 - [STDERR_REDIRECT] [Fatal Error] :1:1: Premature end of file.
2026-10-06 16:06:45,646 [ERROR] LogOutputStream:75 - [STDERR_REDIRECT] 
2026-10-06 16:06:46,661 [ERROR] LogOutputStream:75 - [STDERR_REDIRECT] [Fatal Error] :1:1: Premature end of file.
2026-10-06 16:06:46,661 [ERROR] LogOutputStream:75 - [STDERR_REDIRECT] 
2026-10-06 16:06:47,663 [ERROR] LogOutputStream:75 - [STDERR_REDIRECT] [Fatal Error] :1:1: Premature end of file.
2026-10-06 16:06:47,663 [ERROR] LogOutputStream:75 - [STDERR_REDIRECT] 
2026-10-06 16:06:48,661 [ERROR] LogOutputStream:75 - [STDERR_REDIRECT] [Fatal Error] :1:1: Premature end of file.
2026-10-06 16:06:48,661 [ERROR] LogOutputStream:75 - [STDERR_REDIRECT] 
2026-10-06 16:06:49,664 [ERROR] LogOutputStream:75 - [STDERR_REDIRECT] [Fatal Error] :1:1: Premature end of file.
2026-10-06 16:06:49,664 [ERROR] LogOutputStream:75 - [STDERR_REDIRECT] 
2026-10-06 16:06:50,656 [ERROR] LogOutputStream:75 - [STDERR_REDIRECT] [Fatal Error] :1:1: Premature end of file.
2026-10-06 16:06:50,656 [ERROR] LogOutputStream:75 - [STDERR_REDIRECT] 
2026-10-06 16:06:51,657 [ERROR] LogOutputStream:75 - [STDERR_REDIRECT] [Fatal Error] :1:1: Premature end of file.
2026-10-06 16:06:51,657 [ERROR] LogOutputStream:75 - [STDERR_REDIRECT] 
2026-10-06 16:06:52,653 [ERROR] LogOutputStream:75 - [STDERR_REDIRECT] [Fatal Error] :1:1: Premature end of file.
2026-10-06 16:06:52,653 [ERROR] LogOutputStream:75 - [STDERR_REDIRECT] 
2026-10-06 16:06:53,661 [ERROR] LogOutputStream:75 - [STDERR_REDIRECT] [Fatal Error] :1:1: Premature end of file.
2026-10-06 16:06:53,661 [ERROR] LogOutputStream:75 - [STDERR_REDIRECT] 
2026-10-06 16:06:54,660 [ERROR] LogOutputStream:75 - [STDERR_REDIRECT] [Fatal Error] :1:1: Premature end of file.
2026-10-06 16:06:54,660 [ERROR] LogOutputStream:75 - [STDERR_REDIRECT] 
2026-10-06 16:06:55,657 [ERROR] LogOutputStream:75 - [STDERR_REDIRECT] [Fatal Error] :1:1: Premature end of file.
2026-10-06 16:06:55,657 [ERROR] LogOutputStream:75 - [STDERR_REDIRECT] 
2026-10-06 16:06:56,648 [ERROR] LogOutputStream:75 - [STDERR_REDIRECT] [Fatal Error] :1:1: Premature end of file.
2026-10-06 16:06:56,648 [ERROR] LogOutputStream:75 - [STDERR_REDIRECT] 
2026-10-06 16:06:57,662 [ERROR] LogOutputStream:75 - [STDERR_REDIRECT] [Fatal Error] :1:1: Premature end of file.
2026-10-06 16:06:57,662 [ERROR] LogOutputStream:75 - [STDERR_REDIRECT] 
2026-10-06 16:06:58,659 [ERROR] LogOutputStream:75 - [STDERR_REDIRECT] [Fatal Error] :1:1: Premature end of file.
2026-10-06 16:06:58,659 [ERROR] LogOutputStream:75 - [STDERR_REDIRECT] 
2026-10-06 16:06:59,668 [ERROR] LogOutputStream:75 - [STDERR_REDIRECT] [Fatal Error] :1:1: Premature end of file.
2026-10-06 16:06:59,668 [ERROR] LogOutputStream:75 - [STDERR_REDIRECT] 
2026-10-06 16:07:00,659 [ERROR] LogOutputStream:75 - [STDERR_REDIRECT] [Fatal Error] :1:1: Premature end of file.
2026-10-06 16:07:00,659 [ERROR] LogOutputStream:75 - [STDERR_REDIRECT] 
2026-10-06 16:07:01,649 [ERROR] LogOutputStream:75 - [STDERR_REDIRECT] [Fatal Error] :1:1: Premature end of file.
2026-10-06 16:07:01,649 [ERROR] LogOutputStream:75 - [STDERR_REDIRECT] 
2026-10-06 16:07:02,660 [ERROR] LogOutputStream:75 - [STDERR_REDIRECT] [Fatal Error] :1:1: Premature end of file.
2026-10-06 16:07:02,660 [ERROR] LogOutputStream:75 - [STDERR_REDIRECT] 
2026-10-06 16:07:03,651 [ERROR] LogOutputStream:75 - [STDERR_REDIRECT] [Fatal Error] :1:1: Premature end of file.
2026-10-06 16:07:03,651 [ERROR] LogOutputStream:75 - [STDERR_REDIRECT] 
2026-10-06 16:07:04,661 [ERROR] LogOutputStream:75 - [STDERR_REDIRECT] [Fatal Error] :1:1: Premature end of file.
2026-10-06 16:07:04,661 [ERROR] LogOutputStream:75 - [STDERR_REDIRECT] 
2026-10-06 16:07:05,664 [ERROR] LogOutputStream:75 - [STDERR_REDIRECT] [Fatal Error] :1:1: Premature end of file.
2026-10-06 16:07:05,664 [ERROR] LogOutputStream:75 - [STDERR_REDIRECT] 
2026-10-06 16:07:06,657 [ERROR] LogOutputStream:75 - [STDERR_REDIRECT] [Fatal Error] :1:1: Premature end of file.
2026-10-06 16:07:06,657 [ERROR] LogOutputStream:75 - [STDERR_REDIRECT] 
2026-10-06 16:07:07,669 [ERROR] LogOutputStream:75 - [STDERR_REDIRECT] [Fatal Error] :1:1: Premature end of file.
2026-10-06 16:07:07,669 [ERROR] LogOutputStream:75 - [STDERR_REDIRECT] 
2026-10-06 16:07:08,659 [ERROR] LogOutputStream:75 - [STDERR_REDIRECT] [Fatal Error] :1:1: Premature end of file.
2026-10-06 16:07:08,659 [ERROR] LogOutputStream:75 - [STDERR_REDIRECT] 
2026-10-06 16:07:09,660 [ERROR] LogOutputStream:75 - [STDERR_REDIRECT] [Fatal Error] :1:1: Premature end of file.
2026-10-06 16:07:09,660 [ERROR] LogOutputStream:75 - [STDERR_REDIRECT] 
2026-10-06 16:07:10,656 [ERROR] LogOutputStream:75 - [STDERR_REDIRECT] [Fatal Error] :1:1: Premature end of file.
2026-10-06 16:07:10,656 [ERROR] LogOutputStream:75 - [STDERR_REDIRECT] 
2026-10-06 16:07:11,663 [ERROR] LogOutputStream:75 - [STDERR_REDIRECT] [Fatal Error] :1:1: Premature end of file.
2026-10-06 16:07:11,663 [ERROR] LogOutputStream:75 - [STDERR_REDIRECT] 
2026-10-06 16:07:12,658 [ERROR] LogOutputStream:75 - [STDERR_REDIRECT] [Fatal Error] :1:1: Premature end of file.
2026-10-06 16:07:12,659 [ERROR] LogOutputStream:75 - [STDERR_REDIRECT] 
2026-10-06 16:07:13,670 [ERROR] LogOutputStream:75 - [STDERR_REDIRECT] [Fatal Error] :1:1: Premature end of file.
2026-10-06 16:07:13,670 [ERROR] LogOutputStream:75 - [STDERR_REDIRECT] 
2026-10-06 16:07:14,658 [ERROR] LogOutputStream:75 - [STDERR_REDIRECT] [Fatal Error] :1:1: Premature end of file.
2026-10-06 16:07:14,658 [ERROR] LogOutputStream:75 - [STDERR_REDIRECT] 
2026-10-06 16:07:15,656 [ERROR] LogOutputStream:75 - [STDERR_REDIRECT] [Fatal Error] :1:1: Premature end of file.
2026-10-06 16:07:15,656 [ERROR] LogOutputStream:75 - [STDERR_REDIRECT] 
2026-10-06 16:07:16,658 [ERROR] LogOutputStream:75 - [STDERR_REDIRECT] [Fatal Error] :1:1: Premature end of file.
2026-10-06 16:07:16,658 [ERROR] LogOutputStream:75 - [STDERR_REDIRECT] 
2026-10-06 16:07:17,662 [ERROR] LogOutputStream:75 - [STDERR_REDIRECT] [Fatal Error] :1:1: Premature end of file.
2026-10-06 16:07:17,663 [ERROR] LogOutputStream:75 - [STDERR_REDIRECT] 
2026-10-06 16:07:18,654 [ERROR] LogOutputStream:75 - [STDERR_REDIRECT] [Fatal Error] :1:1: Premature end of file.
2026-10-06 16:07:18,654 [ERROR] LogOutputStream:75 - [STDERR_REDIRECT] 
2026-10-06 16:07:19,652 [ERROR] LogOutputStream:75 - [STDERR_REDIRECT] [Fatal Error] :1:1: Premature end of file.
2026-10-06 16:07:19,652 [ERROR] LogOutputStream:75 - [STDERR_REDIRECT] 
2026-10-06 16:07:20,650 [ERROR] LogOutputStream:75 - [STDERR_REDIRECT] [Fatal Error] :1:1: Premature end of file.
2026-10-06 16:07:20,650 [ERROR] LogOutputStream:75 - [STDERR_REDIRECT] 
2026-10-06 16:07:21,647 [ERROR] LogOutputStream:75 - [STDERR_REDIRECT] [Fatal Error] :1:1: Premature end of file.
2026-10-06 16:07:21,647 [ERROR] LogOutputStream:75 - [STDERR_REDIRECT] 
2026-10-06 16:07:22,659 [ERROR] LogOutputStream:75 - [STDERR_REDIRECT] [Fatal Error] :1:1: Premature end of file.
2026-10-06 16:07:22,659 [ERROR] LogOutputStream:75 - [STDERR_REDIRECT] 
2026-10-06 16:07:23,666 [ERROR] LogOutputStream:75 - [STDERR_REDIRECT] [Fatal Error] :1:1: Premature end of file.
2026-10-06 16:07:23,666 [ERROR] LogOutputStream:75 - [STDERR_REDIRECT] 
2026-10-06 16:07:24,655 [ERROR] LogOutputStream:75 - [STDERR_REDIRECT] [Fatal Error] :1:1: Premature end of file.
2026-10-06 16:07:24,655 [ERROR] LogOutputStream:75 - [STDERR_REDIRECT] 
2026-10-06 16:07:25,656 [ERROR] LogOutputStream:75 - [STDERR_REDIRECT] [Fatal Error] :1:1: Premature end of file.
2026-10-06 16:07:25,656 [ERROR] LogOutputStream:75 - [STDERR_REDIRECT] 
2026-10-06 16:07:26,663 [ERROR] LogOutputStream:75 - [STDERR_REDIRECT] [Fatal Error] :1:1: Premature end of file.
2026-10-06 16:07:26,663 [ERROR] LogOutputStream:75 - [STDERR_REDIRECT] 
2026-10-06 16:07:27,662 [ERROR] LogOutputStream:75 - [STDERR_REDIRECT] [Fatal Error] :1:1: Premature end of file.
2026-10-06 16:07:27,662 [ERROR] LogOutputStream:75 - [STDERR_REDIRECT] 
2026-10-06 16:07:28,654 [ERROR] LogOutputStream:75 - [STDERR_REDIRECT] [Fatal Error] :1:1: Premature end of file.
2026-10-06 16:07:28,654 [ERROR] LogOutputStream:75 - [STDERR_REDIRECT] 
2026-10-06 16:07:29,649 [ERROR] LogOutputStream:75 - [STDERR_REDIRECT] [Fatal Error] :1:1: Premature end of file.
2026-10-06 16:07:29,649 [ERROR] LogOutputStream:75 - [STDERR_REDIRECT] 
2026-10-06 16:07:30,662 [ERROR] LogOutputStream:75 - [STDERR_REDIRECT] [Fatal Error] :1:1: Premature end of file.
2026-10-06 16:07:30,662 [ERROR] LogOutputStream:75 - [STDERR_REDIRECT] 
2026-10-06 16:07:31,657 [ERROR] LogOutputStream:75 - [STDERR_REDIRECT] [Fatal Error] :1:1: Premature end of file.
2026-10-06 16:07:31,657 [ERROR] LogOutputStream:75 - [STDERR_REDIRECT] 
2026-10-06 16:07:32,651 [ERROR] LogOutputStream:75 - [STDERR_REDIRECT] [Fatal Error] :1:1: Premature end of file.
2026-10-06 16:07:32,651 [ERROR] LogOutputStream:75 - [STDERR_REDIRECT] 
2026-10-06 16:07:33,649 [ERROR] LogOutputStream:75 - [STDERR_REDIRECT] [Fatal Error] :1:1: Premature end of file.
2026-10-06 16:07:33,649 [ERROR] LogOutputStream:75 - [STDERR_REDIRECT] 
2026-10-06 16:07:34,649 [ERROR] LogOutputStream:75 - [STDERR_REDIRECT] [Fatal Error] :1:1: Premature end of file.
2026-10-06 16:07:34,649 [ERROR] LogOutputStream:75 - [STDERR_REDIRECT] 
2026-10-06 16:07:35,653 [ERROR] LogOutputStream:75 - [STDERR_REDIRECT] [Fatal Error] :1:1: Premature end of file.
2026-10-06 16:07:35,653 [ERROR] LogOutputStream:75 - [STDERR_REDIRECT] 
2026-10-06 16:07:36,658 [ERROR] LogOutputStream:75 - [STDERR_REDIRECT] [Fatal Error] :1:1: Premature end of file.
2026-10-06 16:07:36,658 [ERROR] LogOutputStream:75 - [STDERR_REDIRECT] 
2026-10-06 16:07:37,656 [ERROR] LogOutputStream:75 - [STDERR_REDIRECT] [Fatal Error] :1:1: Premature end of file.
2026-10-06 16:07:37,656 [ERROR] LogOutputStream:75 - [STDERR_REDIRECT] 
2026-10-06 16:07:38,662 [ERROR] LogOutputStream:75 - [STDERR_REDIRECT] [Fatal Error] :1:1: Premature end of file.
2026-10-06 16:07:38,662 [ERROR] LogOutputStream:75 - [STDERR_REDIRECT] 
2026-10-06 16:07:39,655 [ERROR] LogOutputStream:75 - [STDERR_REDIRECT] [Fatal Error] :1:1: Premature end of file.
2026-10-06 16:07:39,655 [ERROR] LogOutputStream:75 - [STDERR_REDIRECT] 
2026-10-06 16:07:40,666 [ERROR] LogOutputStream:75 - [STDERR_REDIRECT] [Fatal Error] :1:1: Premature end of file.
2026-10-06 16:07:40,666 [ERROR] LogOutputStream:75 - [STDERR_REDIRECT] 
2026-10-06 16:07:41,652 [ERROR] LogOutputStream:75 - [STDERR_REDIRECT] [Fatal Error] :1:1: Premature end of file.
2026-10-06 16:07:41,652 [ERROR] LogOutputStream:75 - [STDERR_REDIRECT] 
2026-10-06 16:07:42,652 [ERROR] LogOutputStream:75 - [STDERR_REDIRECT] [Fatal Error] :1:1: Premature end of file.
2026-10-06 16:07:42,652 [ERROR] LogOutputStream:75 - [STDERR_REDIRECT] 
2026-10-06 16:07:43,652 [ERROR] LogOutputStream:75 - [STDERR_REDIRECT] [Fatal Error] :1:1: Premature end of file.
2026-10-06 16:07:43,653 [ERROR] LogOutputStream:75 - [STDERR_REDIRECT] 
2026-10-06 16:07:44,654 [ERROR] LogOutputStream:75 - [STDERR_REDIRECT] [Fatal Error] :1:1: Premature end of file.
2026-10-06 16:07:44,654 [ERROR] LogOutputStream:75 - [STDERR_REDIRECT] 
2026-10-06 16:07:45,650 [ERROR] LogOutputStream:75 - [STDERR_REDIRECT] [Fatal Error] :1:1: Premature end of file.
2026-10-06 16:07:45,650 [ERROR] LogOutputStream:75 - [STDERR_REDIRECT] 
2026-10-06 16:07:46,648 [ERROR] LogOutputStream:75 - [STDERR_REDIRECT] [Fatal Error] :1:1: Premature end of file.
2026-10-06 16:07:46,648 [ERROR] LogOutputStream:75 - [STDERR_REDIRECT] 
2026-10-06 16:07:47,670 [ERROR] LogOutputStream:75 - [STDERR_REDIRECT] [Fatal Error] :1:1: Premature end of file.
2026-10-06 16:07:47,670 [ERROR] LogOutputStream:75 - [STDERR_REDIRECT] 
2026-10-06 16:07:48,669 [ERROR] LogOutputStream:75 - [STDERR_REDIRECT] [Fatal Error] :1:1: Premature end of file.
2026-10-06 16:07:48,669 [ERROR] LogOutputStream:75 - [STDERR_REDIRECT] 
2026-10-06 16:07:49,661 [ERROR] LogOutputStream:75 - [STDERR_REDIRECT] [Fatal Error] :1:1: Premature end of file.
2026-10-06 16:07:49,661 [ERROR] LogOutputStream:75 - [STDERR_REDIRECT] 
2026-10-06 16:07:50,676 [ERROR] LogOutputStream:75 - [STDERR_REDIRECT] [Fatal Error] :1:1: Premature end of file.
2026-10-06 16:07:50,676 [ERROR] LogOutputStream:75 - [STDERR_REDIRECT] 
2026-10-06 16:07:51,667 [ERROR] LogOutputStream:75 - [STDERR_REDIRECT] [Fatal Error] :1:1: Premature end of file.
2026-10-06 16:07:51,667 [ERROR] LogOutputStream:75 - [STDERR_REDIRECT] 
2026-10-06 16:07:52,662 [ERROR] LogOutputStream:75 - [STDERR_REDIRECT] [Fatal Error] :1:1: Premature end of file.
2026-10-06 16:07:52,662 [ERROR] LogOutputStream:75 - [STDERR_REDIRECT] 
2026-10-06 16:07:53,660 [ERROR] LogOutputStream:75 - [STDERR_REDIRECT] [Fatal Error] :1:1: Premature end of file.
2026-10-06 16:07:53,660 [ERROR] LogOutputStream:75 - [STDERR_REDIRECT] 
2026-10-06 16:07:54,656 [ERROR] LogOutputStream:75 - [STDERR_REDIRECT] [Fatal Error] :1:1: Premature end of file.
2026-10-06 16:07:54,656 [ERROR] LogOutputStream:75 - [STDERR_REDIRECT] 
2026-10-06 16:07:55,658 [ERROR] LogOutputStream:75 - [STDERR_REDIRECT] [Fatal Error] :1:1: Premature end of file.
2026-10-06 16:07:55,658 [ERROR] LogOutputStream:75 - [STDERR_REDIRECT] 
2026-10-06 16:07:56,666 [ERROR] LogOutputStream:75 - [STDERR_REDIRECT] [Fatal Error] :1:1: Premature end of file.
2026-10-06 16:07:56,666 [ERROR] LogOutputStream:75 - [STDERR_REDIRECT] 
2026-10-06 16:07:57,669 [ERROR] LogOutputStream:75 - [STDERR_REDIRECT] [Fatal Error] :1:1: Premature end of file.
2026-10-06 16:07:57,669 [ERROR] LogOutputStream:75 - [STDERR_REDIRECT] 
2026-10-06 16:07:58,672 [ERROR] LogOutputStream:75 - [STDERR_REDIRECT] [Fatal Error] :1:1: Premature end of file.
2026-10-06 16:07:58,672 [ERROR] LogOutputStream:75 - [STDERR_REDIRECT] 
2026-10-06 16:07:59,669 [ERROR] LogOutputStream:75 - [STDERR_REDIRECT] [Fatal Error] :1:1: Premature end of file.
2026-10-06 16:07:59,669 [ERROR] LogOutputStream:75 - [STDERR_REDIRECT] 
2026-10-06 16:08:00,664 [ERROR] LogOutputStream:75 - [STDERR_REDIRECT] [Fatal Error] :1:1: Premature end of file.
2026-10-06 16:08:00,664 [ERROR] LogOutputStream:75 - [STDERR_REDIRECT] 
2026-10-06 16:08:01,655 [ERROR] LogOutputStream:75 - [STDERR_REDIRECT] [Fatal Error] :1:1: Premature end of file.
2026-10-06 16:08:01,655 [ERROR] LogOutputStream:75 - [STDERR_REDIRECT] 
2026-10-06 16:08:02,658 [ERROR] LogOutputStream:75 - [STDERR_REDIRECT] [Fatal Error] :1:1: Premature end of file.
2026-10-06 16:08:02,658 [ERROR] LogOutputStream:75 - [STDERR_REDIRECT] 
2026-10-06 16:08:03,663 [ERROR] LogOutputStream:75 - [STDERR_REDIRECT] [Fatal Error] :1:1: Premature end of file.
2026-10-06 16:08:03,663 [ERROR] LogOutputStream:75 - [STDERR_REDIRECT] 
2026-10-06 16:08:04,663 [ERROR] LogOutputStream:75 - [STDERR_REDIRECT] [Fatal Error] :1:1: Premature end of file.
2026-10-06 16:08:04,663 [ERROR] LogOutputStream:75 - [STDERR_REDIRECT] 
2026-10-06 16:08:05,656 [ERROR] LogOutputStream:75 - [STDERR_REDIRECT] [Fatal Error] :1:1: Premature end of file.
2026-10-06 16:08:05,656 [ERROR] LogOutputStream:75 - [STDERR_REDIRECT] 
2026-10-06 16:08:06,658 [ERROR] LogOutputStream:75 - [STDERR_REDIRECT] [Fatal Error] :1:1: Premature end of file.
2026-10-06 16:08:06,658 [ERROR] LogOutputStream:75 - [STDERR_REDIRECT] 
2026-10-06 16:08:07,664 [ERROR] LogOutputStream:75 - [STDERR_REDIRECT] [Fatal Error] :1:1: Premature end of file.
2026-10-06 16:08:07,664 [ERROR] LogOutputStream:75 - [STDERR_REDIRECT] 
2026-10-06 16:08:08,656 [ERROR] LogOutputStream:75 - [STDERR_REDIRECT] [Fatal Error] :1:1: Premature end of file.
2026-10-06 16:08:08,656 [ERROR] LogOutputStream:75 - [STDERR_REDIRECT] 
2026-10-06 16:08:09,652 [ERROR] LogOutputStream:75 - [STDERR_REDIRECT] [Fatal Error] :1:1: Premature end of file.
2026-10-06 16:08:09,652 [ERROR] LogOutputStream:75 - [STDERR_REDIRECT] 
2026-10-06 16:08:10,658 [ERROR] LogOutputStream:75 - [STDERR_REDIRECT] [Fatal Error] :1:1: Premature end of file.
2026-10-06 16:08:10,658 [ERROR] LogOutputStream:75 - [STDERR_REDIRECT] 
2026-10-06 16:08:11,659 [ERROR] LogOutputStream:75 - [STDERR_REDIRECT] [Fatal Error] :1:1: Premature end of file.
2026-10-06 16:08:11,659 [ERROR] LogOutputStream:75 - [STDERR_REDIRECT] 
2026-10-06 16:08:12,655 [ERROR] LogOutputStream:75 - [STDERR_REDIRECT] [Fatal Error] :1:1: Premature end of file.
2026-10-06 16:08:12,655 [ERROR] LogOutputStream:75 - [STDERR_REDIRECT] 
2026-10-06 16:08:13,662 [ERROR] LogOutputStream:75 - [STDERR_REDIRECT] [Fatal Error] :1:1: Premature end of file.
2026-10-06 16:08:13,662 [ERROR] LogOutputStream:75 - [STDERR_REDIRECT] 
2026-10-06 16:08:14,663 [ERROR] LogOutputStream:75 - [STDERR_REDIRECT] [Fatal Error] :1:1: Premature end of file.
2026-10-06 16:08:14,663 [ERROR] LogOutputStream:75 - [STDERR_REDIRECT] 
2026-10-06 16:08:15,667 [ERROR] LogOutputStream:75 - [STDERR_REDIRECT] [Fatal Error] :1:1: Premature end of file.
2026-10-06 16:08:15,667 [ERROR] LogOutputStream:75 - [STDERR_REDIRECT] 
2026-10-06 16:08:16,669 [ERROR] LogOutputStream:75 - [STDERR_REDIRECT] [Fatal Error] :1:1: Premature end of file.
2026-10-06 16:08:16,669 [ERROR] LogOutputStream:75 - [STDERR_REDIRECT] 
2026-10-06 16:08:17,665 [ERROR] LogOutputStream:75 - [STDERR_REDIRECT] [Fatal Error] :1:1: Premature end of file.
2026-10-06 16:08:17,666 [ERROR] LogOutputStream:75 - [STDERR_REDIRECT] 
2026-10-06 16:08:18,665 [ERROR] LogOutputStream:75 - [STDERR_REDIRECT] [Fatal Error] :1:1: Premature end of file.
2026-10-06 16:08:18,665 [ERROR] LogOutputStream:75 - [STDERR_REDIRECT] 
2026-10-06 16:08:19,664 [ERROR] LogOutputStream:75 - [STDERR_REDIRECT] [Fatal Error] :1:1: Premature end of file.
2026-10-06 16:08:19,664 [ERROR] LogOutputStream:75 - [STDERR_REDIRECT] 
2026-10-06 16:08:20,647 [ERROR] LogOutputStream:75 - [STDERR_REDIRECT] [Fatal Error] :1:1: Premature end of file.
2026-10-06 16:08:20,647 [ERROR] LogOutputStream:75 - [STDERR_REDIRECT] 
2026-10-06 16:08:21,651 [ERROR] LogOutputStream:75 - [STDERR_REDIRECT] [Fatal Error] :1:1: Premature end of file.
2026-10-06 16:08:21,651 [ERROR] LogOutputStream:75 - [STDERR_REDIRECT] 
2026-10-06 16:08:22,669 [ERROR] LogOutputStream:75 - [STDERR_REDIRECT] [Fatal Error] :1:1: Premature end of file.
2026-10-06 16:08:22,669 [ERROR] LogOutputStream:75 - [STDERR_REDIRECT] 
2026-10-06 16:08:23,678 [ERROR] LogOutputStream:75 - [STDERR_REDIRECT] [Fatal Error] :1:1: Premature end of file.
2026-10-06 16:08:23,678 [ERROR] LogOutputStream:75 - [STDERR_REDIRECT] 
2026-10-06 16:08:24,660 [ERROR] LogOutputStream:75 - [STDERR_REDIRECT] [Fatal Error] :1:1: Premature end of file.
2026-10-06 16:08:24,660 [ERROR] LogOutputStream:75 - [STDERR_REDIRECT] 
2026-10-06 16:08:25,665 [ERROR] LogOutputStream:75 - [STDERR_REDIRECT] [Fatal Error] :1:1: Premature end of file.
2026-10-06 16:08:25,665 [ERROR] LogOutputStream:75 - [STDERR_REDIRECT] 
2026-10-06 16:08:26,656 [ERROR] LogOutputStream:75 - [STDERR_REDIRECT] [Fatal Error] :1:1: Premature end of file.
2026-10-06 16:08:26,656 [ERROR] LogOutputStream:75 - [STDERR_REDIRECT] 
2026-10-06 16:08:27,661 [ERROR] LogOutputStream:75 - [STDERR_REDIRECT] [Fatal Error] :1:1: Premature end of file.
2026-10-06 16:08:27,661 [ERROR] LogOutputStream:75 - [STDERR_REDIRECT] 
2026-10-06 16:08:28,663 [ERROR] LogOutputStream:75 - [STDERR_REDIRECT] [Fatal Error] :1:1: Premature end of file.
2026-10-06 16:08:28,664 [ERROR] LogOutputStream:75 - [STDERR_REDIRECT] 
2026-10-06 16:08:29,657 [ERROR] LogOutputStream:75 - [STDERR_REDIRECT] [Fatal Error] :1:1: Premature end of file.
2026-10-06 16:08:29,657 [ERROR] LogOutputStream:75 - [STDERR_REDIRECT] 
2026-10-06 16:08:30,670 [ERROR] LogOutputStream:75 - [STDERR_REDIRECT] [Fatal Error] :1:1: Premature end of file.
2026-10-06 16:08:30,670 [ERROR] LogOutputStream:75 - [STDERR_REDIRECT] 
2026-10-06 16:08:31,666 [ERROR] LogOutputStream:75 - [STDERR_REDIRECT] [Fatal Error] :1:1: Premature end of file.
2026-10-06 16:08:31,666 [ERROR] LogOutputStream:75 - [STDERR_REDIRECT] 
2026-10-06 16:08:32,660 [ERROR] LogOutputStream:75 - [STDERR_REDIRECT] [Fatal Error] :1:1: Premature end of file.
2026-10-06 16:08:32,660 [ERROR] LogOutputStream:75 - [STDERR_REDIRECT] 
2026-10-06 16:08:33,669 [ERROR] LogOutputStream:75 - [STDERR_REDIRECT] [Fatal Error] :1:1: Premature end of file.
2026-10-06 16:08:33,669 [ERROR] LogOutputStream:75 - [STDERR_REDIRECT] 
2026-10-06 16:08:34,661 [ERROR] LogOutputStream:75 - [STDERR_REDIRECT] [Fatal Error] :1:1: Premature end of file.
2026-10-06 16:08:34,661 [ERROR] LogOutputStream:75 - [STDERR_REDIRECT] 
2026-10-06 16:08:35,666 [ERROR] LogOutputStream:75 - [STDERR_REDIRECT] [Fatal Error] :1:1: Premature end of file.
2026-10-06 16:08:35,666 [ERROR] LogOutputStream:75 - [STDERR_REDIRECT] 
2026-10-06 16:08:36,654 [ERROR] LogOutputStream:75 - [STDERR_REDIRECT] [Fatal Error] :1:1: Premature end of file.
2026-10-06 16:08:36,654 [ERROR] LogOutputStream:75 - [STDERR_REDIRECT] 
2026-10-06 16:08:37,657 [ERROR] LogOutputStream:75 - [STDERR_REDIRECT] [Fatal Error] :1:1: Premature end of file.
2026-10-06 16:08:37,657 [ERROR] LogOutputStream:75 - [STDERR_REDIRECT] 
2026-10-06 16:08:38,661 [ERROR] LogOutputStream:75 - [STDERR_REDIRECT] [Fatal Error] :1:1: Premature end of file.
2026-10-06 16:08:38,661 [ERROR] LogOutputStream:75 - [STDERR_REDIRECT] 
2026-10-06 16:08:39,652 [ERROR] LogOutputStream:75 - [STDERR_REDIRECT] [Fatal Error] :1:1: Premature end of file.
2026-10-06 16:08:39,652 [ERROR] LogOutputStream:75 - [STDERR_REDIRECT] 
2026-10-06 16:08:40,663 [ERROR] LogOutputStream:75 - [STDERR_REDIRECT] [Fatal Error] :1:1: Premature end of file.
2026-10-06 16:08:40,664 [ERROR] LogOutputStream:75 - [STDERR_REDIRECT] 
2026-10-06 16:08:41,661 [ERROR] LogOutputStream:75 - [STDERR_REDIRECT] [Fatal Error] :1:1: Premature end of file.
2026-10-06 16:08:41,661 [ERROR] LogOutputStream:75 - [STDERR_REDIRECT] 
2026-10-06 16:08:42,652 [ERROR] LogOutputStream:75 - [STDERR_REDIRECT] [Fatal Error] :1:1: Premature end of file.
2026-10-06 16:08:42,652 [ERROR] LogOutputStream:75 - [STDERR_REDIRECT] 
2026-10-06 16:08:43,658 [ERROR] LogOutputStream:75 - [STDERR_REDIRECT] [Fatal Error] :1:1: Premature end of file.
2026-10-06 16:08:43,658 [ERROR] LogOutputStream:75 - [STDERR_REDIRECT] 
2026-10-06 16:08:44,660 [ERROR] LogOutputStream:75 - [STDERR_REDIRECT] [Fatal Error] :1:1: Premature end of file.
2026-10-06 16:08:44,660 [ERROR] LogOutputStream:75 - [STDERR_REDIRECT] 
2026-10-06 16:08:45,660 [ERROR] LogOutputStream:75 - [STDERR_REDIRECT] [Fatal Error] :1:1: Premature end of file.
2026-10-06 16:08:45,660 [ERROR] LogOutputStream:75 - [STDERR_REDIRECT] 
2026-10-06 16:08:46,664 [ERROR] LogOutputStream:75 - [STDERR_REDIRECT] [Fatal Error] :1:1: Premature end of file.
2026-10-06 16:08:46,664 [ERROR] LogOutputStream:75 - [STDERR_REDIRECT] 
2026-10-06 16:08:47,652 [ERROR] LogOutputStream:75 - [STDERR_REDIRECT] [Fatal Error] :1:1: Premature end of file.
2026-10-06 16:08:47,652 [ERROR] LogOutputStream:75 - [STDERR_REDIRECT] 
2026-10-06 16:08:48,651 [ERROR] LogOutputStream:75 - [STDERR_REDIRECT] [Fatal Error] :1:1: Premature end of file.
2026-10-06 16:08:48,651 [ERROR] LogOutputStream:75 - [STDERR_REDIRECT] 
2026-10-06 16:08:49,667 [ERROR] LogOutputStream:75 - [STDERR_REDIRECT] [Fatal Error] :1:1: Premature end of file.
2026-10-06 16:08:49,667 [ERROR] LogOutputStream:75 - [STDERR_REDIRECT] 
2026-10-06 16:08:50,664 [ERROR] LogOutputStream:75 - [STDERR_REDIRECT] [Fatal Error] :1:1: Premature end of file.
2026-10-06 16:08:50,664 [ERROR] LogOutputStream:75 - [STDERR_REDIRECT] 
2026-10-06 16:08:51,659 [ERROR] LogOutputStream:75 - [STDERR_REDIRECT] [Fatal Error] :1:1: Premature end of file.
2026-10-06 16:08:51,659 [ERROR] LogOutputStream:75 - [STDERR_REDIRECT] 
2026-10-06 16:08:52,659 [ERROR] LogOutputStream:75 - [STDERR_REDIRECT] [Fatal Error] :1:1: Premature end of file.
2026-10-06 16:08:52,659 [ERROR] LogOutputStream:75 - [STDERR_REDIRECT] 
2026-10-06 16:08:53,653 [ERROR] LogOutputStream:75 - [STDERR_REDIRECT] [Fatal Error] :1:1: Premature end of file.
2026-10-06 16:08:53,653 [ERROR] LogOutputStream:75 - [STDERR_REDIRECT] 
2026-10-06 16:08:54,664 [ERROR] LogOutputStream:75 - [STDERR_REDIRECT] [Fatal Error] :1:1: Premature end of file.
2026-10-06 16:08:54,665 [ERROR] LogOutputStream:75 - [STDERR_REDIRECT] 
2026-10-06 16:08:55,660 [ERROR] LogOutputStream:75 - [STDERR_REDIRECT] [Fatal Error] :1:1: Premature end of file.
2026-10-06 16:08:55,661 [ERROR] LogOutputStream:75 - [STDERR_REDIRECT] 
2026-10-06 16:08:56,651 [ERROR] LogOutputStream:75 - [STDERR_REDIRECT] [Fatal Error] :1:1: Premature end of file.
2026-10-06 16:08:56,651 [ERROR] LogOutputStream:75 - [STDERR_REDIRECT] 
2026-10-06 16:08:57,648 [ERROR] LogOutputStream:75 - [STDERR_REDIRECT] [Fatal Error] :1:1: Premature end of file.
2026-10-06 16:08:57,648 [ERROR] LogOutputStream:75 - [STDERR_REDIRECT] 
2026-10-06 16:08:58,660 [ERROR] LogOutputStream:75 - [STDERR_REDIRECT] [Fatal Error] :1:1: Premature end of file.
2026-10-06 16:08:58,660 [ERROR] LogOutputStream:75 - [STDERR_REDIRECT] 
2026-10-06 16:08:59,666 [ERROR] LogOutputStream:75 - [STDERR_REDIRECT] [Fatal Error] :1:1: Premature end of file.
2026-10-06 16:08:59,666 [ERROR] LogOutputStream:75 - [STDERR_REDIRECT] 
2026-10-06 16:09:00,651 [ERROR] LogOutputStream:75 - [STDERR_REDIRECT] [Fatal Error] :1:1: Premature end of file.
2026-10-06 16:09:00,651 [ERROR] LogOutputStream:75 - [STDERR_REDIRECT] 
2026-10-06 16:09:01,661 [ERROR] LogOutputStream:75 - [STDERR_REDIRECT] [Fatal Error] :1:1: Premature end of file.
2026-10-06 16:09:01,661 [ERROR] LogOutputStream:75 - [STDERR_REDIRECT] 
2026-10-06 16:09:02,649 [ERROR] LogOutputStream:75 - [STDERR_REDIRECT] [Fatal Error] :1:1: Premature end of file.
2026-10-06 16:09:02,649 [ERROR] LogOutputStream:75 - [STDERR_REDIRECT] 
2026-10-06 16:09:03,654 [ERROR] LogOutputStream:75 - [STDERR_REDIRECT] [Fatal Error] :1:1: Premature end of file.
2026-10-06 16:09:03,654 [ERROR] LogOutputStream:75 - [STDERR_REDIRECT] 
2026-10-06 16:09:04,652 [ERROR] LogOutputStream:75 - [STDERR_REDIRECT] [Fatal Error] :1:1: Premature end of file.
2026-10-06 16:09:04,652 [ERROR] LogOutputStream:75 - [STDERR_REDIRECT] 
2026-10-06 16:09:05,660 [ERROR] LogOutputStream:75 - [STDERR_REDIRECT] [Fatal Error] :1:1: Premature end of file.
2026-10-06 16:09:05,660 [ERROR] LogOutputStream:75 - [STDERR_REDIRECT] 
2026-10-06 16:09:06,650 [ERROR] LogOutputStream:75 - [STDERR_REDIRECT] [Fatal Error] :1:1: Premature end of file.
2026-10-06 16:09:06,650 [ERROR] LogOutputStream:75 - [STDERR_REDIRECT] 
2026-10-06 16:09:07,657 [ERROR] LogOutputStream:75 - [STDERR_REDIRECT] [Fatal Error] :1:1: Premature end of file.
2026-10-06 16:09:07,658 [ERROR] LogOutputStream:75 - [STDERR_REDIRECT] 
2026-10-06 16:09:08,648 [ERROR] LogOutputStream:75 - [STDERR_REDIRECT] [Fatal Error] :1:1: Premature end of file.
2026-10-06 16:09:08,648 [ERROR] LogOutputStream:75 - [STDERR_REDIRECT] 
2026-10-06 16:09:09,650 [ERROR] LogOutputStream:75 - [STDERR_REDIRECT] [Fatal Error] :1:1: Premature end of file.
2026-10-06 16:09:09,650 [ERROR] LogOutputStream:75 - [STDERR_REDIRECT] 
2026-10-06 16:09:10,661 [ERROR] LogOutputStream:75 - [STDERR_REDIRECT] [Fatal Error] :1:1: Premature end of file.
2026-10-06 16:09:10,661 [ERROR] LogOutputStream:75 - [STDERR_REDIRECT] 
2026-10-06 16:09:11,659 [ERROR] LogOutputStream:75 - [STDERR_REDIRECT] [Fatal Error] :1:1: Premature end of file.
2026-10-06 16:09:11,659 [ERROR] LogOutputStream:75 - [STDERR_REDIRECT] 
2026-10-06 16:09:12,655 [ERROR] LogOutputStream:75 - [STDERR_REDIRECT] [Fatal Error] :1:1: Premature end of file.
2026-10-06 16:09:12,655 [ERROR] LogOutputStream:75 - [STDERR_REDIRECT] 
2026-10-06 16:09:13,663 [ERROR] LogOutputStream:75 - [STDERR_REDIRECT] [Fatal Error] :1:1: Premature end of file.
2026-10-06 16:09:13,663 [ERROR] LogOutputStream:75 - [STDERR_REDIRECT] 
2026-10-06 16:09:14,666 [ERROR] LogOutputStream:75 - [STDERR_REDIRECT] [Fatal Error] :1:1: Premature end of file.
2026-10-06 16:09:14,666 [ERROR] LogOutputStream:75 - [STDERR_REDIRECT] 
2026-10-06 16:09:15,659 [ERROR] LogOutputStream:75 - [STDERR_REDIRECT] [Fatal Error] :1:1: Premature end of file.
2026-10-06 16:09:15,659 [ERROR] LogOutputStream:75 - [STDERR_REDIRECT] 
2026-10-06 16:09:16,657 [ERROR] LogOutputStream:75 - [STDERR_REDIRECT] [Fatal Error] :1:1: Premature end of file.
2026-10-06 16:09:16,657 [ERROR] LogOutputStream:75 - [STDERR_REDIRECT] 
2026-10-06 16:09:17,654 [ERROR] LogOutputStream:75 - [STDERR_REDIRECT] [Fatal Error] :1:1: Premature end of file.
2026-10-06 16:09:17,654 [ERROR] LogOutputStream:75 - [STDERR_REDIRECT] 
2026-10-06 16:09:18,655 [ERROR] LogOutputStream:75 - [STDERR_REDIRECT] [Fatal Error] :1:1: Premature end of file.
2026-10-06 16:09:18,656 [ERROR] LogOutputStream:75 - [STDERR_REDIRECT] 
2026-10-06 16:09:19,666 [ERROR] LogOutputStream:75 - [STDERR_REDIRECT] [Fatal Error] :1:1: Premature end of file.
2026-10-06 16:09:19,666 [ERROR] LogOutputStream:75 - [STDERR_REDIRECT] 
2026-10-06 16:09:20,654 [ERROR] LogOutputStream:75 - [STDERR_REDIRECT] [Fatal Error] :1:1: Premature end of file.
2026-10-06 16:09:20,654 [ERROR] LogOutputStream:75 - [STDERR_REDIRECT] 
2026-10-06 16:09:21,665 [ERROR] LogOutputStream:75 - [STDERR_REDIRECT] [Fatal Error] :1:1: Premature end of file.
2026-10-06 16:09:21,665 [ERROR] LogOutputStream:75 - [STDERR_REDIRECT] 
2026-10-06 16:09:22,659 [ERROR] LogOutputStream:75 - [STDERR_REDIRECT] [Fatal Error] :1:1: Premature end of file.
2026-10-06 16:09:22,659 [ERROR] LogOutputStream:75 - [STDERR_REDIRECT] 
2026-10-06 16:09:23,652 [ERROR] LogOutputStream:75 - [STDERR_REDIRECT] [Fatal Error] :1:1: Premature end of file.
2026-10-06 16:09:23,652 [ERROR] LogOutputStream:75 - [STDERR_REDIRECT] 
2026-10-06 16:09:24,664 [ERROR] LogOutputStream:75 - [STDERR_REDIRECT] [Fatal Error] :1:1: Premature end of file.
2026-10-06 16:09:24,665 [ERROR] LogOutputStream:75 - [STDERR_REDIRECT] 
2026-10-06 16:09:25,658 [ERROR] LogOutputStream:75 - [STDERR_REDIRECT] [Fatal Error] :1:1: Premature end of file.
2026-10-06 16:09:25,658 [ERROR] LogOutputStream:75 - [STDERR_REDIRECT] 
2026-10-06 16:09:26,652 [ERROR] LogOutputStream:75 - [STDERR_REDIRECT] [Fatal Error] :1:1: Premature end of file.
2026-10-06 16:09:26,652 [ERROR] LogOutputStream:75 - [STDERR_REDIRECT] 
2026-10-06 16:09:27,670 [ERROR] LogOutputStream:75 - [STDERR_REDIRECT] [Fatal Error] :1:1: Premature end of file.
2026-10-06 16:09:27,670 [ERROR] LogOutputStream:75 - [STDERR_REDIRECT] 
2026-10-06 16:09:28,670 [ERROR] LogOutputStream:75 - [STDERR_REDIRECT] [Fatal Error] :1:1: Premature end of file.
2026-10-06 16:09:28,670 [ERROR] LogOutputStream:75 - [STDERR_REDIRECT] 
2026-10-06 16:09:29,667 [ERROR] LogOutputStream:75 - [STDERR_REDIRECT] [Fatal Error] :1:1: Premature end of file.
2026-10-06 16:09:29,667 [ERROR] LogOutputStream:75 - [STDERR_REDIRECT] 
2026-10-06 16:09:30,666 [ERROR] LogOutputStream:75 - [STDERR_REDIRECT] [Fatal Error] :1:1: Premature end of file.
2026-10-06 16:09:30,666 [ERROR] LogOutputStream:75 - [STDERR_REDIRECT] 
2026-10-06 16:09:31,650 [ERROR] LogOutputStream:75 - [STDERR_REDIRECT] [Fatal Error] :1:1: Premature end of file.
2026-10-06 16:09:31,650 [ERROR] LogOutputStream:75 - [STDERR_REDIRECT] 
2026-10-06 16:09:32,665 [ERROR] LogOutputStream:75 - [STDERR_REDIRECT] [Fatal Error] :1:1: Premature end of file.
2026-10-06 16:09:32,665 [ERROR] LogOutputStream:75 - [STDERR_REDIRECT] 
2026-10-06 16:09:33,669 [ERROR] LogOutputStream:75 - [STDERR_REDIRECT] [Fatal Error] :1:1: Premature end of file.
2026-10-06 16:09:33,670 [ERROR] LogOutputStream:75 - [STDERR_REDIRECT] 
2026-10-06 16:09:34,671 [ERROR] LogOutputStream:75 - [STDERR_REDIRECT] [Fatal Error] :1:1: Premature end of file.
2026-10-06 16:09:34,671 [ERROR] LogOutputStream:75 - [STDERR_REDIRECT] 
2026-10-06 16:09:35,665 [ERROR] LogOutputStream:75 - [STDERR_REDIRECT] [Fatal Error] :1:1: Premature end of file.
2026-10-06 16:09:35,665 [ERROR] LogOutputStream:75 - [STDERR_REDIRECT] 
2026-10-06 16:09:36,673 [ERROR] LogOutputStream:75 - [STDERR_REDIRECT] [Fatal Error] :1:1: Premature end of file.
2026-10-06 16:09:36,673 [ERROR] LogOutputStream:75 - [STDERR_REDIRECT] 
2026-10-06 16:09:37,659 [ERROR] LogOutputStream:75 - [STDERR_REDIRECT] [Fatal Error] :1:1: Premature end of file.
2026-10-06 16:09:37,659 [ERROR] LogOutputStream:75 - [STDERR_REDIRECT] 
2026-10-06 16:09:38,660 [ERROR] LogOutputStream:75 - [STDERR_REDIRECT] [Fatal Error] :1:1: Premature end of file.
2026-10-06 16:09:38,660 [ERROR] LogOutputStream:75 - [STDERR_REDIRECT] 
2026-10-06 16:09:39,670 [ERROR] LogOutputStream:75 - [STDERR_REDIRECT] [Fatal Error] :1:1: Premature end of file.
2026-10-06 16:09:39,670 [ERROR] LogOutputStream:75 - [STDERR_REDIRECT] 
2026-10-06 16:09:40,661 [ERROR] LogOutputStream:75 - [STDERR_REDIRECT] [Fatal Error] :1:1: Premature end of file.
2026-10-06 16:09:40,661 [ERROR] LogOutputStream:75 - [STDERR_REDIRECT] 
2026-10-06 16:09:41,654 [ERROR] LogOutputStream:75 - [STDERR_REDIRECT] [Fatal Error] :1:1: Premature end of file.
2026-10-06 16:09:41,654 [ERROR] LogOutputStream:75 - [STDERR_REDIRECT] 
2026-10-06 16:09:42,656 [ERROR] LogOutputStream:75 - [STDERR_REDIRECT] [Fatal Error] :1:1: Premature end of file.
2026-10-06 16:09:42,656 [ERROR] LogOutputStream:75 - [STDERR_REDIRECT] 
2026-10-06 16:09:43,656 [ERROR] LogOutputStream:75 - [STDERR_REDIRECT] [Fatal Error] :1:1: Premature end of file.
2026-10-06 16:09:43,656 [ERROR] LogOutputStream:75 - [STDERR_REDIRECT] 
2026-10-06 16:09:44,644 [ERROR] LogOutputStream:75 - [STDERR_REDIRECT] [Fatal Error] :1:1: Premature end of file.
2026-10-06 16:09:44,644 [ERROR] LogOutputStream:75 - [STDERR_REDIRECT] 
2026-10-06 16:09:45,659 [ERROR] LogOutputStream:75 - [STDERR_REDIRECT] [Fatal Error] :1:1: Premature end of file.
2026-10-06 16:09:45,659 [ERROR] LogOutputStream:75 - [STDERR_REDIRECT] 
2026-10-06 16:09:46,664 [ERROR] LogOutputStream:75 - [STDERR_REDIRECT] [Fatal Error] :1:1: Premature end of file.
2026-10-06 16:09:46,664 [ERROR] LogOutputStream:75 - [STDERR_REDIRECT] 
2026-10-06 16:09:47,660 [ERROR] LogOutputStream:75 - [STDERR_REDIRECT] [Fatal Error] :1:1: Premature end of file.
2026-10-06 16:09:47,660 [ERROR] LogOutputStream:75 - [STDERR_REDIRECT] 
2026-10-06 16:09:48,663 [ERROR] LogOutputStream:75 - [STDERR_REDIRECT] [Fatal Error] :1:1: Premature end of file.
2026-10-06 16:09:48,664 [ERROR] LogOutputStream:75 - [STDERR_REDIRECT] 
2026-10-06 16:09:49,668 [ERROR] LogOutputStream:75 - [STDERR_REDIRECT] [Fatal Error] :1:1: Premature end of file.
2026-10-06 16:09:49,668 [ERROR] LogOutputStream:75 - [STDERR_REDIRECT] 
2026-10-06 16:09:50,669 [ERROR] LogOutputStream:75 - [STDERR_REDIRECT] [Fatal Error] :1:1: Premature end of file.
2026-10-06 16:09:50,669 [ERROR] LogOutputStream:75 - [STDERR_REDIRECT] 
2026-10-06 16:09:51,666 [ERROR] LogOutputStream:75 - [STDERR_REDIRECT] [Fatal Error] :1:1: Premature end of file.
2026-10-06 16:09:51,666 [ERROR] LogOutputStream:75 - [STDERR_REDIRECT] 
2026-10-06 16:09:52,663 [ERROR] LogOutputStream:75 - [STDERR_REDIRECT] [Fatal Error] :1:1: Premature end of file.
2026-10-06 16:09:52,663 [ERROR] LogOutputStream:75 - [STDERR_REDIRECT] 
2026-10-06 16:09:53,656 [ERROR] LogOutputStream:75 - [STDERR_REDIRECT] [Fatal Error] :1:1: Premature end of file.
2026-10-06 16:09:53,656 [ERROR] LogOutputStream:75 - [STDERR_REDIRECT] 
2026-10-06 16:09:54,660 [ERROR] LogOutputStream:75 - [STDERR_REDIRECT] [Fatal Error] :1:1: Premature end of file.
2026-10-06 16:09:54,660 [ERROR] LogOutputStream:75 - [STDERR_REDIRECT] 
2026-10-06 16:09:55,667 [ERROR] LogOutputStream:75 - [STDERR_REDIRECT] [Fatal Error] :1:1: Premature end of file.
2026-10-06 16:09:55,667 [ERROR] LogOutputStream:75 - [STDERR_REDIRECT] 
2026-10-06 16:09:56,658 [ERROR] LogOutputStream:75 - [STDERR_REDIRECT] [Fatal Error] :1:1: Premature end of file.
2026-10-06 16:09:56,658 [ERROR] LogOutputStream:75 - [STDERR_REDIRECT] 
2026-10-06 16:09:57,669 [ERROR] LogOutputStream:75 - [STDERR_REDIRECT] [Fatal Error] :1:1: Premature end of file.
2026-10-06 16:09:57,670 [ERROR] LogOutputStream:75 - [STDERR_REDIRECT] 
2026-10-06 16:09:58,673 [ERROR] LogOutputStream:75 - [STDERR_REDIRECT] [Fatal Error] :1:1: Premature end of file.
2026-10-06 16:09:58,673 [ERROR] LogOutputStream:75 - [STDERR_REDIRECT] 
2026-10-06 16:09:59,671 [ERROR] LogOutputStream:75 - [STDERR_REDIRECT] [Fatal Error] :1:1: Premature end of file.
2026-10-06 16:09:59,671 [ERROR] LogOutputStream:75 - [STDERR_REDIRECT] 
2026-10-06 16:10:00,672 [ERROR] LogOutputStream:75 - [STDERR_REDIRECT] [Fatal Error] :1:1: Premature end of file.
2026-10-06 16:10:00,672 [ERROR] LogOutputStream:75 - [STDERR_REDIRECT] 
2026-10-06 16:10:01,664 [ERROR] LogOutputStream:75 - [STDERR_REDIRECT] [Fatal Error] :1:1: Premature end of file.
2026-10-06 16:10:01,664 [ERROR] LogOutputStream:75 - [STDERR_REDIRECT] 
2026-10-06 16:10:02,667 [ERROR] LogOutputStream:75 - [STDERR_REDIRECT] [Fatal Error] :1:1: Premature end of file.
2026-10-06 16:10:02,667 [ERROR] LogOutputStream:75 - [STDERR_REDIRECT] 
2026-10-06 16:10:03,659 [ERROR] LogOutputStream:75 - [STDERR_REDIRECT] [Fatal Error] :1:1: Premature end of file.
2026-10-06 16:10:03,659 [ERROR] LogOutputStream:75 - [STDERR_REDIRECT] 
2026-10-06 16:10:04,654 [ERROR] LogOutputStream:75 - [STDERR_REDIRECT] [Fatal Error] :1:1: Premature end of file.
2026-10-06 16:10:04,654 [ERROR] LogOutputStream:75 - [STDERR_REDIRECT] 
2026-10-06 16:10:05,659 [ERROR] LogOutputStream:75 - [STDERR_REDIRECT] [Fatal Error] :1:1: Premature end of file.
2026-10-06 16:10:05,659 [ERROR] LogOutputStream:75 - [STDERR_REDIRECT] 
2026-10-06 16:10:06,661 [ERROR] LogOutputStream:75 - [STDERR_REDIRECT] [Fatal Error] :1:1: Premature end of file.
2026-10-06 16:10:06,661 [ERROR] LogOutputStream:75 - [STDERR_REDIRECT] 
2026-10-06 16:10:07,671 [ERROR] LogOutputStream:75 - [STDERR_REDIRECT] [Fatal Error] :1:1: Premature end of file.
2026-10-06 16:10:07,671 [ERROR] LogOutputStream:75 - [STDERR_REDIRECT] 
2026-10-06 16:10:08,647 [ERROR] LogOutputStream:75 - [STDERR_REDIRECT] [Fatal Error] :1:1: Premature end of file.
2026-10-06 16:10:08,647 [ERROR] LogOutputStream:75 - [STDERR_REDIRECT] 
2026-10-06 16:10:09,666 [ERROR] LogOutputStream:75 - [STDERR_REDIRECT] [Fatal Error] :1:1: Premature end of file.
2026-10-06 16:10:09,666 [ERROR] LogOutputStream:75 - [STDERR_REDIRECT] 
2026-10-06 16:10:10,664 [ERROR] LogOutputStream:75 - [STDERR_REDIRECT] [Fatal Error] :1:1: Premature end of file.
2026-10-06 16:10:10,664 [ERROR] LogOutputStream:75 - [STDERR_REDIRECT] 
2026-10-06 16:10:11,650 [ERROR] LogOutputStream:75 - [STDERR_REDIRECT] [Fatal Error] :1:1: Premature end of file.
2026-10-06 16:10:11,650 [ERROR] LogOutputStream:75 - [STDERR_REDIRECT] 
2026-10-06 16:10:12,651 [ERROR] LogOutputStream:75 - [STDERR_REDIRECT] [Fatal Error] :1:1: Premature end of file.
2026-10-06 16:10:12,651 [ERROR] LogOutputStream:75 - [STDERR_REDIRECT] 
2026-10-06 16:10:13,661 [ERROR] LogOutputStream:75 - [STDERR_REDIRECT] [Fatal Error] :1:1: Premature end of file.
2026-10-06 16:10:13,661 [ERROR] LogOutputStream:75 - [STDERR_REDIRECT] 
2026-10-06 16:10:14,668 [ERROR] LogOutputStream:75 - [STDERR_REDIRECT] [Fatal Error] :1:1: Premature end of file.
2026-10-06 16:10:14,668 [ERROR] LogOutputStream:75 - [STDERR_REDIRECT] 
2026-10-06 16:10:15,670 [ERROR] LogOutputStream:75 - [STDERR_REDIRECT] [Fatal Error] :1:1: Premature end of file.
2026-10-06 16:10:15,670 [ERROR] LogOutputStream:75 - [STDERR_REDIRECT] 
2026-10-06 16:10:16,666 [ERROR] LogOutputStream:75 - [STDERR_REDIRECT] [Fatal Error] :1:1: Premature end of file.
2026-10-06 16:10:16,666 [ERROR] LogOutputStream:75 - [STDERR_REDIRECT] 
2026-10-06 16:10:17,653 [ERROR] LogOutputStream:75 - [STDERR_REDIRECT] [Fatal Error] :1:1: Premature end of file.
2026-10-06 16:10:17,653 [ERROR] LogOutputStream:75 - [STDERR_REDIRECT] 
2026-10-06 16:10:18,665 [ERROR] LogOutputStream:75 - [STDERR_REDIRECT] [Fatal Error] :1:1: Premature end of file.
2026-10-06 16:10:18,666 [ERROR] LogOutputStream:75 - [STDERR_REDIRECT] 
2026-10-06 16:10:19,656 [ERROR] LogOutputStream:75 - [STDERR_REDIRECT] [Fatal Error] :1:1: Premature end of file.
2026-10-06 16:10:19,656 [ERROR] LogOutputStream:75 - [STDERR_REDIRECT] 
2026-10-06 16:10:20,651 [ERROR] LogOutputStream:75 - [STDERR_REDIRECT] [Fatal Error] :1:1: Premature end of file.
2026-10-06 16:10:20,651 [ERROR] LogOutputStream:75 - [STDERR_REDIRECT] 
2026-10-06 16:10:21,647 [ERROR] LogOutputStream:75 - [STDERR_REDIRECT] [Fatal Error] :1:1: Premature end of file.
2026-10-06 16:10:21,647 [ERROR] LogOutputStream:75 - [STDERR_REDIRECT] 
2026-10-06 16:10:22,657 [ERROR] LogOutputStream:75 - [STDERR_REDIRECT] [Fatal Error] :1:1: Premature end of file.
2026-10-06 16:10:22,657 [ERROR] LogOutputStream:75 - [STDERR_REDIRECT] 
2026-10-06 16:10:23,674 [ERROR] LogOutputStream:75 - [STDERR_REDIRECT] [Fatal Error] :1:1: Premature end of file.
2026-10-06 16:10:23,675 [ERROR] LogOutputStream:75 - [STDERR_REDIRECT] 
2026-10-06 16:10:24,665 [ERROR] LogOutputStream:75 - [STDERR_REDIRECT] [Fatal Error] :1:1: Premature end of file.
2026-10-06 16:10:24,665 [ERROR] LogOutputStream:75 - [STDERR_REDIRECT] 
2026-10-06 16:10:25,657 [ERROR] LogOutputStream:75 - [STDERR_REDIRECT] [Fatal Error] :1:1: Premature end of file.
2026-10-06 16:10:25,657 [ERROR] LogOutputStream:75 - [STDERR_REDIRECT] 
2026-10-06 16:10:26,670 [ERROR] LogOutputStream:75 - [STDERR_REDIRECT] [Fatal Error] :1:1: Premature end of file.
2026-10-06 16:10:26,670 [ERROR] LogOutputStream:75 - [STDERR_REDIRECT] 
2026-10-06 16:10:27,659 [ERROR] LogOutputStream:75 - [STDERR_REDIRECT] [Fatal Error] :1:1: Premature end of file.
2026-10-06 16:10:27,659 [ERROR] LogOutputStream:75 - [STDERR_REDIRECT] 
2026-10-06 16:10:28,659 [ERROR] LogOutputStream:75 - [STDERR_REDIRECT] [Fatal Error] :1:1: Premature end of file.
2026-10-06 16:10:28,659 [ERROR] LogOutputStream:75 - [STDERR_REDIRECT] 
2026-10-06 16:10:29,674 [ERROR] LogOutputStream:75 - [STDERR_REDIRECT] [Fatal Error] :1:1: Premature end of file.
2026-10-06 16:10:29,674 [ERROR] LogOutputStream:75 - [STDERR_REDIRECT] 
2026-10-06 16:10:30,660 [ERROR] LogOutputStream:75 - [STDERR_REDIRECT] [Fatal Error] :1:1: Premature end of file.
2026-10-06 16:10:30,660 [ERROR] LogOutputStream:75 - [STDERR_REDIRECT] 
2026-10-06 16:10:31,663 [ERROR] LogOutputStream:75 - [STDERR_REDIRECT] [Fatal Error] :1:1: Premature end of file.
2026-10-06 16:10:31,663 [ERROR] LogOutputStream:75 - [STDERR_REDIRECT] 
2026-10-06 16:10:32,665 [ERROR] LogOutputStream:75 - [STDERR_REDIRECT] [Fatal Error] :1:1: Premature end of file.
2026-10-06 16:10:32,665 [ERROR] LogOutputStream:75 - [STDERR_REDIRECT] 
2026-10-06 16:10:33,650 [ERROR] LogOutputStream:75 - [STDERR_REDIRECT] [Fatal Error] :1:1: Premature end of file.
2026-10-06 16:10:33,650 [ERROR] LogOutputStream:75 - [STDERR_REDIRECT] 
2026-10-06 16:10:34,667 [ERROR] LogOutputStream:75 - [STDERR_REDIRECT] [Fatal Error] :1:1: Premature end of file.
2026-10-06 16:10:34,667 [ERROR] LogOutputStream:75 - [STDERR_REDIRECT] 
2026-10-06 16:10:35,658 [ERROR] LogOutputStream:75 - [STDERR_REDIRECT] [Fatal Error] :1:1: Premature end of file.
2026-10-06 16:10:35,658 [ERROR] LogOutputStream:75 - [STDERR_REDIRECT] 
2026-10-06 16:10:36,666 [ERROR] LogOutputStream:75 - [STDERR_REDIRECT] [Fatal Error] :1:1: Premature end of file.
2026-10-06 16:10:36,666 [ERROR] LogOutputStream:75 - [STDERR_REDIRECT] 
2026-10-06 16:10:37,671 [ERROR] LogOutputStream:75 - [STDERR_REDIRECT] [Fatal Error] :1:1: Premature end of file.
2026-10-06 16:10:37,671 [ERROR] LogOutputStream:75 - [STDERR_REDIRECT] 
2026-10-06 16:10:38,655 [ERROR] LogOutputStream:75 - [STDERR_REDIRECT] [Fatal Error] :1:1: Premature end of file.
2026-10-06 16:10:38,655 [ERROR] LogOutputStream:75 - [STDERR_REDIRECT] 
2026-10-06 16:10:39,660 [ERROR] LogOutputStream:75 - [STDERR_REDIRECT] [Fatal Error] :1:1: Premature end of file.
2026-10-06 16:10:39,660 [ERROR] LogOutputStream:75 - [STDERR_REDIRECT] 
2026-10-06 16:10:40,660 [ERROR] LogOutputStream:75 - [STDERR_REDIRECT] [Fatal Error] :1:1: Premature end of file.
2026-10-06 16:10:40,660 [ERROR] LogOutputStream:75 - [STDERR_REDIRECT] 
2026-10-06 16:10:41,665 [ERROR] LogOutputStream:75 - [STDERR_REDIRECT] [Fatal Error] :1:1: Premature end of file.
2026-10-06 16:10:41,666 [ERROR] LogOutputStream:75 - [STDERR_REDIRECT] 
2026-10-06 16:10:42,661 [ERROR] LogOutputStream:75 - [STDERR_REDIRECT] [Fatal Error] :1:1: Premature end of file.
2026-10-06 16:10:42,661 [ERROR] LogOutputStream:75 - [STDERR_REDIRECT] 
2026-10-06 16:10:43,666 [ERROR] LogOutputStream:75 - [STDERR_REDIRECT] [Fatal Error] :1:1: Premature end of file.
2026-10-06 16:10:43,666 [ERROR] LogOutputStream:75 - [STDERR_REDIRECT] 
2026-10-06 16:10:44,658 [ERROR] LogOutputStream:75 - [STDERR_REDIRECT] [Fatal Error] :1:1: Premature end of file.
2026-10-06 16:10:44,658 [ERROR] LogOutputStream:75 - [STDERR_REDIRECT] 
2026-10-06 16:10:45,661 [ERROR] LogOutputStream:75 - [STDERR_REDIRECT] [Fatal Error] :1:1: Premature end of file.
2026-10-06 16:10:45,661 [ERROR] LogOutputStream:75 - [STDERR_REDIRECT] 
2026-10-06 16:10:46,659 [ERROR] LogOutputStream:75 - [STDERR_REDIRECT] [Fatal Error] :1:1: Premature end of file.
2026-10-06 16:10:46,659 [ERROR] LogOutputStream:75 - [STDERR_REDIRECT] 
2026-10-06 16:10:47,666 [ERROR] LogOutputStream:75 - [STDERR_REDIRECT] [Fatal Error] :1:1: Premature end of file.
2026-10-06 16:10:47,667 [ERROR] LogOutputStream:75 - [STDERR_REDIRECT] 
2026-10-06 16:10:48,674 [ERROR] LogOutputStream:75 - [STDERR_REDIRECT] [Fatal Error] :1:1: Premature end of file.
2026-10-06 16:10:48,674 [ERROR] LogOutputStream:75 - [STDERR_REDIRECT] 
2026-10-06 16:10:49,672 [ERROR] LogOutputStream:75 - [STDERR_REDIRECT] [Fatal Error] :1:1: Premature end of file.
2026-10-06 16:10:49,672 [ERROR] LogOutputStream:75 - [STDERR_REDIRECT] 
2026-10-06 16:10:50,669 [ERROR] LogOutputStream:75 - [STDERR_REDIRECT] [Fatal Error] :1:1: Premature end of file.
2026-10-06 16:10:50,669 [ERROR] LogOutputStream:75 - [STDERR_REDIRECT] 
2026-10-06 16:10:51,673 [ERROR] LogOutputStream:75 - [STDERR_REDIRECT] [Fatal Error] :1:1: Premature end of file.
2026-10-06 16:10:51,673 [ERROR] LogOutputStream:75 - [STDERR_REDIRECT] 
2026-10-06 16:10:52,661 [ERROR] LogOutputStream:75 - [STDERR_REDIRECT] [Fatal Error] :1:1: Premature end of file.
2026-10-06 16:10:52,661 [ERROR] LogOutputStream:75 - [STDERR_REDIRECT] 
2026-10-06 16:10:53,657 [ERROR] LogOutputStream:75 - [STDERR_REDIRECT] [Fatal Error] :1:1: Premature end of file.
2026-10-06 16:10:53,657 [ERROR] LogOutputStream:75 - [STDERR_REDIRECT] 
2026-10-06 16:10:54,663 [ERROR] LogOutputStream:75 - [STDERR_REDIRECT] [Fatal Error] :1:1: Premature end of file.
2026-10-06 16:10:54,663 [ERROR] LogOutputStream:75 - [STDERR_REDIRECT] 
2026-10-06 16:10:55,667 [ERROR] LogOutputStream:75 - [STDERR_REDIRECT] [Fatal Error] :1:1: Premature end of file.
2026-10-06 16:10:55,667 [ERROR] LogOutputStream:75 - [STDERR_REDIRECT] 
2026-10-06 16:10:56,675 [ERROR] LogOutputStream:75 - [STDERR_REDIRECT] [Fatal Error] :1:1: Premature end of file.
2026-10-06 16:10:56,675 [ERROR] LogOutputStream:75 - [STDERR_REDIRECT] 
2026-10-06 16:10:57,678 [ERROR] LogOutputStream:75 - [STDERR_REDIRECT] [Fatal Error] :1:1: Premature end of file.
2026-10-06 16:10:57,678 [ERROR] LogOutputStream:75 - [STDERR_REDIRECT] 
2026-10-06 16:10:58,661 [ERROR] LogOutputStream:75 - [STDERR_REDIRECT] [Fatal Error] :1:1: Premature end of file.
2026-10-06 16:10:58,661 [ERROR] LogOutputStream:75 - [STDERR_REDIRECT] 
2026-10-06 16:10:59,662 [ERROR] LogOutputStream:75 - [STDERR_REDIRECT] [Fatal Error] :1:1: Premature end of file.
2026-10-06 16:10:59,662 [ERROR] LogOutputStream:75 - [STDERR_REDIRECT] 
2026-10-06 16:11:00,670 [ERROR] LogOutputStream:75 - [STDERR_REDIRECT] [Fatal Error] :1:1: Premature end of file.
2026-10-06 16:11:00,670 [ERROR] LogOutputStream:75 - [STDERR_REDIRECT] 
2026-10-06 16:11:01,664 [ERROR] LogOutputStream:75 - [STDERR_REDIRECT] [Fatal Error] :1:1: Premature end of file.
2026-10-06 16:11:01,664 [ERROR] LogOutputStream:75 - [STDERR_REDIRECT] 
2026-10-06 16:11:02,673 [ERROR] LogOutputStream:75 - [STDERR_REDIRECT] [Fatal Error] :1:1: Premature end of file.
2026-10-06 16:11:02,673 [ERROR] LogOutputStream:75 - [STDERR_REDIRECT] 
2026-10-06 16:11:03,670 [ERROR] LogOutputStream:75 - [STDERR_REDIRECT] [Fatal Error] :1:1: Premature end of file.
2026-10-06 16:11:03,671 [ERROR] LogOutputStream:75 - [STDERR_REDIRECT] 
2026-10-06 16:11:04,655 [ERROR] LogOutputStream:75 - [STDERR_REDIRECT] [Fatal Error] :1:1: Premature end of file.
2026-10-06 16:11:04,655 [ERROR] LogOutputStream:75 - [STDERR_REDIRECT] 
2026-10-06 16:11:05,665 [ERROR] LogOutputStream:75 - [STDERR_REDIRECT] [Fatal Error] :1:1: Premature end of file.
2026-10-06 16:11:05,665 [ERROR] LogOutputStream:75 - [STDERR_REDIRECT] 
2026-10-06 16:11:06,669 [ERROR] LogOutputStream:75 - [STDERR_REDIRECT] [Fatal Error] :1:1: Premature end of file.
2026-10-06 16:11:06,669 [ERROR] LogOutputStream:75 - [STDERR_REDIRECT] 
2026-10-06 16:11:07,661 [ERROR] LogOutputStream:75 - [STDERR_REDIRECT] [Fatal Error] :1:1: Premature end of file.
2026-10-06 16:11:07,661 [ERROR] LogOutputStream:75 - [STDERR_REDIRECT] 
2026-10-06 16:11:08,653 [ERROR] LogOutputStream:75 - [STDERR_REDIRECT] [Fatal Error] :1:1: Premature end of file.
2026-10-06 16:11:08,653 [ERROR] LogOutputStream:75 - [STDERR_REDIRECT] 
2026-10-06 16:11:09,667 [ERROR] LogOutputStream:75 - [STDERR_REDIRECT] [Fatal Error] :1:1: Premature end of file.
2026-10-06 16:11:09,667 [ERROR] LogOutputStream:75 - [STDERR_REDIRECT] 
2026-10-06 16:11:10,670 [ERROR] LogOutputStream:75 - [STDERR_REDIRECT] [Fatal Error] :1:1: Premature end of file.
2026-10-06 16:11:10,670 [ERROR] LogOutputStream:75 - [STDERR_REDIRECT] 
2026-10-06 16:11:11,657 [ERROR] LogOutputStream:75 - [STDERR_REDIRECT] [Fatal Error] :1:1: Premature end of file.
2026-10-06 16:11:11,657 [ERROR] LogOutputStream:75 - [STDERR_REDIRECT] 
2026-10-06 16:11:12,656 [ERROR] LogOutputStream:75 - [STDERR_REDIRECT] [Fatal Error] :1:1: Premature end of file.
2026-10-06 16:11:12,656 [ERROR] LogOutputStream:75 - [STDERR_REDIRECT] 
2026-10-06 16:11:13,660 [ERROR] LogOutputStream:75 - [STDERR_REDIRECT] [Fatal Error] :1:1: Premature end of file.
2026-10-06 16:11:13,660 [ERROR] LogOutputStream:75 - [STDERR_REDIRECT] 
2026-10-06 16:11:14,667 [ERROR] LogOutputStream:75 - [STDERR_REDIRECT] [Fatal Error] :1:1: Premature end of file.
2026-10-06 16:11:14,668 [ERROR] LogOutputStream:75 - [STDERR_REDIRECT] 
2026-10-06 16:11:15,667 [ERROR] LogOutputStream:75 - [STDERR_REDIRECT] [Fatal Error] :1:1: Premature end of file.
2026-10-06 16:11:15,667 [ERROR] LogOutputStream:75 - [STDERR_REDIRECT] 
2026-10-06 16:11:16,668 [ERROR] LogOutputStream:75 - [STDERR_REDIRECT] [Fatal Error] :1:1: Premature end of file.
2026-10-06 16:11:16,668 [ERROR] LogOutputStream:75 - [STDERR_REDIRECT] 
2026-10-06 16:11:17,666 [ERROR] LogOutputStream:75 - [STDERR_REDIRECT] [Fatal Error] :1:1: Premature end of file.
2026-10-06 16:11:17,666 [ERROR] LogOutputStream:75 - [STDERR_REDIRECT] 
2026-10-06 16:11:18,677 [ERROR] LogOutputStream:75 - [STDERR_REDIRECT] [Fatal Error] :1:1: Premature end of file.
2026-10-06 16:11:18,677 [ERROR] LogOutputStream:75 - [STDERR_REDIRECT] 
2026-10-06 16:11:19,658 [ERROR] LogOutputStream:75 - [STDERR_REDIRECT] [Fatal Error] :1:1: Premature end of file.
2026-10-06 16:11:19,658 [ERROR] LogOutputStream:75 - [STDERR_REDIRECT] 
2026-10-06 16:11:20,668 [ERROR] LogOutputStream:75 - [STDERR_REDIRECT] [Fatal Error] :1:1: Premature end of file.
2026-10-06 16:11:20,668 [ERROR] LogOutputStream:75 - [STDERR_REDIRECT] 
2026-10-06 16:11:21,675 [ERROR] LogOutputStream:75 - [STDERR_REDIRECT] [Fatal Error] :1:1: Premature end of file.
2026-10-06 16:11:21,675 [ERROR] LogOutputStream:75 - [STDERR_REDIRECT] 
2026-10-06 16:11:22,663 [ERROR] LogOutputStream:75 - [STDERR_REDIRECT] [Fatal Error] :1:1: Premature end of file.
2026-10-06 16:11:22,663 [ERROR] LogOutputStream:75 - [STDERR_REDIRECT] 
2026-10-06 16:11:23,666 [ERROR] LogOutputStream:75 - [STDERR_REDIRECT] [Fatal Error] :1:1: Premature end of file.
2026-10-06 16:11:23,666 [ERROR] LogOutputStream:75 - [STDERR_REDIRECT] 
2026-10-06 16:11:24,660 [ERROR] LogOutputStream:75 - [STDERR_REDIRECT] [Fatal Error] :1:1: Premature end of file.
2026-10-06 16:11:24,660 [ERROR] LogOutputStream:75 - [STDERR_REDIRECT] 
2026-10-06 16:11:25,679 [ERROR] LogOutputStream:75 - [STDERR_REDIRECT] [Fatal Error] :1:1: Premature end of file.
2026-10-06 16:11:25,679 [ERROR] LogOutputStream:75 - [STDERR_REDIRECT] 
2026-10-06 16:11:26,664 [ERROR] LogOutputStream:75 - [STDERR_REDIRECT] [Fatal Error] :1:1: Premature end of file.
2026-10-06 16:11:26,665 [ERROR] LogOutputStream:75 - [STDERR_REDIRECT] 
2026-10-06 16:11:27,664 [ERROR] LogOutputStream:75 - [STDERR_REDIRECT] [Fatal Error] :1:1: Premature end of file.
2026-10-06 16:11:27,664 [ERROR] LogOutputStream:75 - [STDERR_REDIRECT] 
2026-10-06 16:11:28,661 [ERROR] LogOutputStream:75 - [STDERR_REDIRECT] [Fatal Error] :1:1: Premature end of file.
2026-10-06 16:11:28,661 [ERROR] LogOutputStream:75 - [STDERR_REDIRECT] 
2026-10-06 16:11:29,667 [ERROR] LogOutputStream:75 - [STDERR_REDIRECT] [Fatal Error] :1:1: Premature end of file.
2026-10-06 16:11:29,667 [ERROR] LogOutputStream:75 - [STDERR_REDIRECT] 
2026-10-06 16:11:30,661 [ERROR] LogOutputStream:75 - [STDERR_REDIRECT] [Fatal Error] :1:1: Premature end of file.
2026-10-06 16:11:30,661 [ERROR] LogOutputStream:75 - [STDERR_REDIRECT] 
2026-10-06 16:11:31,685 [ERROR] LogOutputStream:75 - [STDERR_REDIRECT] [Fatal Error] :1:1: Premature end of file.
2026-10-06 16:11:31,685 [ERROR] LogOutputStream:75 - [STDERR_REDIRECT] 
2026-10-06 16:11:32,676 [ERROR] LogOutputStream:75 - [STDERR_REDIRECT] [Fatal Error] :1:1: Premature end of file.
2026-10-06 16:11:32,676 [ERROR] LogOutputStream:75 - [STDERR_REDIRECT] 
2026-10-06 16:11:33,662 [ERROR] LogOutputStream:75 - [STDERR_REDIRECT] [Fatal Error] :1:1: Premature end of file.
2026-10-06 16:11:33,662 [ERROR] LogOutputStream:75 - [STDERR_REDIRECT] 
2026-10-06 16:11:34,668 [ERROR] LogOutputStream:75 - [STDERR_REDIRECT] [Fatal Error] :1:1: Premature end of file.
2026-10-06 16:11:34,668 [ERROR] LogOutputStream:75 - [STDERR_REDIRECT] 
2026-10-06 16:11:35,666 [ERROR] LogOutputStream:75 - [STDERR_REDIRECT] [Fatal Error] :1:1: Premature end of file.
2026-10-06 16:11:35,666 [ERROR] LogOutputStream:75 - [STDERR_REDIRECT] 
2026-10-06 16:11:36,653 [ERROR] LogOutputStream:75 - [STDERR_REDIRECT] [Fatal Error] :1:1: Premature end of file.
2026-10-06 16:11:36,653 [ERROR] LogOutputStream:75 - [STDERR_REDIRECT] 
2026-10-06 16:11:37,646 [ERROR] LogOutputStream:75 - [STDERR_REDIRECT] [Fatal Error] :1:1: Premature end of file.
2026-10-06 16:11:37,646 [ERROR] LogOutputStream:75 - [STDERR_REDIRECT] 
2026-10-06 16:11:38,656 [ERROR] LogOutputStream:75 - [STDERR_REDIRECT] [Fatal Error] :1:1: Premature end of file.
2026-10-06 16:11:38,656 [ERROR] LogOutputStream:75 - [STDERR_REDIRECT] 
2026-10-06 16:11:39,665 [ERROR] LogOutputStream:75 - [STDERR_REDIRECT] [Fatal Error] :1:1: Premature end of file.
2026-10-06 16:11:39,665 [ERROR] LogOutputStream:75 - [STDERR_REDIRECT] 
2026-10-06 16:11:40,681 [ERROR] LogOutputStream:75 - [STDERR_REDIRECT] [Fatal Error] :1:1: Premature end of file.
2026-10-06 16:11:40,681 [ERROR] LogOutputStream:75 - [STDERR_REDIRECT] 
2026-10-06 16:11:41,664 [ERROR] LogOutputStream:75 - [STDERR_REDIRECT] [Fatal Error] :1:1: Premature end of file.
2026-10-06 16:11:41,665 [ERROR] LogOutputStream:75 - [STDERR_REDIRECT] 
2026-10-06 16:11:42,658 [ERROR] LogOutputStream:75 - [STDERR_REDIRECT] [Fatal Error] :1:1: Premature end of file.
2026-10-06 16:11:42,658 [ERROR] LogOutputStream:75 - [STDERR_REDIRECT] 
2026-10-06 16:11:43,677 [ERROR] LogOutputStream:75 - [STDERR_REDIRECT] [Fatal Error] :1:1: Premature end of file.
2026-10-06 16:11:43,677 [ERROR] LogOutputStream:75 - [STDERR_REDIRECT] 
2026-10-06 16:11:44,656 [ERROR] LogOutputStream:75 - [STDERR_REDIRECT] [Fatal Error] :1:1: Premature end of file.
2026-10-06 16:11:44,656 [ERROR] LogOutputStream:75 - [STDERR_REDIRECT] 
2026-10-06 16:11:45,671 [ERROR] LogOutputStream:75 - [STDERR_REDIRECT] [Fatal Error] :1:1: Premature end of file.
2026-10-06 16:11:45,671 [ERROR] LogOutputStream:75 - [STDERR_REDIRECT] 
2026-10-06 16:11:46,678 [ERROR] LogOutputStream:75 - [STDERR_REDIRECT] [Fatal Error] :1:1: Premature end of file.
2026-10-06 16:11:46,678 [ERROR] LogOutputStream:75 - [STDERR_REDIRECT] 
2026-10-06 16:11:47,678 [ERROR] LogOutputStream:75 - [STDERR_REDIRECT] [Fatal Error] :1:1: Premature end of file.
2026-10-06 16:11:47,678 [ERROR] LogOutputStream:75 - [STDERR_REDIRECT] 
2026-10-06 16:11:48,650 [ERROR] LogOutputStream:75 - [STDERR_REDIRECT] [Fatal Error] :1:1: Premature end of file.
2026-10-06 16:11:48,650 [ERROR] LogOutputStream:75 - [STDERR_REDIRECT] 
2026-10-06 16:11:49,649 [ERROR] LogOutputStream:75 - [STDERR_REDIRECT] [Fatal Error] :1:1: Premature end of file.
2026-10-06 16:11:49,649 [ERROR] LogOutputStream:75 - [STDERR_REDIRECT] 
2026-10-06 16:11:50,664 [ERROR] LogOutputStream:75 - [STDERR_REDIRECT] [Fatal Error] :1:1: Premature end of file.
2026-10-06 16:11:50,664 [ERROR] LogOutputStream:75 - [STDERR_REDIRECT] 
2026-10-06 16:11:51,665 [ERROR] LogOutputStream:75 - [STDERR_REDIRECT] [Fatal Error] :1:1: Premature end of file.
2026-10-06 16:11:51,665 [ERROR] LogOutputStream:75 - [STDERR_REDIRECT] 
2026-10-06 16:11:52,683 [ERROR] LogOutputStream:75 - [STDERR_REDIRECT] [Fatal Error] :1:1: Premature end of file.
2026-10-06 16:11:52,683 [ERROR] LogOutputStream:75 - [STDERR_REDIRECT] 
2026-10-06 16:11:53,670 [ERROR] LogOutputStream:75 - [STDERR_REDIRECT] [Fatal Error] :1:1: Premature end of file.
2026-10-06 16:11:53,670 [ERROR] LogOutputStream:75 - [STDERR_REDIRECT] 
2026-10-06 16:11:54,660 [ERROR] LogOutputStream:75 - [STDERR_REDIRECT] [Fatal Error] :1:1: Premature end of file.
2026-10-06 16:11:54,660 [ERROR] LogOutputStream:75 - [STDERR_REDIRECT] 
2026-10-06 16:11:55,668 [ERROR] LogOutputStream:75 - [STDERR_REDIRECT] [Fatal Error] :1:1: Premature end of file.
2026-10-06 16:11:55,668 [ERROR] LogOutputStream:75 - [STDERR_REDIRECT] 
2026-10-06 16:11:56,651 [ERROR] LogOutputStream:75 - [STDERR_REDIRECT] [Fatal Error] :1:1: Premature end of file.
2026-10-06 16:11:56,651 [ERROR] LogOutputStream:75 - [STDERR_REDIRECT] 
2026-10-06 16:11:57,669 [ERROR] LogOutputStream:75 - [STDERR_REDIRECT] [Fatal Error] :1:1: Premature end of file.
2026-10-06 16:11:57,669 [ERROR] LogOutputStream:75 - [STDERR_REDIRECT] 
2026-10-06 16:11:58,666 [ERROR] LogOutputStream:75 - [STDERR_REDIRECT] [Fatal Error] :1:1: Premature end of file.
2026-10-06 16:11:58,666 [ERROR] LogOutputStream:75 - [STDERR_REDIRECT] 
2026-10-06 16:11:59,664 [ERROR] LogOutputStream:75 - [STDERR_REDIRECT] [Fatal Error] :1:1: Premature end of file.
2026-10-06 16:11:59,664 [ERROR] LogOutputStream:75 - [STDERR_REDIRECT] 
2026-10-06 16:12:00,656 [ERROR] LogOutputStream:75 - [STDERR_REDIRECT] [Fatal Error] :1:1: Premature end of file.
2026-10-06 16:12:00,656 [ERROR] LogOutputStream:75 - [STDERR_REDIRECT] 
2026-10-06 16:12:01,671 [ERROR] LogOutputStream:75 - [STDERR_REDIRECT] [Fatal Error] :1:1: Premature end of file.
2026-10-06 16:12:01,671 [ERROR] LogOutputStream:75 - [STDERR_REDIRECT] 
2026-10-06 16:12:02,669 [ERROR] LogOutputStream:75 - [STDERR_REDIRECT] [Fatal Error] :1:1: Premature end of file.
2026-10-06 16:12:02,669 [ERROR] LogOutputStream:75 - [STDERR_REDIRECT] 
2026-10-06 16:12:03,669 [ERROR] LogOutputStream:75 - [STDERR_REDIRECT] [Fatal Error] :1:1: Premature end of file.
2026-10-06 16:12:03,669 [ERROR] LogOutputStream:75 - [STDERR_REDIRECT] 
2026-10-06 16:12:04,669 [ERROR] LogOutputStream:75 - [STDERR_REDIRECT] [Fatal Error] :1:1: Premature end of file.
2026-10-06 16:12:04,669 [ERROR] LogOutputStream:75 - [STDERR_REDIRECT] 
2026-10-06 16:12:05,655 [ERROR] LogOutputStream:75 - [STDERR_REDIRECT] [Fatal Error] :1:1: Premature end of file.
2026-10-06 16:12:05,655 [ERROR] LogOutputStream:75 - [STDERR_REDIRECT] 
2026-10-06 16:12:06,662 [ERROR] LogOutputStream:75 - [STDERR_REDIRECT] [Fatal Error] :1:1: Premature end of file.
2026-10-06 16:12:06,662 [ERROR] LogOutputStream:75 - [STDERR_REDIRECT] 
2026-10-06 16:12:07,648 [ERROR] LogOutputStream:75 - [STDERR_REDIRECT] [Fatal Error] :1:1: Premature end of file.
2026-10-06 16:12:07,648 [ERROR] LogOutputStream:75 - [STDERR_REDIRECT] 
2026-10-06 16:12:08,660 [ERROR] LogOutputStream:75 - [STDERR_REDIRECT] [Fatal Error] :1:1: Premature end of file.
2026-10-06 16:12:08,660 [ERROR] LogOutputStream:75 - [STDERR_REDIRECT] 
2026-10-06 16:12:09,648 [ERROR] LogOutputStream:75 - [STDERR_REDIRECT] [Fatal Error] :1:1: Premature end of file.
2026-10-06 16:12:09,648 [ERROR] LogOutputStream:75 - [STDERR_REDIRECT] 
2026-10-06 16:12:10,662 [ERROR] LogOutputStream:75 - [STDERR_REDIRECT] [Fatal Error] :1:1: Premature end of file.
2026-10-06 16:12:10,662 [ERROR] LogOutputStream:75 - [STDERR_REDIRECT] 
2026-10-06 16:12:11,648 [ERROR] LogOutputStream:75 - [STDERR_REDIRECT] [Fatal Error] :1:1: Premature end of file.
2026-10-06 16:12:11,648 [ERROR] LogOutputStream:75 - [STDERR_REDIRECT] 
2026-10-06 16:12:12,657 [ERROR] LogOutputStream:75 - [STDERR_REDIRECT] [Fatal Error] :1:1: Premature end of file.
2026-10-06 16:12:12,657 [ERROR] LogOutputStream:75 - [STDERR_REDIRECT] 
2026-10-06 16:12:13,671 [ERROR] LogOutputStream:75 - [STDERR_REDIRECT] [Fatal Error] :1:1: Premature end of file.
2026-10-06 16:12:13,671 [ERROR] LogOutputStream:75 - [STDERR_REDIRECT] 
2026-10-06 16:12:14,667 [ERROR] LogOutputStream:75 - [STDERR_REDIRECT] [Fatal Error] :1:1: Premature end of file.
2026-10-06 16:12:14,667 [ERROR] LogOutputStream:75 - [STDERR_REDIRECT] 
2026-10-06 16:12:15,665 [ERROR] LogOutputStream:75 - [STDERR_REDIRECT] [Fatal Error] :1:1: Premature end of file.
2026-10-06 16:12:15,665 [ERROR] LogOutputStream:75 - [STDERR_REDIRECT] 
2026-10-06 16:12:16,670 [ERROR] LogOutputStream:75 - [STDERR_REDIRECT] [Fatal Error] :1:1: Premature end of file.
2026-10-06 16:12:16,671 [ERROR] LogOutputStream:75 - [STDERR_REDIRECT] 
2026-10-06 16:12:17,668 [ERROR] LogOutputStream:75 - [STDERR_REDIRECT] [Fatal Error] :1:1: Premature end of file.
2026-10-06 16:12:17,668 [ERROR] LogOutputStream:75 - [STDERR_REDIRECT] 
2026-10-06 16:12:18,666 [ERROR] LogOutputStream:75 - [STDERR_REDIRECT] [Fatal Error] :1:1: Premature end of file.
2026-10-06 16:12:18,666 [ERROR] LogOutputStream:75 - [STDERR_REDIRECT] 
2026-10-06 16:12:19,669 [ERROR] LogOutputStream:75 - [STDERR_REDIRECT] [Fatal Error] :1:1: Premature end of file.
2026-10-06 16:12:19,669 [ERROR] LogOutputStream:75 - [STDERR_REDIRECT] 
2026-10-06 16:12:20,658 [ERROR] LogOutputStream:75 - [STDERR_REDIRECT] [Fatal Error] :1:1: Premature end of file.
2026-10-06 16:12:20,658 [ERROR] LogOutputStream:75 - [STDERR_REDIRECT] 
2026-10-06 16:12:21,664 [ERROR] LogOutputStream:75 - [STDERR_REDIRECT] [Fatal Error] :1:1: Premature end of file.
2026-10-06 16:12:21,664 [ERROR] LogOutputStream:75 - [STDERR_REDIRECT] 
2026-10-06 16:12:22,667 [ERROR] LogOutputStream:75 - [STDERR_REDIRECT] [Fatal Error] :1:1: Premature end of file.
2026-10-06 16:12:22,667 [ERROR] LogOutputStream:75 - [STDERR_REDIRECT] 
2026-10-06 16:12:23,673 [ERROR] LogOutputStream:75 - [STDERR_REDIRECT] [Fatal Error] :1:1: Premature end of file.
2026-10-06 16:12:23,673 [ERROR] LogOutputStream:75 - [STDERR_REDIRECT] 
2026-10-06 16:12:24,670 [ERROR] LogOutputStream:75 - [STDERR_REDIRECT] [Fatal Error] :1:1: Premature end of file.
2026-10-06 16:12:24,670 [ERROR] LogOutputStream:75 - [STDERR_REDIRECT] 
2026-10-06 16:12:25,661 [ERROR] LogOutputStream:75 - [STDERR_REDIRECT] [Fatal Error] :1:1: Premature end of file.
2026-10-06 16:12:25,661 [ERROR] LogOutputStream:75 - [STDERR_REDIRECT] 
2026-10-06 16:12:26,660 [ERROR] LogOutputStream:75 - [STDERR_REDIRECT] [Fatal Error] :1:1: Premature end of file.
2026-10-06 16:12:26,660 [ERROR] LogOutputStream:75 - [STDERR_REDIRECT] 
2026-10-06 16:12:27,669 [ERROR] LogOutputStream:75 - [STDERR_REDIRECT] [Fatal Error] :1:1: Premature end of file.
2026-10-06 16:12:27,669 [ERROR] LogOutputStream:75 - [STDERR_REDIRECT] 
2026-10-06 16:12:28,663 [ERROR] LogOutputStream:75 - [STDERR_REDIRECT] [Fatal Error] :1:1: Premature end of file.
2026-10-06 16:12:28,663 [ERROR] LogOutputStream:75 - [STDERR_REDIRECT] 
2026-10-06 16:12:29,668 [ERROR] LogOutputStream:75 - [STDERR_REDIRECT] [Fatal Error] :1:1: Premature end of file.
2026-10-06 16:12:29,668 [ERROR] LogOutputStream:75 - [STDERR_REDIRECT] 
2026-10-06 16:12:30,677 [ERROR] LogOutputStream:75 - [STDERR_REDIRECT] [Fatal Error] :1:1: Premature end of file.
2026-10-06 16:12:30,677 [ERROR] LogOutputStream:75 - [STDERR_REDIRECT] 
2026-10-06 16:12:31,660 [ERROR] LogOutputStream:75 - [STDERR_REDIRECT] [Fatal Error] :1:1: Premature end of file.
2026-10-06 16:12:31,660 [ERROR] LogOutputStream:75 - [STDERR_REDIRECT] 
2026-10-06 16:12:32,663 [ERROR] LogOutputStream:75 - [STDERR_REDIRECT] [Fatal Error] :1:1: Premature end of file.
2026-10-06 16:12:32,663 [ERROR] LogOutputStream:75 - [STDERR_REDIRECT] 
2026-10-06 16:12:33,669 [ERROR] LogOutputStream:75 - [STDERR_REDIRECT] [Fatal Error] :1:1: Premature end of file.
2026-10-06 16:12:33,669 [ERROR] LogOutputStream:75 - [STDERR_REDIRECT] 
2026-10-06 16:12:34,669 [ERROR] LogOutputStream:75 - [STDERR_REDIRECT] [Fatal Error] :1:1: Premature end of file.
2026-10-06 16:12:34,669 [ERROR] LogOutputStream:75 - [STDERR_REDIRECT] 
2026-10-06 16:12:35,662 [ERROR] LogOutputStream:75 - [STDERR_REDIRECT] [Fatal Error] :1:1: Premature end of file.
2026-10-06 16:12:35,662 [ERROR] LogOutputStream:75 - [STDERR_REDIRECT] 
2026-10-06 16:12:36,658 [ERROR] LogOutputStream:75 - [STDERR_REDIRECT] [Fatal Error] :1:1: Premature end of file.
2026-10-06 16:12:36,658 [ERROR] LogOutputStream:75 - [STDERR_REDIRECT] 
2026-10-06 16:12:37,672 [ERROR] LogOutputStream:75 - [STDERR_REDIRECT] [Fatal Error] :1:1: Premature end of file.
2026-10-06 16:12:37,672 [ERROR] LogOutputStream:75 - [STDERR_REDIRECT] 
2026-10-06 16:12:38,667 [ERROR] LogOutputStream:75 - [STDERR_REDIRECT] [Fatal Error] :1:1: Premature end of file.
2026-10-06 16:12:38,667 [ERROR] LogOutputStream:75 - [STDERR_REDIRECT] 
2026-10-06 16:12:39,665 [ERROR] LogOutputStream:75 - [STDERR_REDIRECT] [Fatal Error] :1:1: Premature end of file.
2026-10-06 16:12:39,665 [ERROR] LogOutputStream:75 - [STDERR_REDIRECT] 
2026-10-06 16:12:40,657 [ERROR] LogOutputStream:75 - [STDERR_REDIRECT] [Fatal Error] :1:1: Premature end of file.
2026-10-06 16:12:40,657 [ERROR] LogOutputStream:75 - [STDERR_REDIRECT] 
2026-10-06 16:12:41,671 [ERROR] LogOutputStream:75 - [STDERR_REDIRECT] [Fatal Error] :1:1: Premature end of file.
2026-10-06 16:12:41,671 [ERROR] LogOutputStream:75 - [STDERR_REDIRECT] 
2026-10-06 16:12:42,663 [ERROR] LogOutputStream:75 - [STDERR_REDIRECT] [Fatal Error] :1:1: Premature end of file.
2026-10-06 16:12:42,664 [ERROR] LogOutputStream:75 - [STDERR_REDIRECT] 
2026-10-06 16:12:43,670 [ERROR] LogOutputStream:75 - [STDERR_REDIRECT] [Fatal Error] :1:1: Premature end of file.
2026-10-06 16:12:43,670 [ERROR] LogOutputStream:75 - [STDERR_REDIRECT] 
2026-10-06 16:12:44,663 [ERROR] LogOutputStream:75 - [STDERR_REDIRECT] [Fatal Error] :1:1: Premature end of file.
2026-10-06 16:12:44,663 [ERROR] LogOutputStream:75 - [STDERR_REDIRECT] 
2026-10-06 16:12:45,659 [ERROR] LogOutputStream:75 - [STDERR_REDIRECT] [Fatal Error] :1:1: Premature end of file.
2026-10-06 16:12:45,660 [ERROR] LogOutputStream:75 - [STDERR_REDIRECT] 
2026-10-06 16:12:46,654 [ERROR] LogOutputStream:75 - [STDERR_REDIRECT] [Fatal Error] :1:1: Premature end of file.
2026-10-06 16:12:46,654 [ERROR] LogOutputStream:75 - [STDERR_REDIRECT] 
2026-10-06 16:12:47,659 [ERROR] LogOutputStream:75 - [STDERR_REDIRECT] [Fatal Error] :1:1: Premature end of file.
2026-10-06 16:12:47,660 [ERROR] LogOutputStream:75 - [STDERR_REDIRECT] 
2026-10-06 16:12:48,669 [ERROR] LogOutputStream:75 - [STDERR_REDIRECT] [Fatal Error] :1:1: Premature end of file.
2026-10-06 16:12:48,669 [ERROR] LogOutputStream:75 - [STDERR_REDIRECT] 
2026-10-06 16:12:49,671 [ERROR] LogOutputStream:75 - [STDERR_REDIRECT] [Fatal Error] :1:1: Premature end of file.
2026-10-06 16:12:49,671 [ERROR] LogOutputStream:75 - [STDERR_REDIRECT] 
2026-10-06 16:12:50,664 [ERROR] LogOutputStream:75 - [STDERR_REDIRECT] [Fatal Error] :1:1: Premature end of file.
2026-10-06 16:12:50,665 [ERROR] LogOutputStream:75 - [STDERR_REDIRECT] 
2026-10-06 16:12:51,654 [ERROR] LogOutputStream:75 - [STDERR_REDIRECT] [Fatal Error] :1:1: Premature end of file.
2026-10-06 16:12:51,654 [ERROR] LogOutputStream:75 - [STDERR_REDIRECT] 
2026-10-06 16:12:52,667 [ERROR] LogOutputStream:75 - [STDERR_REDIRECT] [Fatal Error] :1:1: Premature end of file.
2026-10-06 16:12:52,667 [ERROR] LogOutputStream:75 - [STDERR_REDIRECT] 
2026-10-06 16:12:53,668 [ERROR] LogOutputStream:75 - [STDERR_REDIRECT] [Fatal Error] :1:1: Premature end of file.
2026-10-06 16:12:53,668 [ERROR] LogOutputStream:75 - [STDERR_REDIRECT] 
2026-10-06 16:12:54,672 [ERROR] LogOutputStream:75 - [STDERR_REDIRECT] [Fatal Error] :1:1: Premature end of file.
2026-10-06 16:12:54,672 [ERROR] LogOutputStream:75 - [STDERR_REDIRECT] 
2026-10-06 16:12:55,662 [ERROR] LogOutputStream:75 - [STDERR_REDIRECT] [Fatal Error] :1:1: Premature end of file.
2026-10-06 16:12:55,662 [ERROR] LogOutputStream:75 - [STDERR_REDIRECT] 
2026-10-06 16:12:56,665 [ERROR] LogOutputStream:75 - [STDERR_REDIRECT] [Fatal Error] :1:1: Premature end of file.
2026-10-06 16:12:56,665 [ERROR] LogOutputStream:75 - [STDERR_REDIRECT] 
2026-10-06 16:12:57,674 [ERROR] LogOutputStream:75 - [STDERR_REDIRECT] [Fatal Error] :1:1: Premature end of file.
2026-10-06 16:12:57,674 [ERROR] LogOutputStream:75 - [STDERR_REDIRECT] 
2026-10-06 16:12:58,663 [ERROR] LogOutputStream:75 - [STDERR_REDIRECT] [Fatal Error] :1:1: Premature end of file.
2026-10-06 16:12:58,663 [ERROR] LogOutputStream:75 - [STDERR_REDIRECT] 
2026-10-06 16:12:59,665 [ERROR] LogOutputStream:75 - [STDERR_REDIRECT] [Fatal Error] :1:1: Premature end of file.
2026-10-06 16:12:59,665 [ERROR] LogOutputStream:75 - [STDERR_REDIRECT] 
2026-10-06 16:13:00,664 [ERROR] LogOutputStream:75 - [STDERR_REDIRECT] [Fatal Error] :1:1: Premature end of file.
2026-10-06 16:13:00,664 [ERROR] LogOutputStream:75 - [STDERR_REDIRECT] 
2026-10-06 16:13:01,650 [ERROR] LogOutputStream:75 - [STDERR_REDIRECT] [Fatal Error] :1:1: Premature end of file.
2026-10-06 16:13:01,650 [ERROR] LogOutputStream:75 - [STDERR_REDIRECT] 
2026-10-06 16:13:02,672 [ERROR] LogOutputStream:75 - [STDERR_REDIRECT] [Fatal Error] :1:1: Premature end of file.
2026-10-06 16:13:02,672 [ERROR] LogOutputStream:75 - [STDERR_REDIRECT] 
2026-10-06 16:13:03,657 [ERROR] LogOutputStream:75 - [STDERR_REDIRECT] [Fatal Error] :1:1: Premature end of file.
2026-10-06 16:13:03,657 [ERROR] LogOutputStream:75 - [STDERR_REDIRECT] 
2026-10-06 16:13:04,662 [ERROR] LogOutputStream:75 - [STDERR_REDIRECT] [Fatal Error] :1:1: Premature end of file.
2026-10-06 16:13:04,662 [ERROR] LogOutputStream:75 - [STDERR_REDIRECT] 
2026-10-06 16:13:05,670 [ERROR] LogOutputStream:75 - [STDERR_REDIRECT] [Fatal Error] :1:1: Premature end of file.
2026-10-06 16:13:05,670 [ERROR] LogOutputStream:75 - [STDERR_REDIRECT] 
2026-10-06 16:13:06,671 [ERROR] LogOutputStream:75 - [STDERR_REDIRECT] [Fatal Error] :1:1: Premature end of file.
2026-10-06 16:13:06,671 [ERROR] LogOutputStream:75 - [STDERR_REDIRECT] 
2026-10-06 16:13:07,682 [ERROR] LogOutputStream:75 - [STDERR_REDIRECT] [Fatal Error] :1:1: Premature end of file.
2026-10-06 16:13:07,682 [ERROR] LogOutputStream:75 - [STDERR_REDIRECT] 
2026-10-06 16:13:08,674 [ERROR] LogOutputStream:75 - [STDERR_REDIRECT] [Fatal Error] :1:1: Premature end of file.
2026-10-06 16:13:08,674 [ERROR] LogOutputStream:75 - [STDERR_REDIRECT] 
2026-10-06 16:13:09,661 [ERROR] LogOutputStream:75 - [STDERR_REDIRECT] [Fatal Error] :1:1: Premature end of file.
2026-10-06 16:13:09,661 [ERROR] LogOutputStream:75 - [STDERR_REDIRECT] 
2026-10-06 16:13:10,660 [ERROR] LogOutputStream:75 - [STDERR_REDIRECT] [Fatal Error] :1:1: Premature end of file.
2026-10-06 16:13:10,660 [ERROR] LogOutputStream:75 - [STDERR_REDIRECT] 
2026-10-06 16:13:11,675 [ERROR] LogOutputStream:75 - [STDERR_REDIRECT] [Fatal Error] :1:1: Premature end of file.
2026-10-06 16:13:11,675 [ERROR] LogOutputStream:75 - [STDERR_REDIRECT] 
2026-10-06 16:13:12,663 [ERROR] LogOutputStream:75 - [STDERR_REDIRECT] [Fatal Error] :1:1: Premature end of file.
2026-10-06 16:13:12,663 [ERROR] LogOutputStream:75 - [STDERR_REDIRECT] 
2026-10-06 16:13:13,649 [ERROR] LogOutputStream:75 - [STDERR_REDIRECT] [Fatal Error] :1:1: Premature end of file.
2026-10-06 16:13:13,649 [ERROR] LogOutputStream:75 - [STDERR_REDIRECT] 
2026-10-06 16:13:14,675 [ERROR] LogOutputStream:75 - [STDERR_REDIRECT] [Fatal Error] :1:1: Premature end of file.
2026-10-06 16:13:14,675 [ERROR] LogOutputStream:75 - [STDERR_REDIRECT] 
2026-10-06 16:13:15,668 [ERROR] LogOutputStream:75 - [STDERR_REDIRECT] [Fatal Error] :1:1: Premature end of file.
2026-10-06 16:13:15,668 [ERROR] LogOutputStream:75 - [STDERR_REDIRECT] 
2026-10-06 16:13:16,663 [ERROR] LogOutputStream:75 - [STDERR_REDIRECT] [Fatal Error] :1:1: Premature end of file.
2026-10-06 16:13:16,663 [ERROR] LogOutputStream:75 - [STDERR_REDIRECT] 
2026-10-06 16:13:17,663 [ERROR] LogOutputStream:75 - [STDERR_REDIRECT] [Fatal Error] :1:1: Premature end of file.
2026-10-06 16:13:17,663 [ERROR] LogOutputStream:75 - [STDERR_REDIRECT] 
2026-10-06 16:13:18,659 [ERROR] LogOutputStream:75 - [STDERR_REDIRECT] [Fatal Error] :1:1: Premature end of file.
2026-10-06 16:13:18,659 [ERROR] LogOutputStream:75 - [STDERR_REDIRECT] 
2026-10-06 16:13:19,669 [ERROR] LogOutputStream:75 - [STDERR_REDIRECT] [Fatal Error] :1:1: Premature end of file.
2026-10-06 16:13:19,669 [ERROR] LogOutputStream:75 - [STDERR_REDIRECT] 
2026-10-06 16:13:20,657 [ERROR] LogOutputStream:75 - [STDERR_REDIRECT] [Fatal Error] :1:1: Premature end of file.
2026-10-06 16:13:20,657 [ERROR] LogOutputStream:75 - [STDERR_REDIRECT] 
2026-10-06 16:13:21,661 [ERROR] LogOutputStream:75 - [STDERR_REDIRECT] [Fatal Error] :1:1: Premature end of file.
2026-10-06 16:13:21,661 [ERROR] LogOutputStream:75 - [STDERR_REDIRECT] 
2026-10-06 16:13:22,675 [ERROR] LogOutputStream:75 - [STDERR_REDIRECT] [Fatal Error] :1:1: Premature end of file.
2026-10-06 16:13:22,675 [ERROR] LogOutputStream:75 - [STDERR_REDIRECT] 
2026-10-06 16:13:23,664 [ERROR] LogOutputStream:75 - [STDERR_REDIRECT] [Fatal Error] :1:1: Premature end of file.
2026-10-06 16:13:23,664 [ERROR] LogOutputStream:75 - [STDERR_REDIRECT] 
2026-10-06 16:13:24,663 [ERROR] LogOutputStream:75 - [STDERR_REDIRECT] [Fatal Error] :1:1: Premature end of file.
2026-10-06 16:13:24,663 [ERROR] LogOutputStream:75 - [STDERR_REDIRECT] 
2026-10-06 16:13:25,681 [ERROR] LogOutputStream:75 - [STDERR_REDIRECT] [Fatal Error] :1:1: Premature end of file.
2026-10-06 16:13:25,681 [ERROR] LogOutputStream:75 - [STDERR_REDIRECT] 
2026-10-06 16:13:26,673 [ERROR] LogOutputStream:75 - [STDERR_REDIRECT] [Fatal Error] :1:1: Premature end of file.
2026-10-06 16:13:26,673 [ERROR] LogOutputStream:75 - [STDERR_REDIRECT] 
2026-10-06 16:13:27,659 [ERROR] LogOutputStream:75 - [STDERR_REDIRECT] [Fatal Error] :1:1: Premature end of file.
2026-10-06 16:13:27,659 [ERROR] LogOutputStream:75 - [STDERR_REDIRECT] 
2026-10-06 16:13:28,659 [ERROR] LogOutputStream:75 - [STDERR_REDIRECT] [Fatal Error] :1:1: Premature end of file.
2026-10-06 16:13:28,659 [ERROR] LogOutputStream:75 - [STDERR_REDIRECT] 
2026-10-06 16:13:29,669 [ERROR] LogOutputStream:75 - [STDERR_REDIRECT] [Fatal Error] :1:1: Premature end of file.
2026-10-06 16:13:29,669 [ERROR] LogOutputStream:75 - [STDERR_REDIRECT] 
2026-10-06 16:13:30,658 [ERROR] LogOutputStream:75 - [STDERR_REDIRECT] [Fatal Error] :1:1: Premature end of file.
2026-10-06 16:13:30,658 [ERROR] LogOutputStream:75 - [STDERR_REDIRECT] 
2026-10-06 16:13:31,657 [ERROR] LogOutputStream:75 - [STDERR_REDIRECT] [Fatal Error] :1:1: Premature end of file.
2026-10-06 16:13:31,657 [ERROR] LogOutputStream:75 - [STDERR_REDIRECT] 
2026-10-06 16:13:32,674 [ERROR] LogOutputStream:75 - [STDERR_REDIRECT] [Fatal Error] :1:1: Premature end of file.
2026-10-06 16:13:32,675 [ERROR] LogOutputStream:75 - [STDERR_REDIRECT] 
2026-10-06 16:13:33,672 [ERROR] LogOutputStream:75 - [STDERR_REDIRECT] [Fatal Error] :1:1: Premature end of file.
2026-10-06 16:13:33,672 [ERROR] LogOutputStream:75 - [STDERR_REDIRECT] 
2026-10-06 16:13:34,672 [ERROR] LogOutputStream:75 - [STDERR_REDIRECT] [Fatal Error] :1:1: Premature end of file.
2026-10-06 16:13:34,672 [ERROR] LogOutputStream:75 - [STDERR_REDIRECT] 
2026-10-06 16:13:35,675 [ERROR] LogOutputStream:75 - [STDERR_REDIRECT] [Fatal Error] :1:1: Premature end of file.
2026-10-06 16:13:35,676 [ERROR] LogOutputStream:75 - [STDERR_REDIRECT] 
2026-10-06 16:13:36,667 [ERROR] LogOutputStream:75 - [STDERR_REDIRECT] [Fatal Error] :1:1: Premature end of file.
2026-10-06 16:13:36,667 [ERROR] LogOutputStream:75 - [STDERR_REDIRECT] 
2026-10-06 16:13:37,653 [ERROR] LogOutputStream:75 - [STDERR_REDIRECT] [Fatal Error] :1:1: Premature end of file.
2026-10-06 16:13:37,653 [ERROR] LogOutputStream:75 - [STDERR_REDIRECT] 
2026-10-06 16:13:38,673 [ERROR] LogOutputStream:75 - [STDERR_REDIRECT] [Fatal Error] :1:1: Premature end of file.
2026-10-06 16:13:38,674 [ERROR] LogOutputStream:75 - [STDERR_REDIRECT] 
2026-10-06 16:13:39,657 [ERROR] LogOutputStream:75 - [STDERR_REDIRECT] [Fatal Error] :1:1: Premature end of file.
2026-10-06 16:13:39,657 [ERROR] LogOutputStream:75 - [STDERR_REDIRECT] 
2026-10-06 16:13:40,669 [ERROR] LogOutputStream:75 - [STDERR_REDIRECT] [Fatal Error] :1:1: Premature end of file.
2026-10-06 16:13:40,669 [ERROR] LogOutputStream:75 - [STDERR_REDIRECT] 
2026-10-06 16:13:41,661 [ERROR] LogOutputStream:75 - [STDERR_REDIRECT] [Fatal Error] :1:1: Premature end of file.
2026-10-06 16:13:41,661 [ERROR] LogOutputStream:75 - [STDERR_REDIRECT] 
2026-10-06 16:13:42,662 [ERROR] LogOutputStream:75 - [STDERR_REDIRECT] [Fatal Error] :1:1: Premature end of file.
2026-10-06 16:13:42,662 [ERROR] LogOutputStream:75 - [STDERR_REDIRECT] 
2026-10-06 16:13:43,663 [ERROR] LogOutputStream:75 - [STDERR_REDIRECT] [Fatal Error] :1:1: Premature end of file.
2026-10-06 16:13:43,663 [ERROR] LogOutputStream:75 - [STDERR_REDIRECT] 
2026-10-06 16:13:44,668 [ERROR] LogOutputStream:75 - [STDERR_REDIRECT] [Fatal Error] :1:1: Premature end of file.
2026-10-06 16:13:44,668 [ERROR] LogOutputStream:75 - [STDERR_REDIRECT] 
2026-10-06 16:13:45,670 [ERROR] LogOutputStream:75 - [STDERR_REDIRECT] [Fatal Error] :1:1: Premature end of file.
2026-10-06 16:13:45,670 [ERROR] LogOutputStream:75 - [STDERR_REDIRECT] 
2026-10-06 16:13:46,651 [ERROR] LogOutputStream:75 - [STDERR_REDIRECT] [Fatal Error] :1:1: Premature end of file.
2026-10-06 16:13:46,651 [ERROR] LogOutputStream:75 - [STDERR_REDIRECT] 
2026-10-06 16:13:47,668 [ERROR] LogOutputStream:75 - [STDERR_REDIRECT] [Fatal Error] :1:1: Premature end of file.
2026-10-06 16:13:47,668 [ERROR] LogOutputStream:75 - [STDERR_REDIRECT] 
2026-10-06 16:13:48,682 [ERROR] LogOutputStream:75 - [STDERR_REDIRECT] [Fatal Error] :1:1: Premature end of file.
2026-10-06 16:13:48,682 [ERROR] LogOutputStream:75 - [STDERR_REDIRECT] 
2026-10-06 16:13:49,665 [ERROR] LogOutputStream:75 - [STDERR_REDIRECT] [Fatal Error] :1:1: Premature end of file.
2026-10-06 16:13:49,665 [ERROR] LogOutputStream:75 - [STDERR_REDIRECT] 
2026-10-06 16:13:50,664 [ERROR] LogOutputStream:75 - [STDERR_REDIRECT] [Fatal Error] :1:1: Premature end of file.
2026-10-06 16:13:50,664 [ERROR] LogOutputStream:75 - [STDERR_REDIRECT] 
2026-10-06 16:13:51,652 [ERROR] LogOutputStream:75 - [STDERR_REDIRECT] [Fatal Error] :1:1: Premature end of file.
2026-10-06 16:13:51,652 [ERROR] LogOutputStream:75 - [STDERR_REDIRECT] 
2026-10-06 16:13:52,676 [ERROR] LogOutputStream:75 - [STDERR_REDIRECT] [Fatal Error] :1:1: Premature end of file.
2026-10-06 16:13:52,676 [ERROR] LogOutputStream:75 - [STDERR_REDIRECT] 
2026-10-06 16:13:53,676 [ERROR] LogOutputStream:75 - [STDERR_REDIRECT] [Fatal Error] :1:1: Premature end of file.
2026-10-06 16:13:53,676 [ERROR] LogOutputStream:75 - [STDERR_REDIRECT] 
2026-10-06 16:13:54,672 [ERROR] LogOutputStream:75 - [STDERR_REDIRECT] [Fatal Error] :1:1: Premature end of file.
2026-10-06 16:13:54,672 [ERROR] LogOutputStream:75 - [STDERR_REDIRECT] 
2026-10-06 16:13:55,679 [ERROR] LogOutputStream:75 - [STDERR_REDIRECT] [Fatal Error] :1:1: Premature end of file.
2026-10-06 16:13:55,679 [ERROR] LogOutputStream:75 - [STDERR_REDIRECT] 
2026-10-06 16:13:56,671 [ERROR] LogOutputStream:75 - [STDERR_REDIRECT] [Fatal Error] :1:1: Premature end of file.
2026-10-06 16:13:56,671 [ERROR] LogOutputStream:75 - [STDERR_REDIRECT] 
2026-10-06 16:13:57,674 [ERROR] LogOutputStream:75 - [STDERR_REDIRECT] [Fatal Error] :1:1: Premature end of file.
2026-10-06 16:13:57,674 [ERROR] LogOutputStream:75 - [STDERR_REDIRECT] 
2026-10-06 16:13:58,655 [ERROR] LogOutputStream:75 - [STDERR_REDIRECT] [Fatal Error] :1:1: Premature end of file.
2026-10-06 16:13:58,655 [ERROR] LogOutputStream:75 - [STDERR_REDIRECT] 
2026-10-06 16:13:59,659 [ERROR] LogOutputStream:75 - [STDERR_REDIRECT] [Fatal Error] :1:1: Premature end of file.
2026-10-06 16:13:59,659 [ERROR] LogOutputStream:75 - [STDERR_REDIRECT] 
2026-10-06 16:14:00,668 [ERROR] LogOutputStream:75 - [STDERR_REDIRECT] [Fatal Error] :1:1: Premature end of file.
2026-10-06 16:14:00,668 [ERROR] LogOutputStream:75 - [STDERR_REDIRECT] 
2026-10-06 16:14:01,661 [ERROR] LogOutputStream:75 - [STDERR_REDIRECT] [Fatal Error] :1:1: Premature end of file.
2026-10-06 16:14:01,661 [ERROR] LogOutputStream:75 - [STDERR_REDIRECT] 
2026-10-06 16:14:02,673 [ERROR] LogOutputStream:75 - [STDERR_REDIRECT] [Fatal Error] :1:1: Premature end of file.
2026-10-06 16:14:02,673 [ERROR] LogOutputStream:75 - [STDERR_REDIRECT] 
2026-10-06 16:14:03,666 [ERROR] LogOutputStream:75 - [STDERR_REDIRECT] [Fatal Error] :1:1: Premature end of file.
2026-10-06 16:14:03,666 [ERROR] LogOutputStream:75 - [STDERR_REDIRECT] 
2026-10-06 16:14:04,655 [ERROR] LogOutputStream:75 - [STDERR_REDIRECT] [Fatal Error] :1:1: Premature end of file.
2026-10-06 16:14:04,655 [ERROR] LogOutputStream:75 - [STDERR_REDIRECT] 
2026-10-06 16:14:05,669 [ERROR] LogOutputStream:75 - [STDERR_REDIRECT] [Fatal Error] :1:1: Premature end of file.
2026-10-06 16:14:05,669 [ERROR] LogOutputStream:75 - [STDERR_REDIRECT] 
2026-10-06 16:14:06,675 [ERROR] LogOutputStream:75 - [STDERR_REDIRECT] [Fatal Error] :1:1: Premature end of file.
2026-10-06 16:14:06,675 [ERROR] LogOutputStream:75 - [STDERR_REDIRECT] 
2026-10-06 16:14:07,655 [ERROR] LogOutputStream:75 - [STDERR_REDIRECT] [Fatal Error] :1:1: Premature end of file.
2026-10-06 16:14:07,655 [ERROR] LogOutputStream:75 - [STDERR_REDIRECT] 
2026-10-06 16:14:08,650 [ERROR] LogOutputStream:75 - [STDERR_REDIRECT] [Fatal Error] :1:1: Premature end of file.
2026-10-06 16:14:08,650 [ERROR] LogOutputStream:75 - [STDERR_REDIRECT] 
2026-10-06 16:14:09,667 [ERROR] LogOutputStream:75 - [STDERR_REDIRECT] [Fatal Error] :1:1: Premature end of file.
2026-10-06 16:14:09,667 [ERROR] LogOutputStream:75 - [STDERR_REDIRECT] 
2026-10-06 16:14:10,665 [ERROR] LogOutputStream:75 - [STDERR_REDIRECT] [Fatal Error] :1:1: Premature end of file.
2026-10-06 16:14:10,665 [ERROR] LogOutputStream:75 - [STDERR_REDIRECT] 
2026-10-06 16:14:11,673 [ERROR] LogOutputStream:75 - [STDERR_REDIRECT] [Fatal Error] :1:1: Premature end of file.
2026-10-06 16:14:11,673 [ERROR] LogOutputStream:75 - [STDERR_REDIRECT] 
2026-10-06 16:14:12,657 [ERROR] LogOutputStream:75 - [STDERR_REDIRECT] [Fatal Error] :1:1: Premature end of file.
2026-10-06 16:14:12,657 [ERROR] LogOutputStream:75 - [STDERR_REDIRECT] 
2026-10-06 16:14:13,667 [ERROR] LogOutputStream:75 - [STDERR_REDIRECT] [Fatal Error] :1:1: Premature end of file.
2026-10-06 16:14:13,667 [ERROR] LogOutputStream:75 - [STDERR_REDIRECT] 
2026-10-06 16:14:14,658 [ERROR] LogOutputStream:75 - [STDERR_REDIRECT] [Fatal Error] :1:1: Premature end of file.
2026-10-06 16:14:14,658 [ERROR] LogOutputStream:75 - [STDERR_REDIRECT] 
2026-10-06 16:14:15,663 [ERROR] LogOutputStream:75 - [STDERR_REDIRECT] [Fatal Error] :1:1: Premature end of file.
2026-10-06 16:14:15,663 [ERROR] LogOutputStream:75 - [STDERR_REDIRECT] 
2026-10-06 16:14:16,659 [ERROR] LogOutputStream:75 - [STDERR_REDIRECT] [Fatal Error] :1:1: Premature end of file.
2026-10-06 16:14:16,659 [ERROR] LogOutputStream:75 - [STDERR_REDIRECT] 
2026-10-06 16:14:17,653 [ERROR] LogOutputStream:75 - [STDERR_REDIRECT] [Fatal Error] :1:1: Premature end of file.
2026-10-06 16:14:17,654 [ERROR] LogOutputStream:75 - [STDERR_REDIRECT] 
2026-10-06 16:14:18,665 [ERROR] LogOutputStream:75 - [STDERR_REDIRECT] [Fatal Error] :1:1: Premature end of file.
2026-10-06 16:14:18,665 [ERROR] LogOutputStream:75 - [STDERR_REDIRECT] 
2026-10-06 16:14:19,669 [ERROR] LogOutputStream:75 - [STDERR_REDIRECT] [Fatal Error] :1:1: Premature end of file.
2026-10-06 16:14:19,669 [ERROR] LogOutputStream:75 - [STDERR_REDIRECT] 
2026-10-06 16:14:20,671 [ERROR] LogOutputStream:75 - [STDERR_REDIRECT] [Fatal Error] :1:1: Premature end of file.
2026-10-06 16:14:20,671 [ERROR] LogOutputStream:75 - [STDERR_REDIRECT] 
2026-10-06 16:14:21,658 [ERROR] LogOutputStream:75 - [STDERR_REDIRECT] [Fatal Error] :1:1: Premature end of file.
2026-10-06 16:14:21,658 [ERROR] LogOutputStream:75 - [STDERR_REDIRECT] 
2026-10-06 16:14:22,668 [ERROR] LogOutputStream:75 - [STDERR_REDIRECT] [Fatal Error] :1:1: Premature end of file.
2026-10-06 16:14:22,668 [ERROR] LogOutputStream:75 - [STDERR_REDIRECT] 
2026-10-06 16:14:23,656 [ERROR] LogOutputStream:75 - [STDERR_REDIRECT] [Fatal Error] :1:1: Premature end of file.
2026-10-06 16:14:23,656 [ERROR] LogOutputStream:75 - [STDERR_REDIRECT] 
2026-10-06 16:14:24,673 [ERROR] LogOutputStream:75 - [STDERR_REDIRECT] [Fatal Error] :1:1: Premature end of file.
2026-10-06 16:14:24,673 [ERROR] LogOutputStream:75 - [STDERR_REDIRECT] 
2026-10-06 16:14:25,667 [ERROR] LogOutputStream:75 - [STDERR_REDIRECT] [Fatal Error] :1:1: Premature end of file.
2026-10-06 16:14:25,667 [ERROR] LogOutputStream:75 - [STDERR_REDIRECT] 
2026-10-06 16:14:26,675 [ERROR] LogOutputStream:75 - [STDERR_REDIRECT] [Fatal Error] :1:1: Premature end of file.
2026-10-06 16:14:26,675 [ERROR] LogOutputStream:75 - [STDERR_REDIRECT] 
2026-10-06 16:14:27,673 [ERROR] LogOutputStream:75 - [STDERR_REDIRECT] [Fatal Error] :1:1: Premature end of file.
2026-10-06 16:14:27,673 [ERROR] LogOutputStream:75 - [STDERR_REDIRECT] 
2026-10-06 16:14:28,666 [ERROR] LogOutputStream:75 - [STDERR_REDIRECT] [Fatal Error] :1:1: Premature end of file.
2026-10-06 16:14:28,666 [ERROR] LogOutputStream:75 - [STDERR_REDIRECT] 
2026-10-06 16:14:29,663 [ERROR] LogOutputStream:75 - [STDERR_REDIRECT] [Fatal Error] :1:1: Premature end of file.
2026-10-06 16:14:29,663 [ERROR] LogOutputStream:75 - [STDERR_REDIRECT] 
2026-10-06 16:14:30,660 [ERROR] LogOutputStream:75 - [STDERR_REDIRECT] [Fatal Error] :1:1: Premature end of file.
2026-10-06 16:14:30,660 [ERROR] LogOutputStream:75 - [STDERR_REDIRECT] 
2026-10-06 16:14:31,665 [ERROR] LogOutputStream:75 - [STDERR_REDIRECT] [Fatal Error] :1:1: Premature end of file.
2026-10-06 16:14:31,665 [ERROR] LogOutputStream:75 - [STDERR_REDIRECT] 
2026-10-06 16:14:32,666 [ERROR] LogOutputStream:75 - [STDERR_REDIRECT] [Fatal Error] :1:1: Premature end of file.
2026-10-06 16:14:32,666 [ERROR] LogOutputStream:75 - [STDERR_REDIRECT] 
2026-10-06 16:14:33,661 [ERROR] LogOutputStream:75 - [STDERR_REDIRECT] [Fatal Error] :1:1: Premature end of file.
2026-10-06 16:14:33,661 [ERROR] LogOutputStream:75 - [STDERR_REDIRECT] 
2026-10-06 16:14:34,668 [ERROR] LogOutputStream:75 - [STDERR_REDIRECT] [Fatal Error] :1:1: Premature end of file.
2026-10-06 16:14:34,668 [ERROR] LogOutputStream:75 - [STDERR_REDIRECT] 
2026-10-06 16:14:35,655 [ERROR] LogOutputStream:75 - [STDERR_REDIRECT] [Fatal Error] :1:1: Premature end of file.
2026-10-06 16:14:35,655 [ERROR] LogOutputStream:75 - [STDERR_REDIRECT] 
2026-10-06 16:14:36,668 [ERROR] LogOutputStream:75 - [STDERR_REDIRECT] [Fatal Error] :1:1: Premature end of file.
2026-10-06 16:14:36,668 [ERROR] LogOutputStream:75 - [STDERR_REDIRECT] 
2026-10-06 16:14:37,669 [ERROR] LogOutputStream:75 - [STDERR_REDIRECT] [Fatal Error] :1:1: Premature end of file.
2026-10-06 16:14:37,669 [ERROR] LogOutputStream:75 - [STDERR_REDIRECT] 
2026-10-06 16:14:38,654 [ERROR] LogOutputStream:75 - [STDERR_REDIRECT] [Fatal Error] :1:1: Premature end of file.
2026-10-06 16:14:38,654 [ERROR] LogOutputStream:75 - [STDERR_REDIRECT] 
2026-10-06 16:14:39,657 [ERROR] LogOutputStream:75 - [STDERR_REDIRECT] [Fatal Error] :1:1: Premature end of file.
2026-10-06 16:14:39,657 [ERROR] LogOutputStream:75 - [STDERR_REDIRECT] 
2026-10-06 16:14:40,662 [ERROR] LogOutputStream:75 - [STDERR_REDIRECT] [Fatal Error] :1:1: Premature end of file.
2026-10-06 16:14:40,662 [ERROR] LogOutputStream:75 - [STDERR_REDIRECT] 
2026-10-06 16:14:41,675 [ERROR] LogOutputStream:75 - [STDERR_REDIRECT] [Fatal Error] :1:1: Premature end of file.
2026-10-06 16:14:41,675 [ERROR] LogOutputStream:75 - [STDERR_REDIRECT] 
2026-10-06 16:14:42,658 [ERROR] LogOutputStream:75 - [STDERR_REDIRECT] [Fatal Error] :1:1: Premature end of file.
2026-10-06 16:14:42,658 [ERROR] LogOutputStream:75 - [STDERR_REDIRECT] 
2026-10-06 16:14:43,667 [ERROR] LogOutputStream:75 - [STDERR_REDIRECT] [Fatal Error] :1:1: Premature end of file.
2026-10-06 16:14:43,667 [ERROR] LogOutputStream:75 - [STDERR_REDIRECT] 
2026-10-06 16:14:44,669 [ERROR] LogOutputStream:75 - [STDERR_REDIRECT] [Fatal Error] :1:1: Premature end of file.
2026-10-06 16:14:44,669 [ERROR] LogOutputStream:75 - [STDERR_REDIRECT] 
2026-10-06 16:14:45,668 [ERROR] LogOutputStream:75 - [STDERR_REDIRECT] [Fatal Error] :1:1: Premature end of file.
2026-10-06 16:14:45,668 [ERROR] LogOutputStream:75 - [STDERR_REDIRECT] 
2026-10-06 16:14:46,660 [ERROR] LogOutputStream:75 - [STDERR_REDIRECT] [Fatal Error] :1:1: Premature end of file.
2026-10-06 16:14:46,660 [ERROR] LogOutputStream:75 - [STDERR_REDIRECT] 
2026-10-06 16:14:47,650 [ERROR] LogOutputStream:75 - [STDERR_REDIRECT] [Fatal Error] :1:1: Premature end of file.
2026-10-06 16:14:47,650 [ERROR] LogOutputStream:75 - [STDERR_REDIRECT] 
2026-10-06 16:14:48,668 [ERROR] LogOutputStream:75 - [STDERR_REDIRECT] [Fatal Error] :1:1: Premature end of file.
2026-10-06 16:14:48,668 [ERROR] LogOutputStream:75 - [STDERR_REDIRECT] 
2026-10-06 16:14:49,676 [ERROR] LogOutputStream:75 - [STDERR_REDIRECT] [Fatal Error] :1:1: Premature end of file.
2026-10-06 16:14:49,676 [ERROR] LogOutputStream:75 - [STDERR_REDIRECT] 
2026-10-06 16:14:50,672 [ERROR] LogOutputStream:75 - [STDERR_REDIRECT] [Fatal Error] :1:1: Premature end of file.
2026-10-06 16:14:50,672 [ERROR] LogOutputStream:75 - [STDERR_REDIRECT] 
2026-10-06 16:14:51,657 [ERROR] LogOutputStream:75 - [STDERR_REDIRECT] [Fatal Error] :1:1: Premature end of file.
2026-10-06 16:14:51,657 [ERROR] LogOutputStream:75 - [STDERR_REDIRECT] 
2026-10-06 16:14:52,675 [ERROR] LogOutputStream:75 - [STDERR_REDIRECT] [Fatal Error] :1:1: Premature end of file.
2026-10-06 16:14:52,675 [ERROR] LogOutputStream:75 - [STDERR_REDIRECT] 
2026-10-06 16:14:53,675 [ERROR] LogOutputStream:75 - [STDERR_REDIRECT] [Fatal Error] :1:1: Premature end of file.
2026-10-06 16:14:53,675 [ERROR] LogOutputStream:75 - [STDERR_REDIRECT] 
2026-10-06 16:14:54,668 [ERROR] LogOutputStream:75 - [STDERR_REDIRECT] [Fatal Error] :1:1: Premature end of file.
2026-10-06 16:14:54,669 [ERROR] LogOutputStream:75 - [STDERR_REDIRECT] 
2026-10-06 16:14:55,672 [ERROR] LogOutputStream:75 - [STDERR_REDIRECT] [Fatal Error] :1:1: Premature end of file.
2026-10-06 16:14:55,672 [ERROR] LogOutputStream:75 - [STDERR_REDIRECT] 
2026-10-06 16:14:56,666 [ERROR] LogOutputStream:75 - [STDERR_REDIRECT] [Fatal Error] :1:1: Premature end of file.
2026-10-06 16:14:56,666 [ERROR] LogOutputStream:75 - [STDERR_REDIRECT] 
2026-10-06 16:14:57,676 [ERROR] LogOutputStream:75 - [STDERR_REDIRECT] [Fatal Error] :1:1: Premature end of file.
2026-10-06 16:14:57,677 [ERROR] LogOutputStream:75 - [STDERR_REDIRECT] 
2026-10-06 16:14:58,664 [ERROR] LogOutputStream:75 - [STDERR_REDIRECT] [Fatal Error] :1:1: Premature end of file.
2026-10-06 16:14:58,664 [ERROR] LogOutputStream:75 - [STDERR_REDIRECT] 
2026-10-06 16:14:59,668 [ERROR] LogOutputStream:75 - [STDERR_REDIRECT] [Fatal Error] :1:1: Premature end of file.
2026-10-06 16:14:59,668 [ERROR] LogOutputStream:75 - [STDERR_REDIRECT] 
2026-10-06 16:15:00,657 [ERROR] LogOutputStream:75 - [STDERR_REDIRECT] [Fatal Error] :1:1: Premature end of file.
2026-10-06 16:15:00,657 [ERROR] LogOutputStream:75 - [STDERR_REDIRECT] 
2026-10-06 16:15:01,666 [ERROR] LogOutputStream:75 - [STDERR_REDIRECT] [Fatal Error] :1:1: Premature end of file.
2026-10-06 16:15:01,666 [ERROR] LogOutputStream:75 - [STDERR_REDIRECT] 
2026-10-06 16:15:02,664 [ERROR] LogOutputStream:75 - [STDERR_REDIRECT] [Fatal Error] :1:1: Premature end of file.
2026-10-06 16:15:02,664 [ERROR] LogOutputStream:75 - [STDERR_REDIRECT] 
2026-10-06 16:15:03,651 [ERROR] LogOutputStream:75 - [STDERR_REDIRECT] [Fatal Error] :1:1: Premature end of file.
2026-10-06 16:15:03,652 [ERROR] LogOutputStream:75 - [STDERR_REDIRECT] 
2026-10-06 16:15:04,664 [ERROR] LogOutputStream:75 - [STDERR_REDIRECT] [Fatal Error] :1:1: Premature end of file.
2026-10-06 16:15:04,664 [ERROR] LogOutputStream:75 - [STDERR_REDIRECT] 
2026-10-06 16:15:05,676 [ERROR] LogOutputStream:75 - [STDERR_REDIRECT] [Fatal Error] :1:1: Premature end of file.
2026-10-06 16:15:05,676 [ERROR] LogOutputStream:75 - [STDERR_REDIRECT] 
2026-10-06 16:15:06,673 [ERROR] LogOutputStream:75 - [STDERR_REDIRECT] [Fatal Error] :1:1: Premature end of file.
2026-10-06 16:15:06,673 [ERROR] LogOutputStream:75 - [STDERR_REDIRECT] 
2026-10-06 16:15:07,662 [ERROR] LogOutputStream:75 - [STDERR_REDIRECT] [Fatal Error] :1:1: Premature end of file.
2026-10-06 16:15:07,662 [ERROR] LogOutputStream:75 - [STDERR_REDIRECT] 
2026-10-06 16:15:08,653 [ERROR] LogOutputStream:75 - [STDERR_REDIRECT] [Fatal Error] :1:1: Premature end of file.
2026-10-06 16:15:08,653 [ERROR] LogOutputStream:75 - [STDERR_REDIRECT] 
2026-10-06 16:15:09,658 [ERROR] LogOutputStream:75 - [STDERR_REDIRECT] [Fatal Error] :1:1: Premature end of file.
2026-10-06 16:15:09,658 [ERROR] LogOutputStream:75 - [STDERR_REDIRECT] 
2026-10-06 16:15:10,663 [ERROR] LogOutputStream:75 - [STDERR_REDIRECT] [Fatal Error] :1:1: Premature end of file.
2026-10-06 16:15:10,663 [ERROR] LogOutputStream:75 - [STDERR_REDIRECT] 
2026-10-06 16:15:11,668 [ERROR] LogOutputStream:75 - [STDERR_REDIRECT] [Fatal Error] :1:1: Premature end of file.
2026-10-06 16:15:11,668 [ERROR] LogOutputStream:75 - [STDERR_REDIRECT] 
2026-10-06 16:15:12,660 [ERROR] LogOutputStream:75 - [STDERR_REDIRECT] [Fatal Error] :1:1: Premature end of file.
2026-10-06 16:15:12,660 [ERROR] LogOutputStream:75 - [STDERR_REDIRECT] 
2026-10-06 16:15:13,674 [ERROR] LogOutputStream:75 - [STDERR_REDIRECT] [Fatal Error] :1:1: Premature end of file.
2026-10-06 16:15:13,674 [ERROR] LogOutputStream:75 - [STDERR_REDIRECT] 
2026-10-06 16:15:14,674 [ERROR] LogOutputStream:75 - [STDERR_REDIRECT] [Fatal Error] :1:1: Premature end of file.
2026-10-06 16:15:14,674 [ERROR] LogOutputStream:75 - [STDERR_REDIRECT] 
2026-10-06 16:15:15,662 [ERROR] LogOutputStream:75 - [STDERR_REDIRECT] [Fatal Error] :1:1: Premature end of file.
2026-10-06 16:15:15,662 [ERROR] LogOutputStream:75 - [STDERR_REDIRECT] 
2026-10-06 16:15:16,667 [ERROR] LogOutputStream:75 - [STDERR_REDIRECT] [Fatal Error] :1:1: Premature end of file.
2026-10-06 16:15:16,667 [ERROR] LogOutputStream:75 - [STDERR_REDIRECT] 
2026-10-06 16:15:17,667 [ERROR] LogOutputStream:75 - [STDERR_REDIRECT] [Fatal Error] :1:1: Premature end of file.
2026-10-06 16:15:17,667 [ERROR] LogOutputStream:75 - [STDERR_REDIRECT] 
2026-10-06 16:15:18,669 [ERROR] LogOutputStream:75 - [STDERR_REDIRECT] [Fatal Error] :1:1: Premature end of file.
2026-10-06 16:15:18,669 [ERROR] LogOutputStream:75 - [STDERR_REDIRECT] 
2026-10-06 16:15:19,661 [ERROR] LogOutputStream:75 - [STDERR_REDIRECT] [Fatal Error] :1:1: Premature end of file.
2026-10-06 16:15:19,661 [ERROR] LogOutputStream:75 - [STDERR_REDIRECT] 
2026-10-06 16:15:20,656 [ERROR] LogOutputStream:75 - [STDERR_REDIRECT] [Fatal Error] :1:1: Premature end of file.
2026-10-06 16:15:20,656 [ERROR] LogOutputStream:75 - [STDERR_REDIRECT] 
2026-10-06 16:15:21,672 [ERROR] LogOutputStream:75 - [STDERR_REDIRECT] [Fatal Error] :1:1: Premature end of file.
2026-10-06 16:15:21,672 [ERROR] LogOutputStream:75 - [STDERR_REDIRECT] 
2026-10-06 16:15:22,660 [ERROR] LogOutputStream:75 - [STDERR_REDIRECT] [Fatal Error] :1:1: Premature end of file.
2026-10-06 16:15:22,660 [ERROR] LogOutputStream:75 - [STDERR_REDIRECT] 
2026-10-06 16:15:23,664 [ERROR] LogOutputStream:75 - [STDERR_REDIRECT] [Fatal Error] :1:1: Premature end of file.
2026-10-06 16:15:23,664 [ERROR] LogOutputStream:75 - [STDERR_REDIRECT] 
2026-10-06 16:15:24,666 [ERROR] LogOutputStream:75 - [STDERR_REDIRECT] [Fatal Error] :1:1: Premature end of file.
2026-10-06 16:15:24,666 [ERROR] LogOutputStream:75 - [STDERR_REDIRECT] 
2026-10-06 16:15:25,667 [ERROR] LogOutputStream:75 - [STDERR_REDIRECT] [Fatal Error] :1:1: Premature end of file.
2026-10-06 16:15:25,667 [ERROR] LogOutputStream:75 - [STDERR_REDIRECT] 
2026-10-06 16:15:26,669 [ERROR] LogOutputStream:75 - [STDERR_REDIRECT] [Fatal Error] :1:1: Premature end of file.
2026-10-06 16:15:26,669 [ERROR] LogOutputStream:75 - [STDERR_REDIRECT] 
2026-10-06 16:15:27,665 [ERROR] LogOutputStream:75 - [STDERR_REDIRECT] [Fatal Error] :1:1: Premature end of file.
2026-10-06 16:15:27,665 [ERROR] LogOutputStream:75 - [STDERR_REDIRECT] 
2026-10-06 16:15:28,662 [ERROR] LogOutputStream:75 - [STDERR_REDIRECT] [Fatal Error] :1:1: Premature end of file.
2026-10-06 16:15:28,662 [ERROR] LogOutputStream:75 - [STDERR_REDIRECT] 
2026-10-06 16:15:29,668 [ERROR] LogOutputStream:75 - [STDERR_REDIRECT] [Fatal Error] :1:1: Premature end of file.
2026-10-06 16:15:29,668 [ERROR] LogOutputStream:75 - [STDERR_REDIRECT] 
2026-10-06 16:15:30,675 [ERROR] LogOutputStream:75 - [STDERR_REDIRECT] [Fatal Error] :1:1: Premature end of file.
2026-10-06 16:15:30,675 [ERROR] LogOutputStream:75 - [STDERR_REDIRECT] 
2026-10-06 16:15:31,675 [ERROR] LogOutputStream:75 - [STDERR_REDIRECT] [Fatal Error] :1:1: Premature end of file.
2026-10-06 16:15:31,675 [ERROR] LogOutputStream:75 - [STDERR_REDIRECT] 
2026-10-06 16:15:32,674 [ERROR] LogOutputStream:75 - [STDERR_REDIRECT] [Fatal Error] :1:1: Premature end of file.
2026-10-06 16:15:32,674 [ERROR] LogOutputStream:75 - [STDERR_REDIRECT] 
2026-10-06 16:15:33,674 [ERROR] LogOutputStream:75 - [STDERR_REDIRECT] [Fatal Error] :1:1: Premature end of file.
2026-10-06 16:15:33,674 [ERROR] LogOutputStream:75 - [STDERR_REDIRECT] 
2026-10-06 16:15:34,671 [ERROR] LogOutputStream:75 - [STDERR_REDIRECT] [Fatal Error] :1:1: Premature end of file.
2026-10-06 16:15:34,671 [ERROR] LogOutputStream:75 - [STDERR_REDIRECT] 
2026-10-06 16:15:35,665 [ERROR] LogOutputStream:75 - [STDERR_REDIRECT] [Fatal Error] :1:1: Premature end of file.
2026-10-06 16:15:35,665 [ERROR] LogOutputStream:75 - [STDERR_REDIRECT] 
2026-10-06 16:15:36,678 [ERROR] LogOutputStream:75 - [STDERR_REDIRECT] [Fatal Error] :1:1: Premature end of file.
2026-10-06 16:15:36,678 [ERROR] LogOutputStream:75 - [STDERR_REDIRECT] 
2026-10-06 16:15:37,676 [ERROR] LogOutputStream:75 - [STDERR_REDIRECT] [Fatal Error] :1:1: Premature end of file.
2026-10-06 16:15:37,676 [ERROR] LogOutputStream:75 - [STDERR_REDIRECT] 
2026-10-06 16:15:38,659 [ERROR] LogOutputStream:75 - [STDERR_REDIRECT] [Fatal Error] :1:1: Premature end of file.
2026-10-06 16:15:38,659 [ERROR] LogOutputStream:75 - [STDERR_REDIRECT] 
2026-10-06 16:15:39,661 [ERROR] LogOutputStream:75 - [STDERR_REDIRECT] [Fatal Error] :1:1: Premature end of file.
2026-10-06 16:15:39,661 [ERROR] LogOutputStream:75 - [STDERR_REDIRECT] 
2026-10-06 16:15:40,663 [ERROR] LogOutputStream:75 - [STDERR_REDIRECT] [Fatal Error] :1:1: Premature end of file.
2026-10-06 16:15:40,663 [ERROR] LogOutputStream:75 - [STDERR_REDIRECT] 
2026-10-06 16:15:41,655 [ERROR] LogOutputStream:75 - [STDERR_REDIRECT] [Fatal Error] :1:1: Premature end of file.
2026-10-06 16:15:41,655 [ERROR] LogOutputStream:75 - [STDERR_REDIRECT] 
2026-10-06 16:15:42,664 [ERROR] LogOutputStream:75 - [STDERR_REDIRECT] [Fatal Error] :1:1: Premature end of file.
2026-10-06 16:15:42,664 [ERROR] LogOutputStream:75 - [STDERR_REDIRECT] 
2026-10-06 16:15:43,669 [ERROR] LogOutputStream:75 - [STDERR_REDIRECT] [Fatal Error] :1:1: Premature end of file.
2026-10-06 16:15:43,669 [ERROR] LogOutputStream:75 - [STDERR_REDIRECT] 
2026-10-06 16:15:44,657 [ERROR] LogOutputStream:75 - [STDERR_REDIRECT] [Fatal Error] :1:1: Premature end of file.
2026-10-06 16:15:44,657 [ERROR] LogOutputStream:75 - [STDERR_REDIRECT] 
2026-10-06 16:15:45,667 [ERROR] LogOutputStream:75 - [STDERR_REDIRECT] [Fatal Error] :1:1: Premature end of file.
2026-10-06 16:15:45,667 [ERROR] LogOutputStream:75 - [STDERR_REDIRECT] 
2026-10-06 16:15:46,663 [ERROR] LogOutputStream:75 - [STDERR_REDIRECT] [Fatal Error] :1:1: Premature end of file.
2026-10-06 16:15:46,663 [ERROR] LogOutputStream:75 - [STDERR_REDIRECT] 
2026-10-06 16:15:47,675 [ERROR] LogOutputStream:75 - [STDERR_REDIRECT] [Fatal Error] :1:1: Premature end of file.
2026-10-06 16:15:47,675 [ERROR] LogOutputStream:75 - [STDERR_REDIRECT] 
2026-10-06 16:15:48,666 [ERROR] LogOutputStream:75 - [STDERR_REDIRECT] [Fatal Error] :1:1: Premature end of file.
2026-10-06 16:15:48,666 [ERROR] LogOutputStream:75 - [STDERR_REDIRECT] 
2026-10-06 16:15:49,663 [ERROR] LogOutputStream:75 - [STDERR_REDIRECT] [Fatal Error] :1:1: Premature end of file.
2026-10-06 16:15:49,663 [ERROR] LogOutputStream:75 - [STDERR_REDIRECT] 
2026-10-06 16:15:50,659 [ERROR] LogOutputStream:75 - [STDERR_REDIRECT] [Fatal Error] :1:1: Premature end of file.
2026-10-06 16:15:50,659 [ERROR] LogOutputStream:75 - [STDERR_REDIRECT] 
2026-10-06 16:15:51,669 [ERROR] LogOutputStream:75 - [STDERR_REDIRECT] [Fatal Error] :1:1: Premature end of file.
2026-10-06 16:15:51,669 [ERROR] LogOutputStream:75 - [STDERR_REDIRECT] 
2026-10-06 16:15:52,661 [ERROR] LogOutputStream:75 - [STDERR_REDIRECT] [Fatal Error] :1:1: Premature end of file.
2026-10-06 16:15:52,661 [ERROR] LogOutputStream:75 - [STDERR_REDIRECT] 
2026-10-06 16:15:53,670 [ERROR] LogOutputStream:75 - [STDERR_REDIRECT] [Fatal Error] :1:1: Premature end of file.
2026-10-06 16:15:53,670 [ERROR] LogOutputStream:75 - [STDERR_REDIRECT] 
2026-10-06 16:15:54,669 [ERROR] LogOutputStream:75 - [STDERR_REDIRECT] [Fatal Error] :1:1: Premature end of file.
2026-10-06 16:15:54,669 [ERROR] LogOutputStream:75 - [STDERR_REDIRECT] 
2026-10-06 16:15:55,662 [ERROR] LogOutputStream:75 - [STDERR_REDIRECT] [Fatal Error] :1:1: Premature end of file.
2026-10-06 16:15:55,663 [ERROR] LogOutputStream:75 - [STDERR_REDIRECT] 
2026-10-06 16:15:56,657 [ERROR] LogOutputStream:75 - [STDERR_REDIRECT] [Fatal Error] :1:1: Premature end of file.
2026-10-06 16:15:56,657 [ERROR] LogOutputStream:75 - [STDERR_REDIRECT] 
2026-10-06 16:15:57,664 [ERROR] LogOutputStream:75 - [STDERR_REDIRECT] [Fatal Error] :1:1: Premature end of file.
2026-10-06 16:15:57,664 [ERROR] LogOutputStream:75 - [STDERR_REDIRECT] 
2026-10-06 16:15:58,666 [ERROR] LogOutputStream:75 - [STDERR_REDIRECT] [Fatal Error] :1:1: Premature end of file.
2026-10-06 16:15:58,666 [ERROR] LogOutputStream:75 - [STDERR_REDIRECT] 
2026-10-06 16:15:59,672 [ERROR] LogOutputStream:75 - [STDERR_REDIRECT] [Fatal Error] :1:1: Premature end of file.
2026-10-06 16:15:59,672 [ERROR] LogOutputStream:75 - [STDERR_REDIRECT] 
2026-10-06 16:16:00,663 [ERROR] LogOutputStream:75 - [STDERR_REDIRECT] [Fatal Error] :1:1: Premature end of file.
2026-10-06 16:16:00,663 [ERROR] LogOutputStream:75 - [STDERR_REDIRECT] 
2026-10-06 16:16:01,659 [ERROR] LogOutputStream:75 - [STDERR_REDIRECT] [Fatal Error] :1:1: Premature end of file.
2026-10-06 16:16:01,659 [ERROR] LogOutputStream:75 - [STDERR_REDIRECT] 
2026-10-06 16:16:02,659 [ERROR] LogOutputStream:75 - [STDERR_REDIRECT] [Fatal Error] :1:1: Premature end of file.
2026-10-06 16:16:02,659 [ERROR] LogOutputStream:75 - [STDERR_REDIRECT] 
2026-10-06 16:16:03,664 [ERROR] LogOutputStream:75 - [STDERR_REDIRECT] [Fatal Error] :1:1: Premature end of file.
2026-10-06 16:16:03,664 [ERROR] LogOutputStream:75 - [STDERR_REDIRECT] 
2026-10-06 16:16:04,663 [ERROR] LogOutputStream:75 - [STDERR_REDIRECT] [Fatal Error] :1:1: Premature end of file.
2026-10-06 16:16:04,663 [ERROR] LogOutputStream:75 - [STDERR_REDIRECT] 
2026-10-06 16:16:05,681 [ERROR] LogOutputStream:75 - [STDERR_REDIRECT] [Fatal Error] :1:1: Premature end of file.
2026-10-06 16:16:05,681 [ERROR] LogOutputStream:75 - [STDERR_REDIRECT] 
2026-10-06 16:16:06,664 [ERROR] LogOutputStream:75 - [STDERR_REDIRECT] [Fatal Error] :1:1: Premature end of file.
2026-10-06 16:16:06,664 [ERROR] LogOutputStream:75 - [STDERR_REDIRECT] 
2026-10-06 16:16:07,665 [ERROR] LogOutputStream:75 - [STDERR_REDIRECT] [Fatal Error] :1:1: Premature end of file.
2026-10-06 16:16:07,665 [ERROR] LogOutputStream:75 - [STDERR_REDIRECT] 
2026-10-06 16:16:08,655 [ERROR] LogOutputStream:75 - [STDERR_REDIRECT] [Fatal Error] :1:1: Premature end of file.
2026-10-06 16:16:08,655 [ERROR] LogOutputStream:75 - [STDERR_REDIRECT] 
2026-10-06 16:16:09,654 [ERROR] LogOutputStream:75 - [STDERR_REDIRECT] [Fatal Error] :1:1: Premature end of file.
2026-10-06 16:16:09,655 [ERROR] LogOutputStream:75 - [STDERR_REDIRECT] 
2026-10-06 16:16:10,664 [ERROR] LogOutputStream:75 - [STDERR_REDIRECT] [Fatal Error] :1:1: Premature end of file.
2026-10-06 16:16:10,664 [ERROR] LogOutputStream:75 - [STDERR_REDIRECT] 
2026-10-06 16:16:11,675 [ERROR] LogOutputStream:75 - [STDERR_REDIRECT] [Fatal Error] :1:1: Premature end of file.
2026-10-06 16:16:11,675 [ERROR] LogOutputStream:75 - [STDERR_REDIRECT] 
2026-10-06 16:16:12,667 [ERROR] LogOutputStream:75 - [STDERR_REDIRECT] [Fatal Error] :1:1: Premature end of file.
2026-10-06 16:16:12,667 [ERROR] LogOutputStream:75 - [STDERR_REDIRECT] 
2026-10-06 16:16:13,659 [ERROR] LogOutputStream:75 - [STDERR_REDIRECT] [Fatal Error] :1:1: Premature end of file.
2026-10-06 16:16:13,659 [ERROR] LogOutputStream:75 - [STDERR_REDIRECT] 
2026-10-06 16:16:14,758 [ERROR] LogOutputStream:75 - [STDERR_REDIRECT] [Fatal Error] :1:1: Premature end of file.
2026-10-06 16:16:14,758 [ERROR] LogOutputStream:75 - [STDERR_REDIRECT] 
2026-10-06 16:16:15,657 [ERROR] LogOutputStream:75 - [STDERR_REDIRECT] [Fatal Error] :1:1: Premature end of file.
2026-10-06 16:16:15,658 [ERROR] LogOutputStream:75 - [STDERR_REDIRECT] 
2026-10-06 16:16:16,650 [ERROR] LogOutputStream:75 - [STDERR_REDIRECT] [Fatal Error] :1:1: Premature end of file.
2026-10-06 16:16:16,650 [ERROR] LogOutputStream:75 - [STDERR_REDIRECT] 
2026-10-06 16:16:17,663 [ERROR] LogOutputStream:75 - [STDERR_REDIRECT] [Fatal Error] :1:1: Premature end of file.
2026-10-06 16:16:17,663 [ERROR] LogOutputStream:75 - [STDERR_REDIRECT] 
2026-10-06 16:16:18,661 [ERROR] LogOutputStream:75 - [STDERR_REDIRECT] [Fatal Error] :1:1: Premature end of file.
2026-10-06 16:16:18,661 [ERROR] LogOutputStream:75 - [STDERR_REDIRECT] 
2026-10-06 16:16:19,664 [ERROR] LogOutputStream:75 - [STDERR_REDIRECT] [Fatal Error] :1:1: Premature end of file.
2026-10-06 16:16:19,664 [ERROR] LogOutputStream:75 - [STDERR_REDIRECT] 
2026-10-06 16:16:20,654 [ERROR] LogOutputStream:75 - [STDERR_REDIRECT] [Fatal Error] :1:1: Premature end of file.
2026-10-06 16:16:20,654 [ERROR] LogOutputStream:75 - [STDERR_REDIRECT] 
2026-10-06 16:16:21,662 [ERROR] LogOutputStream:75 - [STDERR_REDIRECT] [Fatal Error] :1:1: Premature end of file.
2026-10-06 16:16:21,663 [ERROR] LogOutputStream:75 - [STDERR_REDIRECT] 
2026-10-06 16:16:22,657 [ERROR] LogOutputStream:75 - [STDERR_REDIRECT] [Fatal Error] :1:1: Premature end of file.
2026-10-06 16:16:22,657 [ERROR] LogOutputStream:75 - [STDERR_REDIRECT] 
2026-10-06 16:16:23,651 [ERROR] LogOutputStream:75 - [STDERR_REDIRECT] [Fatal Error] :1:1: Premature end of file.
2026-10-06 16:16:23,651 [ERROR] LogOutputStream:75 - [STDERR_REDIRECT] 
2026-10-06 16:16:24,650 [ERROR] LogOutputStream:75 - [STDERR_REDIRECT] [Fatal Error] :1:1: Premature end of file.
2026-10-06 16:16:24,650 [ERROR] LogOutputStream:75 - [STDERR_REDIRECT] 
2026-10-06 16:16:25,657 [ERROR] LogOutputStream:75 - [STDERR_REDIRECT] [Fatal Error] :1:1: Premature end of file.
2026-10-06 16:16:25,657 [ERROR] LogOutputStream:75 - [STDERR_REDIRECT] 
2026-10-06 16:16:26,649 [ERROR] LogOutputStream:75 - [STDERR_REDIRECT] [Fatal Error] :1:1: Premature end of file.
2026-10-06 16:16:26,649 [ERROR] LogOutputStream:75 - [STDERR_REDIRECT] 
2026-10-06 16:16:27,657 [ERROR] LogOutputStream:75 - [STDERR_REDIRECT] [Fatal Error] :1:1: Premature end of file.
2026-10-06 16:16:27,657 [ERROR] LogOutputStream:75 - [STDERR_REDIRECT] 
2026-10-06 16:16:28,655 [ERROR] LogOutputStream:75 - [STDERR_REDIRECT] [Fatal Error] :1:1: Premature end of file.
2026-10-06 16:16:28,656 [ERROR] LogOutputStream:75 - [STDERR_REDIRECT] 
2026-10-06 16:16:29,653 [ERROR] LogOutputStream:75 - [STDERR_REDIRECT] [Fatal Error] :1:1: Premature end of file.
2026-10-06 16:16:29,653 [ERROR] LogOutputStream:75 - [STDERR_REDIRECT] 
2026-10-06 16:16:30,648 [ERROR] LogOutputStream:75 - [STDERR_REDIRECT] [Fatal Error] :1:1: Premature end of file.
2026-10-06 16:16:30,648 [ERROR] LogOutputStream:75 - [STDERR_REDIRECT] 
2026-10-06 16:16:31,646 [ERROR] LogOutputStream:75 - [STDERR_REDIRECT] [Fatal Error] :1:1: Premature end of file.
2026-10-06 16:16:31,646 [ERROR] LogOutputStream:75 - [STDERR_REDIRECT] 
2026-10-06 16:16:32,646 [ERROR] LogOutputStream:75 - [STDERR_REDIRECT] [Fatal Error] :1:1: Premature end of file.
2026-10-06 16:16:32,646 [ERROR] LogOutputStream:75 - [STDERR_REDIRECT] 
2026-10-06 16:16:33,659 [ERROR] LogOutputStream:75 - [STDERR_REDIRECT] [Fatal Error] :1:1: Premature end of file.
2026-10-06 16:16:33,659 [ERROR] LogOutputStream:75 - [STDERR_REDIRECT] 
2026-10-06 16:16:34,079 [ERROR] LogOutputStream:75 - [STDERR_REDIRECT] 
