2026-10-01 15:45:47,358 [INFO] Activator:176 - 


2026-10-01 15:45:47,367 [INFO] Activator:177 - !SESSION log4j initialized
2026-10-01 15:46:02,779 [INFO] LogOutputStream:77 - [STDOUT_REDIRECT] 
2026-10-01 15:46:15,744 [INFO] ApplicationProperties:184 - Using Application install path: C:\ST\STM32CubeIDE_1.19.0\STM32CubeIDE\plugins\com.st.stm32cube.common.mx_6.15.0.202507011659
2026-10-01 15:46:15,808 [INFO] DbMcusXml:78 - Set database path to: C:\ST\STM32CubeIDE_1.19.0\STM32CubeIDE\plugins\com.st.stm32cube.common.mx_6.15.0.202507011659\\db\/mcu/
2026-10-01 15:46:15,808 [INFO] ApiDb:274 - Set plugin database path to: C:\ST\STM32CubeIDE_1.19.0\STM32CubeIDE\plugins\com.st.stm32cube.common.mx_6.15.0.202507011659\\db\/plugins/boardmanager/
2026-10-01 15:46:15,808 [WARN] ApiDb:259 - Overriding images path with different value:  => C:\ST\STM32CubeIDE_1.19.0\STM32CubeIDE\plugins\com.st.stm32cube.common.mx_6.15.0.202507011659\\db\/plugins/mcufinder/images/
2026-10-01 15:46:15,829 [INFO] ApiDb:250 - Set database path to: C:\Users\Admin\.stmcufinder\plugins\mcufinder//mcu/
2026-10-01 15:46:15,834 [INFO] DbMcusAds:125 - Set database path to: C:\Users\Admin\.stmcufinder\plugins\mcufinder//mcu/
2026-10-01 15:46:16,112 [INFO] CrossReferenceDbSqlite:203 - Set database path to: C:\Users\Admin\.stmcufinder\plugins\mcufinder//mcu/cs/
2026-10-01 15:46:16,967 [INFO] RulesReader:64 - Compatibility file has been processed (317 Rules)
2026-10-01 15:46:17,260 [INFO] DbMcusXml:78 - Set database path to: C:\ST\STM32CubeIDE_1.19.0\STM32CubeIDE\plugins\com.st.stm32cube.common.mx_6.15.0.202507011659\\db\/mcu/
2026-10-01 15:46:17,260 [INFO] ApiDb:274 - Set plugin database path to: C:\ST\STM32CubeIDE_1.19.0\STM32CubeIDE\plugins\com.st.stm32cube.common.mx_6.15.0.202507011659\\db\/plugins/boardmanager/
2026-10-01 15:46:17,260 [INFO] ApiDb:261 - Set plugin images path to: C:\ST\STM32CubeIDE_1.19.0\STM32CubeIDE\plugins\com.st.stm32cube.common.mx_6.15.0.202507011659\\db\/plugins/mcufinder/images/
2026-10-01 15:46:17,260 [WARN] DbFile:41 - Overriding database path with different value: C:\Users\Admin\.stmcufinder\plugins\mcufinder/ => C:\Users\Admin\.stmcufinder\plugins\mcufinder
2026-10-01 15:46:17,267 [INFO] ApiDb:250 - Set database path to: C:\Users\Admin\.stmcufinder\plugins\mcufinder//mcu/
2026-10-01 15:46:17,267 [WARN] DbFile:41 - Overriding database path with different value: C:\Users\Admin\.stmcufinder\plugins\mcufinder/ => C:\Users\Admin\.stmcufinder\plugins\mcufinder
2026-10-01 15:46:17,267 [INFO] DbMcusAds:125 - Set database path to: C:\Users\Admin\.stmcufinder\plugins\mcufinder//mcu/
2026-10-01 15:46:17,267 [WARN] DbFile:41 - Overriding database path with different value: C:\Users\Admin\.stmcufinder\plugins\mcufinder/ => C:\Users\Admin\.stmcufinder\plugins\mcufinder
2026-10-01 15:46:17,267 [WARN] DbFile:41 - Overriding database path with different value: C:\Users\Admin\.stmcufinder\plugins\mcufinder/ => C:\Users\Admin\.stmcufinder\plugins\mcufinder
2026-10-01 15:46:17,267 [INFO] CrossReferenceDbSqlite:203 - Set database path to: C:\Users\Admin\.stmcufinder\plugins\mcufinder//mcu/cs/
2026-10-01 15:46:17,752 [INFO] MainPanel:274 - HeapMemory: 268435456
2026-10-01 15:46:18,144 [INFO] DbMcusXml:78 - Set database path to: C:\ST\STM32CubeIDE_1.19.0\STM32CubeIDE\plugins\com.st.stm32cube.common.mx_6.15.0.202507011659\\db\/mcu/
2026-10-01 15:46:18,144 [INFO] ApiDb:274 - Set plugin database path to: C:\ST\STM32CubeIDE_1.19.0\STM32CubeIDE\plugins\com.st.stm32cube.common.mx_6.15.0.202507011659\\db\/plugins/boardmanager/
2026-10-01 15:46:18,144 [INFO] ApiDb:261 - Set plugin images path to: C:\ST\STM32CubeIDE_1.19.0\STM32CubeIDE\plugins\com.st.stm32cube.common.mx_6.15.0.202507011659\\db\/plugins/mcufinder/images/
2026-10-01 15:46:18,144 [WARN] DbFile:41 - Overriding database path with different value: C:\Users\Admin\.stmcufinder\plugins\mcufinder/ => C:\Users\Admin\.stmcufinder\plugins\mcufinder
2026-10-01 15:46:18,146 [INFO] ApiDb:250 - Set database path to: C:\Users\Admin\.stmcufinder\plugins\mcufinder//mcu/
2026-10-01 15:46:18,146 [WARN] DbFile:41 - Overriding database path with different value: C:\Users\Admin\.stmcufinder\plugins\mcufinder/ => C:\Users\Admin\.stmcufinder\plugins\mcufinder
2026-10-01 15:46:18,146 [INFO] DbMcusAds:125 - Set database path to: C:\Users\Admin\.stmcufinder\plugins\mcufinder//mcu/
2026-10-01 15:46:18,146 [WARN] DbFile:41 - Overriding database path with different value: C:\Users\Admin\.stmcufinder\plugins\mcufinder/ => C:\Users\Admin\.stmcufinder\plugins\mcufinder
2026-10-01 15:46:18,146 [WARN] DbFile:41 - Overriding database path with different value: C:\Users\Admin\.stmcufinder\plugins\mcufinder/ => C:\Users\Admin\.stmcufinder\plugins\mcufinder
2026-10-01 15:46:18,148 [INFO] CrossReferenceDbSqlite:203 - Set database path to: C:\Users\Admin\.stmcufinder\plugins\mcufinder//mcu/cs/
2026-10-01 15:46:18,194 [INFO] ApplicationProperties:184 - Using Application install path: C:\ST\STM32CubeIDE_1.19.0\STM32CubeIDE\plugins\com.st.stm32cube.common.mx_6.15.0.202507011659
2026-10-01 15:46:18,198 [INFO] PluginManage:196 - Search for loadable plugins [exclusion list=, ]
2026-10-01 15:46:18,200 [INFO] PluginManage:310 - Check plugin analytics
2026-10-01 15:46:19,126 [INFO] AnalyticsPlugin:253 - Accepted Software Licenses: STM32CubeMX.6.18.1
2026-10-01 15:46:19,126 [INFO] AnalyticsPlugin:255 - Accepted CMSIS Pack Licenses: 
2026-10-01 15:46:19,126 [INFO] AnalyticsPlugin:257 - Accepted Firmware Licenses: FW.F1.1.8.7
2026-10-01 15:46:19,153 [INFO] PluginManage:359 - Loaded plugin analytics (category:tool,tabindex:-1)
2026-10-01 15:46:19,153 [INFO] PluginManage:310 - Check plugin cadmodel
2026-10-01 15:46:19,194 [INFO] CADModel:105 - Init CAD model plugin
2026-10-01 15:46:19,194 [INFO] PluginManage:359 - Loaded plugin cadmodel (category:power,tabindex:5)
2026-10-01 15:46:19,196 [INFO] PluginManage:310 - Check plugin clock
2026-10-01 15:46:19,237 [INFO] PluginManage:359 - Loaded plugin clock (category:base,tabindex:2)
2026-10-01 15:46:19,238 [INFO] PluginManage:310 - Check plugin ddr
2026-10-01 15:46:19,267 [INFO] PluginManage:359 - Loaded plugin ddr (category:tool,tabindex:6)
2026-10-01 15:46:19,304 [INFO] PluginManage:310 - Check plugin filemanager
2026-10-01 15:46:19,605 [INFO] PluginManage:359 - Loaded plugin filemanager (category:base,tabindex:10)
2026-10-01 15:46:19,605 [INFO] PluginManage:310 - Check plugin ipmanager
2026-10-01 15:46:19,619 [INFO] PluginManage:359 - Loaded plugin ipmanager (category:base,tabindex:5)
2026-10-01 15:46:19,619 [INFO] PluginManage:310 - Check plugin lpbam
2026-10-01 15:46:19,630 [INFO] PluginManage:359 - Loaded plugin lpbam (category:base,tabindex:0)
2026-10-01 15:46:19,638 [INFO] PluginManage:310 - Check plugin memorymap
2026-10-01 15:46:19,659 [INFO] PluginManage:359 - Loaded plugin memorymap (category:base,tabindex:4)
2026-10-01 15:46:19,661 [INFO] PluginManage:310 - Check plugin pinoutandconfiguration
2026-10-01 15:46:19,678 [INFO] PluginManage:359 - Loaded plugin pinoutandconfiguration (category:base,tabindex:1)
2026-10-01 15:46:19,678 [INFO] PluginManage:310 - Check plugin pinoutconfig
2026-10-01 15:46:19,882 [WARN] SupportedApi:132 - Cannot load RTOS API schema: s4s-elt-must-match.1: The content of 'definitions' must match (annotation?, (simpleType | complexType)?, (unique | key | keyref)*)). A problem was found starting at: attribute.
2026-10-01 15:46:20,285 [INFO] PluginManage:359 - Loaded plugin pinoutconfig (category:base,tabindex:0)
2026-10-01 15:46:20,285 [INFO] PluginManage:310 - Check plugin power
2026-10-01 15:46:20,302 [INFO] PluginManage:359 - Loaded plugin power (category:power,tabindex:4)
2026-10-01 15:46:20,302 [INFO] PluginManage:310 - Check plugin projectmanager
2026-10-01 15:46:20,339 [INFO] PluginManage:359 - Loaded plugin projectmanager (category:projectmanager,tabindex:4)
2026-10-01 15:46:20,339 [INFO] PluginManage:310 - Check plugin rif
2026-10-01 15:46:20,356 [INFO] PluginManage:359 - Loaded plugin rif (category:base,tabindex:3)
2026-10-01 15:46:20,356 [INFO] PluginManage:310 - Check plugin thirdparty
2026-10-01 15:46:20,841 [INFO] PluginManage:359 - Loaded plugin thirdparty (category:base,tabindex:-1)
2026-10-01 15:46:20,841 [WARN] IntegrityCheckThread:84 - waiting for thirdparty lock release [integrity check]
2026-10-01 15:46:20,841 [INFO] IntegrityCheckThread:86 - entering critical section [integrity check]
2026-10-01 15:46:20,843 [INFO] PluginManage:310 - Check plugin tools
2026-10-01 15:46:20,843 [INFO] ThirdPartyUpdaterWithRetryManager:70 - Updater plugin not ready yet. [1/15]
2026-10-01 15:46:20,847 [INFO] PluginManage:359 - Loaded plugin tools (category:base,tabindex:7)
2026-10-01 15:46:20,847 [INFO] PluginManage:310 - Check plugin tutovideos
2026-10-01 15:46:21,889 [INFO] PluginManage:359 - Loaded plugin tutovideos (category:base,tabindex:-1)
2026-10-01 15:46:21,889 [INFO] PluginManage:310 - Check plugin updater
2026-10-01 15:46:21,943 [INFO] PluginManage:359 - Loaded plugin updater (category:base,tabindex:12)
2026-10-01 15:46:21,943 [INFO] PluginManage:310 - Check plugin userauth
2026-10-01 15:46:21,951 [INFO] UserAuth:118 - Init User Auth plugin
2026-10-01 15:46:21,951 [INFO] PluginManage:359 - Loaded plugin userauth (category:base,tabindex:14)
2026-10-01 15:46:21,951 [INFO] PluginManage:283 - PluginManage : Loaded plugins [18]
2026-10-01 15:46:23,435 [INFO] PinOutPanel:1589 - setPackage(No Configuration,No Configuration)
2026-10-01 15:46:23,859 [INFO] ThirdPartyUpdaterWithRetryManager:70 - Updater plugin not ready yet. [2/15]
2026-10-01 15:46:27,229 [INFO] ThirdPartyUpdaterWithRetryManager:70 - Updater plugin not ready yet. [3/15]
2026-10-01 15:46:27,909 [INFO] CADModel:165 - CPN selected for project level
2026-10-01 15:46:27,956 [INFO] CADModel:114 - Register for checkConnection events
2026-10-01 15:46:28,226 [INFO] IPUIPlugin:80 - create IPUIPlugin
2026-10-01 15:46:28,226 [INFO] PluginManager:220 - loadIPPluginJar : add adc
2026-10-01 15:46:28,312 [INFO] IPUIPlugin:80 - create IPUIPlugin
2026-10-01 15:46:28,312 [INFO] PluginManager:220 - loadIPPluginJar : add aes
2026-10-01 15:46:28,328 [INFO] IPUIPlugin:80 - create IPUIPlugin
2026-10-01 15:46:28,330 [INFO] PluginManager:220 - loadIPPluginJar : add can
2026-10-01 15:46:28,341 [INFO] IPUIPlugin:80 - create IPUIPlugin
2026-10-01 15:46:28,341 [INFO] PluginManager:220 - loadIPPluginJar : add comp
2026-10-01 15:46:28,453 [INFO] IPUIPlugin:80 - create IPUIPlugin
2026-10-01 15:46:28,453 [INFO] PluginManager:220 - loadIPPluginJar : add cryp
2026-10-01 15:46:28,504 [INFO] IPUIPlugin:80 - create IPUIPlugin
2026-10-01 15:46:28,510 [INFO] PluginManager:220 - loadIPPluginJar : add ddr_ctrl_phy
2026-10-01 15:46:28,547 [INFO] IPUIPlugin:80 - create IPUIPlugin
2026-10-01 15:46:28,547 [INFO] PluginManager:220 - loadIPPluginJar : add dfsdm
2026-10-01 15:46:28,642 [INFO] IPUIPlugin:80 - create IPUIPlugin
2026-10-01 15:46:28,660 [INFO] PluginManager:220 - loadIPPluginJar : add dma
2026-10-01 15:46:28,688 [INFO] IPUIPlugin:80 - create IPUIPlugin
2026-10-01 15:46:28,688 [INFO] PluginManager:220 - loadIPPluginJar : add dma3
2026-10-01 15:46:28,801 [INFO] IPUIPlugin:80 - create IPUIPlugin
2026-10-01 15:46:28,801 [INFO] PluginManager:220 - loadIPPluginJar : add extmemmanager
2026-10-01 15:46:28,833 [INFO] IPUIPlugin:80 - create IPUIPlugin
2026-10-01 15:46:28,835 [INFO] PluginManager:220 - loadIPPluginJar : add fatfs
2026-10-01 15:46:28,861 [INFO] IPUIPlugin:80 - create IPUIPlugin
2026-10-01 15:46:28,861 [INFO] PluginManager:220 - loadIPPluginJar : add fmc
2026-10-01 15:46:28,992 [INFO] IPUIPlugin:80 - create IPUIPlugin
2026-10-01 15:46:28,992 [INFO] PluginManager:220 - loadIPPluginJar : add freertos
2026-10-01 15:46:29,008 [INFO] IPUIPlugin:80 - create IPUIPlugin
2026-10-01 15:46:29,008 [INFO] PluginManager:220 - loadIPPluginJar : add genericplugin
2026-10-01 15:46:29,043 [INFO] IPUIPlugin:80 - create IPUIPlugin
2026-10-01 15:46:29,043 [INFO] PluginManager:220 - loadIPPluginJar : add gfxmmu
2026-10-01 15:46:29,187 [INFO] IPUIPlugin:80 - create IPUIPlugin
2026-10-01 15:46:29,187 [INFO] PluginManager:220 - loadIPPluginJar : add gic
2026-10-01 15:46:29,256 [INFO] IPUIPlugin:80 - create IPUIPlugin
2026-10-01 15:46:29,256 [INFO] PluginManager:220 - loadIPPluginJar : add gpio
2026-10-01 15:46:29,368 [INFO] IPUIPlugin:80 - create IPUIPlugin
2026-10-01 15:46:29,372 [INFO] PluginManager:220 - loadIPPluginJar : add gtzc
2026-10-01 15:46:29,394 [INFO] IPUIPlugin:80 - create IPUIPlugin
2026-10-01 15:46:29,394 [INFO] PluginManager:220 - loadIPPluginJar : add hash
2026-10-01 15:46:29,409 [INFO] IPUIPlugin:80 - create IPUIPlugin
2026-10-01 15:46:29,411 [INFO] PluginManager:220 - loadIPPluginJar : add i2c
2026-10-01 15:46:29,504 [INFO] IPUIPlugin:80 - create IPUIPlugin
2026-10-01 15:46:29,519 [INFO] PluginManager:220 - loadIPPluginJar : add i2s
2026-10-01 15:46:29,569 [INFO] IPUIPlugin:80 - create IPUIPlugin
2026-10-01 15:46:29,569 [INFO] PluginManager:220 - loadIPPluginJar : add i3c
2026-10-01 15:46:30,215 [INFO] IPUIPlugin:80 - create IPUIPlugin
2026-10-01 15:46:30,215 [INFO] PluginManager:220 - loadIPPluginJar : add ipddr
2026-10-01 15:46:30,252 [INFO] ThirdPartyUpdaterWithRetryManager:70 - Updater plugin not ready yet. [4/15]
2026-10-01 15:46:30,358 [INFO] IPUIPlugin:80 - create IPUIPlugin
2026-10-01 15:46:30,358 [INFO] PluginManager:220 - loadIPPluginJar : add linkedlist
2026-10-01 15:46:30,409 [INFO] IPUIPlugin:80 - create IPUIPlugin
2026-10-01 15:46:30,412 [INFO] PluginManager:220 - loadIPPluginJar : add lorawan
2026-10-01 15:46:30,420 [INFO] IPUIPlugin:80 - create IPUIPlugin
2026-10-01 15:46:30,428 [INFO] PluginManager:220 - loadIPPluginJar : add ltdc
2026-10-01 15:46:30,502 [INFO] IPUIPlugin:80 - create IPUIPlugin
2026-10-01 15:46:30,528 [INFO] PluginManager:220 - loadIPPluginJar : add mdma
2026-10-01 15:46:30,566 [INFO] IPUIPlugin:80 - create IPUIPlugin
2026-10-01 15:46:30,582 [INFO] PluginManager:220 - loadIPPluginJar : add nvic
2026-10-01 15:46:30,596 [INFO] IPUIPlugin:80 - create IPUIPlugin
2026-10-01 15:46:30,596 [INFO] PluginManager:220 - loadIPPluginJar : add opamp
2026-10-01 15:46:30,626 [INFO] IPUIPlugin:80 - create IPUIPlugin
2026-10-01 15:46:30,626 [INFO] PluginManager:220 - loadIPPluginJar : add openamp
2026-10-01 15:46:30,694 [INFO] IPUIPlugin:80 - create IPUIPlugin
2026-10-01 15:46:30,694 [INFO] PluginManager:220 - loadIPPluginJar : add pdm2pcm
2026-10-01 15:46:30,919 [INFO] IPUIPlugin:80 - create IPUIPlugin
2026-10-01 15:46:30,934 [INFO] PluginManager:220 - loadIPPluginJar : add plateformsettings
2026-10-01 15:46:30,970 [INFO] IPUIPlugin:80 - create IPUIPlugin
2026-10-01 15:46:30,970 [INFO] PluginManager:220 - loadIPPluginJar : add quadspi
2026-10-01 15:46:30,981 [INFO] IPUIPlugin:80 - create IPUIPlugin
2026-10-01 15:46:30,985 [INFO] PluginManager:220 - loadIPPluginJar : add radio
2026-10-01 15:46:31,025 [INFO] IPUIPlugin:80 - create IPUIPlugin
2026-10-01 15:46:31,025 [INFO] PluginManager:220 - loadIPPluginJar : add resmgrutility
2026-10-01 15:46:31,121 [INFO] IPUIPlugin:80 - create IPUIPlugin
2026-10-01 15:46:31,121 [INFO] PluginManager:220 - loadIPPluginJar : add sai
2026-10-01 15:46:31,150 [INFO] IPUIPlugin:80 - create IPUIPlugin
2026-10-01 15:46:31,150 [INFO] PluginManager:220 - loadIPPluginJar : add spi
2026-10-01 15:46:31,376 [INFO] IPUIPlugin:80 - create IPUIPlugin
2026-10-01 15:46:31,461 [INFO] PluginManager:220 - loadIPPluginJar : add stm32_wpan
2026-10-01 15:46:31,473 [INFO] IPUIPlugin:80 - create IPUIPlugin
2026-10-01 15:46:31,477 [INFO] PluginManager:220 - loadIPPluginJar : add tim
2026-10-01 15:46:31,502 [INFO] IPUIPlugin:80 - create IPUIPlugin
2026-10-01 15:46:31,508 [INFO] PluginManager:220 - loadIPPluginJar : add touchsensing
2026-10-01 15:46:31,609 [INFO] IPUIPlugin:80 - create IPUIPlugin
2026-10-01 15:46:31,609 [INFO] PluginManager:220 - loadIPPluginJar : add tracer_emb
2026-10-01 15:46:31,625 [INFO] IPUIPlugin:80 - create IPUIPlugin
2026-10-01 15:46:31,625 [INFO] PluginManager:220 - loadIPPluginJar : add ts
2026-10-01 15:46:31,642 [INFO] IPUIPlugin:80 - create IPUIPlugin
2026-10-01 15:46:31,642 [INFO] PluginManager:220 - loadIPPluginJar : add tsc
2026-10-01 15:46:31,659 [INFO] IPUIPlugin:80 - create IPUIPlugin
2026-10-01 15:46:31,659 [INFO] PluginManager:220 - loadIPPluginJar : add ucpd
2026-10-01 15:46:31,675 [INFO] IPUIPlugin:80 - create IPUIPlugin
2026-10-01 15:46:31,679 [INFO] PluginManager:220 - loadIPPluginJar : add usart
2026-10-01 15:46:31,800 [INFO] IPUIPlugin:80 - create IPUIPlugin
2026-10-01 15:46:31,800 [INFO] PluginManager:220 - loadIPPluginJar : add usbx
2026-10-01 15:46:33,425 [INFO] ThirdPartyUpdaterWithRetryManager:70 - Updater plugin not ready yet. [5/15]
2026-10-01 15:46:34,908 [FATAL] Updater:351 - Updater called before beeing initialized
2026-10-01 15:46:35,868 [INFO] RulesReader:64 - Compatibility file has been processed (317 Rules)
2026-10-01 15:46:36,144 [INFO] RulesReader:64 - Compatibility file has been processed (317 Rules)
2026-10-01 15:46:36,457 [INFO] ThirdPartyUpdaterWithRetryManager:70 - Updater plugin not ready yet. [6/15]
2026-10-01 15:46:36,655 [INFO] CADModel:165 - CPN selected for project level
2026-10-01 15:46:36,658 [INFO] CADModel:114 - Register for checkConnection events
2026-10-01 15:46:36,660 [FATAL] Updater:351 - Updater called before beeing initialized
2026-10-01 15:46:36,660 [ERROR] CADModel:125 - Updater not yet initialized, retry later 
2026-10-01 15:46:37,872 [FATAL] Updater:351 - Updater called before beeing initialized
2026-10-01 15:46:37,880 [INFO] CADModel:165 - CPN selected for project level
2026-10-01 15:46:37,880 [INFO] CADModel:114 - Register for checkConnection events
2026-10-01 15:46:37,880 [FATAL] Updater:351 - Updater called before beeing initialized
2026-10-01 15:46:37,880 [ERROR] CADModel:125 - Updater not yet initialized, retry later 
2026-10-01 15:46:37,986 [FATAL] Updater:351 - Updater called before beeing initialized
2026-10-01 15:46:39,430 [FATAL] Updater:351 - Updater called before beeing initialized
2026-10-01 15:46:39,441 [INFO] DbMcusAds:53 - JSON generation date=Tue Sep 22 19:25:16 ICT 2026 (1790079916640)
2026-10-01 15:46:39,441 [FATAL] Updater:351 - Updater called before beeing initialized
2026-10-01 15:46:39,463 [FATAL] Updater:351 - Updater called before beeing initialized
2026-10-01 15:46:39,463 [ERROR] IntegrityCheckThread:130 - Cannot retrieve database content from updater: error 21
2026-10-01 15:46:39,463 [INFO] ThirdParty:978 - Integrity check success = false
2026-10-01 15:46:39,463 [INFO] IntegrityCheckThread:100 - exiting critical section [integrity check]
2026-10-01 15:46:39,463 [INFO] IntegrityCheckThread:103 - End integrity checks thread
2026-10-01 15:46:39,598 [WARN] DetailPanel:346 - Failed to get advertising image, set to default
2026-10-01 15:46:40,600 [FATAL] Updater:351 - Updater called before beeing initialized
2026-10-01 15:46:40,602 [FATAL] Updater:351 - Updater called before beeing initialized
2026-10-01 15:46:40,602 [FATAL] Updater:351 - Updater called before beeing initialized
2026-10-01 15:46:40,602 [WARN] DetailPanel:346 - Failed to get advertising image, set to default
2026-10-01 15:46:40,606 [FATAL] Updater:351 - Updater called before beeing initialized
2026-10-01 15:46:40,810 [ERROR] Updater:1198 - MainUpdater not yet initialized. External WinMGr cannot be set.
2026-10-01 15:46:40,817 [INFO] Updater:1134 - Updater Version found : 6.15.0
2026-10-01 15:46:40,858 [INFO] ApplicationProperties:184 - Using Application install path: C:\ST\STM32CubeIDE_1.19.0\STM32CubeIDE\plugins\com.st.stm32cube.common.mx_6.15.0.202507011659
2026-10-01 15:46:42,589 [ERROR] LogOutputStream:75 - [STDERR_REDIRECT] Oct 01, 2026 3:46:42 PM java.util.prefs.WindowsPreferences <init>
2026-10-01 15:46:42,595 [ERROR] LogOutputStream:75 - [STDERR_REDIRECT] WARNING: Could not open/create prefs root node Software\JavaSoft\Prefs at root 0xffffffff80000002. Windows RegCreateKeyEx(...) returned error code 5.
2026-10-01 15:46:42,595 [ERROR] LogOutputStream:75 - [STDERR_REDIRECT] 
2026-10-01 15:46:48,028 [INFO] MainUpdater:2872 - connection check result : 10
2026-10-01 15:46:48,069 [INFO] MainUpdater:289 - Updater Check For Update Now.
2026-10-01 15:46:48,069 [INFO] MicroXplorer:498 - Change Database Version : DB.6.0.150
2026-10-01 15:46:48,292 [INFO] McuFinderGlobals:63 - Set McuFinder mode to 2 (CubeIDE integrated)
2026-10-01 15:46:48,293 [INFO] UserAuth:171 - activating auth plugin
2026-10-01 15:46:48,656 [INFO] UserAuth:487 - Internet connection configuration mode: 1
2026-10-01 15:46:49,127 [INFO] JxBrowserEngine:152 - Initiate JxBrowser Engine with user profile folder
2026-10-01 15:46:50,460 [INFO] CheckServerUpdateThread:120 - End of CheckServer Thread
2026-10-01 15:46:53,595 [INFO] WebApp:169 - Instantiating new browser for Auth
2026-10-01 15:46:55,390 [INFO] WebApp:463 - Apply proxy settings
2026-10-01 15:46:55,390 [INFO] WebApp:548 - Chromium requires no authentication
2026-10-01 15:46:55,583 [INFO] WebApp:491 - Direct internet connection detected
2026-10-01 15:46:55,920 [INFO] WebApp:900 - Register for checkConnection events
2026-10-01 15:46:55,922 [INFO] WebApp:463 - Apply proxy settings
2026-10-01 15:46:55,922 [INFO] WebApp:548 - Chromium requires no authentication
2026-10-01 15:46:55,928 [INFO] WebApp:491 - Direct internet connection detected
2026-10-01 15:46:56,723 [INFO] WebApp:191 - Connection restablished
2026-10-01 15:47:01,242 [INFO] WebApp:225 - Starting web application
2026-10-01 15:47:01,242 [INFO] WebApp:593 - Web application path used C:\ST\STM32CubeIDE_1.19.0\STM32CubeIDE\plugins\com.st.stm32cube.common.mx_6.15.0.202507011659\db\plugins\mcufinder\reactClient1\index.html
2026-10-01 15:47:03,616 [ERROR] LogOutputStream:75 - [STDERR_REDIRECT] [Fatal Error] :1:1: Premature end of file.
2026-10-01 15:47:03,616 [ERROR] LogOutputStream:75 - [STDERR_REDIRECT] 
2026-10-01 15:47:03,976 [ERROR] LogOutputStream:75 - [STDERR_REDIRECT] [Fatal Error] :1:1: Premature end of file.
2026-10-01 15:47:03,976 [ERROR] LogOutputStream:75 - [STDERR_REDIRECT] 
2026-10-01 15:47:04,863 [ERROR] LogOutputStream:75 - [STDERR_REDIRECT] [Fatal Error] :1:1: Premature end of file.
2026-10-01 15:47:04,863 [ERROR] LogOutputStream:75 - [STDERR_REDIRECT] 
2026-10-01 15:47:05,779 [ERROR] LogOutputStream:75 - [STDERR_REDIRECT] [Fatal Error] :1:1: Premature end of file.
2026-10-01 15:47:05,779 [ERROR] LogOutputStream:75 - [STDERR_REDIRECT] 
2026-10-01 15:47:06,706 [ERROR] LogOutputStream:75 - [STDERR_REDIRECT] [Fatal Error] :1:1: Premature end of file.
2026-10-01 15:47:06,706 [ERROR] LogOutputStream:75 - [STDERR_REDIRECT] 
2026-10-01 15:47:07,635 [ERROR] LogOutputStream:75 - [STDERR_REDIRECT] [Fatal Error] :1:1: Premature end of file.
2026-10-01 15:47:07,635 [ERROR] LogOutputStream:75 - [STDERR_REDIRECT] 
2026-10-01 15:47:08,642 [ERROR] LogOutputStream:75 - [STDERR_REDIRECT] [Fatal Error] :1:1: Premature end of file.
2026-10-01 15:47:08,642 [ERROR] LogOutputStream:75 - [STDERR_REDIRECT] 
2026-10-01 15:47:09,632 [ERROR] LogOutputStream:75 - [STDERR_REDIRECT] [Fatal Error] :1:1: Premature end of file.
2026-10-01 15:47:09,632 [ERROR] LogOutputStream:75 - [STDERR_REDIRECT] 
2026-10-01 15:47:10,651 [ERROR] LogOutputStream:75 - [STDERR_REDIRECT] [Fatal Error] :1:1: Premature end of file.
2026-10-01 15:47:10,652 [ERROR] LogOutputStream:75 - [STDERR_REDIRECT] 
2026-10-01 15:47:11,880 [ERROR] LogOutputStream:75 - [STDERR_REDIRECT] [Fatal Error] :1:1: Premature end of file.
2026-10-01 15:47:11,882 [ERROR] LogOutputStream:75 - [STDERR_REDIRECT] 
2026-10-01 15:47:13,167 [ERROR] LogOutputStream:75 - [STDERR_REDIRECT] [Fatal Error] :1:1: Premature end of file.
2026-10-01 15:47:13,270 [ERROR] LogOutputStream:75 - [STDERR_REDIRECT] 
2026-10-01 15:47:13,957 [ERROR] LogOutputStream:75 - [STDERR_REDIRECT] [Fatal Error] :1:1: Premature end of file.
2026-10-01 15:47:13,962 [ERROR] LogOutputStream:75 - [STDERR_REDIRECT] 
2026-10-01 15:47:15,056 [ERROR] LogOutputStream:75 - [STDERR_REDIRECT] [Fatal Error] :1:1: Premature end of file.
2026-10-01 15:47:15,056 [ERROR] LogOutputStream:75 - [STDERR_REDIRECT] 
2026-10-01 15:47:15,764 [ERROR] LogOutputStream:75 - [STDERR_REDIRECT] [Fatal Error] :1:1: Premature end of file.
2026-10-01 15:47:15,764 [ERROR] LogOutputStream:75 - [STDERR_REDIRECT] 
2026-10-01 15:47:16,641 [ERROR] LogOutputStream:75 - [STDERR_REDIRECT] [Fatal Error] :1:1: Premature end of file.
2026-10-01 15:47:16,645 [ERROR] LogOutputStream:75 - [STDERR_REDIRECT] 
2026-10-01 15:47:17,637 [ERROR] LogOutputStream:75 - [STDERR_REDIRECT] [Fatal Error] :1:1: Premature end of file.
2026-10-01 15:47:17,637 [ERROR] LogOutputStream:75 - [STDERR_REDIRECT] 
2026-10-01 15:47:19,011 [ERROR] LogOutputStream:75 - [STDERR_REDIRECT] [Fatal Error] :1:1: Premature end of file.
2026-10-01 15:47:19,011 [ERROR] LogOutputStream:75 - [STDERR_REDIRECT] 
2026-10-01 15:47:20,140 [ERROR] LogOutputStream:75 - [STDERR_REDIRECT] [Fatal Error] :1:1: Premature end of file.
2026-10-01 15:47:20,142 [ERROR] LogOutputStream:75 - [STDERR_REDIRECT] 
2026-10-01 15:47:20,773 [ERROR] LogOutputStream:75 - [STDERR_REDIRECT] [Fatal Error] :1:1: Premature end of file.
2026-10-01 15:47:20,773 [ERROR] LogOutputStream:75 - [STDERR_REDIRECT] 
2026-10-01 15:47:21,644 [ERROR] LogOutputStream:75 - [STDERR_REDIRECT] [Fatal Error] :1:1: Premature end of file.
2026-10-01 15:47:21,645 [ERROR] LogOutputStream:75 - [STDERR_REDIRECT] 
2026-10-01 15:47:22,632 [ERROR] LogOutputStream:75 - [STDERR_REDIRECT] [Fatal Error] :1:1: Premature end of file.
2026-10-01 15:47:22,632 [ERROR] LogOutputStream:75 - [STDERR_REDIRECT] 
2026-10-01 15:47:23,937 [ERROR] LogOutputStream:75 - [STDERR_REDIRECT] [Fatal Error] :1:1: Premature end of file.
2026-10-01 15:47:23,937 [ERROR] LogOutputStream:75 - [STDERR_REDIRECT] 
2026-10-01 15:47:24,956 [ERROR] LogOutputStream:75 - [STDERR_REDIRECT] [Fatal Error] :1:1: Premature end of file.
2026-10-01 15:47:24,956 [ERROR] LogOutputStream:75 - [STDERR_REDIRECT] 
2026-10-01 15:47:26,048 [ERROR] LogOutputStream:75 - [STDERR_REDIRECT] [Fatal Error] :1:1: Premature end of file.
2026-10-01 15:47:26,054 [ERROR] LogOutputStream:75 - [STDERR_REDIRECT] 
2026-10-01 15:47:26,973 [ERROR] LogOutputStream:75 - [STDERR_REDIRECT] [Fatal Error] :1:1: Premature end of file.
2026-10-01 15:47:26,973 [ERROR] LogOutputStream:75 - [STDERR_REDIRECT] 
2026-10-01 15:47:27,847 [ERROR] LogOutputStream:75 - [STDERR_REDIRECT] [Fatal Error] :1:1: Premature end of file.
2026-10-01 15:47:27,847 [ERROR] LogOutputStream:75 - [STDERR_REDIRECT] 
2026-10-01 15:47:28,747 [ERROR] LogOutputStream:75 - [STDERR_REDIRECT] [Fatal Error] :1:1: Premature end of file.
2026-10-01 15:47:28,747 [ERROR] LogOutputStream:75 - [STDERR_REDIRECT] 
2026-10-01 15:47:29,799 [ERROR] LogOutputStream:75 - [STDERR_REDIRECT] [Fatal Error] :1:1: Premature end of file.
2026-10-01 15:47:29,799 [ERROR] LogOutputStream:75 - [STDERR_REDIRECT] 
2026-10-01 15:47:30,954 [ERROR] LogOutputStream:75 - [STDERR_REDIRECT] [Fatal Error] :1:1: Premature end of file.
2026-10-01 15:47:30,966 [ERROR] LogOutputStream:75 - [STDERR_REDIRECT] 
2026-10-01 15:47:32,058 [ERROR] LogOutputStream:75 - [STDERR_REDIRECT] [Fatal Error] :1:1: Premature end of file.
2026-10-01 15:47:32,062 [ERROR] LogOutputStream:75 - [STDERR_REDIRECT] 
2026-10-01 15:47:32,734 [ERROR] LogOutputStream:75 - [STDERR_REDIRECT] [Fatal Error] :1:1: Premature end of file.
2026-10-01 15:47:32,738 [ERROR] LogOutputStream:75 - [STDERR_REDIRECT] 
2026-10-01 15:47:33,637 [ERROR] LogOutputStream:75 - [STDERR_REDIRECT] [Fatal Error] :1:1: Premature end of file.
2026-10-01 15:47:33,637 [ERROR] LogOutputStream:75 - [STDERR_REDIRECT] 
2026-10-01 15:47:35,581 [ERROR] LogOutputStream:75 - [STDERR_REDIRECT] [Fatal Error] :1:1: Premature end of file.
2026-10-01 15:47:35,590 [ERROR] LogOutputStream:75 - [STDERR_REDIRECT] 
2026-10-01 15:47:35,949 [ERROR] LogOutputStream:75 - [STDERR_REDIRECT] [Fatal Error] :1:1: Premature end of file.
2026-10-01 15:47:35,949 [ERROR] LogOutputStream:75 - [STDERR_REDIRECT] 
2026-10-01 15:47:36,793 [ERROR] LogOutputStream:75 - [STDERR_REDIRECT] [Fatal Error] :1:1: Premature end of file.
2026-10-01 15:47:36,793 [ERROR] LogOutputStream:75 - [STDERR_REDIRECT] 
2026-10-01 15:47:37,634 [ERROR] LogOutputStream:75 - [STDERR_REDIRECT] [Fatal Error] :1:1: Premature end of file.
2026-10-01 15:47:37,635 [ERROR] LogOutputStream:75 - [STDERR_REDIRECT] 
2026-10-01 15:47:39,234 [ERROR] LogOutputStream:75 - [STDERR_REDIRECT] [Fatal Error] :1:1: Premature end of file.
2026-10-01 15:47:39,250 [ERROR] LogOutputStream:75 - [STDERR_REDIRECT] 
2026-10-01 15:47:40,599 [ERROR] LogOutputStream:75 - [STDERR_REDIRECT] [Fatal Error] :1:1: Premature end of file.
2026-10-01 15:47:40,758 [ERROR] LogOutputStream:75 - [STDERR_REDIRECT] 
2026-10-01 15:47:40,975 [ERROR] LogOutputStream:75 - [STDERR_REDIRECT] [Fatal Error] :1:1: Premature end of file.
2026-10-01 15:47:40,975 [ERROR] LogOutputStream:75 - [STDERR_REDIRECT] 
2026-10-01 15:47:41,635 [ERROR] LogOutputStream:75 - [STDERR_REDIRECT] [Fatal Error] :1:1: Premature end of file.
2026-10-01 15:47:41,635 [ERROR] LogOutputStream:75 - [STDERR_REDIRECT] 
2026-10-01 15:47:42,677 [ERROR] LogOutputStream:75 - [STDERR_REDIRECT] [Fatal Error] :1:1: Premature end of file.
2026-10-01 15:47:42,677 [ERROR] LogOutputStream:75 - [STDERR_REDIRECT] 
2026-10-01 15:47:43,648 [ERROR] LogOutputStream:75 - [STDERR_REDIRECT] [Fatal Error] :1:1: Premature end of file.
2026-10-01 15:47:43,648 [ERROR] LogOutputStream:75 - [STDERR_REDIRECT] 
2026-10-01 15:47:44,646 [ERROR] LogOutputStream:75 - [STDERR_REDIRECT] [Fatal Error] :1:1: Premature end of file.
2026-10-01 15:47:44,647 [ERROR] LogOutputStream:75 - [STDERR_REDIRECT] 
2026-10-01 15:47:45,632 [ERROR] LogOutputStream:75 - [STDERR_REDIRECT] [Fatal Error] :1:1: Premature end of file.
2026-10-01 15:47:45,633 [ERROR] LogOutputStream:75 - [STDERR_REDIRECT] 
2026-10-01 15:47:46,662 [ERROR] LogOutputStream:75 - [STDERR_REDIRECT] [Fatal Error] :1:1: Premature end of file.
2026-10-01 15:47:46,663 [ERROR] LogOutputStream:75 - [STDERR_REDIRECT] 
2026-10-01 15:47:47,655 [ERROR] LogOutputStream:75 - [STDERR_REDIRECT] [Fatal Error] :1:1: Premature end of file.
2026-10-01 15:47:47,655 [ERROR] LogOutputStream:75 - [STDERR_REDIRECT] 
2026-10-01 15:47:48,646 [ERROR] LogOutputStream:75 - [STDERR_REDIRECT] [Fatal Error] :1:1: Premature end of file.
2026-10-01 15:47:48,646 [ERROR] LogOutputStream:75 - [STDERR_REDIRECT] 
2026-10-01 15:47:49,651 [ERROR] LogOutputStream:75 - [STDERR_REDIRECT] [Fatal Error] :1:1: Premature end of file.
2026-10-01 15:47:49,651 [ERROR] LogOutputStream:75 - [STDERR_REDIRECT] 
2026-10-01 15:47:50,633 [ERROR] LogOutputStream:75 - [STDERR_REDIRECT] [Fatal Error] :1:1: Premature end of file.
2026-10-01 15:47:50,634 [ERROR] LogOutputStream:75 - [STDERR_REDIRECT] 
2026-10-01 15:47:51,671 [ERROR] LogOutputStream:75 - [STDERR_REDIRECT] [Fatal Error] :1:1: Premature end of file.
2026-10-01 15:47:51,671 [ERROR] LogOutputStream:75 - [STDERR_REDIRECT] 
2026-10-01 15:47:53,299 [ERROR] LogOutputStream:75 - [STDERR_REDIRECT] [Fatal Error] :1:1: Premature end of file.
2026-10-01 15:47:53,319 [ERROR] LogOutputStream:75 - [STDERR_REDIRECT] 
2026-10-01 15:47:53,918 [ERROR] LogOutputStream:75 - [STDERR_REDIRECT] [Fatal Error] :1:1: Premature end of file.
2026-10-01 15:47:53,918 [ERROR] LogOutputStream:75 - [STDERR_REDIRECT] 
2026-10-01 15:47:54,629 [ERROR] LogOutputStream:75 - [STDERR_REDIRECT] [Fatal Error] :1:1: Premature end of file.
2026-10-01 15:47:54,629 [ERROR] LogOutputStream:75 - [STDERR_REDIRECT] 
2026-10-01 15:47:55,630 [ERROR] LogOutputStream:75 - [STDERR_REDIRECT] [Fatal Error] :1:1: Premature end of file.
2026-10-01 15:47:55,631 [ERROR] LogOutputStream:75 - [STDERR_REDIRECT] 
2026-10-01 15:47:56,652 [ERROR] LogOutputStream:75 - [STDERR_REDIRECT] [Fatal Error] :1:1: Premature end of file.
2026-10-01 15:47:56,652 [ERROR] LogOutputStream:75 - [STDERR_REDIRECT] 
2026-10-01 15:47:58,466 [ERROR] LogOutputStream:75 - [STDERR_REDIRECT] [Fatal Error] :1:1: Premature end of file.
2026-10-01 15:47:58,467 [ERROR] LogOutputStream:75 - [STDERR_REDIRECT] 
2026-10-01 15:47:58,743 [ERROR] LogOutputStream:75 - [STDERR_REDIRECT] [Fatal Error] :1:1: Premature end of file.
2026-10-01 15:47:58,744 [ERROR] LogOutputStream:75 - [STDERR_REDIRECT] 
2026-10-01 15:47:59,849 [ERROR] LogOutputStream:75 - [STDERR_REDIRECT] [Fatal Error] :1:1: Premature end of file.
2026-10-01 15:47:59,849 [ERROR] LogOutputStream:75 - [STDERR_REDIRECT] 
2026-10-01 15:48:01,048 [ERROR] LogOutputStream:75 - [STDERR_REDIRECT] [Fatal Error] :1:1: Premature end of file.
2026-10-01 15:48:01,048 [ERROR] LogOutputStream:75 - [STDERR_REDIRECT] 
2026-10-01 15:48:02,086 [ERROR] LogOutputStream:75 - [STDERR_REDIRECT] [Fatal Error] :1:1: Premature end of file.
2026-10-01 15:48:02,087 [ERROR] LogOutputStream:75 - [STDERR_REDIRECT] 
2026-10-01 15:48:02,832 [ERROR] LogOutputStream:75 - [STDERR_REDIRECT] [Fatal Error] :1:1: Premature end of file.
2026-10-01 15:48:02,866 [ERROR] LogOutputStream:75 - [STDERR_REDIRECT] 
2026-10-01 15:48:03,633 [ERROR] LogOutputStream:75 - [STDERR_REDIRECT] [Fatal Error] :1:1: Premature end of file.
2026-10-01 15:48:03,634 [ERROR] LogOutputStream:75 - [STDERR_REDIRECT] 
2026-10-01 15:48:04,626 [ERROR] LogOutputStream:75 - [STDERR_REDIRECT] [Fatal Error] :1:1: Premature end of file.
2026-10-01 15:48:04,626 [ERROR] LogOutputStream:75 - [STDERR_REDIRECT] 
2026-10-01 15:48:05,782 [ERROR] LogOutputStream:75 - [STDERR_REDIRECT] [Fatal Error] :1:1: Premature end of file.
2026-10-01 15:48:05,783 [ERROR] LogOutputStream:75 - [STDERR_REDIRECT] 
2026-10-01 15:48:07,339 [ERROR] LogOutputStream:75 - [STDERR_REDIRECT] [Fatal Error] :1:1: Premature end of file.
2026-10-01 15:48:07,341 [ERROR] LogOutputStream:75 - [STDERR_REDIRECT] 
2026-10-01 15:48:07,957 [ERROR] LogOutputStream:75 - [STDERR_REDIRECT] [Fatal Error] :1:1: Premature end of file.
2026-10-01 15:48:07,959 [ERROR] LogOutputStream:75 - [STDERR_REDIRECT] 
2026-10-01 15:48:08,875 [ERROR] LogOutputStream:75 - [STDERR_REDIRECT] [Fatal Error] :1:1: Premature end of file.
2026-10-01 15:48:08,875 [ERROR] LogOutputStream:75 - [STDERR_REDIRECT] 
2026-10-01 15:48:09,640 [ERROR] LogOutputStream:75 - [STDERR_REDIRECT] [Fatal Error] :1:1: Premature end of file.
2026-10-01 15:48:09,640 [ERROR] LogOutputStream:75 - [STDERR_REDIRECT] 
2026-10-01 15:48:10,683 [ERROR] LogOutputStream:75 - [STDERR_REDIRECT] [Fatal Error] :1:1: Premature end of file.
2026-10-01 15:48:10,683 [ERROR] LogOutputStream:75 - [STDERR_REDIRECT] 
2026-10-01 15:48:12,163 [ERROR] LogOutputStream:75 - [STDERR_REDIRECT] [Fatal Error] :1:1: Premature end of file.
2026-10-01 15:48:12,164 [ERROR] LogOutputStream:75 - [STDERR_REDIRECT] 
2026-10-01 15:48:12,641 [ERROR] LogOutputStream:75 - [STDERR_REDIRECT] [Fatal Error] :1:1: Premature end of file.
2026-10-01 15:48:12,641 [ERROR] LogOutputStream:75 - [STDERR_REDIRECT] 
2026-10-01 15:48:13,633 [ERROR] LogOutputStream:75 - [STDERR_REDIRECT] [Fatal Error] :1:1: Premature end of file.
2026-10-01 15:48:13,633 [ERROR] LogOutputStream:75 - [STDERR_REDIRECT] 
2026-10-01 15:48:14,625 [ERROR] LogOutputStream:75 - [STDERR_REDIRECT] [Fatal Error] :1:1: Premature end of file.
2026-10-01 15:48:14,625 [ERROR] LogOutputStream:75 - [STDERR_REDIRECT] 
2026-10-01 15:48:15,632 [ERROR] LogOutputStream:75 - [STDERR_REDIRECT] [Fatal Error] :1:1: Premature end of file.
2026-10-01 15:48:15,632 [ERROR] LogOutputStream:75 - [STDERR_REDIRECT] 
2026-10-01 15:48:16,744 [ERROR] LogOutputStream:75 - [STDERR_REDIRECT] [Fatal Error] :1:1: Premature end of file.
2026-10-01 15:48:16,744 [ERROR] LogOutputStream:75 - [STDERR_REDIRECT] 
2026-10-01 15:48:17,670 [ERROR] LogOutputStream:75 - [STDERR_REDIRECT] [Fatal Error] :1:1: Premature end of file.
2026-10-01 15:48:17,671 [ERROR] LogOutputStream:75 - [STDERR_REDIRECT] 
2026-10-01 15:48:19,026 [ERROR] LogOutputStream:75 - [STDERR_REDIRECT] [Fatal Error] :1:1: Premature end of file.
2026-10-01 15:48:19,029 [ERROR] LogOutputStream:75 - [STDERR_REDIRECT] 
2026-10-01 15:48:19,644 [ERROR] LogOutputStream:75 - [STDERR_REDIRECT] [Fatal Error] :1:1: Premature end of file.
2026-10-01 15:48:19,644 [ERROR] LogOutputStream:75 - [STDERR_REDIRECT] 
2026-10-01 15:48:20,651 [ERROR] LogOutputStream:75 - [STDERR_REDIRECT] [Fatal Error] :1:1: Premature end of file.
2026-10-01 15:48:20,652 [ERROR] LogOutputStream:75 - [STDERR_REDIRECT] 
2026-10-01 15:48:21,764 [ERROR] LogOutputStream:75 - [STDERR_REDIRECT] [Fatal Error] :1:1: Premature end of file.
2026-10-01 15:48:21,765 [ERROR] LogOutputStream:75 - [STDERR_REDIRECT] 
2026-10-01 15:48:23,665 [ERROR] LogOutputStream:75 - [STDERR_REDIRECT] [Fatal Error] :1:1: Premature end of file.
2026-10-01 15:48:23,666 [ERROR] LogOutputStream:75 - [STDERR_REDIRECT] 
2026-10-01 15:48:23,923 [ERROR] LogOutputStream:75 - [STDERR_REDIRECT] [Fatal Error] :1:1: Premature end of file.
2026-10-01 15:48:23,943 [ERROR] LogOutputStream:75 - [STDERR_REDIRECT] 
2026-10-01 15:48:24,640 [ERROR] LogOutputStream:75 - [STDERR_REDIRECT] [Fatal Error] :1:1: Premature end of file.
2026-10-01 15:48:24,641 [ERROR] LogOutputStream:75 - [STDERR_REDIRECT] 
2026-10-01 15:48:25,644 [ERROR] LogOutputStream:75 - [STDERR_REDIRECT] [Fatal Error] :1:1: Premature end of file.
2026-10-01 15:48:25,646 [ERROR] LogOutputStream:75 - [STDERR_REDIRECT] 
2026-10-01 15:48:26,641 [ERROR] LogOutputStream:75 - [STDERR_REDIRECT] [Fatal Error] :1:1: Premature end of file.
2026-10-01 15:48:26,641 [ERROR] LogOutputStream:75 - [STDERR_REDIRECT] 
2026-10-01 15:48:27,630 [ERROR] LogOutputStream:75 - [STDERR_REDIRECT] [Fatal Error] :1:1: Premature end of file.
2026-10-01 15:48:27,630 [ERROR] LogOutputStream:75 - [STDERR_REDIRECT] 
2026-10-01 15:48:28,997 [ERROR] LogOutputStream:75 - [STDERR_REDIRECT] [Fatal Error] :1:1: Premature end of file.
2026-10-01 15:48:29,007 [ERROR] LogOutputStream:75 - [STDERR_REDIRECT] 
2026-10-01 15:48:30,142 [ERROR] LogOutputStream:75 - [STDERR_REDIRECT] [Fatal Error] :1:1: Premature end of file.
2026-10-01 15:48:30,142 [ERROR] LogOutputStream:75 - [STDERR_REDIRECT] 
2026-10-01 15:48:30,809 [ERROR] LogOutputStream:75 - [STDERR_REDIRECT] [Fatal Error] :1:1: Premature end of file.
2026-10-01 15:48:30,810 [ERROR] LogOutputStream:75 - [STDERR_REDIRECT] 
2026-10-01 15:48:31,844 [ERROR] LogOutputStream:75 - [STDERR_REDIRECT] [Fatal Error] :1:1: Premature end of file.
2026-10-01 15:48:31,845 [ERROR] LogOutputStream:75 - [STDERR_REDIRECT] 
2026-10-01 15:48:32,766 [ERROR] LogOutputStream:75 - [STDERR_REDIRECT] [Fatal Error] :1:1: Premature end of file.
2026-10-01 15:48:32,767 [ERROR] LogOutputStream:75 - [STDERR_REDIRECT] 
2026-10-01 15:48:33,658 [ERROR] LogOutputStream:75 - [STDERR_REDIRECT] [Fatal Error] :1:1: Premature end of file.
2026-10-01 15:48:33,658 [ERROR] LogOutputStream:75 - [STDERR_REDIRECT] 
2026-10-01 15:48:34,939 [ERROR] LogOutputStream:75 - [STDERR_REDIRECT] [Fatal Error] :1:1: Premature end of file.
2026-10-01 15:48:34,939 [ERROR] LogOutputStream:75 - [STDERR_REDIRECT] 
2026-10-01 15:48:35,651 [ERROR] LogOutputStream:75 - [STDERR_REDIRECT] [Fatal Error] :1:1: Premature end of file.
2026-10-01 15:48:35,653 [ERROR] LogOutputStream:75 - [STDERR_REDIRECT] 
2026-10-01 15:48:36,631 [ERROR] LogOutputStream:75 - [STDERR_REDIRECT] [Fatal Error] :1:1: Premature end of file.
2026-10-01 15:48:36,631 [ERROR] LogOutputStream:75 - [STDERR_REDIRECT] 
2026-10-01 15:48:37,635 [ERROR] LogOutputStream:75 - [STDERR_REDIRECT] [Fatal Error] :1:1: Premature end of file.
2026-10-01 15:48:37,635 [ERROR] LogOutputStream:75 - [STDERR_REDIRECT] 
2026-10-01 15:48:38,805 [ERROR] LogOutputStream:75 - [STDERR_REDIRECT] [Fatal Error] :1:1: Premature end of file.
2026-10-01 15:48:38,805 [ERROR] LogOutputStream:75 - [STDERR_REDIRECT] 
2026-10-01 15:48:39,630 [ERROR] LogOutputStream:75 - [STDERR_REDIRECT] [Fatal Error] :1:1: Premature end of file.
2026-10-01 15:48:39,631 [ERROR] LogOutputStream:75 - [STDERR_REDIRECT] 
2026-10-01 15:48:40,629 [ERROR] LogOutputStream:75 - [STDERR_REDIRECT] [Fatal Error] :1:1: Premature end of file.
2026-10-01 15:48:40,630 [ERROR] LogOutputStream:75 - [STDERR_REDIRECT] 
2026-10-01 15:48:41,647 [ERROR] LogOutputStream:75 - [STDERR_REDIRECT] [Fatal Error] :1:1: Premature end of file.
2026-10-01 15:48:41,648 [ERROR] LogOutputStream:75 - [STDERR_REDIRECT] 
2026-10-01 15:48:42,633 [ERROR] LogOutputStream:75 - [STDERR_REDIRECT] [Fatal Error] :1:1: Premature end of file.
2026-10-01 15:48:42,634 [ERROR] LogOutputStream:75 - [STDERR_REDIRECT] 
2026-10-01 15:48:43,634 [ERROR] LogOutputStream:75 - [STDERR_REDIRECT] [Fatal Error] :1:1: Premature end of file.
2026-10-01 15:48:43,635 [ERROR] LogOutputStream:75 - [STDERR_REDIRECT] 
2026-10-01 15:48:44,702 [ERROR] LogOutputStream:75 - [STDERR_REDIRECT] [Fatal Error] :1:1: Premature end of file.
2026-10-01 15:48:44,703 [ERROR] LogOutputStream:75 - [STDERR_REDIRECT] 
2026-10-01 15:48:45,640 [ERROR] LogOutputStream:75 - [STDERR_REDIRECT] [Fatal Error] :1:1: Premature end of file.
2026-10-01 15:48:45,640 [ERROR] LogOutputStream:75 - [STDERR_REDIRECT] 
2026-10-01 15:48:46,628 [ERROR] LogOutputStream:75 - [STDERR_REDIRECT] [Fatal Error] :1:1: Premature end of file.
2026-10-01 15:48:46,628 [ERROR] LogOutputStream:75 - [STDERR_REDIRECT] 
2026-10-01 15:48:47,626 [ERROR] LogOutputStream:75 - [STDERR_REDIRECT] [Fatal Error] :1:1: Premature end of file.
2026-10-01 15:48:47,627 [ERROR] LogOutputStream:75 - [STDERR_REDIRECT] 
2026-10-01 15:48:48,621 [ERROR] LogOutputStream:75 - [STDERR_REDIRECT] [Fatal Error] :1:1: Premature end of file.
2026-10-01 15:48:48,621 [ERROR] LogOutputStream:75 - [STDERR_REDIRECT] 
2026-10-01 15:48:49,626 [ERROR] LogOutputStream:75 - [STDERR_REDIRECT] [Fatal Error] :1:1: Premature end of file.
2026-10-01 15:48:49,626 [ERROR] LogOutputStream:75 - [STDERR_REDIRECT] 
2026-10-01 15:48:50,627 [ERROR] LogOutputStream:75 - [STDERR_REDIRECT] [Fatal Error] :1:1: Premature end of file.
2026-10-01 15:48:50,627 [ERROR] LogOutputStream:75 - [STDERR_REDIRECT] 
2026-10-01 15:48:51,830 [ERROR] LogOutputStream:75 - [STDERR_REDIRECT] [Fatal Error] :1:1: Premature end of file.
2026-10-01 15:48:51,831 [ERROR] LogOutputStream:75 - [STDERR_REDIRECT] 
2026-10-01 15:48:52,627 [ERROR] LogOutputStream:75 - [STDERR_REDIRECT] [Fatal Error] :1:1: Premature end of file.
2026-10-01 15:48:52,628 [ERROR] LogOutputStream:75 - [STDERR_REDIRECT] 
2026-10-01 15:48:53,625 [ERROR] LogOutputStream:75 - [STDERR_REDIRECT] [Fatal Error] :1:1: Premature end of file.
2026-10-01 15:48:53,625 [ERROR] LogOutputStream:75 - [STDERR_REDIRECT] 
2026-10-01 15:48:54,625 [ERROR] LogOutputStream:75 - [STDERR_REDIRECT] [Fatal Error] :1:1: Premature end of file.
2026-10-01 15:48:54,625 [ERROR] LogOutputStream:75 - [STDERR_REDIRECT] 
2026-10-01 15:48:55,635 [ERROR] LogOutputStream:75 - [STDERR_REDIRECT] [Fatal Error] :1:1: Premature end of file.
2026-10-01 15:48:55,635 [ERROR] LogOutputStream:75 - [STDERR_REDIRECT] 
2026-10-01 15:48:57,321 [ERROR] LogOutputStream:75 - [STDERR_REDIRECT] [Fatal Error] :1:1: Premature end of file.
2026-10-01 15:48:57,321 [ERROR] LogOutputStream:75 - [STDERR_REDIRECT] 
2026-10-01 15:48:57,903 [ERROR] LogOutputStream:75 - [STDERR_REDIRECT] [Fatal Error] :1:1: Premature end of file.
2026-10-01 15:48:57,904 [ERROR] LogOutputStream:75 - [STDERR_REDIRECT] 
2026-10-01 15:48:58,629 [ERROR] LogOutputStream:75 - [STDERR_REDIRECT] [Fatal Error] :1:1: Premature end of file.
2026-10-01 15:48:58,629 [ERROR] LogOutputStream:75 - [STDERR_REDIRECT] 
2026-10-01 15:48:59,688 [ERROR] LogOutputStream:75 - [STDERR_REDIRECT] [Fatal Error] :1:1: Premature end of file.
2026-10-01 15:48:59,688 [ERROR] LogOutputStream:75 - [STDERR_REDIRECT] 
2026-10-01 15:49:00,625 [ERROR] LogOutputStream:75 - [STDERR_REDIRECT] [Fatal Error] :1:1: Premature end of file.
2026-10-01 15:49:00,625 [ERROR] LogOutputStream:75 - [STDERR_REDIRECT] 
2026-10-01 15:49:01,645 [ERROR] LogOutputStream:75 - [STDERR_REDIRECT] [Fatal Error] :1:1: Premature end of file.
2026-10-01 15:49:01,645 [ERROR] LogOutputStream:75 - [STDERR_REDIRECT] 
2026-10-01 15:49:02,841 [ERROR] LogOutputStream:75 - [STDERR_REDIRECT] [Fatal Error] :1:1: Premature end of file.
2026-10-01 15:49:02,841 [ERROR] LogOutputStream:75 - [STDERR_REDIRECT] 
2026-10-01 15:49:03,631 [ERROR] LogOutputStream:75 - [STDERR_REDIRECT] [Fatal Error] :1:1: Premature end of file.
2026-10-01 15:49:03,632 [ERROR] LogOutputStream:75 - [STDERR_REDIRECT] 
2026-10-01 15:49:04,643 [ERROR] LogOutputStream:75 - [STDERR_REDIRECT] [Fatal Error] :1:1: Premature end of file.
2026-10-01 15:49:04,643 [ERROR] LogOutputStream:75 - [STDERR_REDIRECT] 
2026-10-01 15:49:05,627 [ERROR] LogOutputStream:75 - [STDERR_REDIRECT] [Fatal Error] :1:1: Premature end of file.
2026-10-01 15:49:05,628 [ERROR] LogOutputStream:75 - [STDERR_REDIRECT] 
2026-10-01 15:49:06,629 [ERROR] LogOutputStream:75 - [STDERR_REDIRECT] [Fatal Error] :1:1: Premature end of file.
2026-10-01 15:49:06,630 [ERROR] LogOutputStream:75 - [STDERR_REDIRECT] 
2026-10-01 15:49:07,645 [ERROR] LogOutputStream:75 - [STDERR_REDIRECT] [Fatal Error] :1:1: Premature end of file.
2026-10-01 15:49:07,646 [ERROR] LogOutputStream:75 - [STDERR_REDIRECT] 
2026-10-01 15:49:08,641 [ERROR] LogOutputStream:75 - [STDERR_REDIRECT] [Fatal Error] :1:1: Premature end of file.
2026-10-01 15:49:08,642 [ERROR] LogOutputStream:75 - [STDERR_REDIRECT] 
2026-10-01 15:49:11,255 [ERROR] LogOutputStream:75 - [STDERR_REDIRECT] [Fatal Error] :1:1: Premature end of file.
2026-10-01 15:49:11,256 [ERROR] LogOutputStream:75 - [STDERR_REDIRECT] 
2026-10-01 15:49:11,324 [ERROR] LogOutputStream:75 - [STDERR_REDIRECT] [Fatal Error] :1:1: Premature end of file.
2026-10-01 15:49:11,325 [ERROR] LogOutputStream:75 - [STDERR_REDIRECT] 
2026-10-01 15:49:11,636 [ERROR] LogOutputStream:75 - [STDERR_REDIRECT] [Fatal Error] :1:1: Premature end of file.
2026-10-01 15:49:11,636 [ERROR] LogOutputStream:75 - [STDERR_REDIRECT] 
2026-10-01 15:49:12,633 [ERROR] LogOutputStream:75 - [STDERR_REDIRECT] [Fatal Error] :1:1: Premature end of file.
2026-10-01 15:49:12,633 [ERROR] LogOutputStream:75 - [STDERR_REDIRECT] 
2026-10-01 15:49:13,642 [ERROR] LogOutputStream:75 - [STDERR_REDIRECT] [Fatal Error] :1:1: Premature end of file.
2026-10-01 15:49:13,642 [ERROR] LogOutputStream:75 - [STDERR_REDIRECT] 
2026-10-01 15:49:14,910 [ERROR] LogOutputStream:75 - [STDERR_REDIRECT] [Fatal Error] :1:1: Premature end of file.
2026-10-01 15:49:14,910 [ERROR] LogOutputStream:75 - [STDERR_REDIRECT] 
2026-10-01 15:49:15,625 [ERROR] LogOutputStream:75 - [STDERR_REDIRECT] [Fatal Error] :1:1: Premature end of file.
2026-10-01 15:49:15,625 [ERROR] LogOutputStream:75 - [STDERR_REDIRECT] 
2026-10-01 15:49:16,708 [ERROR] LogOutputStream:75 - [STDERR_REDIRECT] [Fatal Error] :1:1: Premature end of file.
2026-10-01 15:49:16,715 [ERROR] LogOutputStream:75 - [STDERR_REDIRECT] 
2026-10-01 15:49:17,650 [ERROR] LogOutputStream:75 - [STDERR_REDIRECT] [Fatal Error] :1:1: Premature end of file.
2026-10-01 15:49:17,650 [ERROR] LogOutputStream:75 - [STDERR_REDIRECT] 
2026-10-01 15:49:19,020 [ERROR] LogOutputStream:75 - [STDERR_REDIRECT] [Fatal Error] :1:1: Premature end of file.
2026-10-01 15:49:19,020 [ERROR] LogOutputStream:75 - [STDERR_REDIRECT] 
2026-10-01 15:49:20,574 [ERROR] LogOutputStream:75 - [STDERR_REDIRECT] [Fatal Error] :1:1: Premature end of file.
2026-10-01 15:49:20,575 [ERROR] LogOutputStream:75 - [STDERR_REDIRECT] 
2026-10-01 15:49:20,851 [ERROR] LogOutputStream:75 - [STDERR_REDIRECT] [Fatal Error] :1:1: Premature end of file.
2026-10-01 15:49:20,851 [ERROR] LogOutputStream:75 - [STDERR_REDIRECT] 
2026-10-01 15:49:22,361 [ERROR] LogOutputStream:75 - [STDERR_REDIRECT] [Fatal Error] :1:1: Premature end of file.
2026-10-01 15:49:22,361 [ERROR] LogOutputStream:75 - [STDERR_REDIRECT] 
2026-10-01 15:49:22,632 [ERROR] LogOutputStream:75 - [STDERR_REDIRECT] [Fatal Error] :1:1: Premature end of file.
2026-10-01 15:49:22,632 [ERROR] LogOutputStream:75 - [STDERR_REDIRECT] 
2026-10-01 15:49:23,625 [ERROR] LogOutputStream:75 - [STDERR_REDIRECT] [Fatal Error] :1:1: Premature end of file.
2026-10-01 15:49:23,626 [ERROR] LogOutputStream:75 - [STDERR_REDIRECT] 
2026-10-01 15:49:24,705 [ERROR] LogOutputStream:75 - [STDERR_REDIRECT] [Fatal Error] :1:1: Premature end of file.
2026-10-01 15:49:24,706 [ERROR] LogOutputStream:75 - [STDERR_REDIRECT] 
2026-10-01 15:49:25,681 [ERROR] LogOutputStream:75 - [STDERR_REDIRECT] [Fatal Error] :1:1: Premature end of file.
2026-10-01 15:49:25,681 [ERROR] LogOutputStream:75 - [STDERR_REDIRECT] 
2026-10-01 15:49:26,655 [ERROR] LogOutputStream:75 - [STDERR_REDIRECT] [Fatal Error] :1:1: Premature end of file.
2026-10-01 15:49:26,655 [ERROR] LogOutputStream:75 - [STDERR_REDIRECT] 
2026-10-01 15:49:27,671 [ERROR] LogOutputStream:75 - [STDERR_REDIRECT] [Fatal Error] :1:1: Premature end of file.
2026-10-01 15:49:27,671 [ERROR] LogOutputStream:75 - [STDERR_REDIRECT] 
2026-10-01 15:49:28,639 [ERROR] LogOutputStream:75 - [STDERR_REDIRECT] [Fatal Error] :1:1: Premature end of file.
2026-10-01 15:49:28,639 [ERROR] LogOutputStream:75 - [STDERR_REDIRECT] 
2026-10-01 15:49:29,880 [ERROR] LogOutputStream:75 - [STDERR_REDIRECT] [Fatal Error] :1:1: Premature end of file.
2026-10-01 15:49:29,880 [ERROR] LogOutputStream:75 - [STDERR_REDIRECT] 
2026-10-01 15:49:31,634 [ERROR] LogOutputStream:75 - [STDERR_REDIRECT] [Fatal Error] :1:1: Premature end of file.
2026-10-01 15:49:31,636 [ERROR] LogOutputStream:75 - [STDERR_REDIRECT] 
2026-10-01 15:49:31,754 [ERROR] LogOutputStream:75 - [STDERR_REDIRECT] [Fatal Error] :1:1: Premature end of file.
2026-10-01 15:49:31,754 [ERROR] LogOutputStream:75 - [STDERR_REDIRECT] 
2026-10-01 15:49:32,642 [ERROR] LogOutputStream:75 - [STDERR_REDIRECT] [Fatal Error] :1:1: Premature end of file.
2026-10-01 15:49:32,642 [ERROR] LogOutputStream:75 - [STDERR_REDIRECT] 
2026-10-01 15:49:33,654 [ERROR] LogOutputStream:75 - [STDERR_REDIRECT] [Fatal Error] :1:1: Premature end of file.
2026-10-01 15:49:33,654 [ERROR] LogOutputStream:75 - [STDERR_REDIRECT] 
2026-10-01 15:49:34,639 [ERROR] LogOutputStream:75 - [STDERR_REDIRECT] [Fatal Error] :1:1: Premature end of file.
2026-10-01 15:49:34,639 [ERROR] LogOutputStream:75 - [STDERR_REDIRECT] 
2026-10-01 15:49:36,162 [ERROR] LogOutputStream:75 - [STDERR_REDIRECT] [Fatal Error] :1:1: Premature end of file.
2026-10-01 15:49:36,163 [ERROR] LogOutputStream:75 - [STDERR_REDIRECT] 
2026-10-01 15:49:36,733 [ERROR] LogOutputStream:75 - [STDERR_REDIRECT] [Fatal Error] :1:1: Premature end of file.
2026-10-01 15:49:36,735 [ERROR] LogOutputStream:75 - [STDERR_REDIRECT] 
2026-10-01 15:49:37,735 [ERROR] LogOutputStream:75 - [STDERR_REDIRECT] [Fatal Error] :1:1: Premature end of file.
2026-10-01 15:49:37,735 [ERROR] LogOutputStream:75 - [STDERR_REDIRECT] 
2026-10-01 15:49:39,499 [ERROR] LogOutputStream:75 - [STDERR_REDIRECT] [Fatal Error] :1:1: Premature end of file.
2026-10-01 15:49:39,499 [ERROR] LogOutputStream:75 - [STDERR_REDIRECT] 
2026-10-01 15:49:40,252 [ERROR] LogOutputStream:75 - [STDERR_REDIRECT] [Fatal Error] :1:1: Premature end of file.
2026-10-01 15:49:40,254 [ERROR] LogOutputStream:75 - [STDERR_REDIRECT] 
2026-10-01 15:49:40,665 [ERROR] LogOutputStream:75 - [STDERR_REDIRECT] [Fatal Error] :1:1: Premature end of file.
2026-10-01 15:49:40,666 [ERROR] LogOutputStream:75 - [STDERR_REDIRECT] 
2026-10-01 15:49:41,701 [ERROR] LogOutputStream:75 - [STDERR_REDIRECT] [Fatal Error] :1:1: Premature end of file.
2026-10-01 15:49:41,701 [ERROR] LogOutputStream:75 - [STDERR_REDIRECT] 
2026-10-01 15:49:42,648 [ERROR] LogOutputStream:75 - [STDERR_REDIRECT] [Fatal Error] :1:1: Premature end of file.
2026-10-01 15:49:42,648 [ERROR] LogOutputStream:75 - [STDERR_REDIRECT] 
2026-10-01 15:49:43,634 [ERROR] LogOutputStream:75 - [STDERR_REDIRECT] [Fatal Error] :1:1: Premature end of file.
2026-10-01 15:49:43,634 [ERROR] LogOutputStream:75 - [STDERR_REDIRECT] 
2026-10-01 15:49:44,631 [ERROR] LogOutputStream:75 - [STDERR_REDIRECT] [Fatal Error] :1:1: Premature end of file.
2026-10-01 15:49:44,632 [ERROR] LogOutputStream:75 - [STDERR_REDIRECT] 
2026-10-01 15:49:45,909 [ERROR] LogOutputStream:75 - [STDERR_REDIRECT] [Fatal Error] :1:1: Premature end of file.
2026-10-01 15:49:45,910 [ERROR] LogOutputStream:75 - [STDERR_REDIRECT] 
2026-10-01 15:49:46,655 [ERROR] LogOutputStream:75 - [STDERR_REDIRECT] [Fatal Error] :1:1: Premature end of file.
2026-10-01 15:49:46,655 [ERROR] LogOutputStream:75 - [STDERR_REDIRECT] 
2026-10-01 15:49:47,657 [ERROR] LogOutputStream:75 - [STDERR_REDIRECT] [Fatal Error] :1:1: Premature end of file.
2026-10-01 15:49:47,657 [ERROR] LogOutputStream:75 - [STDERR_REDIRECT] 
2026-10-01 15:49:48,644 [ERROR] LogOutputStream:75 - [STDERR_REDIRECT] [Fatal Error] :1:1: Premature end of file.
2026-10-01 15:49:48,644 [ERROR] LogOutputStream:75 - [STDERR_REDIRECT] 
2026-10-01 15:49:49,662 [ERROR] LogOutputStream:75 - [STDERR_REDIRECT] [Fatal Error] :1:1: Premature end of file.
2026-10-01 15:49:49,662 [ERROR] LogOutputStream:75 - [STDERR_REDIRECT] 
2026-10-01 15:49:50,634 [ERROR] LogOutputStream:75 - [STDERR_REDIRECT] [Fatal Error] :1:1: Premature end of file.
2026-10-01 15:49:50,634 [ERROR] LogOutputStream:75 - [STDERR_REDIRECT] 
2026-10-01 15:49:54,224 [ERROR] LogOutputStream:75 - [STDERR_REDIRECT] [Fatal Error] :1:1: Premature end of file.
2026-10-01 15:49:54,224 [ERROR] LogOutputStream:75 - [STDERR_REDIRECT] 
2026-10-01 15:49:55,900 [ERROR] LogOutputStream:75 - [STDERR_REDIRECT] [Fatal Error] :1:1: Premature end of file.
2026-10-01 15:49:55,900 [ERROR] LogOutputStream:75 - [STDERR_REDIRECT] 
2026-10-01 15:49:55,970 [ERROR] LogOutputStream:75 - [STDERR_REDIRECT] [Fatal Error] :1:1: Premature end of file.
2026-10-01 15:49:55,970 [ERROR] LogOutputStream:75 - [STDERR_REDIRECT] 
2026-10-01 15:49:56,171 [ERROR] LogOutputStream:75 - [STDERR_REDIRECT] [Fatal Error] :1:1: Premature end of file.
2026-10-01 15:49:56,172 [ERROR] LogOutputStream:75 - [STDERR_REDIRECT] 
2026-10-01 15:49:56,256 [ERROR] LogOutputStream:75 - [STDERR_REDIRECT] [Fatal Error] :1:1: Premature end of file.
2026-10-01 15:49:56,257 [ERROR] LogOutputStream:75 - [STDERR_REDIRECT] 
2026-10-01 15:49:56,629 [ERROR] LogOutputStream:75 - [STDERR_REDIRECT] [Fatal Error] :1:1: Premature end of file.
2026-10-01 15:49:56,630 [ERROR] LogOutputStream:75 - [STDERR_REDIRECT] 
2026-10-01 15:49:57,684 [ERROR] LogOutputStream:75 - [STDERR_REDIRECT] [Fatal Error] :1:1: Premature end of file.
2026-10-01 15:49:57,684 [ERROR] LogOutputStream:75 - [STDERR_REDIRECT] 
2026-10-01 15:49:58,636 [ERROR] LogOutputStream:75 - [STDERR_REDIRECT] [Fatal Error] :1:1: Premature end of file.
2026-10-01 15:49:58,637 [ERROR] LogOutputStream:75 - [STDERR_REDIRECT] 
2026-10-01 15:49:59,633 [ERROR] LogOutputStream:75 - [STDERR_REDIRECT] [Fatal Error] :1:1: Premature end of file.
2026-10-01 15:49:59,633 [ERROR] LogOutputStream:75 - [STDERR_REDIRECT] 
2026-10-01 15:50:00,634 [ERROR] LogOutputStream:75 - [STDERR_REDIRECT] [Fatal Error] :1:1: Premature end of file.
2026-10-01 15:50:00,634 [ERROR] LogOutputStream:75 - [STDERR_REDIRECT] 
2026-10-01 15:50:01,630 [ERROR] LogOutputStream:75 - [STDERR_REDIRECT] [Fatal Error] :1:1: Premature end of file.
2026-10-01 15:50:01,630 [ERROR] LogOutputStream:75 - [STDERR_REDIRECT] 
2026-10-01 15:50:02,816 [ERROR] LogOutputStream:75 - [STDERR_REDIRECT] [Fatal Error] :1:1: Premature end of file.
2026-10-01 15:50:02,816 [ERROR] LogOutputStream:75 - [STDERR_REDIRECT] 
2026-10-01 15:50:03,631 [ERROR] LogOutputStream:75 - [STDERR_REDIRECT] [Fatal Error] :1:1: Premature end of file.
2026-10-01 15:50:03,632 [ERROR] LogOutputStream:75 - [STDERR_REDIRECT] 
2026-10-01 15:50:04,626 [ERROR] LogOutputStream:75 - [STDERR_REDIRECT] [Fatal Error] :1:1: Premature end of file.
2026-10-01 15:50:04,626 [ERROR] LogOutputStream:75 - [STDERR_REDIRECT] 
2026-10-01 15:50:05,634 [ERROR] LogOutputStream:75 - [STDERR_REDIRECT] [Fatal Error] :1:1: Premature end of file.
2026-10-01 15:50:05,634 [ERROR] LogOutputStream:75 - [STDERR_REDIRECT] 
2026-10-01 15:50:06,638 [ERROR] LogOutputStream:75 - [STDERR_REDIRECT] [Fatal Error] :1:1: Premature end of file.
2026-10-01 15:50:06,640 [ERROR] LogOutputStream:75 - [STDERR_REDIRECT] 
2026-10-01 15:50:07,626 [ERROR] LogOutputStream:75 - [STDERR_REDIRECT] [Fatal Error] :1:1: Premature end of file.
2026-10-01 15:50:07,626 [ERROR] LogOutputStream:75 - [STDERR_REDIRECT] 
2026-10-01 15:50:08,640 [ERROR] LogOutputStream:75 - [STDERR_REDIRECT] [Fatal Error] :1:1: Premature end of file.
2026-10-01 15:50:08,640 [ERROR] LogOutputStream:75 - [STDERR_REDIRECT] 
2026-10-01 15:50:11,121 [ERROR] LogOutputStream:75 - [STDERR_REDIRECT] [Fatal Error] :1:1: Premature end of file.
2026-10-01 15:50:11,121 [ERROR] LogOutputStream:75 - [STDERR_REDIRECT] 
2026-10-01 15:50:11,718 [ERROR] LogOutputStream:75 - [STDERR_REDIRECT] [Fatal Error] :1:1: Premature end of file.
2026-10-01 15:50:11,734 [ERROR] LogOutputStream:75 - [STDERR_REDIRECT] 
2026-10-01 15:50:12,132 [ERROR] LogOutputStream:75 - [STDERR_REDIRECT] [Fatal Error] :1:1: Premature end of file.
2026-10-01 15:50:12,133 [ERROR] LogOutputStream:75 - [STDERR_REDIRECT] 
2026-10-01 15:50:12,636 [ERROR] LogOutputStream:75 - [STDERR_REDIRECT] [Fatal Error] :1:1: Premature end of file.
2026-10-01 15:50:12,636 [ERROR] LogOutputStream:75 - [STDERR_REDIRECT] 
2026-10-01 15:50:13,631 [ERROR] LogOutputStream:75 - [STDERR_REDIRECT] [Fatal Error] :1:1: Premature end of file.
2026-10-01 15:50:13,632 [ERROR] LogOutputStream:75 - [STDERR_REDIRECT] 
2026-10-01 15:50:14,632 [ERROR] LogOutputStream:75 - [STDERR_REDIRECT] [Fatal Error] :1:1: Premature end of file.
2026-10-01 15:50:14,632 [ERROR] LogOutputStream:75 - [STDERR_REDIRECT] 
2026-10-01 15:50:15,626 [ERROR] LogOutputStream:75 - [STDERR_REDIRECT] [Fatal Error] :1:1: Premature end of file.
2026-10-01 15:50:15,626 [ERROR] LogOutputStream:75 - [STDERR_REDIRECT] 
2026-10-01 15:50:16,648 [ERROR] LogOutputStream:75 - [STDERR_REDIRECT] [Fatal Error] :1:1: Premature end of file.
2026-10-01 15:50:16,648 [ERROR] LogOutputStream:75 - [STDERR_REDIRECT] 
2026-10-01 15:50:17,691 [ERROR] LogOutputStream:75 - [STDERR_REDIRECT] [Fatal Error] :1:1: Premature end of file.
2026-10-01 15:50:17,691 [ERROR] LogOutputStream:75 - [STDERR_REDIRECT] 
2026-10-01 15:50:18,643 [ERROR] LogOutputStream:75 - [STDERR_REDIRECT] [Fatal Error] :1:1: Premature end of file.
2026-10-01 15:50:18,643 [ERROR] LogOutputStream:75 - [STDERR_REDIRECT] 
2026-10-01 15:50:19,667 [ERROR] LogOutputStream:75 - [STDERR_REDIRECT] [Fatal Error] :1:1: Premature end of file.
2026-10-01 15:50:19,668 [ERROR] LogOutputStream:75 - [STDERR_REDIRECT] 
2026-10-01 15:50:20,634 [ERROR] LogOutputStream:75 - [STDERR_REDIRECT] [Fatal Error] :1:1: Premature end of file.
2026-10-01 15:50:20,635 [ERROR] LogOutputStream:75 - [STDERR_REDIRECT] 
2026-10-01 15:50:21,644 [ERROR] LogOutputStream:75 - [STDERR_REDIRECT] [Fatal Error] :1:1: Premature end of file.
2026-10-01 15:50:21,644 [ERROR] LogOutputStream:75 - [STDERR_REDIRECT] 
2026-10-01 15:50:22,816 [ERROR] LogOutputStream:75 - [STDERR_REDIRECT] [Fatal Error] :1:1: Premature end of file.
2026-10-01 15:50:22,818 [ERROR] LogOutputStream:75 - [STDERR_REDIRECT] 
2026-10-01 15:50:23,633 [ERROR] LogOutputStream:75 - [STDERR_REDIRECT] [Fatal Error] :1:1: Premature end of file.
2026-10-01 15:50:23,633 [ERROR] LogOutputStream:75 - [STDERR_REDIRECT] 
2026-10-01 15:50:24,638 [ERROR] LogOutputStream:75 - [STDERR_REDIRECT] [Fatal Error] :1:1: Premature end of file.
2026-10-01 15:50:24,640 [ERROR] LogOutputStream:75 - [STDERR_REDIRECT] 
2026-10-01 15:50:26,380 [ERROR] LogOutputStream:75 - [STDERR_REDIRECT] [Fatal Error] :1:1: Premature end of file.
2026-10-01 15:50:26,381 [ERROR] LogOutputStream:75 - [STDERR_REDIRECT] 
2026-10-01 15:50:26,890 [ERROR] LogOutputStream:75 - [STDERR_REDIRECT] [Fatal Error] :1:1: Premature end of file.
2026-10-01 15:50:26,891 [ERROR] LogOutputStream:75 - [STDERR_REDIRECT] 
2026-10-01 15:50:27,867 [ERROR] LogOutputStream:75 - [STDERR_REDIRECT] [Fatal Error] :1:1: Premature end of file.
2026-10-01 15:50:27,868 [ERROR] LogOutputStream:75 - [STDERR_REDIRECT] 
2026-10-01 15:50:28,695 [ERROR] LogOutputStream:75 - [STDERR_REDIRECT] [Fatal Error] :1:1: Premature end of file.
2026-10-01 15:50:28,695 [ERROR] LogOutputStream:75 - [STDERR_REDIRECT] 
2026-10-01 15:50:30,327 [ERROR] LogOutputStream:75 - [STDERR_REDIRECT] [Fatal Error] :1:1: Premature end of file.
2026-10-01 15:50:30,327 [ERROR] LogOutputStream:75 - [STDERR_REDIRECT] 
2026-10-01 15:50:30,907 [ERROR] LogOutputStream:75 - [STDERR_REDIRECT] [Fatal Error] :1:1: Premature end of file.
2026-10-01 15:50:30,907 [ERROR] LogOutputStream:75 - [STDERR_REDIRECT] 
2026-10-01 15:50:31,675 [ERROR] LogOutputStream:75 - [STDERR_REDIRECT] [Fatal Error] :1:1: Premature end of file.
2026-10-01 15:50:31,675 [ERROR] LogOutputStream:75 - [STDERR_REDIRECT] 
2026-10-01 15:50:33,053 [ERROR] LogOutputStream:75 - [STDERR_REDIRECT] [Fatal Error] :1:1: Premature end of file.
2026-10-01 15:50:33,053 [ERROR] LogOutputStream:75 - [STDERR_REDIRECT] 
2026-10-01 15:50:34,105 [ERROR] LogOutputStream:75 - [STDERR_REDIRECT] [Fatal Error] :1:1: Premature end of file.
2026-10-01 15:50:34,106 [ERROR] LogOutputStream:75 - [STDERR_REDIRECT] 
2026-10-01 15:50:35,368 [ERROR] LogOutputStream:75 - [STDERR_REDIRECT] [Fatal Error] :1:1: Premature end of file.
2026-10-01 15:50:35,455 [ERROR] LogOutputStream:75 - [STDERR_REDIRECT] 
2026-10-01 15:50:35,896 [ERROR] LogOutputStream:75 - [STDERR_REDIRECT] [Fatal Error] :1:1: Premature end of file.
2026-10-01 15:50:35,896 [ERROR] LogOutputStream:75 - [STDERR_REDIRECT] 
2026-10-01 15:50:36,637 [ERROR] LogOutputStream:75 - [STDERR_REDIRECT] [Fatal Error] :1:1: Premature end of file.
2026-10-01 15:50:36,641 [ERROR] LogOutputStream:75 - [STDERR_REDIRECT] 
2026-10-01 15:50:37,652 [ERROR] LogOutputStream:75 - [STDERR_REDIRECT] [Fatal Error] :1:1: Premature end of file.
2026-10-01 15:50:37,666 [ERROR] LogOutputStream:75 - [STDERR_REDIRECT] 
2026-10-01 15:50:38,689 [ERROR] LogOutputStream:75 - [STDERR_REDIRECT] [Fatal Error] :1:1: Premature end of file.
2026-10-01 15:50:38,690 [ERROR] LogOutputStream:75 - [STDERR_REDIRECT] 
2026-10-01 15:50:39,640 [ERROR] LogOutputStream:75 - [STDERR_REDIRECT] [Fatal Error] :1:1: Premature end of file.
2026-10-01 15:50:39,641 [ERROR] LogOutputStream:75 - [STDERR_REDIRECT] 
2026-10-01 15:50:40,702 [ERROR] LogOutputStream:75 - [STDERR_REDIRECT] [Fatal Error] :1:1: Premature end of file.
2026-10-01 15:50:40,702 [ERROR] LogOutputStream:75 - [STDERR_REDIRECT] 
2026-10-01 15:50:41,669 [ERROR] LogOutputStream:75 - [STDERR_REDIRECT] [Fatal Error] :1:1: Premature end of file.
2026-10-01 15:50:41,692 [ERROR] LogOutputStream:75 - [STDERR_REDIRECT] 
2026-10-01 15:50:42,636 [ERROR] LogOutputStream:75 - [STDERR_REDIRECT] [Fatal Error] :1:1: Premature end of file.
2026-10-01 15:50:42,636 [ERROR] LogOutputStream:75 - [STDERR_REDIRECT] 
2026-10-01 15:50:43,779 [ERROR] LogOutputStream:75 - [STDERR_REDIRECT] [Fatal Error] :1:1: Premature end of file.
2026-10-01 15:50:43,779 [ERROR] LogOutputStream:75 - [STDERR_REDIRECT] 
2026-10-01 15:50:45,311 [ERROR] LogOutputStream:75 - [STDERR_REDIRECT] [Fatal Error] :1:1: Premature end of file.
2026-10-01 15:50:45,311 [ERROR] LogOutputStream:75 - [STDERR_REDIRECT] 
2026-10-01 15:50:46,068 [ERROR] LogOutputStream:75 - [STDERR_REDIRECT] [Fatal Error] :1:1: Premature end of file.
2026-10-01 15:50:46,070 [ERROR] LogOutputStream:75 - [STDERR_REDIRECT] 
2026-10-01 15:50:46,663 [ERROR] LogOutputStream:75 - [STDERR_REDIRECT] [Fatal Error] :1:1: Premature end of file.
2026-10-01 15:50:46,663 [ERROR] LogOutputStream:75 - [STDERR_REDIRECT] 
2026-10-01 15:50:48,929 [ERROR] LogOutputStream:75 - [STDERR_REDIRECT] [Fatal Error] :1:1: Premature end of file.
2026-10-01 15:50:48,930 [ERROR] LogOutputStream:75 - [STDERR_REDIRECT] 
2026-10-01 15:50:49,073 [ERROR] LogOutputStream:75 - [STDERR_REDIRECT] [Fatal Error] :1:1: Premature end of file.
2026-10-01 15:50:49,074 [ERROR] LogOutputStream:75 - [STDERR_REDIRECT] 
2026-10-01 15:50:49,744 [ERROR] LogOutputStream:75 - [STDERR_REDIRECT] [Fatal Error] :1:1: Premature end of file.
2026-10-01 15:50:49,745 [ERROR] LogOutputStream:75 - [STDERR_REDIRECT] 
2026-10-01 15:50:50,636 [ERROR] LogOutputStream:75 - [STDERR_REDIRECT] [Fatal Error] :1:1: Premature end of file.
2026-10-01 15:50:50,637 [ERROR] LogOutputStream:75 - [STDERR_REDIRECT] 
2026-10-01 15:50:51,652 [ERROR] LogOutputStream:75 - [STDERR_REDIRECT] [Fatal Error] :1:1: Premature end of file.
2026-10-01 15:50:51,652 [ERROR] LogOutputStream:75 - [STDERR_REDIRECT] 
2026-10-01 15:50:52,741 [ERROR] LogOutputStream:75 - [STDERR_REDIRECT] [Fatal Error] :1:1: Premature end of file.
2026-10-01 15:50:52,741 [ERROR] LogOutputStream:75 - [STDERR_REDIRECT] 
2026-10-01 15:50:53,659 [ERROR] LogOutputStream:75 - [STDERR_REDIRECT] [Fatal Error] :1:1: Premature end of file.
2026-10-01 15:50:53,660 [ERROR] LogOutputStream:75 - [STDERR_REDIRECT] 
2026-10-01 15:50:54,656 [ERROR] LogOutputStream:75 - [STDERR_REDIRECT] [Fatal Error] :1:1: Premature end of file.
2026-10-01 15:50:54,657 [ERROR] LogOutputStream:75 - [STDERR_REDIRECT] 
2026-10-01 15:50:55,851 [ERROR] LogOutputStream:75 - [STDERR_REDIRECT] [Fatal Error] :1:1: Premature end of file.
2026-10-01 15:50:55,851 [ERROR] LogOutputStream:75 - [STDERR_REDIRECT] 
2026-10-01 15:50:57,290 [ERROR] LogOutputStream:75 - [STDERR_REDIRECT] [Fatal Error] :1:1: Premature end of file.
2026-10-01 15:50:57,290 [ERROR] LogOutputStream:75 - [STDERR_REDIRECT] 
2026-10-01 15:50:57,988 [ERROR] LogOutputStream:75 - [STDERR_REDIRECT] [Fatal Error] :1:1: Premature end of file.
2026-10-01 15:50:57,989 [ERROR] LogOutputStream:75 - [STDERR_REDIRECT] 
2026-10-01 15:50:58,907 [ERROR] LogOutputStream:75 - [STDERR_REDIRECT] [Fatal Error] :1:1: Premature end of file.
2026-10-01 15:50:58,909 [ERROR] LogOutputStream:75 - [STDERR_REDIRECT] 
2026-10-01 15:50:59,906 [ERROR] LogOutputStream:75 - [STDERR_REDIRECT] [Fatal Error] :1:1: Premature end of file.
2026-10-01 15:50:59,907 [ERROR] LogOutputStream:75 - [STDERR_REDIRECT] 
2026-10-01 15:51:00,870 [ERROR] LogOutputStream:75 - [STDERR_REDIRECT] [Fatal Error] :1:1: Premature end of file.
2026-10-01 15:51:00,872 [ERROR] LogOutputStream:75 - [STDERR_REDIRECT] 
2026-10-01 15:51:01,750 [ERROR] LogOutputStream:75 - [STDERR_REDIRECT] [Fatal Error] :1:1: Premature end of file.
2026-10-01 15:51:01,750 [ERROR] LogOutputStream:75 - [STDERR_REDIRECT] 
2026-10-01 15:51:03,375 [ERROR] LogOutputStream:75 - [STDERR_REDIRECT] [Fatal Error] :1:1: Premature end of file.
2026-10-01 15:51:03,376 [ERROR] LogOutputStream:75 - [STDERR_REDIRECT] 
2026-10-01 15:51:03,982 [ERROR] LogOutputStream:75 - [STDERR_REDIRECT] [Fatal Error] :1:1: Premature end of file.
2026-10-01 15:51:03,983 [ERROR] LogOutputStream:75 - [STDERR_REDIRECT] 
2026-10-01 15:51:05,027 [ERROR] LogOutputStream:75 - [STDERR_REDIRECT] [Fatal Error] :1:1: Premature end of file.
2026-10-01 15:51:05,027 [ERROR] LogOutputStream:75 - [STDERR_REDIRECT] 
2026-10-01 15:51:05,681 [ERROR] LogOutputStream:75 - [STDERR_REDIRECT] [Fatal Error] :1:1: Premature end of file.
2026-10-01 15:51:05,681 [ERROR] LogOutputStream:75 - [STDERR_REDIRECT] 
2026-10-01 15:51:06,854 [ERROR] LogOutputStream:75 - [STDERR_REDIRECT] [Fatal Error] :1:1: Premature end of file.
2026-10-01 15:51:06,855 [ERROR] LogOutputStream:75 - [STDERR_REDIRECT] 
2026-10-01 15:51:08,310 [ERROR] LogOutputStream:75 - [STDERR_REDIRECT] [Fatal Error] :1:1: Premature end of file.
2026-10-01 15:51:08,311 [ERROR] LogOutputStream:75 - [STDERR_REDIRECT] 
2026-10-01 15:51:08,656 [ERROR] LogOutputStream:75 - [STDERR_REDIRECT] [Fatal Error] :1:1: Premature end of file.
2026-10-01 15:51:08,656 [ERROR] LogOutputStream:75 - [STDERR_REDIRECT] 
2026-10-01 15:51:09,680 [ERROR] LogOutputStream:75 - [STDERR_REDIRECT] [Fatal Error] :1:1: Premature end of file.
2026-10-01 15:51:09,682 [ERROR] LogOutputStream:75 - [STDERR_REDIRECT] 
2026-10-01 15:51:10,640 [ERROR] LogOutputStream:75 - [STDERR_REDIRECT] [Fatal Error] :1:1: Premature end of file.
2026-10-01 15:51:10,640 [ERROR] LogOutputStream:75 - [STDERR_REDIRECT] 
2026-10-01 15:51:11,721 [ERROR] LogOutputStream:75 - [STDERR_REDIRECT] [Fatal Error] :1:1: Premature end of file.
2026-10-01 15:51:11,721 [ERROR] LogOutputStream:75 - [STDERR_REDIRECT] 
2026-10-01 15:51:12,630 [ERROR] LogOutputStream:75 - [STDERR_REDIRECT] [Fatal Error] :1:1: Premature end of file.
2026-10-01 15:51:12,630 [ERROR] LogOutputStream:75 - [STDERR_REDIRECT] 
2026-10-01 15:51:13,848 [ERROR] LogOutputStream:75 - [STDERR_REDIRECT] [Fatal Error] :1:1: Premature end of file.
2026-10-01 15:51:13,850 [ERROR] LogOutputStream:75 - [STDERR_REDIRECT] 
2026-10-01 15:51:14,646 [ERROR] LogOutputStream:75 - [STDERR_REDIRECT] [Fatal Error] :1:1: Premature end of file.
2026-10-01 15:51:14,646 [ERROR] LogOutputStream:75 - [STDERR_REDIRECT] 
2026-10-01 15:51:15,789 [ERROR] LogOutputStream:75 - [STDERR_REDIRECT] [Fatal Error] :1:1: Premature end of file.
2026-10-01 15:51:15,789 [ERROR] LogOutputStream:75 - [STDERR_REDIRECT] 
2026-10-01 15:51:16,683 [ERROR] LogOutputStream:75 - [STDERR_REDIRECT] [Fatal Error] :1:1: Premature end of file.
2026-10-01 15:51:16,683 [ERROR] LogOutputStream:75 - [STDERR_REDIRECT] 
2026-10-01 15:51:17,636 [ERROR] LogOutputStream:75 - [STDERR_REDIRECT] [Fatal Error] :1:1: Premature end of file.
2026-10-01 15:51:17,636 [ERROR] LogOutputStream:75 - [STDERR_REDIRECT] 
2026-10-01 15:51:18,635 [ERROR] LogOutputStream:75 - [STDERR_REDIRECT] [Fatal Error] :1:1: Premature end of file.
2026-10-01 15:51:18,635 [ERROR] LogOutputStream:75 - [STDERR_REDIRECT] 
2026-10-01 15:51:19,631 [ERROR] LogOutputStream:75 - [STDERR_REDIRECT] [Fatal Error] :1:1: Premature end of file.
2026-10-01 15:51:19,631 [ERROR] LogOutputStream:75 - [STDERR_REDIRECT] 
2026-10-01 15:51:20,632 [ERROR] LogOutputStream:75 - [STDERR_REDIRECT] [Fatal Error] :1:1: Premature end of file.
2026-10-01 15:51:20,632 [ERROR] LogOutputStream:75 - [STDERR_REDIRECT] 
2026-10-01 15:51:21,631 [ERROR] LogOutputStream:75 - [STDERR_REDIRECT] [Fatal Error] :1:1: Premature end of file.
2026-10-01 15:51:21,631 [ERROR] LogOutputStream:75 - [STDERR_REDIRECT] 
2026-10-01 15:51:22,635 [ERROR] LogOutputStream:75 - [STDERR_REDIRECT] [Fatal Error] :1:1: Premature end of file.
2026-10-01 15:51:22,635 [ERROR] LogOutputStream:75 - [STDERR_REDIRECT] 
2026-10-01 15:51:23,722 [ERROR] LogOutputStream:75 - [STDERR_REDIRECT] [Fatal Error] :1:1: Premature end of file.
2026-10-01 15:51:23,722 [ERROR] LogOutputStream:75 - [STDERR_REDIRECT] 
2026-10-01 15:51:24,726 [ERROR] LogOutputStream:75 - [STDERR_REDIRECT] [Fatal Error] :1:1: Premature end of file.
2026-10-01 15:51:24,726 [ERROR] LogOutputStream:75 - [STDERR_REDIRECT] 
2026-10-01 15:51:25,642 [ERROR] LogOutputStream:75 - [STDERR_REDIRECT] [Fatal Error] :1:1: Premature end of file.
2026-10-01 15:51:25,644 [ERROR] LogOutputStream:75 - [STDERR_REDIRECT] 
2026-10-01 15:51:26,723 [ERROR] LogOutputStream:75 - [STDERR_REDIRECT] [Fatal Error] :1:1: Premature end of file.
2026-10-01 15:51:26,723 [ERROR] LogOutputStream:75 - [STDERR_REDIRECT] 
2026-10-01 15:51:27,636 [ERROR] LogOutputStream:75 - [STDERR_REDIRECT] [Fatal Error] :1:1: Premature end of file.
2026-10-01 15:51:27,636 [ERROR] LogOutputStream:75 - [STDERR_REDIRECT] 
2026-10-01 15:51:28,638 [ERROR] LogOutputStream:75 - [STDERR_REDIRECT] [Fatal Error] :1:1: Premature end of file.
2026-10-01 15:51:28,638 [ERROR] LogOutputStream:75 - [STDERR_REDIRECT] 
2026-10-01 15:51:29,638 [ERROR] LogOutputStream:75 - [STDERR_REDIRECT] [Fatal Error] :1:1: Premature end of file.
2026-10-01 15:51:29,640 [ERROR] LogOutputStream:75 - [STDERR_REDIRECT] 
2026-10-01 15:51:30,654 [ERROR] LogOutputStream:75 - [STDERR_REDIRECT] [Fatal Error] :1:1: Premature end of file.
2026-10-01 15:51:30,654 [ERROR] LogOutputStream:75 - [STDERR_REDIRECT] 
2026-10-01 15:51:31,622 [ERROR] LogOutputStream:75 - [STDERR_REDIRECT] [Fatal Error] :1:1: Premature end of file.
2026-10-01 15:51:31,630 [ERROR] LogOutputStream:75 - [STDERR_REDIRECT] 
2026-10-01 15:51:32,631 [ERROR] LogOutputStream:75 - [STDERR_REDIRECT] [Fatal Error] :1:1: Premature end of file.
2026-10-01 15:51:32,631 [ERROR] LogOutputStream:75 - [STDERR_REDIRECT] 
2026-10-01 15:51:33,640 [ERROR] LogOutputStream:75 - [STDERR_REDIRECT] [Fatal Error] :1:1: Premature end of file.
2026-10-01 15:51:33,645 [ERROR] LogOutputStream:75 - [STDERR_REDIRECT] 
2026-10-01 15:51:34,640 [ERROR] LogOutputStream:75 - [STDERR_REDIRECT] [Fatal Error] :1:1: Premature end of file.
2026-10-01 15:51:34,640 [ERROR] LogOutputStream:75 - [STDERR_REDIRECT] 
2026-10-01 15:51:35,638 [ERROR] LogOutputStream:75 - [STDERR_REDIRECT] [Fatal Error] :1:1: Premature end of file.
2026-10-01 15:51:35,638 [ERROR] LogOutputStream:75 - [STDERR_REDIRECT] 
2026-10-01 15:51:36,637 [ERROR] LogOutputStream:75 - [STDERR_REDIRECT] [Fatal Error] :1:1: Premature end of file.
2026-10-01 15:51:36,637 [ERROR] LogOutputStream:75 - [STDERR_REDIRECT] 
2026-10-01 15:51:37,631 [ERROR] LogOutputStream:75 - [STDERR_REDIRECT] [Fatal Error] :1:1: Premature end of file.
2026-10-01 15:51:37,631 [ERROR] LogOutputStream:75 - [STDERR_REDIRECT] 
2026-10-01 15:51:38,638 [ERROR] LogOutputStream:75 - [STDERR_REDIRECT] [Fatal Error] :1:1: Premature end of file.
2026-10-01 15:51:38,638 [ERROR] LogOutputStream:75 - [STDERR_REDIRECT] 
2026-10-01 15:51:39,646 [ERROR] LogOutputStream:75 - [STDERR_REDIRECT] [Fatal Error] :1:1: Premature end of file.
2026-10-01 15:51:39,646 [ERROR] LogOutputStream:75 - [STDERR_REDIRECT] 
2026-10-01 15:51:40,641 [ERROR] LogOutputStream:75 - [STDERR_REDIRECT] [Fatal Error] :1:1: Premature end of file.
2026-10-01 15:51:40,642 [ERROR] LogOutputStream:75 - [STDERR_REDIRECT] 
2026-10-01 15:51:41,628 [ERROR] LogOutputStream:75 - [STDERR_REDIRECT] [Fatal Error] :1:1: Premature end of file.
2026-10-01 15:51:41,635 [ERROR] LogOutputStream:75 - [STDERR_REDIRECT] 
2026-10-01 15:51:42,632 [ERROR] LogOutputStream:75 - [STDERR_REDIRECT] [Fatal Error] :1:1: Premature end of file.
2026-10-01 15:51:42,632 [ERROR] LogOutputStream:75 - [STDERR_REDIRECT] 
2026-10-01 15:51:43,811 [ERROR] LogOutputStream:75 - [STDERR_REDIRECT] [Fatal Error] :1:1: Premature end of file.
2026-10-01 15:51:43,811 [ERROR] LogOutputStream:75 - [STDERR_REDIRECT] 
2026-10-01 15:51:44,636 [ERROR] LogOutputStream:75 - [STDERR_REDIRECT] [Fatal Error] :1:1: Premature end of file.
2026-10-01 15:51:44,637 [ERROR] LogOutputStream:75 - [STDERR_REDIRECT] 
2026-10-01 15:51:45,631 [ERROR] LogOutputStream:75 - [STDERR_REDIRECT] [Fatal Error] :1:1: Premature end of file.
2026-10-01 15:51:45,631 [ERROR] LogOutputStream:75 - [STDERR_REDIRECT] 
2026-10-01 15:51:46,900 [ERROR] LogOutputStream:75 - [STDERR_REDIRECT] [Fatal Error] :1:1: Premature end of file.
2026-10-01 15:51:46,900 [ERROR] LogOutputStream:75 - [STDERR_REDIRECT] 
2026-10-01 15:51:47,920 [ERROR] LogOutputStream:75 - [STDERR_REDIRECT] [Fatal Error] :1:1: Premature end of file.
2026-10-01 15:51:47,922 [ERROR] LogOutputStream:75 - [STDERR_REDIRECT] 
2026-10-01 15:51:48,643 [ERROR] LogOutputStream:75 - [STDERR_REDIRECT] [Fatal Error] :1:1: Premature end of file.
2026-10-01 15:51:48,643 [ERROR] LogOutputStream:75 - [STDERR_REDIRECT] 
2026-10-01 15:51:49,704 [ERROR] LogOutputStream:75 - [STDERR_REDIRECT] [Fatal Error] :1:1: Premature end of file.
2026-10-01 15:51:49,704 [ERROR] LogOutputStream:75 - [STDERR_REDIRECT] 
2026-10-01 15:51:50,633 [ERROR] LogOutputStream:75 - [STDERR_REDIRECT] [Fatal Error] :1:1: Premature end of file.
2026-10-01 15:51:50,633 [ERROR] LogOutputStream:75 - [STDERR_REDIRECT] 
2026-10-01 15:51:51,647 [ERROR] LogOutputStream:75 - [STDERR_REDIRECT] [Fatal Error] :1:1: Premature end of file.
2026-10-01 15:51:51,649 [ERROR] LogOutputStream:75 - [STDERR_REDIRECT] 
2026-10-01 15:51:52,635 [ERROR] LogOutputStream:75 - [STDERR_REDIRECT] [Fatal Error] :1:1: Premature end of file.
2026-10-01 15:51:52,635 [ERROR] LogOutputStream:75 - [STDERR_REDIRECT] 
2026-10-01 15:51:53,639 [ERROR] LogOutputStream:75 - [STDERR_REDIRECT] [Fatal Error] :1:1: Premature end of file.
2026-10-01 15:51:53,639 [ERROR] LogOutputStream:75 - [STDERR_REDIRECT] 
2026-10-01 15:51:54,631 [ERROR] LogOutputStream:75 - [STDERR_REDIRECT] [Fatal Error] :1:1: Premature end of file.
2026-10-01 15:51:54,631 [ERROR] LogOutputStream:75 - [STDERR_REDIRECT] 
2026-10-01 15:51:55,627 [ERROR] LogOutputStream:75 - [STDERR_REDIRECT] [Fatal Error] :1:1: Premature end of file.
2026-10-01 15:51:55,627 [ERROR] LogOutputStream:75 - [STDERR_REDIRECT] 
2026-10-01 15:51:56,626 [ERROR] LogOutputStream:75 - [STDERR_REDIRECT] [Fatal Error] :1:1: Premature end of file.
2026-10-01 15:51:56,626 [ERROR] LogOutputStream:75 - [STDERR_REDIRECT] 
2026-10-01 15:51:57,630 [ERROR] LogOutputStream:75 - [STDERR_REDIRECT] [Fatal Error] :1:1: Premature end of file.
2026-10-01 15:51:57,631 [ERROR] LogOutputStream:75 - [STDERR_REDIRECT] 
2026-10-01 15:51:58,717 [ERROR] LogOutputStream:75 - [STDERR_REDIRECT] [Fatal Error] :1:1: Premature end of file.
2026-10-01 15:51:58,717 [ERROR] LogOutputStream:75 - [STDERR_REDIRECT] 
2026-10-01 15:51:59,646 [ERROR] LogOutputStream:75 - [STDERR_REDIRECT] [Fatal Error] :1:1: Premature end of file.
2026-10-01 15:51:59,646 [ERROR] LogOutputStream:75 - [STDERR_REDIRECT] 
2026-10-01 15:52:00,635 [ERROR] LogOutputStream:75 - [STDERR_REDIRECT] [Fatal Error] :1:1: Premature end of file.
2026-10-01 15:52:00,635 [ERROR] LogOutputStream:75 - [STDERR_REDIRECT] 
2026-10-01 15:52:01,648 [ERROR] LogOutputStream:75 - [STDERR_REDIRECT] [Fatal Error] :1:1: Premature end of file.
2026-10-01 15:52:01,651 [ERROR] LogOutputStream:75 - [STDERR_REDIRECT] 
2026-10-01 15:52:02,650 [ERROR] LogOutputStream:75 - [STDERR_REDIRECT] [Fatal Error] :1:1: Premature end of file.
2026-10-01 15:52:02,650 [ERROR] LogOutputStream:75 - [STDERR_REDIRECT] 
2026-10-01 15:52:03,643 [ERROR] LogOutputStream:75 - [STDERR_REDIRECT] [Fatal Error] :1:1: Premature end of file.
2026-10-01 15:52:03,644 [ERROR] LogOutputStream:75 - [STDERR_REDIRECT] 
2026-10-01 15:52:04,931 [ERROR] LogOutputStream:75 - [STDERR_REDIRECT] [Fatal Error] :1:1: Premature end of file.
2026-10-01 15:52:04,931 [ERROR] LogOutputStream:75 - [STDERR_REDIRECT] 
2026-10-01 15:52:05,628 [ERROR] LogOutputStream:75 - [STDERR_REDIRECT] [Fatal Error] :1:1: Premature end of file.
2026-10-01 15:52:05,628 [ERROR] LogOutputStream:75 - [STDERR_REDIRECT] 
2026-10-01 15:52:06,638 [ERROR] LogOutputStream:75 - [STDERR_REDIRECT] [Fatal Error] :1:1: Premature end of file.
2026-10-01 15:52:06,638 [ERROR] LogOutputStream:75 - [STDERR_REDIRECT] 
2026-10-01 15:52:07,635 [ERROR] LogOutputStream:75 - [STDERR_REDIRECT] [Fatal Error] :1:1: Premature end of file.
2026-10-01 15:52:07,635 [ERROR] LogOutputStream:75 - [STDERR_REDIRECT] 
2026-10-01 15:52:08,908 [ERROR] LogOutputStream:75 - [STDERR_REDIRECT] [Fatal Error] :1:1: Premature end of file.
2026-10-01 15:52:08,908 [ERROR] LogOutputStream:75 - [STDERR_REDIRECT] 
2026-10-01 15:52:09,633 [ERROR] LogOutputStream:75 - [STDERR_REDIRECT] [Fatal Error] :1:1: Premature end of file.
2026-10-01 15:52:09,633 [ERROR] LogOutputStream:75 - [STDERR_REDIRECT] 
2026-10-01 15:52:10,628 [ERROR] LogOutputStream:75 - [STDERR_REDIRECT] [Fatal Error] :1:1: Premature end of file.
2026-10-01 15:52:10,628 [ERROR] LogOutputStream:75 - [STDERR_REDIRECT] 
2026-10-01 15:52:11,618 [ERROR] LogOutputStream:75 - [STDERR_REDIRECT] [Fatal Error] :1:1: Premature end of file.
2026-10-01 15:52:11,618 [ERROR] LogOutputStream:75 - [STDERR_REDIRECT] 
2026-10-01 15:52:12,631 [ERROR] LogOutputStream:75 - [STDERR_REDIRECT] [Fatal Error] :1:1: Premature end of file.
2026-10-01 15:52:12,632 [ERROR] LogOutputStream:75 - [STDERR_REDIRECT] 
2026-10-01 15:52:13,635 [ERROR] LogOutputStream:75 - [STDERR_REDIRECT] [Fatal Error] :1:1: Premature end of file.
2026-10-01 15:52:13,635 [ERROR] LogOutputStream:75 - [STDERR_REDIRECT] 
2026-10-01 15:52:14,635 [ERROR] LogOutputStream:75 - [STDERR_REDIRECT] [Fatal Error] :1:1: Premature end of file.
2026-10-01 15:52:14,635 [ERROR] LogOutputStream:75 - [STDERR_REDIRECT] 
2026-10-01 15:52:15,824 [ERROR] LogOutputStream:75 - [STDERR_REDIRECT] [Fatal Error] :1:1: Premature end of file.
2026-10-01 15:52:15,824 [ERROR] LogOutputStream:75 - [STDERR_REDIRECT] 
2026-10-01 15:52:16,626 [ERROR] LogOutputStream:75 - [STDERR_REDIRECT] [Fatal Error] :1:1: Premature end of file.
2026-10-01 15:52:16,626 [ERROR] LogOutputStream:75 - [STDERR_REDIRECT] 
2026-10-01 15:52:17,634 [ERROR] LogOutputStream:75 - [STDERR_REDIRECT] [Fatal Error] :1:1: Premature end of file.
2026-10-01 15:52:17,634 [ERROR] LogOutputStream:75 - [STDERR_REDIRECT] 
2026-10-01 15:52:18,633 [ERROR] LogOutputStream:75 - [STDERR_REDIRECT] [Fatal Error] :1:1: Premature end of file.
2026-10-01 15:52:18,633 [ERROR] LogOutputStream:75 - [STDERR_REDIRECT] 
2026-10-01 15:52:19,635 [ERROR] LogOutputStream:75 - [STDERR_REDIRECT] [Fatal Error] :1:1: Premature end of file.
2026-10-01 15:52:19,635 [ERROR] LogOutputStream:75 - [STDERR_REDIRECT] 
2026-10-01 15:52:20,628 [ERROR] LogOutputStream:75 - [STDERR_REDIRECT] [Fatal Error] :1:1: Premature end of file.
2026-10-01 15:52:20,629 [ERROR] LogOutputStream:75 - [STDERR_REDIRECT] 
2026-10-01 15:52:21,631 [ERROR] LogOutputStream:75 - [STDERR_REDIRECT] [Fatal Error] :1:1: Premature end of file.
2026-10-01 15:52:21,631 [ERROR] LogOutputStream:75 - [STDERR_REDIRECT] 
2026-10-01 15:52:22,661 [ERROR] LogOutputStream:75 - [STDERR_REDIRECT] [Fatal Error] :1:1: Premature end of file.
2026-10-01 15:52:22,661 [ERROR] LogOutputStream:75 - [STDERR_REDIRECT] 
2026-10-01 15:52:23,626 [ERROR] LogOutputStream:75 - [STDERR_REDIRECT] [Fatal Error] :1:1: Premature end of file.
2026-10-01 15:52:23,626 [ERROR] LogOutputStream:75 - [STDERR_REDIRECT] 
2026-10-01 15:52:24,628 [ERROR] LogOutputStream:75 - [STDERR_REDIRECT] [Fatal Error] :1:1: Premature end of file.
2026-10-01 15:52:24,628 [ERROR] LogOutputStream:75 - [STDERR_REDIRECT] 
2026-10-01 15:52:25,627 [ERROR] LogOutputStream:75 - [STDERR_REDIRECT] [Fatal Error] :1:1: Premature end of file.
2026-10-01 15:52:25,627 [ERROR] LogOutputStream:75 - [STDERR_REDIRECT] 
2026-10-01 15:52:26,690 [ERROR] LogOutputStream:75 - [STDERR_REDIRECT] [Fatal Error] :1:1: Premature end of file.
2026-10-01 15:52:26,690 [ERROR] LogOutputStream:75 - [STDERR_REDIRECT] 
2026-10-01 15:52:27,631 [ERROR] LogOutputStream:75 - [STDERR_REDIRECT] [Fatal Error] :1:1: Premature end of file.
2026-10-01 15:52:27,631 [ERROR] LogOutputStream:75 - [STDERR_REDIRECT] 
2026-10-01 15:52:28,646 [ERROR] LogOutputStream:75 - [STDERR_REDIRECT] [Fatal Error] :1:1: Premature end of file.
2026-10-01 15:52:28,646 [ERROR] LogOutputStream:75 - [STDERR_REDIRECT] 
2026-10-01 15:52:29,757 [ERROR] LogOutputStream:75 - [STDERR_REDIRECT] [Fatal Error] :1:1: Premature end of file.
2026-10-01 15:52:29,757 [ERROR] LogOutputStream:75 - [STDERR_REDIRECT] 
2026-10-01 15:52:30,631 [ERROR] LogOutputStream:75 - [STDERR_REDIRECT] [Fatal Error] :1:1: Premature end of file.
2026-10-01 15:52:30,631 [ERROR] LogOutputStream:75 - [STDERR_REDIRECT] 
2026-10-01 15:52:31,631 [ERROR] LogOutputStream:75 - [STDERR_REDIRECT] [Fatal Error] :1:1: Premature end of file.
2026-10-01 15:52:31,631 [ERROR] LogOutputStream:75 - [STDERR_REDIRECT] 
2026-10-01 15:52:32,622 [ERROR] LogOutputStream:75 - [STDERR_REDIRECT] [Fatal Error] :1:1: Premature end of file.
2026-10-01 15:52:32,622 [ERROR] LogOutputStream:75 - [STDERR_REDIRECT] 
2026-10-01 15:52:33,672 [ERROR] LogOutputStream:75 - [STDERR_REDIRECT] [Fatal Error] :1:1: Premature end of file.
2026-10-01 15:52:33,672 [ERROR] LogOutputStream:75 - [STDERR_REDIRECT] 
2026-10-01 15:52:34,139 [ERROR] LogOutputStream:75 - [STDERR_REDIRECT] 
2026-10-01 15:52:34,140 [ERROR] LogOutputStream:75 - [STDERR_REDIRECT] 
2026-10-01 22:11:25,542 [INFO] Activator:176 - 


2026-10-01 22:11:25,545 [INFO] Activator:177 - !SESSION log4j initialized
2026-10-01 22:11:32,024 [INFO] LogOutputStream:77 - [STDOUT_REDIRECT] 
2026-10-01 22:11:33,638 [INFO] ApplicationProperties:184 - Using Application install path: C:\ST\STM32CubeIDE_1.19.0\STM32CubeIDE\plugins\com.st.stm32cube.common.mx_6.15.0.202507011659
2026-10-01 22:11:33,652 [INFO] DbMcusXml:78 - Set database path to: C:\ST\STM32CubeIDE_1.19.0\STM32CubeIDE\plugins\com.st.stm32cube.common.mx_6.15.0.202507011659\\db\/mcu/
2026-10-01 22:11:33,652 [INFO] ApiDb:274 - Set plugin database path to: C:\ST\STM32CubeIDE_1.19.0\STM32CubeIDE\plugins\com.st.stm32cube.common.mx_6.15.0.202507011659\\db\/plugins/boardmanager/
2026-10-01 22:11:33,652 [WARN] ApiDb:259 - Overriding images path with different value:  => C:\ST\STM32CubeIDE_1.19.0\STM32CubeIDE\plugins\com.st.stm32cube.common.mx_6.15.0.202507011659\\db\/plugins/mcufinder/images/
2026-10-01 22:11:33,662 [INFO] ApiDb:250 - Set database path to: C:\Users\Admin\.stmcufinder\plugins\mcufinder//mcu/
2026-10-01 22:11:33,662 [INFO] DbMcusAds:125 - Set database path to: C:\Users\Admin\.stmcufinder\plugins\mcufinder//mcu/
2026-10-01 22:11:33,664 [INFO] CrossReferenceDbSqlite:203 - Set database path to: C:\Users\Admin\.stmcufinder\plugins\mcufinder//mcu/cs/
2026-10-01 22:11:33,762 [INFO] RulesReader:64 - Compatibility file has been processed (317 Rules)
2026-10-01 22:11:33,822 [INFO] DbMcusXml:78 - Set database path to: C:\ST\STM32CubeIDE_1.19.0\STM32CubeIDE\plugins\com.st.stm32cube.common.mx_6.15.0.202507011659\\db\/mcu/
2026-10-01 22:11:33,822 [INFO] ApiDb:274 - Set plugin database path to: C:\ST\STM32CubeIDE_1.19.0\STM32CubeIDE\plugins\com.st.stm32cube.common.mx_6.15.0.202507011659\\db\/plugins/boardmanager/
2026-10-01 22:11:33,823 [INFO] ApiDb:261 - Set plugin images path to: C:\ST\STM32CubeIDE_1.19.0\STM32CubeIDE\plugins\com.st.stm32cube.common.mx_6.15.0.202507011659\\db\/plugins/mcufinder/images/
2026-10-01 22:11:33,823 [WARN] DbFile:41 - Overriding database path with different value: C:\Users\Admin\.stmcufinder\plugins\mcufinder/ => C:\Users\Admin\.stmcufinder\plugins\mcufinder
2026-10-01 22:11:33,823 [INFO] ApiDb:250 - Set database path to: C:\Users\Admin\.stmcufinder\plugins\mcufinder//mcu/
2026-10-01 22:11:33,823 [WARN] DbFile:41 - Overriding database path with different value: C:\Users\Admin\.stmcufinder\plugins\mcufinder/ => C:\Users\Admin\.stmcufinder\plugins\mcufinder
2026-10-01 22:11:33,823 [INFO] DbMcusAds:125 - Set database path to: C:\Users\Admin\.stmcufinder\plugins\mcufinder//mcu/
2026-10-01 22:11:33,823 [WARN] DbFile:41 - Overriding database path with different value: C:\Users\Admin\.stmcufinder\plugins\mcufinder/ => C:\Users\Admin\.stmcufinder\plugins\mcufinder
2026-10-01 22:11:33,823 [WARN] DbFile:41 - Overriding database path with different value: C:\Users\Admin\.stmcufinder\plugins\mcufinder/ => C:\Users\Admin\.stmcufinder\plugins\mcufinder
2026-10-01 22:11:33,823 [INFO] CrossReferenceDbSqlite:203 - Set database path to: C:\Users\Admin\.stmcufinder\plugins\mcufinder//mcu/cs/
2026-10-01 22:11:33,897 [INFO] MainPanel:274 - HeapMemory: 268435456
2026-10-01 22:11:34,039 [INFO] DbMcusXml:78 - Set database path to: C:\ST\STM32CubeIDE_1.19.0\STM32CubeIDE\plugins\com.st.stm32cube.common.mx_6.15.0.202507011659\\db\/mcu/
2026-10-01 22:11:34,039 [INFO] ApiDb:274 - Set plugin database path to: C:\ST\STM32CubeIDE_1.19.0\STM32CubeIDE\plugins\com.st.stm32cube.common.mx_6.15.0.202507011659\\db\/plugins/boardmanager/
2026-10-01 22:11:34,039 [INFO] ApiDb:261 - Set plugin images path to: C:\ST\STM32CubeIDE_1.19.0\STM32CubeIDE\plugins\com.st.stm32cube.common.mx_6.15.0.202507011659\\db\/plugins/mcufinder/images/
2026-10-01 22:11:34,039 [WARN] DbFile:41 - Overriding database path with different value: C:\Users\Admin\.stmcufinder\plugins\mcufinder/ => C:\Users\Admin\.stmcufinder\plugins\mcufinder
2026-10-01 22:11:34,039 [INFO] ApiDb:250 - Set database path to: C:\Users\Admin\.stmcufinder\plugins\mcufinder//mcu/
2026-10-01 22:11:34,039 [WARN] DbFile:41 - Overriding database path with different value: C:\Users\Admin\.stmcufinder\plugins\mcufinder/ => C:\Users\Admin\.stmcufinder\plugins\mcufinder
2026-10-01 22:11:34,039 [INFO] DbMcusAds:125 - Set database path to: C:\Users\Admin\.stmcufinder\plugins\mcufinder//mcu/
2026-10-01 22:11:34,039 [WARN] DbFile:41 - Overriding database path with different value: C:\Users\Admin\.stmcufinder\plugins\mcufinder/ => C:\Users\Admin\.stmcufinder\plugins\mcufinder
2026-10-01 22:11:34,039 [WARN] DbFile:41 - Overriding database path with different value: C:\Users\Admin\.stmcufinder\plugins\mcufinder/ => C:\Users\Admin\.stmcufinder\plugins\mcufinder
2026-10-01 22:11:34,039 [INFO] CrossReferenceDbSqlite:203 - Set database path to: C:\Users\Admin\.stmcufinder\plugins\mcufinder//mcu/cs/
2026-10-01 22:11:34,055 [INFO] ApplicationProperties:184 - Using Application install path: C:\ST\STM32CubeIDE_1.19.0\STM32CubeIDE\plugins\com.st.stm32cube.common.mx_6.15.0.202507011659
2026-10-01 22:11:34,056 [INFO] PluginManage:196 - Search for loadable plugins [exclusion list=, ]
2026-10-01 22:11:34,058 [INFO] PluginManage:310 - Check plugin analytics
2026-10-01 22:11:34,206 [INFO] AnalyticsPlugin:253 - Accepted Software Licenses: STM32CubeMX.6.18.1
2026-10-01 22:11:34,206 [INFO] AnalyticsPlugin:255 - Accepted CMSIS Pack Licenses: 
2026-10-01 22:11:34,207 [INFO] AnalyticsPlugin:257 - Accepted Firmware Licenses: FW.F1.1.8.7
2026-10-01 22:11:34,215 [INFO] PluginManage:359 - Loaded plugin analytics (category:tool,tabindex:-1)
2026-10-01 22:11:34,216 [INFO] PluginManage:310 - Check plugin cadmodel
2026-10-01 22:11:34,233 [INFO] CADModel:105 - Init CAD model plugin
2026-10-01 22:11:34,233 [INFO] PluginManage:359 - Loaded plugin cadmodel (category:power,tabindex:5)
2026-10-01 22:11:34,233 [INFO] PluginManage:310 - Check plugin clock
2026-10-01 22:11:34,249 [INFO] PluginManage:359 - Loaded plugin clock (category:base,tabindex:2)
2026-10-01 22:11:34,250 [INFO] PluginManage:310 - Check plugin ddr
2026-10-01 22:11:34,252 [INFO] PluginManage:359 - Loaded plugin ddr (category:tool,tabindex:6)
2026-10-01 22:11:34,252 [INFO] PluginManage:310 - Check plugin filemanager
2026-10-01 22:11:34,363 [INFO] PluginManage:359 - Loaded plugin filemanager (category:base,tabindex:10)
2026-10-01 22:11:34,363 [INFO] PluginManage:310 - Check plugin ipmanager
2026-10-01 22:11:34,369 [INFO] PluginManage:359 - Loaded plugin ipmanager (category:base,tabindex:5)
2026-10-01 22:11:34,370 [INFO] PluginManage:310 - Check plugin lpbam
2026-10-01 22:11:34,387 [INFO] PluginManage:359 - Loaded plugin lpbam (category:base,tabindex:0)
2026-10-01 22:11:34,387 [INFO] PluginManage:310 - Check plugin memorymap
2026-10-01 22:11:34,404 [INFO] PluginManage:359 - Loaded plugin memorymap (category:base,tabindex:4)
2026-10-01 22:11:34,404 [INFO] PluginManage:310 - Check plugin pinoutandconfiguration
2026-10-01 22:11:34,419 [INFO] PluginManage:359 - Loaded plugin pinoutandconfiguration (category:base,tabindex:1)
2026-10-01 22:11:34,419 [INFO] PluginManage:310 - Check plugin pinoutconfig
2026-10-01 22:11:34,484 [WARN] SupportedApi:132 - Cannot load RTOS API schema: s4s-elt-must-match.1: The content of 'definitions' must match (annotation?, (simpleType | complexType)?, (unique | key | keyref)*)). A problem was found starting at: attribute.
2026-10-01 22:11:34,579 [INFO] PluginManage:359 - Loaded plugin pinoutconfig (category:base,tabindex:0)
2026-10-01 22:11:34,579 [INFO] PluginManage:310 - Check plugin power
2026-10-01 22:11:34,596 [INFO] PluginManage:359 - Loaded plugin power (category:power,tabindex:4)
2026-10-01 22:11:34,596 [INFO] PluginManage:310 - Check plugin projectmanager
2026-10-01 22:11:34,612 [INFO] PluginManage:359 - Loaded plugin projectmanager (category:projectmanager,tabindex:4)
2026-10-01 22:11:34,612 [INFO] PluginManage:310 - Check plugin rif
2026-10-01 22:11:34,629 [INFO] PluginManage:359 - Loaded plugin rif (category:base,tabindex:3)
2026-10-01 22:11:34,630 [INFO] PluginManage:310 - Check plugin thirdparty
2026-10-01 22:11:34,862 [INFO] PluginManage:359 - Loaded plugin thirdparty (category:base,tabindex:-1)
2026-10-01 22:11:34,862 [INFO] PluginManage:310 - Check plugin tools
2026-10-01 22:11:34,862 [WARN] IntegrityCheckThread:84 - waiting for thirdparty lock release [integrity check]
2026-10-01 22:11:34,862 [INFO] IntegrityCheckThread:86 - entering critical section [integrity check]
2026-10-01 22:11:34,862 [INFO] ThirdPartyUpdaterWithRetryManager:70 - Updater plugin not ready yet. [1/15]
2026-10-01 22:11:34,887 [INFO] PluginManage:359 - Loaded plugin tools (category:base,tabindex:7)
2026-10-01 22:11:34,887 [INFO] PluginManage:310 - Check plugin tutovideos
2026-10-01 22:11:35,044 [INFO] PluginManage:359 - Loaded plugin tutovideos (category:base,tabindex:-1)
2026-10-01 22:11:35,044 [INFO] PluginManage:310 - Check plugin updater
2026-10-01 22:11:35,062 [INFO] PluginManage:359 - Loaded plugin updater (category:base,tabindex:12)
2026-10-01 22:11:35,062 [INFO] PluginManage:310 - Check plugin userauth
2026-10-01 22:11:35,065 [INFO] UserAuth:118 - Init User Auth plugin
2026-10-01 22:11:35,066 [INFO] PluginManage:359 - Loaded plugin userauth (category:base,tabindex:14)
2026-10-01 22:11:35,066 [INFO] PluginManage:283 - PluginManage : Loaded plugins [18]
2026-10-01 22:11:35,227 [INFO] PinOutPanel:1589 - setPackage(No Configuration,No Configuration)
2026-10-01 22:11:35,305 [INFO] CADModel:165 - CPN selected for project level
2026-10-01 22:11:35,305 [INFO] CADModel:114 - Register for checkConnection events
2026-10-01 22:11:35,327 [INFO] IPUIPlugin:80 - create IPUIPlugin
2026-10-01 22:11:35,327 [INFO] PluginManager:220 - loadIPPluginJar : add adc
2026-10-01 22:11:35,358 [INFO] IPUIPlugin:80 - create IPUIPlugin
2026-10-01 22:11:35,358 [INFO] PluginManager:220 - loadIPPluginJar : add aes
2026-10-01 22:11:35,389 [INFO] IPUIPlugin:80 - create IPUIPlugin
2026-10-01 22:11:35,389 [INFO] PluginManager:220 - loadIPPluginJar : add can
2026-10-01 22:11:35,405 [INFO] IPUIPlugin:80 - create IPUIPlugin
2026-10-01 22:11:35,405 [INFO] PluginManager:220 - loadIPPluginJar : add comp
2026-10-01 22:11:35,430 [INFO] IPUIPlugin:80 - create IPUIPlugin
2026-10-01 22:11:35,430 [INFO] PluginManager:220 - loadIPPluginJar : add cryp
2026-10-01 22:11:35,439 [INFO] IPUIPlugin:80 - create IPUIPlugin
2026-10-01 22:11:35,439 [INFO] PluginManager:220 - loadIPPluginJar : add ddr_ctrl_phy
2026-10-01 22:11:35,460 [INFO] IPUIPlugin:80 - create IPUIPlugin
2026-10-01 22:11:35,460 [INFO] PluginManager:220 - loadIPPluginJar : add dfsdm
2026-10-01 22:11:35,470 [INFO] IPUIPlugin:80 - create IPUIPlugin
2026-10-01 22:11:35,470 [INFO] PluginManager:220 - loadIPPluginJar : add dma
2026-10-01 22:11:35,497 [INFO] IPUIPlugin:80 - create IPUIPlugin
2026-10-01 22:11:35,497 [INFO] PluginManager:220 - loadIPPluginJar : add dma3
2026-10-01 22:11:35,532 [INFO] IPUIPlugin:80 - create IPUIPlugin
2026-10-01 22:11:35,532 [INFO] PluginManager:220 - loadIPPluginJar : add extmemmanager
2026-10-01 22:11:35,546 [INFO] IPUIPlugin:80 - create IPUIPlugin
2026-10-01 22:11:35,546 [INFO] PluginManager:220 - loadIPPluginJar : add fatfs
2026-10-01 22:11:35,582 [INFO] IPUIPlugin:80 - create IPUIPlugin
2026-10-01 22:11:35,582 [INFO] PluginManager:220 - loadIPPluginJar : add fmc
2026-10-01 22:11:35,594 [INFO] IPUIPlugin:80 - create IPUIPlugin
2026-10-01 22:11:35,595 [INFO] PluginManager:220 - loadIPPluginJar : add freertos
2026-10-01 22:11:35,610 [INFO] IPUIPlugin:80 - create IPUIPlugin
2026-10-01 22:11:35,610 [INFO] PluginManager:220 - loadIPPluginJar : add genericplugin
2026-10-01 22:11:35,680 [INFO] IPUIPlugin:80 - create IPUIPlugin
2026-10-01 22:11:35,681 [INFO] PluginManager:220 - loadIPPluginJar : add gfxmmu
2026-10-01 22:11:35,772 [INFO] IPUIPlugin:80 - create IPUIPlugin
2026-10-01 22:11:35,772 [INFO] PluginManager:220 - loadIPPluginJar : add gic
2026-10-01 22:11:35,781 [INFO] IPUIPlugin:80 - create IPUIPlugin
2026-10-01 22:11:35,781 [INFO] PluginManager:220 - loadIPPluginJar : add gpio
2026-10-01 22:11:35,849 [INFO] IPUIPlugin:80 - create IPUIPlugin
2026-10-01 22:11:35,849 [INFO] PluginManager:220 - loadIPPluginJar : add gtzc
2026-10-01 22:11:35,876 [INFO] IPUIPlugin:80 - create IPUIPlugin
2026-10-01 22:11:35,876 [INFO] PluginManager:220 - loadIPPluginJar : add hash
2026-10-01 22:11:35,914 [INFO] IPUIPlugin:80 - create IPUIPlugin
2026-10-01 22:11:35,914 [INFO] PluginManager:220 - loadIPPluginJar : add i2c
2026-10-01 22:11:35,943 [INFO] IPUIPlugin:80 - create IPUIPlugin
2026-10-01 22:11:35,943 [INFO] PluginManager:220 - loadIPPluginJar : add i2s
2026-10-01 22:11:35,973 [INFO] IPUIPlugin:80 - create IPUIPlugin
2026-10-01 22:11:35,973 [INFO] PluginManager:220 - loadIPPluginJar : add i3c
2026-10-01 22:11:36,051 [INFO] IPUIPlugin:80 - create IPUIPlugin
2026-10-01 22:11:36,051 [INFO] PluginManager:220 - loadIPPluginJar : add ipddr
2026-10-01 22:11:36,124 [INFO] IPUIPlugin:80 - create IPUIPlugin
2026-10-01 22:11:36,125 [INFO] PluginManager:220 - loadIPPluginJar : add linkedlist
2026-10-01 22:11:36,149 [INFO] IPUIPlugin:80 - create IPUIPlugin
2026-10-01 22:11:36,150 [INFO] PluginManager:220 - loadIPPluginJar : add lorawan
2026-10-01 22:11:36,175 [INFO] IPUIPlugin:80 - create IPUIPlugin
2026-10-01 22:11:36,175 [INFO] PluginManager:220 - loadIPPluginJar : add ltdc
2026-10-01 22:11:36,185 [INFO] IPUIPlugin:80 - create IPUIPlugin
2026-10-01 22:11:36,185 [INFO] PluginManager:220 - loadIPPluginJar : add mdma
2026-10-01 22:11:36,194 [INFO] IPUIPlugin:80 - create IPUIPlugin
2026-10-01 22:11:36,194 [INFO] PluginManager:220 - loadIPPluginJar : add nvic
2026-10-01 22:11:36,220 [INFO] IPUIPlugin:80 - create IPUIPlugin
2026-10-01 22:11:36,220 [INFO] PluginManager:220 - loadIPPluginJar : add opamp
2026-10-01 22:11:36,264 [INFO] IPUIPlugin:80 - create IPUIPlugin
2026-10-01 22:11:36,264 [INFO] PluginManager:220 - loadIPPluginJar : add openamp
2026-10-01 22:11:36,294 [INFO] IPUIPlugin:80 - create IPUIPlugin
2026-10-01 22:11:36,295 [INFO] PluginManager:220 - loadIPPluginJar : add pdm2pcm
2026-10-01 22:11:36,305 [INFO] IPUIPlugin:80 - create IPUIPlugin
2026-10-01 22:11:36,307 [INFO] PluginManager:220 - loadIPPluginJar : add plateformsettings
2026-10-01 22:11:36,322 [INFO] IPUIPlugin:80 - create IPUIPlugin
2026-10-01 22:11:36,323 [INFO] PluginManager:220 - loadIPPluginJar : add quadspi
2026-10-01 22:11:36,342 [INFO] IPUIPlugin:80 - create IPUIPlugin
2026-10-01 22:11:36,342 [INFO] PluginManager:220 - loadIPPluginJar : add radio
2026-10-01 22:11:36,352 [INFO] IPUIPlugin:80 - create IPUIPlugin
2026-10-01 22:11:36,352 [INFO] PluginManager:220 - loadIPPluginJar : add resmgrutility
2026-10-01 22:11:36,391 [INFO] IPUIPlugin:80 - create IPUIPlugin
2026-10-01 22:11:36,391 [INFO] PluginManager:220 - loadIPPluginJar : add sai
2026-10-01 22:11:36,419 [INFO] IPUIPlugin:80 - create IPUIPlugin
2026-10-01 22:11:36,419 [INFO] PluginManager:220 - loadIPPluginJar : add spi
2026-10-01 22:11:36,478 [INFO] IPUIPlugin:80 - create IPUIPlugin
2026-10-01 22:11:36,478 [INFO] PluginManager:220 - loadIPPluginJar : add stm32_wpan
2026-10-01 22:11:36,493 [INFO] IPUIPlugin:80 - create IPUIPlugin
2026-10-01 22:11:36,493 [INFO] PluginManager:220 - loadIPPluginJar : add tim
2026-10-01 22:11:36,538 [INFO] IPUIPlugin:80 - create IPUIPlugin
2026-10-01 22:11:36,538 [INFO] PluginManager:220 - loadIPPluginJar : add touchsensing
2026-10-01 22:11:36,554 [INFO] IPUIPlugin:80 - create IPUIPlugin
2026-10-01 22:11:36,555 [INFO] PluginManager:220 - loadIPPluginJar : add tracer_emb
2026-10-01 22:11:36,571 [INFO] IPUIPlugin:80 - create IPUIPlugin
2026-10-01 22:11:36,571 [INFO] PluginManager:220 - loadIPPluginJar : add ts
2026-10-01 22:11:36,585 [INFO] IPUIPlugin:80 - create IPUIPlugin
2026-10-01 22:11:36,586 [INFO] PluginManager:220 - loadIPPluginJar : add tsc
2026-10-01 22:11:36,603 [INFO] IPUIPlugin:80 - create IPUIPlugin
2026-10-01 22:11:36,603 [INFO] PluginManager:220 - loadIPPluginJar : add ucpd
2026-10-01 22:11:36,636 [INFO] IPUIPlugin:80 - create IPUIPlugin
2026-10-01 22:11:36,636 [INFO] PluginManager:220 - loadIPPluginJar : add usart
2026-10-01 22:11:36,668 [INFO] IPUIPlugin:80 - create IPUIPlugin
2026-10-01 22:11:36,668 [INFO] PluginManager:220 - loadIPPluginJar : add usbx
2026-10-01 22:11:36,782 [FATAL] Updater:351 - Updater called before beeing initialized
2026-10-01 22:11:36,801 [INFO] RulesReader:64 - Compatibility file has been processed (317 Rules)
2026-10-01 22:11:36,815 [INFO] RulesReader:64 - Compatibility file has been processed (317 Rules)
2026-10-01 22:11:36,827 [INFO] CADModel:165 - CPN selected for project level
2026-10-01 22:11:36,827 [INFO] CADModel:114 - Register for checkConnection events
2026-10-01 22:11:36,827 [FATAL] Updater:351 - Updater called before beeing initialized
2026-10-01 22:11:36,827 [ERROR] CADModel:125 - Updater not yet initialized, retry later 
2026-10-01 22:11:36,944 [FATAL] Updater:351 - Updater called before beeing initialized
2026-10-01 22:11:36,945 [INFO] CADModel:165 - CPN selected for project level
2026-10-01 22:11:36,945 [INFO] CADModel:114 - Register for checkConnection events
2026-10-01 22:11:36,945 [FATAL] Updater:351 - Updater called before beeing initialized
2026-10-01 22:11:36,945 [ERROR] CADModel:125 - Updater not yet initialized, retry later 
2026-10-01 22:11:36,948 [FATAL] Updater:351 - Updater called before beeing initialized
2026-10-01 22:11:37,048 [FATAL] Updater:351 - Updater called before beeing initialized
2026-10-01 22:11:37,056 [INFO] DbMcusAds:53 - JSON generation date=Tue Sep 22 19:25:16 ICT 2026 (1790079916640)
2026-10-01 22:11:37,056 [FATAL] Updater:351 - Updater called before beeing initialized
2026-10-01 22:11:37,083 [WARN] DetailPanel:346 - Failed to get advertising image, set to default
2026-10-01 22:11:37,190 [FATAL] Updater:351 - Updater called before beeing initialized
2026-10-01 22:11:37,192 [FATAL] Updater:351 - Updater called before beeing initialized
2026-10-01 22:11:37,192 [FATAL] Updater:351 - Updater called before beeing initialized
2026-10-01 22:11:37,192 [WARN] DetailPanel:346 - Failed to get advertising image, set to default
2026-10-01 22:11:37,193 [FATAL] Updater:351 - Updater called before beeing initialized
2026-10-01 22:11:37,245 [ERROR] Updater:1198 - MainUpdater not yet initialized. External WinMGr cannot be set.
2026-10-01 22:11:37,253 [INFO] Updater:1134 - Updater Version found : 6.15.0
2026-10-01 22:11:37,264 [INFO] ApplicationProperties:184 - Using Application install path: C:\ST\STM32CubeIDE_1.19.0\STM32CubeIDE\plugins\com.st.stm32cube.common.mx_6.15.0.202507011659
2026-10-01 22:11:37,865 [INFO] ThirdPartyUpdaterWithRetryManager:70 - Updater plugin not ready yet. [2/15]
2026-10-01 22:11:38,847 [ERROR] LogOutputStream:75 - [STDERR_REDIRECT] Oct 01, 2026 10:11:38 PM java.util.prefs.WindowsPreferences <init>
2026-10-01 22:11:38,847 [ERROR] LogOutputStream:75 - [STDERR_REDIRECT] WARNING: Could not open/create prefs root node Software\JavaSoft\Prefs at root 0xffffffff80000002. Windows RegCreateKeyEx(...) returned error code 5.
2026-10-01 22:11:38,847 [ERROR] LogOutputStream:75 - [STDERR_REDIRECT] 
2026-10-01 22:11:39,104 [INFO] MainUpdater:2872 - connection check result : 10
2026-10-01 22:11:39,105 [INFO] MainUpdater:289 - Updater Check For Update Now.
2026-10-01 22:11:39,105 [INFO] MicroXplorer:498 - Change Database Version : DB.6.0.150
2026-10-01 22:11:39,123 [INFO] McuFinderGlobals:63 - Set McuFinder mode to 2 (CubeIDE integrated)
2026-10-01 22:11:39,123 [INFO] UserAuth:171 - activating auth plugin
2026-10-01 22:11:39,130 [INFO] UserAuth:487 - Internet connection configuration mode: 1
2026-10-01 22:11:39,162 [INFO] JxBrowserEngine:152 - Initiate JxBrowser Engine with user profile folder
2026-10-01 22:11:39,299 [INFO] CheckServerUpdateThread:120 - End of CheckServer Thread
2026-10-01 22:11:40,598 [INFO] WebApp:169 - Instantiating new browser for Auth
2026-10-01 22:11:41,017 [WARN] PackLoader:240 - Cannot read IP mode file for STMicroelectronics.FP-SNS-SMARTAG2.1.2.0
2026-10-01 22:11:41,031 [WARN] PackLoader:240 - Cannot read IP mode file for STMicroelectronics.FP-SNS-FLIGHT1.5.1.0
2026-10-01 22:11:41,052 [WARN] PackLoader:240 - Cannot read IP mode file for STMicroelectronics.X-CUBE-BLE1.7.1.0
2026-10-01 22:11:41,066 [WARN] PackLoader:240 - Cannot read IP mode file for STMicroelectronics.FP-ATR-SIGFOX1.3.2.0
2026-10-01 22:11:41,080 [WARN] PackLoader:240 - Cannot read IP mode file for STMicroelectronics.X-CUBE-ALS.1.0.2
2026-10-01 22:11:41,081 [INFO] ThirdParty:978 - Integrity check success = true
2026-10-01 22:11:41,081 [INFO] IntegrityCheckThread:100 - exiting critical section [integrity check]
2026-10-01 22:11:41,081 [INFO] IntegrityCheckThread:103 - End integrity checks thread
2026-10-01 22:11:41,457 [INFO] WebApp:463 - Apply proxy settings
2026-10-01 22:11:41,458 [INFO] WebApp:548 - Chromium requires no authentication
2026-10-01 22:11:41,472 [INFO] WebApp:491 - Direct internet connection detected
2026-10-01 22:11:41,503 [INFO] WebApp:900 - Register for checkConnection events
2026-10-01 22:11:41,503 [INFO] WebApp:463 - Apply proxy settings
2026-10-01 22:11:41,503 [INFO] WebApp:548 - Chromium requires no authentication
2026-10-01 22:11:41,504 [INFO] WebApp:491 - Direct internet connection detected
2026-10-01 22:11:41,670 [INFO] WebApp:225 - Starting web application
2026-10-01 22:11:41,671 [INFO] WebApp:593 - Web application path used C:\ST\STM32CubeIDE_1.19.0\STM32CubeIDE\plugins\com.st.stm32cube.common.mx_6.15.0.202507011659\db\plugins\mcufinder\reactClient1\index.html
2026-10-01 22:11:41,783 [INFO] WebApp:191 - Connection restablished
2026-10-01 22:11:42,303 [ERROR] LogOutputStream:75 - [STDERR_REDIRECT] [Fatal Error] :1:1: Premature end of file.
2026-10-01 22:11:42,303 [ERROR] LogOutputStream:75 - [STDERR_REDIRECT] 
2026-10-01 22:11:43,122 [ERROR] LogOutputStream:75 - [STDERR_REDIRECT] [Fatal Error] :1:1: Premature end of file.
2026-10-01 22:11:43,122 [ERROR] LogOutputStream:75 - [STDERR_REDIRECT] 
2026-10-01 22:11:44,106 [ERROR] LogOutputStream:75 - [STDERR_REDIRECT] [Fatal Error] :1:1: Premature end of file.
2026-10-01 22:11:44,106 [ERROR] LogOutputStream:75 - [STDERR_REDIRECT] 
2026-10-01 22:11:45,105 [ERROR] LogOutputStream:75 - [STDERR_REDIRECT] [Fatal Error] :1:1: Premature end of file.
2026-10-01 22:11:45,105 [ERROR] LogOutputStream:75 - [STDERR_REDIRECT] 
2026-10-01 22:11:46,112 [ERROR] LogOutputStream:75 - [STDERR_REDIRECT] [Fatal Error] :1:1: Premature end of file.
2026-10-01 22:11:46,112 [ERROR] LogOutputStream:75 - [STDERR_REDIRECT] 
2026-10-01 22:11:47,103 [ERROR] LogOutputStream:75 - [STDERR_REDIRECT] [Fatal Error] :1:1: Premature end of file.
2026-10-01 22:11:47,103 [ERROR] LogOutputStream:75 - [STDERR_REDIRECT] 
2026-10-01 22:11:48,103 [ERROR] LogOutputStream:75 - [STDERR_REDIRECT] [Fatal Error] :1:1: Premature end of file.
2026-10-01 22:11:48,104 [ERROR] LogOutputStream:75 - [STDERR_REDIRECT] 
2026-10-01 22:11:49,106 [ERROR] LogOutputStream:75 - [STDERR_REDIRECT] [Fatal Error] :1:1: Premature end of file.
2026-10-01 22:11:49,106 [ERROR] LogOutputStream:75 - [STDERR_REDIRECT] 
2026-10-01 22:11:50,105 [ERROR] LogOutputStream:75 - [STDERR_REDIRECT] [Fatal Error] :1:1: Premature end of file.
2026-10-01 22:11:50,105 [ERROR] LogOutputStream:75 - [STDERR_REDIRECT] 
2026-10-01 22:11:51,110 [ERROR] LogOutputStream:75 - [STDERR_REDIRECT] [Fatal Error] :1:1: Premature end of file.
2026-10-01 22:11:51,110 [ERROR] LogOutputStream:75 - [STDERR_REDIRECT] 
2026-10-01 22:11:52,105 [ERROR] LogOutputStream:75 - [STDERR_REDIRECT] [Fatal Error] :1:1: Premature end of file.
2026-10-01 22:11:52,105 [ERROR] LogOutputStream:75 - [STDERR_REDIRECT] 
2026-10-01 22:11:53,101 [ERROR] LogOutputStream:75 - [STDERR_REDIRECT] [Fatal Error] :1:1: Premature end of file.
2026-10-01 22:11:53,101 [ERROR] LogOutputStream:75 - [STDERR_REDIRECT] 
2026-10-01 22:11:54,113 [ERROR] LogOutputStream:75 - [STDERR_REDIRECT] [Fatal Error] :1:1: Premature end of file.
2026-10-01 22:11:54,114 [ERROR] LogOutputStream:75 - [STDERR_REDIRECT] 
2026-10-01 22:11:55,114 [ERROR] LogOutputStream:75 - [STDERR_REDIRECT] [Fatal Error] :1:1: Premature end of file.
2026-10-01 22:11:55,114 [ERROR] LogOutputStream:75 - [STDERR_REDIRECT] 
2026-10-01 22:11:56,103 [ERROR] LogOutputStream:75 - [STDERR_REDIRECT] [Fatal Error] :1:1: Premature end of file.
2026-10-01 22:11:56,103 [ERROR] LogOutputStream:75 - [STDERR_REDIRECT] 
2026-10-01 22:11:57,109 [ERROR] LogOutputStream:75 - [STDERR_REDIRECT] [Fatal Error] :1:1: Premature end of file.
2026-10-01 22:11:57,109 [ERROR] LogOutputStream:75 - [STDERR_REDIRECT] 
2026-10-01 22:11:58,108 [ERROR] LogOutputStream:75 - [STDERR_REDIRECT] [Fatal Error] :1:1: Premature end of file.
2026-10-01 22:11:58,108 [ERROR] LogOutputStream:75 - [STDERR_REDIRECT] 
2026-10-01 22:11:59,103 [ERROR] LogOutputStream:75 - [STDERR_REDIRECT] [Fatal Error] :1:1: Premature end of file.
2026-10-01 22:11:59,103 [ERROR] LogOutputStream:75 - [STDERR_REDIRECT] 
2026-10-01 22:12:00,106 [ERROR] LogOutputStream:75 - [STDERR_REDIRECT] [Fatal Error] :1:1: Premature end of file.
2026-10-01 22:12:00,106 [ERROR] LogOutputStream:75 - [STDERR_REDIRECT] 
2026-10-01 22:12:01,105 [ERROR] LogOutputStream:75 - [STDERR_REDIRECT] [Fatal Error] :1:1: Premature end of file.
2026-10-01 22:12:01,105 [ERROR] LogOutputStream:75 - [STDERR_REDIRECT] 
2026-10-01 22:12:02,106 [ERROR] LogOutputStream:75 - [STDERR_REDIRECT] [Fatal Error] :1:1: Premature end of file.
2026-10-01 22:12:02,107 [ERROR] LogOutputStream:75 - [STDERR_REDIRECT] 
2026-10-01 22:12:03,116 [ERROR] LogOutputStream:75 - [STDERR_REDIRECT] [Fatal Error] :1:1: Premature end of file.
2026-10-01 22:12:03,116 [ERROR] LogOutputStream:75 - [STDERR_REDIRECT] 
2026-10-01 22:12:04,103 [ERROR] LogOutputStream:75 - [STDERR_REDIRECT] [Fatal Error] :1:1: Premature end of file.
2026-10-01 22:12:04,103 [ERROR] LogOutputStream:75 - [STDERR_REDIRECT] 
2026-10-01 22:12:05,105 [ERROR] LogOutputStream:75 - [STDERR_REDIRECT] [Fatal Error] :1:1: Premature end of file.
2026-10-01 22:12:05,105 [ERROR] LogOutputStream:75 - [STDERR_REDIRECT] 
2026-10-01 22:12:06,104 [ERROR] LogOutputStream:75 - [STDERR_REDIRECT] [Fatal Error] :1:1: Premature end of file.
2026-10-01 22:12:06,104 [ERROR] LogOutputStream:75 - [STDERR_REDIRECT] 
2026-10-01 22:12:07,102 [ERROR] LogOutputStream:75 - [STDERR_REDIRECT] [Fatal Error] :1:1: Premature end of file.
2026-10-01 22:12:07,102 [ERROR] LogOutputStream:75 - [STDERR_REDIRECT] 
2026-10-01 22:12:08,106 [ERROR] LogOutputStream:75 - [STDERR_REDIRECT] [Fatal Error] :1:1: Premature end of file.
2026-10-01 22:12:08,106 [ERROR] LogOutputStream:75 - [STDERR_REDIRECT] 
2026-10-01 22:12:09,124 [ERROR] LogOutputStream:75 - [STDERR_REDIRECT] [Fatal Error] :1:1: Premature end of file.
2026-10-01 22:12:09,124 [ERROR] LogOutputStream:75 - [STDERR_REDIRECT] 
2026-10-01 22:12:10,109 [ERROR] LogOutputStream:75 - [STDERR_REDIRECT] [Fatal Error] :1:1: Premature end of file.
2026-10-01 22:12:10,109 [ERROR] LogOutputStream:75 - [STDERR_REDIRECT] 
2026-10-01 22:12:11,130 [ERROR] LogOutputStream:75 - [STDERR_REDIRECT] [Fatal Error] :1:1: Premature end of file.
2026-10-01 22:12:11,130 [ERROR] LogOutputStream:75 - [STDERR_REDIRECT] 
2026-10-01 22:12:12,109 [ERROR] LogOutputStream:75 - [STDERR_REDIRECT] [Fatal Error] :1:1: Premature end of file.
2026-10-01 22:12:12,109 [ERROR] LogOutputStream:75 - [STDERR_REDIRECT] 
2026-10-01 22:12:13,113 [ERROR] LogOutputStream:75 - [STDERR_REDIRECT] [Fatal Error] :1:1: Premature end of file.
2026-10-01 22:12:13,115 [ERROR] LogOutputStream:75 - [STDERR_REDIRECT] 
2026-10-01 22:12:14,120 [ERROR] LogOutputStream:75 - [STDERR_REDIRECT] [Fatal Error] :1:1: Premature end of file.
2026-10-01 22:12:14,120 [ERROR] LogOutputStream:75 - [STDERR_REDIRECT] 
2026-10-01 22:12:15,115 [ERROR] LogOutputStream:75 - [STDERR_REDIRECT] [Fatal Error] :1:1: Premature end of file.
2026-10-01 22:12:15,115 [ERROR] LogOutputStream:75 - [STDERR_REDIRECT] 
2026-10-01 22:12:16,119 [ERROR] LogOutputStream:75 - [STDERR_REDIRECT] [Fatal Error] :1:1: Premature end of file.
2026-10-01 22:12:16,119 [ERROR] LogOutputStream:75 - [STDERR_REDIRECT] 
2026-10-01 22:12:17,111 [ERROR] LogOutputStream:75 - [STDERR_REDIRECT] [Fatal Error] :1:1: Premature end of file.
2026-10-01 22:12:17,113 [ERROR] LogOutputStream:75 - [STDERR_REDIRECT] 
2026-10-01 22:12:18,102 [ERROR] LogOutputStream:75 - [STDERR_REDIRECT] [Fatal Error] :1:1: Premature end of file.
2026-10-01 22:12:18,102 [ERROR] LogOutputStream:75 - [STDERR_REDIRECT] 
2026-10-01 22:12:19,122 [ERROR] LogOutputStream:75 - [STDERR_REDIRECT] [Fatal Error] :1:1: Premature end of file.
2026-10-01 22:12:19,122 [ERROR] LogOutputStream:75 - [STDERR_REDIRECT] 
2026-10-01 22:12:20,120 [ERROR] LogOutputStream:75 - [STDERR_REDIRECT] [Fatal Error] :1:1: Premature end of file.
2026-10-01 22:12:20,120 [ERROR] LogOutputStream:75 - [STDERR_REDIRECT] 
2026-10-01 22:12:21,112 [ERROR] LogOutputStream:75 - [STDERR_REDIRECT] [Fatal Error] :1:1: Premature end of file.
2026-10-01 22:12:21,113 [ERROR] LogOutputStream:75 - [STDERR_REDIRECT] 
2026-10-01 22:12:22,096 [ERROR] LogOutputStream:75 - [STDERR_REDIRECT] [Fatal Error] :1:1: Premature end of file.
2026-10-01 22:12:22,096 [ERROR] LogOutputStream:75 - [STDERR_REDIRECT] 
2026-10-01 22:12:23,123 [ERROR] LogOutputStream:75 - [STDERR_REDIRECT] [Fatal Error] :1:1: Premature end of file.
2026-10-01 22:12:23,125 [ERROR] LogOutputStream:75 - [STDERR_REDIRECT] 
2026-10-01 22:12:24,128 [ERROR] LogOutputStream:75 - [STDERR_REDIRECT] [Fatal Error] :1:1: Premature end of file.
2026-10-01 22:12:24,128 [ERROR] LogOutputStream:75 - [STDERR_REDIRECT] 
2026-10-01 22:12:25,130 [ERROR] LogOutputStream:75 - [STDERR_REDIRECT] [Fatal Error] :1:1: Premature end of file.
2026-10-01 22:12:25,130 [ERROR] LogOutputStream:75 - [STDERR_REDIRECT] 
2026-10-01 22:12:26,121 [ERROR] LogOutputStream:75 - [STDERR_REDIRECT] [Fatal Error] :1:1: Premature end of file.
2026-10-01 22:12:26,121 [ERROR] LogOutputStream:75 - [STDERR_REDIRECT] 
2026-10-01 22:12:27,113 [ERROR] LogOutputStream:75 - [STDERR_REDIRECT] [Fatal Error] :1:1: Premature end of file.
2026-10-01 22:12:27,113 [ERROR] LogOutputStream:75 - [STDERR_REDIRECT] 
2026-10-01 22:12:28,142 [ERROR] LogOutputStream:75 - [STDERR_REDIRECT] [Fatal Error] :1:1: Premature end of file.
2026-10-01 22:12:28,142 [ERROR] LogOutputStream:75 - [STDERR_REDIRECT] 
2026-10-01 22:12:29,112 [ERROR] LogOutputStream:75 - [STDERR_REDIRECT] [Fatal Error] :1:1: Premature end of file.
2026-10-01 22:12:29,112 [ERROR] LogOutputStream:75 - [STDERR_REDIRECT] 
2026-10-01 22:12:30,116 [ERROR] LogOutputStream:75 - [STDERR_REDIRECT] [Fatal Error] :1:1: Premature end of file.
2026-10-01 22:12:30,117 [ERROR] LogOutputStream:75 - [STDERR_REDIRECT] 
2026-10-01 22:12:31,117 [ERROR] LogOutputStream:75 - [STDERR_REDIRECT] [Fatal Error] :1:1: Premature end of file.
2026-10-01 22:12:31,118 [ERROR] LogOutputStream:75 - [STDERR_REDIRECT] 
2026-10-01 22:12:32,113 [ERROR] LogOutputStream:75 - [STDERR_REDIRECT] [Fatal Error] :1:1: Premature end of file.
2026-10-01 22:12:32,114 [ERROR] LogOutputStream:75 - [STDERR_REDIRECT] 
2026-10-01 22:12:33,115 [ERROR] LogOutputStream:75 - [STDERR_REDIRECT] [Fatal Error] :1:1: Premature end of file.
2026-10-01 22:12:33,116 [ERROR] LogOutputStream:75 - [STDERR_REDIRECT] 
2026-10-01 22:12:34,119 [ERROR] LogOutputStream:75 - [STDERR_REDIRECT] [Fatal Error] :1:1: Premature end of file.
2026-10-01 22:12:34,120 [ERROR] LogOutputStream:75 - [STDERR_REDIRECT] 
2026-10-01 22:12:35,121 [ERROR] LogOutputStream:75 - [STDERR_REDIRECT] [Fatal Error] :1:1: Premature end of file.
2026-10-01 22:12:35,121 [ERROR] LogOutputStream:75 - [STDERR_REDIRECT] 
2026-10-01 22:12:36,121 [ERROR] LogOutputStream:75 - [STDERR_REDIRECT] [Fatal Error] :1:1: Premature end of file.
2026-10-01 22:12:36,121 [ERROR] LogOutputStream:75 - [STDERR_REDIRECT] 
2026-10-01 22:12:37,119 [ERROR] LogOutputStream:75 - [STDERR_REDIRECT] [Fatal Error] :1:1: Premature end of file.
2026-10-01 22:12:37,119 [ERROR] LogOutputStream:75 - [STDERR_REDIRECT] 
2026-10-01 22:12:38,112 [ERROR] LogOutputStream:75 - [STDERR_REDIRECT] [Fatal Error] :1:1: Premature end of file.
2026-10-01 22:12:38,112 [ERROR] LogOutputStream:75 - [STDERR_REDIRECT] 
2026-10-01 22:12:39,125 [ERROR] LogOutputStream:75 - [STDERR_REDIRECT] [Fatal Error] :1:1: Premature end of file.
2026-10-01 22:12:39,125 [ERROR] LogOutputStream:75 - [STDERR_REDIRECT] 
2026-10-01 22:12:40,123 [ERROR] LogOutputStream:75 - [STDERR_REDIRECT] [Fatal Error] :1:1: Premature end of file.
2026-10-01 22:12:40,124 [ERROR] LogOutputStream:75 - [STDERR_REDIRECT] 
2026-10-01 22:12:41,126 [ERROR] LogOutputStream:75 - [STDERR_REDIRECT] [Fatal Error] :1:1: Premature end of file.
2026-10-01 22:12:41,126 [ERROR] LogOutputStream:75 - [STDERR_REDIRECT] 
2026-10-01 22:12:42,126 [ERROR] LogOutputStream:75 - [STDERR_REDIRECT] [Fatal Error] :1:1: Premature end of file.
2026-10-01 22:12:42,126 [ERROR] LogOutputStream:75 - [STDERR_REDIRECT] 
2026-10-01 22:12:43,124 [ERROR] LogOutputStream:75 - [STDERR_REDIRECT] [Fatal Error] :1:1: Premature end of file.
2026-10-01 22:12:43,124 [ERROR] LogOutputStream:75 - [STDERR_REDIRECT] 
2026-10-01 22:12:44,117 [ERROR] LogOutputStream:75 - [STDERR_REDIRECT] [Fatal Error] :1:1: Premature end of file.
2026-10-01 22:12:44,117 [ERROR] LogOutputStream:75 - [STDERR_REDIRECT] 
2026-10-01 22:12:45,122 [ERROR] LogOutputStream:75 - [STDERR_REDIRECT] [Fatal Error] :1:1: Premature end of file.
2026-10-01 22:12:45,122 [ERROR] LogOutputStream:75 - [STDERR_REDIRECT] 
2026-10-01 22:12:46,095 [ERROR] LogOutputStream:75 - [STDERR_REDIRECT] [Fatal Error] :1:1: Premature end of file.
2026-10-01 22:12:46,095 [ERROR] LogOutputStream:75 - [STDERR_REDIRECT] 
2026-10-01 22:12:47,106 [ERROR] LogOutputStream:75 - [STDERR_REDIRECT] [Fatal Error] :1:1: Premature end of file.
2026-10-01 22:12:47,106 [ERROR] LogOutputStream:75 - [STDERR_REDIRECT] 
2026-10-01 22:12:48,140 [ERROR] LogOutputStream:75 - [STDERR_REDIRECT] [Fatal Error] :1:1: Premature end of file.
2026-10-01 22:12:48,140 [ERROR] LogOutputStream:75 - [STDERR_REDIRECT] 
2026-10-01 22:12:49,122 [ERROR] LogOutputStream:75 - [STDERR_REDIRECT] [Fatal Error] :1:1: Premature end of file.
2026-10-01 22:12:49,122 [ERROR] LogOutputStream:75 - [STDERR_REDIRECT] 
2026-10-01 22:12:50,113 [ERROR] LogOutputStream:75 - [STDERR_REDIRECT] [Fatal Error] :1:1: Premature end of file.
2026-10-01 22:12:50,113 [ERROR] LogOutputStream:75 - [STDERR_REDIRECT] 
2026-10-01 22:12:51,113 [ERROR] LogOutputStream:75 - [STDERR_REDIRECT] [Fatal Error] :1:1: Premature end of file.
2026-10-01 22:12:51,113 [ERROR] LogOutputStream:75 - [STDERR_REDIRECT] 
2026-10-01 22:12:52,109 [ERROR] LogOutputStream:75 - [STDERR_REDIRECT] [Fatal Error] :1:1: Premature end of file.
2026-10-01 22:12:52,109 [ERROR] LogOutputStream:75 - [STDERR_REDIRECT] 
2026-10-01 22:12:53,106 [ERROR] LogOutputStream:75 - [STDERR_REDIRECT] [Fatal Error] :1:1: Premature end of file.
2026-10-01 22:12:53,106 [ERROR] LogOutputStream:75 - [STDERR_REDIRECT] 
2026-10-01 22:12:54,114 [ERROR] LogOutputStream:75 - [STDERR_REDIRECT] [Fatal Error] :1:1: Premature end of file.
2026-10-01 22:12:54,114 [ERROR] LogOutputStream:75 - [STDERR_REDIRECT] 
2026-10-01 22:12:55,117 [ERROR] LogOutputStream:75 - [STDERR_REDIRECT] [Fatal Error] :1:1: Premature end of file.
2026-10-01 22:12:55,117 [ERROR] LogOutputStream:75 - [STDERR_REDIRECT] 
2026-10-01 22:12:56,121 [ERROR] LogOutputStream:75 - [STDERR_REDIRECT] [Fatal Error] :1:1: Premature end of file.
2026-10-01 22:12:56,121 [ERROR] LogOutputStream:75 - [STDERR_REDIRECT] 
2026-10-01 22:12:57,117 [ERROR] LogOutputStream:75 - [STDERR_REDIRECT] [Fatal Error] :1:1: Premature end of file.
2026-10-01 22:12:57,117 [ERROR] LogOutputStream:75 - [STDERR_REDIRECT] 
2026-10-01 22:12:58,125 [ERROR] LogOutputStream:75 - [STDERR_REDIRECT] [Fatal Error] :1:1: Premature end of file.
2026-10-01 22:12:58,129 [ERROR] LogOutputStream:75 - [STDERR_REDIRECT] 
2026-10-01 22:12:59,115 [ERROR] LogOutputStream:75 - [STDERR_REDIRECT] [Fatal Error] :1:1: Premature end of file.
2026-10-01 22:12:59,115 [ERROR] LogOutputStream:75 - [STDERR_REDIRECT] 
2026-10-01 22:13:00,119 [ERROR] LogOutputStream:75 - [STDERR_REDIRECT] [Fatal Error] :1:1: Premature end of file.
2026-10-01 22:13:00,119 [ERROR] LogOutputStream:75 - [STDERR_REDIRECT] 
2026-10-01 22:13:01,124 [ERROR] LogOutputStream:75 - [STDERR_REDIRECT] [Fatal Error] :1:1: Premature end of file.
2026-10-01 22:13:01,129 [ERROR] LogOutputStream:75 - [STDERR_REDIRECT] 
2026-10-01 22:13:02,122 [ERROR] LogOutputStream:75 - [STDERR_REDIRECT] [Fatal Error] :1:1: Premature end of file.
2026-10-01 22:13:02,122 [ERROR] LogOutputStream:75 - [STDERR_REDIRECT] 
2026-10-01 22:13:03,107 [ERROR] LogOutputStream:75 - [STDERR_REDIRECT] [Fatal Error] :1:1: Premature end of file.
2026-10-01 22:13:03,107 [ERROR] LogOutputStream:75 - [STDERR_REDIRECT] 
2026-10-01 22:13:04,122 [ERROR] LogOutputStream:75 - [STDERR_REDIRECT] [Fatal Error] :1:1: Premature end of file.
2026-10-01 22:13:04,122 [ERROR] LogOutputStream:75 - [STDERR_REDIRECT] 
2026-10-01 22:13:05,109 [ERROR] LogOutputStream:75 - [STDERR_REDIRECT] [Fatal Error] :1:1: Premature end of file.
2026-10-01 22:13:05,109 [ERROR] LogOutputStream:75 - [STDERR_REDIRECT] 
2026-10-01 22:13:06,110 [ERROR] LogOutputStream:75 - [STDERR_REDIRECT] [Fatal Error] :1:1: Premature end of file.
2026-10-01 22:13:06,110 [ERROR] LogOutputStream:75 - [STDERR_REDIRECT] 
2026-10-01 22:13:07,122 [ERROR] LogOutputStream:75 - [STDERR_REDIRECT] [Fatal Error] :1:1: Premature end of file.
2026-10-01 22:13:07,122 [ERROR] LogOutputStream:75 - [STDERR_REDIRECT] 
2026-10-01 22:13:08,121 [ERROR] LogOutputStream:75 - [STDERR_REDIRECT] [Fatal Error] :1:1: Premature end of file.
2026-10-01 22:13:08,121 [ERROR] LogOutputStream:75 - [STDERR_REDIRECT] 
2026-10-01 22:13:09,115 [ERROR] LogOutputStream:75 - [STDERR_REDIRECT] [Fatal Error] :1:1: Premature end of file.
2026-10-01 22:13:09,115 [ERROR] LogOutputStream:75 - [STDERR_REDIRECT] 
2026-10-01 22:13:10,119 [ERROR] LogOutputStream:75 - [STDERR_REDIRECT] [Fatal Error] :1:1: Premature end of file.
2026-10-01 22:13:10,119 [ERROR] LogOutputStream:75 - [STDERR_REDIRECT] 
2026-10-01 22:13:11,132 [ERROR] LogOutputStream:75 - [STDERR_REDIRECT] [Fatal Error] :1:1: Premature end of file.
2026-10-01 22:13:11,132 [ERROR] LogOutputStream:75 - [STDERR_REDIRECT] 
2026-10-01 22:13:12,102 [ERROR] LogOutputStream:75 - [STDERR_REDIRECT] [Fatal Error] :1:1: Premature end of file.
2026-10-01 22:13:12,114 [ERROR] LogOutputStream:75 - [STDERR_REDIRECT] 
2026-10-01 22:13:13,125 [ERROR] LogOutputStream:75 - [STDERR_REDIRECT] [Fatal Error] :1:1: Premature end of file.
2026-10-01 22:13:13,125 [ERROR] LogOutputStream:75 - [STDERR_REDIRECT] 
2026-10-01 22:13:14,140 [ERROR] LogOutputStream:75 - [STDERR_REDIRECT] [Fatal Error] :1:1: Premature end of file.
2026-10-01 22:13:14,140 [ERROR] LogOutputStream:75 - [STDERR_REDIRECT] 
2026-10-01 22:13:15,127 [ERROR] LogOutputStream:75 - [STDERR_REDIRECT] [Fatal Error] :1:1: Premature end of file.
2026-10-01 22:13:15,127 [ERROR] LogOutputStream:75 - [STDERR_REDIRECT] 
2026-10-01 22:13:16,114 [ERROR] LogOutputStream:75 - [STDERR_REDIRECT] [Fatal Error] :1:1: Premature end of file.
2026-10-01 22:13:16,118 [ERROR] LogOutputStream:75 - [STDERR_REDIRECT] 
2026-10-01 22:13:17,109 [ERROR] LogOutputStream:75 - [STDERR_REDIRECT] [Fatal Error] :1:1: Premature end of file.
2026-10-01 22:13:17,109 [ERROR] LogOutputStream:75 - [STDERR_REDIRECT] 
2026-10-01 22:13:18,127 [ERROR] LogOutputStream:75 - [STDERR_REDIRECT] [Fatal Error] :1:1: Premature end of file.
2026-10-01 22:13:18,127 [ERROR] LogOutputStream:75 - [STDERR_REDIRECT] 
2026-10-01 22:13:19,128 [ERROR] LogOutputStream:75 - [STDERR_REDIRECT] [Fatal Error] :1:1: Premature end of file.
2026-10-01 22:13:19,128 [ERROR] LogOutputStream:75 - [STDERR_REDIRECT] 
2026-10-01 22:13:20,118 [ERROR] LogOutputStream:75 - [STDERR_REDIRECT] [Fatal Error] :1:1: Premature end of file.
2026-10-01 22:13:20,118 [ERROR] LogOutputStream:75 - [STDERR_REDIRECT] 
2026-10-01 22:13:21,113 [ERROR] LogOutputStream:75 - [STDERR_REDIRECT] [Fatal Error] :1:1: Premature end of file.
2026-10-01 22:13:21,113 [ERROR] LogOutputStream:75 - [STDERR_REDIRECT] 
2026-10-01 22:13:22,113 [ERROR] LogOutputStream:75 - [STDERR_REDIRECT] [Fatal Error] :1:1: Premature end of file.
2026-10-01 22:13:22,113 [ERROR] LogOutputStream:75 - [STDERR_REDIRECT] 
2026-10-01 22:13:23,108 [ERROR] LogOutputStream:75 - [STDERR_REDIRECT] [Fatal Error] :1:1: Premature end of file.
2026-10-01 22:13:23,108 [ERROR] LogOutputStream:75 - [STDERR_REDIRECT] 
2026-10-01 22:13:24,119 [ERROR] LogOutputStream:75 - [STDERR_REDIRECT] [Fatal Error] :1:1: Premature end of file.
2026-10-01 22:13:24,119 [ERROR] LogOutputStream:75 - [STDERR_REDIRECT] 
2026-10-01 22:13:25,117 [ERROR] LogOutputStream:75 - [STDERR_REDIRECT] [Fatal Error] :1:1: Premature end of file.
2026-10-01 22:13:25,117 [ERROR] LogOutputStream:75 - [STDERR_REDIRECT] 
2026-10-01 22:13:26,112 [ERROR] LogOutputStream:75 - [STDERR_REDIRECT] [Fatal Error] :1:1: Premature end of file.
2026-10-01 22:13:26,112 [ERROR] LogOutputStream:75 - [STDERR_REDIRECT] 
2026-10-01 22:13:27,106 [ERROR] LogOutputStream:75 - [STDERR_REDIRECT] [Fatal Error] :1:1: Premature end of file.
2026-10-01 22:13:27,106 [ERROR] LogOutputStream:75 - [STDERR_REDIRECT] 
2026-10-01 22:13:28,111 [ERROR] LogOutputStream:75 - [STDERR_REDIRECT] [Fatal Error] :1:1: Premature end of file.
2026-10-01 22:13:28,111 [ERROR] LogOutputStream:75 - [STDERR_REDIRECT] 
2026-10-01 22:13:29,128 [ERROR] LogOutputStream:75 - [STDERR_REDIRECT] [Fatal Error] :1:1: Premature end of file.
2026-10-01 22:13:29,130 [ERROR] LogOutputStream:75 - [STDERR_REDIRECT] 
2026-10-01 22:13:30,146 [ERROR] LogOutputStream:75 - [STDERR_REDIRECT] [Fatal Error] :1:1: Premature end of file.
2026-10-01 22:13:30,146 [ERROR] LogOutputStream:75 - [STDERR_REDIRECT] 
2026-10-01 22:13:31,119 [ERROR] LogOutputStream:75 - [STDERR_REDIRECT] [Fatal Error] :1:1: Premature end of file.
2026-10-01 22:13:31,119 [ERROR] LogOutputStream:75 - [STDERR_REDIRECT] 
2026-10-01 22:13:32,119 [ERROR] LogOutputStream:75 - [STDERR_REDIRECT] [Fatal Error] :1:1: Premature end of file.
2026-10-01 22:13:32,119 [ERROR] LogOutputStream:75 - [STDERR_REDIRECT] 
2026-10-01 22:13:33,108 [ERROR] LogOutputStream:75 - [STDERR_REDIRECT] [Fatal Error] :1:1: Premature end of file.
2026-10-01 22:13:33,108 [ERROR] LogOutputStream:75 - [STDERR_REDIRECT] 
2026-10-01 22:13:34,101 [ERROR] LogOutputStream:75 - [STDERR_REDIRECT] [Fatal Error] :1:1: Premature end of file.
2026-10-01 22:13:34,101 [ERROR] LogOutputStream:75 - [STDERR_REDIRECT] 
2026-10-01 22:13:35,122 [ERROR] LogOutputStream:75 - [STDERR_REDIRECT] [Fatal Error] :1:1: Premature end of file.
2026-10-01 22:13:35,128 [ERROR] LogOutputStream:75 - [STDERR_REDIRECT] 
2026-10-01 22:13:36,111 [ERROR] LogOutputStream:75 - [STDERR_REDIRECT] [Fatal Error] :1:1: Premature end of file.
2026-10-01 22:13:36,111 [ERROR] LogOutputStream:75 - [STDERR_REDIRECT] 
2026-10-01 22:13:37,119 [ERROR] LogOutputStream:75 - [STDERR_REDIRECT] [Fatal Error] :1:1: Premature end of file.
2026-10-01 22:13:37,126 [ERROR] LogOutputStream:75 - [STDERR_REDIRECT] 
2026-10-01 22:13:38,108 [ERROR] LogOutputStream:75 - [STDERR_REDIRECT] [Fatal Error] :1:1: Premature end of file.
2026-10-01 22:13:38,112 [ERROR] LogOutputStream:75 - [STDERR_REDIRECT] 
2026-10-01 22:13:39,102 [ERROR] LogOutputStream:75 - [STDERR_REDIRECT] [Fatal Error] :1:1: Premature end of file.
2026-10-01 22:13:39,102 [ERROR] LogOutputStream:75 - [STDERR_REDIRECT] 
2026-10-01 22:13:40,101 [ERROR] LogOutputStream:75 - [STDERR_REDIRECT] [Fatal Error] :1:1: Premature end of file.
2026-10-01 22:13:40,101 [ERROR] LogOutputStream:75 - [STDERR_REDIRECT] 
2026-10-01 22:13:41,102 [ERROR] LogOutputStream:75 - [STDERR_REDIRECT] [Fatal Error] :1:1: Premature end of file.
2026-10-01 22:13:41,102 [ERROR] LogOutputStream:75 - [STDERR_REDIRECT] 
2026-10-01 22:13:42,120 [ERROR] LogOutputStream:75 - [STDERR_REDIRECT] [Fatal Error] :1:1: Premature end of file.
2026-10-01 22:13:42,120 [ERROR] LogOutputStream:75 - [STDERR_REDIRECT] 
2026-10-01 22:13:43,110 [ERROR] LogOutputStream:75 - [STDERR_REDIRECT] [Fatal Error] :1:1: Premature end of file.
2026-10-01 22:13:43,110 [ERROR] LogOutputStream:75 - [STDERR_REDIRECT] 
2026-10-01 22:13:44,108 [ERROR] LogOutputStream:75 - [STDERR_REDIRECT] [Fatal Error] :1:1: Premature end of file.
2026-10-01 22:13:44,108 [ERROR] LogOutputStream:75 - [STDERR_REDIRECT] 
2026-10-01 22:13:45,106 [ERROR] LogOutputStream:75 - [STDERR_REDIRECT] [Fatal Error] :1:1: Premature end of file.
2026-10-01 22:13:45,118 [ERROR] LogOutputStream:75 - [STDERR_REDIRECT] 
2026-10-01 22:13:46,121 [ERROR] LogOutputStream:75 - [STDERR_REDIRECT] [Fatal Error] :1:1: Premature end of file.
2026-10-01 22:13:46,124 [ERROR] LogOutputStream:75 - [STDERR_REDIRECT] 
2026-10-01 22:13:47,124 [ERROR] LogOutputStream:75 - [STDERR_REDIRECT] [Fatal Error] :1:1: Premature end of file.
2026-10-01 22:13:47,124 [ERROR] LogOutputStream:75 - [STDERR_REDIRECT] 
2026-10-01 22:13:48,095 [ERROR] LogOutputStream:75 - [STDERR_REDIRECT] [Fatal Error] :1:1: Premature end of file.
2026-10-01 22:13:48,095 [ERROR] LogOutputStream:75 - [STDERR_REDIRECT] 
2026-10-01 22:13:49,097 [ERROR] LogOutputStream:75 - [STDERR_REDIRECT] [Fatal Error] :1:1: Premature end of file.
2026-10-01 22:13:49,097 [ERROR] LogOutputStream:75 - [STDERR_REDIRECT] 
2026-10-01 22:13:50,114 [ERROR] LogOutputStream:75 - [STDERR_REDIRECT] [Fatal Error] :1:1: Premature end of file.
2026-10-01 22:13:50,114 [ERROR] LogOutputStream:75 - [STDERR_REDIRECT] 
2026-10-01 22:13:51,104 [ERROR] LogOutputStream:75 - [STDERR_REDIRECT] [Fatal Error] :1:1: Premature end of file.
2026-10-01 22:13:51,104 [ERROR] LogOutputStream:75 - [STDERR_REDIRECT] 
2026-10-01 22:13:52,105 [ERROR] LogOutputStream:75 - [STDERR_REDIRECT] [Fatal Error] :1:1: Premature end of file.
2026-10-01 22:13:52,105 [ERROR] LogOutputStream:75 - [STDERR_REDIRECT] 
2026-10-01 22:13:53,108 [ERROR] LogOutputStream:75 - [STDERR_REDIRECT] [Fatal Error] :1:1: Premature end of file.
2026-10-01 22:13:53,108 [ERROR] LogOutputStream:75 - [STDERR_REDIRECT] 
2026-10-01 22:13:54,109 [ERROR] LogOutputStream:75 - [STDERR_REDIRECT] [Fatal Error] :1:1: Premature end of file.
2026-10-01 22:13:54,109 [ERROR] LogOutputStream:75 - [STDERR_REDIRECT] 
2026-10-01 22:13:55,114 [ERROR] LogOutputStream:75 - [STDERR_REDIRECT] [Fatal Error] :1:1: Premature end of file.
2026-10-01 22:13:55,114 [ERROR] LogOutputStream:75 - [STDERR_REDIRECT] 
2026-10-01 22:13:56,118 [ERROR] LogOutputStream:75 - [STDERR_REDIRECT] [Fatal Error] :1:1: Premature end of file.
2026-10-01 22:13:56,118 [ERROR] LogOutputStream:75 - [STDERR_REDIRECT] 
2026-10-01 22:13:57,110 [ERROR] LogOutputStream:75 - [STDERR_REDIRECT] [Fatal Error] :1:1: Premature end of file.
2026-10-01 22:13:57,110 [ERROR] LogOutputStream:75 - [STDERR_REDIRECT] 
2026-10-01 22:13:58,122 [ERROR] LogOutputStream:75 - [STDERR_REDIRECT] [Fatal Error] :1:1: Premature end of file.
2026-10-01 22:13:58,122 [ERROR] LogOutputStream:75 - [STDERR_REDIRECT] 
2026-10-01 22:13:59,112 [ERROR] LogOutputStream:75 - [STDERR_REDIRECT] [Fatal Error] :1:1: Premature end of file.
2026-10-01 22:13:59,112 [ERROR] LogOutputStream:75 - [STDERR_REDIRECT] 
2026-10-01 22:14:00,117 [ERROR] LogOutputStream:75 - [STDERR_REDIRECT] [Fatal Error] :1:1: Premature end of file.
2026-10-01 22:14:00,117 [ERROR] LogOutputStream:75 - [STDERR_REDIRECT] 
2026-10-01 22:14:01,127 [ERROR] LogOutputStream:75 - [STDERR_REDIRECT] [Fatal Error] :1:1: Premature end of file.
2026-10-01 22:14:01,127 [ERROR] LogOutputStream:75 - [STDERR_REDIRECT] 
2026-10-01 22:14:02,120 [ERROR] LogOutputStream:75 - [STDERR_REDIRECT] [Fatal Error] :1:1: Premature end of file.
2026-10-01 22:14:02,120 [ERROR] LogOutputStream:75 - [STDERR_REDIRECT] 
2026-10-01 22:14:03,119 [ERROR] LogOutputStream:75 - [STDERR_REDIRECT] [Fatal Error] :1:1: Premature end of file.
2026-10-01 22:14:03,119 [ERROR] LogOutputStream:75 - [STDERR_REDIRECT] 
2026-10-01 22:14:04,111 [ERROR] LogOutputStream:75 - [STDERR_REDIRECT] [Fatal Error] :1:1: Premature end of file.
2026-10-01 22:14:04,112 [ERROR] LogOutputStream:75 - [STDERR_REDIRECT] 
2026-10-01 22:14:05,112 [ERROR] LogOutputStream:75 - [STDERR_REDIRECT] [Fatal Error] :1:1: Premature end of file.
2026-10-01 22:14:05,112 [ERROR] LogOutputStream:75 - [STDERR_REDIRECT] 
2026-10-01 22:14:06,118 [ERROR] LogOutputStream:75 - [STDERR_REDIRECT] [Fatal Error] :1:1: Premature end of file.
2026-10-01 22:14:06,119 [ERROR] LogOutputStream:75 - [STDERR_REDIRECT] 
2026-10-01 22:14:07,127 [ERROR] LogOutputStream:75 - [STDERR_REDIRECT] [Fatal Error] :1:1: Premature end of file.
2026-10-01 22:14:07,128 [ERROR] LogOutputStream:75 - [STDERR_REDIRECT] 
2026-10-01 22:14:08,111 [ERROR] LogOutputStream:75 - [STDERR_REDIRECT] [Fatal Error] :1:1: Premature end of file.
2026-10-01 22:14:08,111 [ERROR] LogOutputStream:75 - [STDERR_REDIRECT] 
2026-10-01 22:14:09,112 [ERROR] LogOutputStream:75 - [STDERR_REDIRECT] [Fatal Error] :1:1: Premature end of file.
2026-10-01 22:14:09,112 [ERROR] LogOutputStream:75 - [STDERR_REDIRECT] 
2026-10-01 22:14:10,111 [ERROR] LogOutputStream:75 - [STDERR_REDIRECT] [Fatal Error] :1:1: Premature end of file.
2026-10-01 22:14:10,111 [ERROR] LogOutputStream:75 - [STDERR_REDIRECT] 
2026-10-01 22:14:11,136 [ERROR] LogOutputStream:75 - [STDERR_REDIRECT] [Fatal Error] :1:1: Premature end of file.
2026-10-01 22:14:11,136 [ERROR] LogOutputStream:75 - [STDERR_REDIRECT] 
2026-10-01 22:14:12,116 [ERROR] LogOutputStream:75 - [STDERR_REDIRECT] [Fatal Error] :1:1: Premature end of file.
2026-10-01 22:14:12,116 [ERROR] LogOutputStream:75 - [STDERR_REDIRECT] 
2026-10-01 22:14:13,121 [ERROR] LogOutputStream:75 - [STDERR_REDIRECT] [Fatal Error] :1:1: Premature end of file.
2026-10-01 22:14:13,121 [ERROR] LogOutputStream:75 - [STDERR_REDIRECT] 
2026-10-01 22:14:14,097 [ERROR] LogOutputStream:75 - [STDERR_REDIRECT] [Fatal Error] :1:1: Premature end of file.
2026-10-01 22:14:14,097 [ERROR] LogOutputStream:75 - [STDERR_REDIRECT] 
2026-10-01 22:14:15,109 [ERROR] LogOutputStream:75 - [STDERR_REDIRECT] [Fatal Error] :1:1: Premature end of file.
2026-10-01 22:14:15,109 [ERROR] LogOutputStream:75 - [STDERR_REDIRECT] 
2026-10-01 22:14:16,115 [ERROR] LogOutputStream:75 - [STDERR_REDIRECT] [Fatal Error] :1:1: Premature end of file.
2026-10-01 22:14:16,116 [ERROR] LogOutputStream:75 - [STDERR_REDIRECT] 
2026-10-01 22:14:17,106 [ERROR] LogOutputStream:75 - [STDERR_REDIRECT] [Fatal Error] :1:1: Premature end of file.
2026-10-01 22:14:17,106 [ERROR] LogOutputStream:75 - [STDERR_REDIRECT] 
2026-10-01 22:14:18,107 [ERROR] LogOutputStream:75 - [STDERR_REDIRECT] [Fatal Error] :1:1: Premature end of file.
2026-10-01 22:14:18,108 [ERROR] LogOutputStream:75 - [STDERR_REDIRECT] 
2026-10-01 22:14:19,112 [ERROR] LogOutputStream:75 - [STDERR_REDIRECT] [Fatal Error] :1:1: Premature end of file.
2026-10-01 22:14:19,112 [ERROR] LogOutputStream:75 - [STDERR_REDIRECT] 
2026-10-01 22:14:20,130 [ERROR] LogOutputStream:75 - [STDERR_REDIRECT] [Fatal Error] :1:1: Premature end of file.
2026-10-01 22:14:20,130 [ERROR] LogOutputStream:75 - [STDERR_REDIRECT] 
2026-10-01 22:14:21,112 [ERROR] LogOutputStream:75 - [STDERR_REDIRECT] [Fatal Error] :1:1: Premature end of file.
2026-10-01 22:14:21,112 [ERROR] LogOutputStream:75 - [STDERR_REDIRECT] 
2026-10-01 22:14:22,129 [ERROR] LogOutputStream:75 - [STDERR_REDIRECT] [Fatal Error] :1:1: Premature end of file.
2026-10-01 22:14:22,130 [ERROR] LogOutputStream:75 - [STDERR_REDIRECT] 
2026-10-01 22:14:23,130 [ERROR] LogOutputStream:75 - [STDERR_REDIRECT] [Fatal Error] :1:1: Premature end of file.
2026-10-01 22:14:23,130 [ERROR] LogOutputStream:75 - [STDERR_REDIRECT] 
2026-10-01 22:14:24,123 [ERROR] LogOutputStream:75 - [STDERR_REDIRECT] [Fatal Error] :1:1: Premature end of file.
2026-10-01 22:14:24,123 [ERROR] LogOutputStream:75 - [STDERR_REDIRECT] 
2026-10-01 22:14:25,120 [ERROR] LogOutputStream:75 - [STDERR_REDIRECT] [Fatal Error] :1:1: Premature end of file.
2026-10-01 22:14:25,120 [ERROR] LogOutputStream:75 - [STDERR_REDIRECT] 
2026-10-01 22:14:26,112 [ERROR] LogOutputStream:75 - [STDERR_REDIRECT] [Fatal Error] :1:1: Premature end of file.
2026-10-01 22:14:26,112 [ERROR] LogOutputStream:75 - [STDERR_REDIRECT] 
2026-10-01 22:14:27,108 [ERROR] LogOutputStream:75 - [STDERR_REDIRECT] [Fatal Error] :1:1: Premature end of file.
2026-10-01 22:14:27,108 [ERROR] LogOutputStream:75 - [STDERR_REDIRECT] 
2026-10-01 22:14:28,121 [ERROR] LogOutputStream:75 - [STDERR_REDIRECT] [Fatal Error] :1:1: Premature end of file.
2026-10-01 22:14:28,121 [ERROR] LogOutputStream:75 - [STDERR_REDIRECT] 
2026-10-01 22:14:29,109 [ERROR] LogOutputStream:75 - [STDERR_REDIRECT] [Fatal Error] :1:1: Premature end of file.
2026-10-01 22:14:29,117 [ERROR] LogOutputStream:75 - [STDERR_REDIRECT] 
2026-10-01 22:14:30,105 [ERROR] LogOutputStream:75 - [STDERR_REDIRECT] [Fatal Error] :1:1: Premature end of file.
2026-10-01 22:14:30,105 [ERROR] LogOutputStream:75 - [STDERR_REDIRECT] 
2026-10-01 22:14:31,124 [ERROR] LogOutputStream:75 - [STDERR_REDIRECT] [Fatal Error] :1:1: Premature end of file.
2026-10-01 22:14:31,124 [ERROR] LogOutputStream:75 - [STDERR_REDIRECT] 
2026-10-01 22:14:32,141 [ERROR] LogOutputStream:75 - [STDERR_REDIRECT] [Fatal Error] :1:1: Premature end of file.
2026-10-01 22:14:32,142 [ERROR] LogOutputStream:75 - [STDERR_REDIRECT] 
2026-10-01 22:14:33,121 [ERROR] LogOutputStream:75 - [STDERR_REDIRECT] [Fatal Error] :1:1: Premature end of file.
2026-10-01 22:14:33,121 [ERROR] LogOutputStream:75 - [STDERR_REDIRECT] 
2026-10-01 22:14:34,114 [ERROR] LogOutputStream:75 - [STDERR_REDIRECT] [Fatal Error] :1:1: Premature end of file.
2026-10-01 22:14:34,115 [ERROR] LogOutputStream:75 - [STDERR_REDIRECT] 
2026-10-01 22:14:35,111 [ERROR] LogOutputStream:75 - [STDERR_REDIRECT] [Fatal Error] :1:1: Premature end of file.
2026-10-01 22:14:35,111 [ERROR] LogOutputStream:75 - [STDERR_REDIRECT] 
2026-10-01 22:14:36,111 [ERROR] LogOutputStream:75 - [STDERR_REDIRECT] [Fatal Error] :1:1: Premature end of file.
2026-10-01 22:14:36,111 [ERROR] LogOutputStream:75 - [STDERR_REDIRECT] 
2026-10-01 22:14:37,123 [ERROR] LogOutputStream:75 - [STDERR_REDIRECT] [Fatal Error] :1:1: Premature end of file.
2026-10-01 22:14:37,123 [ERROR] LogOutputStream:75 - [STDERR_REDIRECT] 
2026-10-01 22:14:38,127 [ERROR] LogOutputStream:75 - [STDERR_REDIRECT] [Fatal Error] :1:1: Premature end of file.
2026-10-01 22:14:38,127 [ERROR] LogOutputStream:75 - [STDERR_REDIRECT] 
2026-10-01 22:14:39,118 [ERROR] LogOutputStream:75 - [STDERR_REDIRECT] [Fatal Error] :1:1: Premature end of file.
2026-10-01 22:14:39,118 [ERROR] LogOutputStream:75 - [STDERR_REDIRECT] 
2026-10-01 22:14:40,115 [ERROR] LogOutputStream:75 - [STDERR_REDIRECT] [Fatal Error] :1:1: Premature end of file.
2026-10-01 22:14:40,115 [ERROR] LogOutputStream:75 - [STDERR_REDIRECT] 
2026-10-01 22:14:41,126 [ERROR] LogOutputStream:75 - [STDERR_REDIRECT] [Fatal Error] :1:1: Premature end of file.
2026-10-01 22:14:41,127 [ERROR] LogOutputStream:75 - [STDERR_REDIRECT] 
2026-10-01 22:14:42,125 [ERROR] LogOutputStream:75 - [STDERR_REDIRECT] [Fatal Error] :1:1: Premature end of file.
2026-10-01 22:14:42,125 [ERROR] LogOutputStream:75 - [STDERR_REDIRECT] 
2026-10-01 22:14:43,116 [ERROR] LogOutputStream:75 - [STDERR_REDIRECT] [Fatal Error] :1:1: Premature end of file.
2026-10-01 22:14:43,116 [ERROR] LogOutputStream:75 - [STDERR_REDIRECT] 
2026-10-01 22:14:44,117 [ERROR] LogOutputStream:75 - [STDERR_REDIRECT] [Fatal Error] :1:1: Premature end of file.
2026-10-01 22:14:44,117 [ERROR] LogOutputStream:75 - [STDERR_REDIRECT] 
2026-10-01 22:14:45,110 [ERROR] LogOutputStream:75 - [STDERR_REDIRECT] [Fatal Error] :1:1: Premature end of file.
2026-10-01 22:14:45,111 [ERROR] LogOutputStream:75 - [STDERR_REDIRECT] 
2026-10-01 22:14:46,120 [ERROR] LogOutputStream:75 - [STDERR_REDIRECT] [Fatal Error] :1:1: Premature end of file.
2026-10-01 22:14:46,120 [ERROR] LogOutputStream:75 - [STDERR_REDIRECT] 
2026-10-01 22:14:47,123 [ERROR] LogOutputStream:75 - [STDERR_REDIRECT] [Fatal Error] :1:1: Premature end of file.
2026-10-01 22:14:47,124 [ERROR] LogOutputStream:75 - [STDERR_REDIRECT] 
2026-10-01 22:14:48,108 [ERROR] LogOutputStream:75 - [STDERR_REDIRECT] [Fatal Error] :1:1: Premature end of file.
2026-10-01 22:14:48,109 [ERROR] LogOutputStream:75 - [STDERR_REDIRECT] 
2026-10-01 22:14:49,126 [ERROR] LogOutputStream:75 - [STDERR_REDIRECT] [Fatal Error] :1:1: Premature end of file.
2026-10-01 22:14:49,126 [ERROR] LogOutputStream:75 - [STDERR_REDIRECT] 
2026-10-01 22:14:50,118 [ERROR] LogOutputStream:75 - [STDERR_REDIRECT] [Fatal Error] :1:1: Premature end of file.
2026-10-01 22:14:50,118 [ERROR] LogOutputStream:75 - [STDERR_REDIRECT] 
2026-10-01 22:14:51,121 [ERROR] LogOutputStream:75 - [STDERR_REDIRECT] [Fatal Error] :1:1: Premature end of file.
2026-10-01 22:14:51,121 [ERROR] LogOutputStream:75 - [STDERR_REDIRECT] 
2026-10-01 22:14:52,115 [ERROR] LogOutputStream:75 - [STDERR_REDIRECT] [Fatal Error] :1:1: Premature end of file.
2026-10-01 22:14:52,115 [ERROR] LogOutputStream:75 - [STDERR_REDIRECT] 
2026-10-01 22:14:53,118 [ERROR] LogOutputStream:75 - [STDERR_REDIRECT] [Fatal Error] :1:1: Premature end of file.
2026-10-01 22:14:53,118 [ERROR] LogOutputStream:75 - [STDERR_REDIRECT] 
2026-10-01 22:14:54,120 [ERROR] LogOutputStream:75 - [STDERR_REDIRECT] [Fatal Error] :1:1: Premature end of file.
2026-10-01 22:14:54,120 [ERROR] LogOutputStream:75 - [STDERR_REDIRECT] 
2026-10-01 22:14:55,121 [ERROR] LogOutputStream:75 - [STDERR_REDIRECT] [Fatal Error] :1:1: Premature end of file.
2026-10-01 22:14:55,121 [ERROR] LogOutputStream:75 - [STDERR_REDIRECT] 
2026-10-01 22:14:56,114 [ERROR] LogOutputStream:75 - [STDERR_REDIRECT] [Fatal Error] :1:1: Premature end of file.
2026-10-01 22:14:56,115 [ERROR] LogOutputStream:75 - [STDERR_REDIRECT] 
2026-10-01 22:14:57,118 [ERROR] LogOutputStream:75 - [STDERR_REDIRECT] [Fatal Error] :1:1: Premature end of file.
2026-10-01 22:14:57,118 [ERROR] LogOutputStream:75 - [STDERR_REDIRECT] 
2026-10-01 22:14:58,109 [ERROR] LogOutputStream:75 - [STDERR_REDIRECT] [Fatal Error] :1:1: Premature end of file.
2026-10-01 22:14:58,110 [ERROR] LogOutputStream:75 - [STDERR_REDIRECT] 
2026-10-01 22:14:59,127 [ERROR] LogOutputStream:75 - [STDERR_REDIRECT] [Fatal Error] :1:1: Premature end of file.
2026-10-01 22:14:59,127 [ERROR] LogOutputStream:75 - [STDERR_REDIRECT] 
2026-10-01 22:15:00,125 [ERROR] LogOutputStream:75 - [STDERR_REDIRECT] [Fatal Error] :1:1: Premature end of file.
2026-10-01 22:15:00,125 [ERROR] LogOutputStream:75 - [STDERR_REDIRECT] 
2026-10-01 22:15:01,122 [ERROR] LogOutputStream:75 - [STDERR_REDIRECT] [Fatal Error] :1:1: Premature end of file.
2026-10-01 22:15:01,122 [ERROR] LogOutputStream:75 - [STDERR_REDIRECT] 
2026-10-01 22:15:02,116 [ERROR] LogOutputStream:75 - [STDERR_REDIRECT] [Fatal Error] :1:1: Premature end of file.
2026-10-01 22:15:02,116 [ERROR] LogOutputStream:75 - [STDERR_REDIRECT] 
2026-10-01 22:15:03,128 [ERROR] LogOutputStream:75 - [STDERR_REDIRECT] [Fatal Error] :1:1: Premature end of file.
2026-10-01 22:15:03,129 [ERROR] LogOutputStream:75 - [STDERR_REDIRECT] 
2026-10-01 22:15:04,120 [ERROR] LogOutputStream:75 - [STDERR_REDIRECT] [Fatal Error] :1:1: Premature end of file.
2026-10-01 22:15:04,120 [ERROR] LogOutputStream:75 - [STDERR_REDIRECT] 
2026-10-01 22:15:05,131 [ERROR] LogOutputStream:75 - [STDERR_REDIRECT] [Fatal Error] :1:1: Premature end of file.
2026-10-01 22:15:05,131 [ERROR] LogOutputStream:75 - [STDERR_REDIRECT] 
2026-10-01 22:15:06,110 [ERROR] LogOutputStream:75 - [STDERR_REDIRECT] [Fatal Error] :1:1: Premature end of file.
2026-10-01 22:15:06,110 [ERROR] LogOutputStream:75 - [STDERR_REDIRECT] 
2026-10-01 22:15:07,126 [ERROR] LogOutputStream:75 - [STDERR_REDIRECT] [Fatal Error] :1:1: Premature end of file.
2026-10-01 22:15:07,126 [ERROR] LogOutputStream:75 - [STDERR_REDIRECT] 
2026-10-01 22:15:08,107 [ERROR] LogOutputStream:75 - [STDERR_REDIRECT] [Fatal Error] :1:1: Premature end of file.
2026-10-01 22:15:08,107 [ERROR] LogOutputStream:75 - [STDERR_REDIRECT] 
2026-10-01 22:15:09,120 [ERROR] LogOutputStream:75 - [STDERR_REDIRECT] [Fatal Error] :1:1: Premature end of file.
2026-10-01 22:15:09,120 [ERROR] LogOutputStream:75 - [STDERR_REDIRECT] 
2026-10-01 22:15:10,096 [ERROR] LogOutputStream:75 - [STDERR_REDIRECT] [Fatal Error] :1:1: Premature end of file.
2026-10-01 22:15:10,096 [ERROR] LogOutputStream:75 - [STDERR_REDIRECT] 
2026-10-01 22:15:11,101 [ERROR] LogOutputStream:75 - [STDERR_REDIRECT] [Fatal Error] :1:1: Premature end of file.
2026-10-01 22:15:11,101 [ERROR] LogOutputStream:75 - [STDERR_REDIRECT] 
2026-10-01 22:15:12,112 [ERROR] LogOutputStream:75 - [STDERR_REDIRECT] [Fatal Error] :1:1: Premature end of file.
2026-10-01 22:15:12,112 [ERROR] LogOutputStream:75 - [STDERR_REDIRECT] 
2026-10-01 22:15:13,124 [ERROR] LogOutputStream:75 - [STDERR_REDIRECT] [Fatal Error] :1:1: Premature end of file.
2026-10-01 22:15:13,124 [ERROR] LogOutputStream:75 - [STDERR_REDIRECT] 
2026-10-01 22:15:14,123 [ERROR] LogOutputStream:75 - [STDERR_REDIRECT] [Fatal Error] :1:1: Premature end of file.
2026-10-01 22:15:14,124 [ERROR] LogOutputStream:75 - [STDERR_REDIRECT] 
2026-10-01 22:15:15,113 [ERROR] LogOutputStream:75 - [STDERR_REDIRECT] [Fatal Error] :1:1: Premature end of file.
2026-10-01 22:15:15,114 [ERROR] LogOutputStream:75 - [STDERR_REDIRECT] 
2026-10-01 22:15:16,125 [ERROR] LogOutputStream:75 - [STDERR_REDIRECT] [Fatal Error] :1:1: Premature end of file.
2026-10-01 22:15:16,126 [ERROR] LogOutputStream:75 - [STDERR_REDIRECT] 
2026-10-01 22:15:17,115 [ERROR] LogOutputStream:75 - [STDERR_REDIRECT] [Fatal Error] :1:1: Premature end of file.
2026-10-01 22:15:17,115 [ERROR] LogOutputStream:75 - [STDERR_REDIRECT] 
2026-10-01 22:15:18,124 [ERROR] LogOutputStream:75 - [STDERR_REDIRECT] [Fatal Error] :1:1: Premature end of file.
2026-10-01 22:15:18,124 [ERROR] LogOutputStream:75 - [STDERR_REDIRECT] 
2026-10-01 22:15:19,106 [ERROR] LogOutputStream:75 - [STDERR_REDIRECT] [Fatal Error] :1:1: Premature end of file.
2026-10-01 22:15:19,106 [ERROR] LogOutputStream:75 - [STDERR_REDIRECT] 
2026-10-01 22:15:20,116 [ERROR] LogOutputStream:75 - [STDERR_REDIRECT] [Fatal Error] :1:1: Premature end of file.
2026-10-01 22:15:20,117 [ERROR] LogOutputStream:75 - [STDERR_REDIRECT] 
2026-10-01 22:15:21,113 [ERROR] LogOutputStream:75 - [STDERR_REDIRECT] [Fatal Error] :1:1: Premature end of file.
2026-10-01 22:15:21,113 [ERROR] LogOutputStream:75 - [STDERR_REDIRECT] 
2026-10-01 22:15:22,114 [ERROR] LogOutputStream:75 - [STDERR_REDIRECT] [Fatal Error] :1:1: Premature end of file.
2026-10-01 22:15:22,115 [ERROR] LogOutputStream:75 - [STDERR_REDIRECT] 
2026-10-01 22:15:23,108 [ERROR] LogOutputStream:75 - [STDERR_REDIRECT] [Fatal Error] :1:1: Premature end of file.
2026-10-01 22:15:23,108 [ERROR] LogOutputStream:75 - [STDERR_REDIRECT] 
2026-10-01 22:15:24,127 [ERROR] LogOutputStream:75 - [STDERR_REDIRECT] [Fatal Error] :1:1: Premature end of file.
2026-10-01 22:15:24,127 [ERROR] LogOutputStream:75 - [STDERR_REDIRECT] 
2026-10-01 22:15:25,121 [ERROR] LogOutputStream:75 - [STDERR_REDIRECT] [Fatal Error] :1:1: Premature end of file.
2026-10-01 22:15:25,122 [ERROR] LogOutputStream:75 - [STDERR_REDIRECT] 
2026-10-01 22:15:26,108 [ERROR] LogOutputStream:75 - [STDERR_REDIRECT] [Fatal Error] :1:1: Premature end of file.
2026-10-01 22:15:26,108 [ERROR] LogOutputStream:75 - [STDERR_REDIRECT] 
2026-10-01 22:15:27,119 [ERROR] LogOutputStream:75 - [STDERR_REDIRECT] [Fatal Error] :1:1: Premature end of file.
2026-10-01 22:15:27,119 [ERROR] LogOutputStream:75 - [STDERR_REDIRECT] 
2026-10-01 22:15:28,126 [ERROR] LogOutputStream:75 - [STDERR_REDIRECT] [Fatal Error] :1:1: Premature end of file.
2026-10-01 22:15:28,126 [ERROR] LogOutputStream:75 - [STDERR_REDIRECT] 
2026-10-01 22:15:29,124 [ERROR] LogOutputStream:75 - [STDERR_REDIRECT] [Fatal Error] :1:1: Premature end of file.
2026-10-01 22:15:29,124 [ERROR] LogOutputStream:75 - [STDERR_REDIRECT] 
2026-10-01 22:15:30,124 [ERROR] LogOutputStream:75 - [STDERR_REDIRECT] [Fatal Error] :1:1: Premature end of file.
2026-10-01 22:15:30,124 [ERROR] LogOutputStream:75 - [STDERR_REDIRECT] 
2026-10-01 22:15:31,123 [ERROR] LogOutputStream:75 - [STDERR_REDIRECT] [Fatal Error] :1:1: Premature end of file.
2026-10-01 22:15:31,123 [ERROR] LogOutputStream:75 - [STDERR_REDIRECT] 
2026-10-01 22:15:32,125 [ERROR] LogOutputStream:75 - [STDERR_REDIRECT] [Fatal Error] :1:1: Premature end of file.
2026-10-01 22:15:32,125 [ERROR] LogOutputStream:75 - [STDERR_REDIRECT] 
2026-10-01 22:15:33,112 [ERROR] LogOutputStream:75 - [STDERR_REDIRECT] [Fatal Error] :1:1: Premature end of file.
2026-10-01 22:15:33,112 [ERROR] LogOutputStream:75 - [STDERR_REDIRECT] 
2026-10-01 22:15:34,118 [ERROR] LogOutputStream:75 - [STDERR_REDIRECT] [Fatal Error] :1:1: Premature end of file.
2026-10-01 22:15:34,118 [ERROR] LogOutputStream:75 - [STDERR_REDIRECT] 
2026-10-01 22:15:35,127 [ERROR] LogOutputStream:75 - [STDERR_REDIRECT] [Fatal Error] :1:1: Premature end of file.
2026-10-01 22:15:35,128 [ERROR] LogOutputStream:75 - [STDERR_REDIRECT] 
2026-10-01 22:15:36,110 [ERROR] LogOutputStream:75 - [STDERR_REDIRECT] [Fatal Error] :1:1: Premature end of file.
2026-10-01 22:15:36,110 [ERROR] LogOutputStream:75 - [STDERR_REDIRECT] 
2026-10-01 22:15:37,106 [ERROR] LogOutputStream:75 - [STDERR_REDIRECT] [Fatal Error] :1:1: Premature end of file.
2026-10-01 22:15:37,106 [ERROR] LogOutputStream:75 - [STDERR_REDIRECT] 
2026-10-01 22:15:38,107 [ERROR] LogOutputStream:75 - [STDERR_REDIRECT] [Fatal Error] :1:1: Premature end of file.
2026-10-01 22:15:38,107 [ERROR] LogOutputStream:75 - [STDERR_REDIRECT] 
2026-10-01 22:15:39,103 [ERROR] LogOutputStream:75 - [STDERR_REDIRECT] [Fatal Error] :1:1: Premature end of file.
2026-10-01 22:15:39,103 [ERROR] LogOutputStream:75 - [STDERR_REDIRECT] 
2026-10-01 22:15:40,111 [ERROR] LogOutputStream:75 - [STDERR_REDIRECT] [Fatal Error] :1:1: Premature end of file.
2026-10-01 22:15:40,111 [ERROR] LogOutputStream:75 - [STDERR_REDIRECT] 
2026-10-01 22:15:41,119 [ERROR] LogOutputStream:75 - [STDERR_REDIRECT] [Fatal Error] :1:1: Premature end of file.
2026-10-01 22:15:41,120 [ERROR] LogOutputStream:75 - [STDERR_REDIRECT] 
2026-10-01 22:15:42,125 [ERROR] LogOutputStream:75 - [STDERR_REDIRECT] [Fatal Error] :1:1: Premature end of file.
2026-10-01 22:15:42,126 [ERROR] LogOutputStream:75 - [STDERR_REDIRECT] 
2026-10-01 22:15:43,124 [ERROR] LogOutputStream:75 - [STDERR_REDIRECT] [Fatal Error] :1:1: Premature end of file.
2026-10-01 22:15:43,124 [ERROR] LogOutputStream:75 - [STDERR_REDIRECT] 
2026-10-01 22:15:44,120 [ERROR] LogOutputStream:75 - [STDERR_REDIRECT] [Fatal Error] :1:1: Premature end of file.
2026-10-01 22:15:44,120 [ERROR] LogOutputStream:75 - [STDERR_REDIRECT] 
2026-10-01 22:15:45,120 [ERROR] LogOutputStream:75 - [STDERR_REDIRECT] [Fatal Error] :1:1: Premature end of file.
2026-10-01 22:15:45,120 [ERROR] LogOutputStream:75 - [STDERR_REDIRECT] 
2026-10-01 22:15:46,098 [ERROR] LogOutputStream:75 - [STDERR_REDIRECT] [Fatal Error] :1:1: Premature end of file.
2026-10-01 22:15:46,098 [ERROR] LogOutputStream:75 - [STDERR_REDIRECT] 
2026-10-01 22:15:47,107 [ERROR] LogOutputStream:75 - [STDERR_REDIRECT] [Fatal Error] :1:1: Premature end of file.
2026-10-01 22:15:47,107 [ERROR] LogOutputStream:75 - [STDERR_REDIRECT] 
2026-10-01 22:15:48,117 [ERROR] LogOutputStream:75 - [STDERR_REDIRECT] [Fatal Error] :1:1: Premature end of file.
2026-10-01 22:15:48,117 [ERROR] LogOutputStream:75 - [STDERR_REDIRECT] 
2026-10-01 22:15:49,118 [ERROR] LogOutputStream:75 - [STDERR_REDIRECT] [Fatal Error] :1:1: Premature end of file.
2026-10-01 22:15:49,118 [ERROR] LogOutputStream:75 - [STDERR_REDIRECT] 
2026-10-01 22:15:50,117 [ERROR] LogOutputStream:75 - [STDERR_REDIRECT] [Fatal Error] :1:1: Premature end of file.
2026-10-01 22:15:50,117 [ERROR] LogOutputStream:75 - [STDERR_REDIRECT] 
2026-10-01 22:15:51,126 [ERROR] LogOutputStream:75 - [STDERR_REDIRECT] [Fatal Error] :1:1: Premature end of file.
2026-10-01 22:15:51,126 [ERROR] LogOutputStream:75 - [STDERR_REDIRECT] 
2026-10-01 22:15:52,115 [ERROR] LogOutputStream:75 - [STDERR_REDIRECT] [Fatal Error] :1:1: Premature end of file.
2026-10-01 22:15:52,116 [ERROR] LogOutputStream:75 - [STDERR_REDIRECT] 
2026-10-01 22:15:53,118 [ERROR] LogOutputStream:75 - [STDERR_REDIRECT] [Fatal Error] :1:1: Premature end of file.
2026-10-01 22:15:53,118 [ERROR] LogOutputStream:75 - [STDERR_REDIRECT] 
2026-10-01 22:15:54,110 [ERROR] LogOutputStream:75 - [STDERR_REDIRECT] [Fatal Error] :1:1: Premature end of file.
2026-10-01 22:15:54,111 [ERROR] LogOutputStream:75 - [STDERR_REDIRECT] 
2026-10-01 22:15:55,116 [ERROR] LogOutputStream:75 - [STDERR_REDIRECT] [Fatal Error] :1:1: Premature end of file.
2026-10-01 22:15:55,116 [ERROR] LogOutputStream:75 - [STDERR_REDIRECT] 
2026-10-01 22:15:56,109 [ERROR] LogOutputStream:75 - [STDERR_REDIRECT] [Fatal Error] :1:1: Premature end of file.
2026-10-01 22:15:56,109 [ERROR] LogOutputStream:75 - [STDERR_REDIRECT] 
2026-10-01 22:15:57,130 [ERROR] LogOutputStream:75 - [STDERR_REDIRECT] [Fatal Error] :1:1: Premature end of file.
2026-10-01 22:15:57,130 [ERROR] LogOutputStream:75 - [STDERR_REDIRECT] 
2026-10-01 22:15:58,119 [ERROR] LogOutputStream:75 - [STDERR_REDIRECT] [Fatal Error] :1:1: Premature end of file.
2026-10-01 22:15:58,119 [ERROR] LogOutputStream:75 - [STDERR_REDIRECT] 
2026-10-01 22:15:59,124 [ERROR] LogOutputStream:75 - [STDERR_REDIRECT] [Fatal Error] :1:1: Premature end of file.
2026-10-01 22:15:59,124 [ERROR] LogOutputStream:75 - [STDERR_REDIRECT] 
2026-10-01 22:16:00,119 [ERROR] LogOutputStream:75 - [STDERR_REDIRECT] [Fatal Error] :1:1: Premature end of file.
2026-10-01 22:16:00,119 [ERROR] LogOutputStream:75 - [STDERR_REDIRECT] 
2026-10-01 22:16:01,126 [ERROR] LogOutputStream:75 - [STDERR_REDIRECT] [Fatal Error] :1:1: Premature end of file.
2026-10-01 22:16:01,126 [ERROR] LogOutputStream:75 - [STDERR_REDIRECT] 
2026-10-01 22:16:02,118 [ERROR] LogOutputStream:75 - [STDERR_REDIRECT] [Fatal Error] :1:1: Premature end of file.
2026-10-01 22:16:02,118 [ERROR] LogOutputStream:75 - [STDERR_REDIRECT] 
2026-10-01 22:16:03,119 [ERROR] LogOutputStream:75 - [STDERR_REDIRECT] [Fatal Error] :1:1: Premature end of file.
2026-10-01 22:16:03,119 [ERROR] LogOutputStream:75 - [STDERR_REDIRECT] 
2026-10-01 22:16:04,112 [ERROR] LogOutputStream:75 - [STDERR_REDIRECT] [Fatal Error] :1:1: Premature end of file.
2026-10-01 22:16:04,112 [ERROR] LogOutputStream:75 - [STDERR_REDIRECT] 
2026-10-01 22:16:05,117 [ERROR] LogOutputStream:75 - [STDERR_REDIRECT] [Fatal Error] :1:1: Premature end of file.
2026-10-01 22:16:05,118 [ERROR] LogOutputStream:75 - [STDERR_REDIRECT] 
2026-10-01 22:16:06,106 [ERROR] LogOutputStream:75 - [STDERR_REDIRECT] [Fatal Error] :1:1: Premature end of file.
2026-10-01 22:16:06,107 [ERROR] LogOutputStream:75 - [STDERR_REDIRECT] 
2026-10-01 22:16:07,108 [ERROR] LogOutputStream:75 - [STDERR_REDIRECT] [Fatal Error] :1:1: Premature end of file.
2026-10-01 22:16:07,108 [ERROR] LogOutputStream:75 - [STDERR_REDIRECT] 
2026-10-01 22:16:08,108 [ERROR] LogOutputStream:75 - [STDERR_REDIRECT] [Fatal Error] :1:1: Premature end of file.
2026-10-01 22:16:08,108 [ERROR] LogOutputStream:75 - [STDERR_REDIRECT] 
2026-10-01 22:16:09,106 [ERROR] LogOutputStream:75 - [STDERR_REDIRECT] [Fatal Error] :1:1: Premature end of file.
2026-10-01 22:16:09,106 [ERROR] LogOutputStream:75 - [STDERR_REDIRECT] 
2026-10-01 22:16:10,124 [ERROR] LogOutputStream:75 - [STDERR_REDIRECT] [Fatal Error] :1:1: Premature end of file.
2026-10-01 22:16:10,125 [ERROR] LogOutputStream:75 - [STDERR_REDIRECT] 
2026-10-01 22:16:11,123 [ERROR] LogOutputStream:75 - [STDERR_REDIRECT] [Fatal Error] :1:1: Premature end of file.
2026-10-01 22:16:11,124 [ERROR] LogOutputStream:75 - [STDERR_REDIRECT] 
2026-10-01 22:16:12,124 [ERROR] LogOutputStream:75 - [STDERR_REDIRECT] [Fatal Error] :1:1: Premature end of file.
2026-10-01 22:16:12,124 [ERROR] LogOutputStream:75 - [STDERR_REDIRECT] 
2026-10-01 22:16:13,123 [ERROR] LogOutputStream:75 - [STDERR_REDIRECT] [Fatal Error] :1:1: Premature end of file.
2026-10-01 22:16:13,123 [ERROR] LogOutputStream:75 - [STDERR_REDIRECT] 
2026-10-01 22:16:14,104 [ERROR] LogOutputStream:75 - [STDERR_REDIRECT] [Fatal Error] :1:1: Premature end of file.
2026-10-01 22:16:14,104 [ERROR] LogOutputStream:75 - [STDERR_REDIRECT] 
2026-10-01 22:16:15,101 [ERROR] LogOutputStream:75 - [STDERR_REDIRECT] [Fatal Error] :1:1: Premature end of file.
2026-10-01 22:16:15,101 [ERROR] LogOutputStream:75 - [STDERR_REDIRECT] 
2026-10-01 22:16:16,113 [ERROR] LogOutputStream:75 - [STDERR_REDIRECT] [Fatal Error] :1:1: Premature end of file.
2026-10-01 22:16:16,113 [ERROR] LogOutputStream:75 - [STDERR_REDIRECT] 
2026-10-01 22:16:17,100 [ERROR] LogOutputStream:75 - [STDERR_REDIRECT] [Fatal Error] :1:1: Premature end of file.
2026-10-01 22:16:17,100 [ERROR] LogOutputStream:75 - [STDERR_REDIRECT] 
2026-10-01 22:16:18,112 [ERROR] LogOutputStream:75 - [STDERR_REDIRECT] [Fatal Error] :1:1: Premature end of file.
2026-10-01 22:16:18,112 [ERROR] LogOutputStream:75 - [STDERR_REDIRECT] 
2026-10-01 22:16:19,117 [ERROR] LogOutputStream:75 - [STDERR_REDIRECT] [Fatal Error] :1:1: Premature end of file.
2026-10-01 22:16:19,117 [ERROR] LogOutputStream:75 - [STDERR_REDIRECT] 
2026-10-01 22:16:20,115 [ERROR] LogOutputStream:75 - [STDERR_REDIRECT] [Fatal Error] :1:1: Premature end of file.
2026-10-01 22:16:20,115 [ERROR] LogOutputStream:75 - [STDERR_REDIRECT] 
2026-10-01 22:16:21,114 [ERROR] LogOutputStream:75 - [STDERR_REDIRECT] [Fatal Error] :1:1: Premature end of file.
2026-10-01 22:16:21,114 [ERROR] LogOutputStream:75 - [STDERR_REDIRECT] 
2026-10-01 22:16:22,114 [ERROR] LogOutputStream:75 - [STDERR_REDIRECT] [Fatal Error] :1:1: Premature end of file.
2026-10-01 22:16:22,118 [ERROR] LogOutputStream:75 - [STDERR_REDIRECT] 
2026-10-01 22:16:23,119 [ERROR] LogOutputStream:75 - [STDERR_REDIRECT] [Fatal Error] :1:1: Premature end of file.
2026-10-01 22:16:23,120 [ERROR] LogOutputStream:75 - [STDERR_REDIRECT] 
2026-10-01 22:16:24,123 [ERROR] LogOutputStream:75 - [STDERR_REDIRECT] [Fatal Error] :1:1: Premature end of file.
2026-10-01 22:16:24,123 [ERROR] LogOutputStream:75 - [STDERR_REDIRECT] 
2026-10-01 22:16:25,119 [ERROR] LogOutputStream:75 - [STDERR_REDIRECT] [Fatal Error] :1:1: Premature end of file.
2026-10-01 22:16:25,119 [ERROR] LogOutputStream:75 - [STDERR_REDIRECT] 
2026-10-01 22:16:26,123 [ERROR] LogOutputStream:75 - [STDERR_REDIRECT] [Fatal Error] :1:1: Premature end of file.
2026-10-01 22:16:26,123 [ERROR] LogOutputStream:75 - [STDERR_REDIRECT] 
2026-10-01 22:16:27,103 [ERROR] LogOutputStream:75 - [STDERR_REDIRECT] [Fatal Error] :1:1: Premature end of file.
2026-10-01 22:16:27,103 [ERROR] LogOutputStream:75 - [STDERR_REDIRECT] 
2026-10-01 22:16:28,113 [ERROR] LogOutputStream:75 - [STDERR_REDIRECT] [Fatal Error] :1:1: Premature end of file.
2026-10-01 22:16:28,113 [ERROR] LogOutputStream:75 - [STDERR_REDIRECT] 
2026-10-01 22:16:29,107 [ERROR] LogOutputStream:75 - [STDERR_REDIRECT] [Fatal Error] :1:1: Premature end of file.
2026-10-01 22:16:29,108 [ERROR] LogOutputStream:75 - [STDERR_REDIRECT] 
2026-10-01 22:16:30,123 [ERROR] LogOutputStream:75 - [STDERR_REDIRECT] [Fatal Error] :1:1: Premature end of file.
2026-10-01 22:16:30,123 [ERROR] LogOutputStream:75 - [STDERR_REDIRECT] 
2026-10-01 22:16:31,119 [ERROR] LogOutputStream:75 - [STDERR_REDIRECT] [Fatal Error] :1:1: Premature end of file.
2026-10-01 22:16:31,120 [ERROR] LogOutputStream:75 - [STDERR_REDIRECT] 
2026-10-01 22:16:32,115 [ERROR] LogOutputStream:75 - [STDERR_REDIRECT] [Fatal Error] :1:1: Premature end of file.
2026-10-01 22:16:32,116 [ERROR] LogOutputStream:75 - [STDERR_REDIRECT] 
2026-10-01 22:16:33,115 [ERROR] LogOutputStream:75 - [STDERR_REDIRECT] [Fatal Error] :1:1: Premature end of file.
2026-10-01 22:16:33,115 [ERROR] LogOutputStream:75 - [STDERR_REDIRECT] 
2026-10-01 22:16:34,128 [ERROR] LogOutputStream:75 - [STDERR_REDIRECT] [Fatal Error] :1:1: Premature end of file.
2026-10-01 22:16:34,128 [ERROR] LogOutputStream:75 - [STDERR_REDIRECT] 
2026-10-01 22:16:35,125 [ERROR] LogOutputStream:75 - [STDERR_REDIRECT] [Fatal Error] :1:1: Premature end of file.
2026-10-01 22:16:35,125 [ERROR] LogOutputStream:75 - [STDERR_REDIRECT] 
2026-10-01 22:16:36,126 [ERROR] LogOutputStream:75 - [STDERR_REDIRECT] [Fatal Error] :1:1: Premature end of file.
2026-10-01 22:16:36,126 [ERROR] LogOutputStream:75 - [STDERR_REDIRECT] 
2026-10-01 22:16:37,118 [ERROR] LogOutputStream:75 - [STDERR_REDIRECT] [Fatal Error] :1:1: Premature end of file.
2026-10-01 22:16:37,118 [ERROR] LogOutputStream:75 - [STDERR_REDIRECT] 
2026-10-01 22:16:38,117 [ERROR] LogOutputStream:75 - [STDERR_REDIRECT] [Fatal Error] :1:1: Premature end of file.
2026-10-01 22:16:38,117 [ERROR] LogOutputStream:75 - [STDERR_REDIRECT] 
2026-10-01 22:16:39,117 [ERROR] LogOutputStream:75 - [STDERR_REDIRECT] [Fatal Error] :1:1: Premature end of file.
2026-10-01 22:16:39,117 [ERROR] LogOutputStream:75 - [STDERR_REDIRECT] 
2026-10-01 22:16:40,096 [ERROR] LogOutputStream:75 - [STDERR_REDIRECT] [Fatal Error] :1:1: Premature end of file.
2026-10-01 22:16:40,096 [ERROR] LogOutputStream:75 - [STDERR_REDIRECT] 
2026-10-01 22:16:41,112 [ERROR] LogOutputStream:75 - [STDERR_REDIRECT] [Fatal Error] :1:1: Premature end of file.
2026-10-01 22:16:41,112 [ERROR] LogOutputStream:75 - [STDERR_REDIRECT] 
2026-10-01 22:16:42,124 [ERROR] LogOutputStream:75 - [STDERR_REDIRECT] [Fatal Error] :1:1: Premature end of file.
2026-10-01 22:16:42,124 [ERROR] LogOutputStream:75 - [STDERR_REDIRECT] 
2026-10-01 22:16:43,119 [ERROR] LogOutputStream:75 - [STDERR_REDIRECT] [Fatal Error] :1:1: Premature end of file.
2026-10-01 22:16:43,119 [ERROR] LogOutputStream:75 - [STDERR_REDIRECT] 
2026-10-01 22:16:44,127 [ERROR] LogOutputStream:75 - [STDERR_REDIRECT] [Fatal Error] :1:1: Premature end of file.
2026-10-01 22:16:44,128 [ERROR] LogOutputStream:75 - [STDERR_REDIRECT] 
2026-10-01 22:16:45,128 [ERROR] LogOutputStream:75 - [STDERR_REDIRECT] [Fatal Error] :1:1: Premature end of file.
2026-10-01 22:16:45,129 [ERROR] LogOutputStream:75 - [STDERR_REDIRECT] 
2026-10-01 22:16:46,120 [ERROR] LogOutputStream:75 - [STDERR_REDIRECT] [Fatal Error] :1:1: Premature end of file.
2026-10-01 22:16:46,120 [ERROR] LogOutputStream:75 - [STDERR_REDIRECT] 
2026-10-01 22:16:47,116 [ERROR] LogOutputStream:75 - [STDERR_REDIRECT] [Fatal Error] :1:1: Premature end of file.
2026-10-01 22:16:47,120 [ERROR] LogOutputStream:75 - [STDERR_REDIRECT] 
2026-10-01 22:16:48,118 [ERROR] LogOutputStream:75 - [STDERR_REDIRECT] [Fatal Error] :1:1: Premature end of file.
2026-10-01 22:16:48,119 [ERROR] LogOutputStream:75 - [STDERR_REDIRECT] 
2026-10-01 22:16:49,106 [ERROR] LogOutputStream:75 - [STDERR_REDIRECT] [Fatal Error] :1:1: Premature end of file.
2026-10-01 22:16:49,106 [ERROR] LogOutputStream:75 - [STDERR_REDIRECT] 
2026-10-01 22:16:50,117 [ERROR] LogOutputStream:75 - [STDERR_REDIRECT] [Fatal Error] :1:1: Premature end of file.
2026-10-01 22:16:50,117 [ERROR] LogOutputStream:75 - [STDERR_REDIRECT] 
2026-10-01 22:16:51,120 [ERROR] LogOutputStream:75 - [STDERR_REDIRECT] [Fatal Error] :1:1: Premature end of file.
2026-10-01 22:16:51,121 [ERROR] LogOutputStream:75 - [STDERR_REDIRECT] 
2026-10-01 22:16:52,110 [ERROR] LogOutputStream:75 - [STDERR_REDIRECT] [Fatal Error] :1:1: Premature end of file.
2026-10-01 22:16:52,110 [ERROR] LogOutputStream:75 - [STDERR_REDIRECT] 
2026-10-01 22:16:53,116 [ERROR] LogOutputStream:75 - [STDERR_REDIRECT] [Fatal Error] :1:1: Premature end of file.
2026-10-01 22:16:53,116 [ERROR] LogOutputStream:75 - [STDERR_REDIRECT] 
2026-10-01 22:16:54,124 [ERROR] LogOutputStream:75 - [STDERR_REDIRECT] [Fatal Error] :1:1: Premature end of file.
2026-10-01 22:16:54,125 [ERROR] LogOutputStream:75 - [STDERR_REDIRECT] 
2026-10-01 22:16:55,114 [ERROR] LogOutputStream:75 - [STDERR_REDIRECT] [Fatal Error] :1:1: Premature end of file.
2026-10-01 22:16:55,115 [ERROR] LogOutputStream:75 - [STDERR_REDIRECT] 
2026-10-01 22:16:56,120 [ERROR] LogOutputStream:75 - [STDERR_REDIRECT] [Fatal Error] :1:1: Premature end of file.
2026-10-01 22:16:56,120 [ERROR] LogOutputStream:75 - [STDERR_REDIRECT] 
2026-10-01 22:16:57,110 [ERROR] LogOutputStream:75 - [STDERR_REDIRECT] [Fatal Error] :1:1: Premature end of file.
2026-10-01 22:16:57,110 [ERROR] LogOutputStream:75 - [STDERR_REDIRECT] 
2026-10-01 22:16:58,121 [ERROR] LogOutputStream:75 - [STDERR_REDIRECT] [Fatal Error] :1:1: Premature end of file.
2026-10-01 22:16:58,121 [ERROR] LogOutputStream:75 - [STDERR_REDIRECT] 
2026-10-01 22:16:59,112 [ERROR] LogOutputStream:75 - [STDERR_REDIRECT] [Fatal Error] :1:1: Premature end of file.
2026-10-01 22:16:59,113 [ERROR] LogOutputStream:75 - [STDERR_REDIRECT] 
2026-10-01 22:17:00,118 [ERROR] LogOutputStream:75 - [STDERR_REDIRECT] [Fatal Error] :1:1: Premature end of file.
2026-10-01 22:17:00,119 [ERROR] LogOutputStream:75 - [STDERR_REDIRECT] 
2026-10-01 22:17:01,117 [ERROR] LogOutputStream:75 - [STDERR_REDIRECT] [Fatal Error] :1:1: Premature end of file.
2026-10-01 22:17:01,117 [ERROR] LogOutputStream:75 - [STDERR_REDIRECT] 
2026-10-01 22:17:02,124 [ERROR] LogOutputStream:75 - [STDERR_REDIRECT] [Fatal Error] :1:1: Premature end of file.
2026-10-01 22:17:02,125 [ERROR] LogOutputStream:75 - [STDERR_REDIRECT] 
2026-10-01 22:17:03,151 [ERROR] LogOutputStream:75 - [STDERR_REDIRECT] [Fatal Error] :1:1: Premature end of file.
2026-10-01 22:17:03,152 [ERROR] LogOutputStream:75 - [STDERR_REDIRECT] 
2026-10-01 22:17:04,121 [ERROR] LogOutputStream:75 - [STDERR_REDIRECT] [Fatal Error] :1:1: Premature end of file.
2026-10-01 22:17:04,121 [ERROR] LogOutputStream:75 - [STDERR_REDIRECT] 
2026-10-01 22:17:05,096 [ERROR] LogOutputStream:75 - [STDERR_REDIRECT] [Fatal Error] :1:1: Premature end of file.
2026-10-01 22:17:05,096 [ERROR] LogOutputStream:75 - [STDERR_REDIRECT] 
2026-10-01 22:17:06,122 [ERROR] LogOutputStream:75 - [STDERR_REDIRECT] [Fatal Error] :1:1: Premature end of file.
2026-10-01 22:17:06,123 [ERROR] LogOutputStream:75 - [STDERR_REDIRECT] 
2026-10-01 22:17:07,123 [ERROR] LogOutputStream:75 - [STDERR_REDIRECT] [Fatal Error] :1:1: Premature end of file.
2026-10-01 22:17:07,123 [ERROR] LogOutputStream:75 - [STDERR_REDIRECT] 
2026-10-01 22:17:08,099 [ERROR] LogOutputStream:75 - [STDERR_REDIRECT] [Fatal Error] :1:1: Premature end of file.
2026-10-01 22:17:08,099 [ERROR] LogOutputStream:75 - [STDERR_REDIRECT] 
2026-10-01 22:17:09,112 [ERROR] LogOutputStream:75 - [STDERR_REDIRECT] [Fatal Error] :1:1: Premature end of file.
2026-10-01 22:17:09,112 [ERROR] LogOutputStream:75 - [STDERR_REDIRECT] 
2026-10-01 22:17:10,119 [ERROR] LogOutputStream:75 - [STDERR_REDIRECT] [Fatal Error] :1:1: Premature end of file.
2026-10-01 22:17:10,119 [ERROR] LogOutputStream:75 - [STDERR_REDIRECT] 
2026-10-01 22:17:11,113 [ERROR] LogOutputStream:75 - [STDERR_REDIRECT] [Fatal Error] :1:1: Premature end of file.
2026-10-01 22:17:11,113 [ERROR] LogOutputStream:75 - [STDERR_REDIRECT] 
2026-10-01 22:17:12,095 [ERROR] LogOutputStream:75 - [STDERR_REDIRECT] [Fatal Error] :1:1: Premature end of file.
2026-10-01 22:17:12,095 [ERROR] LogOutputStream:75 - [STDERR_REDIRECT] 
2026-10-01 22:17:13,119 [ERROR] LogOutputStream:75 - [STDERR_REDIRECT] [Fatal Error] :1:1: Premature end of file.
2026-10-01 22:17:13,119 [ERROR] LogOutputStream:75 - [STDERR_REDIRECT] 
2026-10-01 22:17:14,114 [ERROR] LogOutputStream:75 - [STDERR_REDIRECT] [Fatal Error] :1:1: Premature end of file.
2026-10-01 22:17:14,114 [ERROR] LogOutputStream:75 - [STDERR_REDIRECT] 
2026-10-01 22:17:15,109 [ERROR] LogOutputStream:75 - [STDERR_REDIRECT] [Fatal Error] :1:1: Premature end of file.
2026-10-01 22:17:15,109 [ERROR] LogOutputStream:75 - [STDERR_REDIRECT] 
2026-10-01 22:17:16,105 [ERROR] LogOutputStream:75 - [STDERR_REDIRECT] [Fatal Error] :1:1: Premature end of file.
2026-10-01 22:17:16,105 [ERROR] LogOutputStream:75 - [STDERR_REDIRECT] 
2026-10-01 22:17:17,114 [ERROR] LogOutputStream:75 - [STDERR_REDIRECT] [Fatal Error] :1:1: Premature end of file.
2026-10-01 22:17:17,114 [ERROR] LogOutputStream:75 - [STDERR_REDIRECT] 
2026-10-01 22:17:18,115 [ERROR] LogOutputStream:75 - [STDERR_REDIRECT] [Fatal Error] :1:1: Premature end of file.
2026-10-01 22:17:18,115 [ERROR] LogOutputStream:75 - [STDERR_REDIRECT] 
2026-10-01 22:17:19,097 [ERROR] LogOutputStream:75 - [STDERR_REDIRECT] [Fatal Error] :1:1: Premature end of file.
2026-10-01 22:17:19,097 [ERROR] LogOutputStream:75 - [STDERR_REDIRECT] 
2026-10-01 22:17:20,109 [ERROR] LogOutputStream:75 - [STDERR_REDIRECT] [Fatal Error] :1:1: Premature end of file.
2026-10-01 22:17:20,109 [ERROR] LogOutputStream:75 - [STDERR_REDIRECT] 
2026-10-01 22:17:21,116 [ERROR] LogOutputStream:75 - [STDERR_REDIRECT] [Fatal Error] :1:1: Premature end of file.
2026-10-01 22:17:21,116 [ERROR] LogOutputStream:75 - [STDERR_REDIRECT] 
2026-10-01 22:17:22,112 [ERROR] LogOutputStream:75 - [STDERR_REDIRECT] [Fatal Error] :1:1: Premature end of file.
2026-10-01 22:17:22,112 [ERROR] LogOutputStream:75 - [STDERR_REDIRECT] 
2026-10-01 22:17:23,121 [ERROR] LogOutputStream:75 - [STDERR_REDIRECT] [Fatal Error] :1:1: Premature end of file.
2026-10-01 22:17:23,121 [ERROR] LogOutputStream:75 - [STDERR_REDIRECT] 
2026-10-01 22:17:24,116 [ERROR] LogOutputStream:75 - [STDERR_REDIRECT] [Fatal Error] :1:1: Premature end of file.
2026-10-01 22:17:24,116 [ERROR] LogOutputStream:75 - [STDERR_REDIRECT] 
2026-10-01 22:17:25,109 [ERROR] LogOutputStream:75 - [STDERR_REDIRECT] [Fatal Error] :1:1: Premature end of file.
2026-10-01 22:17:25,109 [ERROR] LogOutputStream:75 - [STDERR_REDIRECT] 
2026-10-01 22:17:26,146 [ERROR] LogOutputStream:75 - [STDERR_REDIRECT] [Fatal Error] :1:1: Premature end of file.
2026-10-01 22:17:26,146 [ERROR] LogOutputStream:75 - [STDERR_REDIRECT] 
2026-10-01 22:17:27,105 [ERROR] LogOutputStream:75 - [STDERR_REDIRECT] [Fatal Error] :1:1: Premature end of file.
2026-10-01 22:17:27,105 [ERROR] LogOutputStream:75 - [STDERR_REDIRECT] 
2026-10-01 22:17:28,103 [ERROR] LogOutputStream:75 - [STDERR_REDIRECT] [Fatal Error] :1:1: Premature end of file.
2026-10-01 22:17:28,103 [ERROR] LogOutputStream:75 - [STDERR_REDIRECT] 
2026-10-01 22:17:29,108 [ERROR] LogOutputStream:75 - [STDERR_REDIRECT] [Fatal Error] :1:1: Premature end of file.
2026-10-01 22:17:29,108 [ERROR] LogOutputStream:75 - [STDERR_REDIRECT] 
2026-10-01 22:17:30,103 [ERROR] LogOutputStream:75 - [STDERR_REDIRECT] [Fatal Error] :1:1: Premature end of file.
2026-10-01 22:17:30,103 [ERROR] LogOutputStream:75 - [STDERR_REDIRECT] 
2026-10-01 22:17:31,104 [ERROR] LogOutputStream:75 - [STDERR_REDIRECT] [Fatal Error] :1:1: Premature end of file.
2026-10-01 22:17:31,104 [ERROR] LogOutputStream:75 - [STDERR_REDIRECT] 
2026-10-01 22:17:32,114 [ERROR] LogOutputStream:75 - [STDERR_REDIRECT] [Fatal Error] :1:1: Premature end of file.
2026-10-01 22:17:32,115 [ERROR] LogOutputStream:75 - [STDERR_REDIRECT] 
2026-10-01 22:17:33,103 [ERROR] LogOutputStream:75 - [STDERR_REDIRECT] [Fatal Error] :1:1: Premature end of file.
2026-10-01 22:17:33,103 [ERROR] LogOutputStream:75 - [STDERR_REDIRECT] 
2026-10-01 22:17:34,109 [ERROR] LogOutputStream:75 - [STDERR_REDIRECT] [Fatal Error] :1:1: Premature end of file.
2026-10-01 22:17:34,109 [ERROR] LogOutputStream:75 - [STDERR_REDIRECT] 
2026-10-01 22:17:35,105 [ERROR] LogOutputStream:75 - [STDERR_REDIRECT] [Fatal Error] :1:1: Premature end of file.
2026-10-01 22:17:35,105 [ERROR] LogOutputStream:75 - [STDERR_REDIRECT] 
2026-10-01 22:17:36,108 [ERROR] LogOutputStream:75 - [STDERR_REDIRECT] [Fatal Error] :1:1: Premature end of file.
2026-10-01 22:17:36,108 [ERROR] LogOutputStream:75 - [STDERR_REDIRECT] 
2026-10-01 22:17:37,107 [ERROR] LogOutputStream:75 - [STDERR_REDIRECT] [Fatal Error] :1:1: Premature end of file.
2026-10-01 22:17:37,107 [ERROR] LogOutputStream:75 - [STDERR_REDIRECT] 
2026-10-01 22:17:38,105 [ERROR] LogOutputStream:75 - [STDERR_REDIRECT] [Fatal Error] :1:1: Premature end of file.
2026-10-01 22:17:38,106 [ERROR] LogOutputStream:75 - [STDERR_REDIRECT] 
2026-10-01 22:17:39,105 [ERROR] LogOutputStream:75 - [STDERR_REDIRECT] [Fatal Error] :1:1: Premature end of file.
2026-10-01 22:17:39,105 [ERROR] LogOutputStream:75 - [STDERR_REDIRECT] 
2026-10-01 22:17:40,105 [ERROR] LogOutputStream:75 - [STDERR_REDIRECT] [Fatal Error] :1:1: Premature end of file.
2026-10-01 22:17:40,105 [ERROR] LogOutputStream:75 - [STDERR_REDIRECT] 
2026-10-01 22:17:41,121 [ERROR] LogOutputStream:75 - [STDERR_REDIRECT] [Fatal Error] :1:1: Premature end of file.
2026-10-01 22:17:41,121 [ERROR] LogOutputStream:75 - [STDERR_REDIRECT] 
2026-10-01 22:17:42,105 [ERROR] LogOutputStream:75 - [STDERR_REDIRECT] [Fatal Error] :1:1: Premature end of file.
2026-10-01 22:17:42,105 [ERROR] LogOutputStream:75 - [STDERR_REDIRECT] 
2026-10-01 22:17:43,102 [ERROR] LogOutputStream:75 - [STDERR_REDIRECT] [Fatal Error] :1:1: Premature end of file.
2026-10-01 22:17:43,103 [ERROR] LogOutputStream:75 - [STDERR_REDIRECT] 
2026-10-01 22:17:44,107 [ERROR] LogOutputStream:75 - [STDERR_REDIRECT] [Fatal Error] :1:1: Premature end of file.
2026-10-01 22:17:44,107 [ERROR] LogOutputStream:75 - [STDERR_REDIRECT] 
2026-10-01 22:17:45,103 [ERROR] LogOutputStream:75 - [STDERR_REDIRECT] [Fatal Error] :1:1: Premature end of file.
2026-10-01 22:17:45,103 [ERROR] LogOutputStream:75 - [STDERR_REDIRECT] 
2026-10-01 22:17:46,120 [ERROR] LogOutputStream:75 - [STDERR_REDIRECT] [Fatal Error] :1:1: Premature end of file.
2026-10-01 22:17:46,120 [ERROR] LogOutputStream:75 - [STDERR_REDIRECT] 
2026-10-01 22:17:47,102 [ERROR] LogOutputStream:75 - [STDERR_REDIRECT] [Fatal Error] :1:1: Premature end of file.
2026-10-01 22:17:47,102 [ERROR] LogOutputStream:75 - [STDERR_REDIRECT] 
2026-10-01 22:17:48,105 [ERROR] LogOutputStream:75 - [STDERR_REDIRECT] [Fatal Error] :1:1: Premature end of file.
2026-10-01 22:17:48,105 [ERROR] LogOutputStream:75 - [STDERR_REDIRECT] 
2026-10-01 22:17:49,105 [ERROR] LogOutputStream:75 - [STDERR_REDIRECT] [Fatal Error] :1:1: Premature end of file.
2026-10-01 22:17:49,105 [ERROR] LogOutputStream:75 - [STDERR_REDIRECT] 
2026-10-01 22:17:50,100 [ERROR] LogOutputStream:75 - [STDERR_REDIRECT] [Fatal Error] :1:1: Premature end of file.
2026-10-01 22:17:50,100 [ERROR] LogOutputStream:75 - [STDERR_REDIRECT] 
2026-10-01 22:17:51,101 [ERROR] LogOutputStream:75 - [STDERR_REDIRECT] [Fatal Error] :1:1: Premature end of file.
2026-10-01 22:17:51,101 [ERROR] LogOutputStream:75 - [STDERR_REDIRECT] 
2026-10-01 22:17:52,102 [ERROR] LogOutputStream:75 - [STDERR_REDIRECT] [Fatal Error] :1:1: Premature end of file.
2026-10-01 22:17:52,102 [ERROR] LogOutputStream:75 - [STDERR_REDIRECT] 
2026-10-01 22:17:53,103 [ERROR] LogOutputStream:75 - [STDERR_REDIRECT] [Fatal Error] :1:1: Premature end of file.
2026-10-01 22:17:53,103 [ERROR] LogOutputStream:75 - [STDERR_REDIRECT] 
2026-10-01 22:17:54,105 [ERROR] LogOutputStream:75 - [STDERR_REDIRECT] [Fatal Error] :1:1: Premature end of file.
2026-10-01 22:17:54,105 [ERROR] LogOutputStream:75 - [STDERR_REDIRECT] 
2026-10-01 22:17:55,102 [ERROR] LogOutputStream:75 - [STDERR_REDIRECT] [Fatal Error] :1:1: Premature end of file.
2026-10-01 22:17:55,102 [ERROR] LogOutputStream:75 - [STDERR_REDIRECT] 
2026-10-01 22:17:56,103 [ERROR] LogOutputStream:75 - [STDERR_REDIRECT] [Fatal Error] :1:1: Premature end of file.
2026-10-01 22:17:56,104 [ERROR] LogOutputStream:75 - [STDERR_REDIRECT] 
2026-10-01 22:17:57,104 [ERROR] LogOutputStream:75 - [STDERR_REDIRECT] [Fatal Error] :1:1: Premature end of file.
2026-10-01 22:17:57,104 [ERROR] LogOutputStream:75 - [STDERR_REDIRECT] 
2026-10-01 22:17:58,108 [ERROR] LogOutputStream:75 - [STDERR_REDIRECT] [Fatal Error] :1:1: Premature end of file.
2026-10-01 22:17:58,108 [ERROR] LogOutputStream:75 - [STDERR_REDIRECT] 
2026-10-01 22:17:59,106 [ERROR] LogOutputStream:75 - [STDERR_REDIRECT] [Fatal Error] :1:1: Premature end of file.
2026-10-01 22:17:59,106 [ERROR] LogOutputStream:75 - [STDERR_REDIRECT] 
2026-10-01 22:18:00,108 [ERROR] LogOutputStream:75 - [STDERR_REDIRECT] [Fatal Error] :1:1: Premature end of file.
2026-10-01 22:18:00,108 [ERROR] LogOutputStream:75 - [STDERR_REDIRECT] 
2026-10-01 22:18:01,103 [ERROR] LogOutputStream:75 - [STDERR_REDIRECT] [Fatal Error] :1:1: Premature end of file.
2026-10-01 22:18:01,103 [ERROR] LogOutputStream:75 - [STDERR_REDIRECT] 
2026-10-01 22:18:02,108 [ERROR] LogOutputStream:75 - [STDERR_REDIRECT] [Fatal Error] :1:1: Premature end of file.
2026-10-01 22:18:02,108 [ERROR] LogOutputStream:75 - [STDERR_REDIRECT] 
2026-10-01 22:18:03,103 [ERROR] LogOutputStream:75 - [STDERR_REDIRECT] [Fatal Error] :1:1: Premature end of file.
2026-10-01 22:18:03,104 [ERROR] LogOutputStream:75 - [STDERR_REDIRECT] 
2026-10-01 22:18:04,118 [ERROR] LogOutputStream:75 - [STDERR_REDIRECT] [Fatal Error] :1:1: Premature end of file.
2026-10-01 22:18:04,118 [ERROR] LogOutputStream:75 - [STDERR_REDIRECT] 
2026-10-01 22:18:05,106 [ERROR] LogOutputStream:75 - [STDERR_REDIRECT] [Fatal Error] :1:1: Premature end of file.
2026-10-01 22:18:05,106 [ERROR] LogOutputStream:75 - [STDERR_REDIRECT] 
2026-10-01 22:18:06,104 [ERROR] LogOutputStream:75 - [STDERR_REDIRECT] [Fatal Error] :1:1: Premature end of file.
2026-10-01 22:18:06,104 [ERROR] LogOutputStream:75 - [STDERR_REDIRECT] 
2026-10-01 22:18:07,106 [ERROR] LogOutputStream:75 - [STDERR_REDIRECT] [Fatal Error] :1:1: Premature end of file.
2026-10-01 22:18:07,106 [ERROR] LogOutputStream:75 - [STDERR_REDIRECT] 
2026-10-01 22:18:08,103 [ERROR] LogOutputStream:75 - [STDERR_REDIRECT] [Fatal Error] :1:1: Premature end of file.
2026-10-01 22:18:08,104 [ERROR] LogOutputStream:75 - [STDERR_REDIRECT] 
2026-10-01 22:18:09,107 [ERROR] LogOutputStream:75 - [STDERR_REDIRECT] [Fatal Error] :1:1: Premature end of file.
2026-10-01 22:18:09,108 [ERROR] LogOutputStream:75 - [STDERR_REDIRECT] 
2026-10-01 22:18:10,106 [ERROR] LogOutputStream:75 - [STDERR_REDIRECT] [Fatal Error] :1:1: Premature end of file.
2026-10-01 22:18:10,106 [ERROR] LogOutputStream:75 - [STDERR_REDIRECT] 
2026-10-01 22:18:11,112 [ERROR] LogOutputStream:75 - [STDERR_REDIRECT] [Fatal Error] :1:1: Premature end of file.
2026-10-01 22:18:11,112 [ERROR] LogOutputStream:75 - [STDERR_REDIRECT] 
2026-10-01 22:18:12,102 [ERROR] LogOutputStream:75 - [STDERR_REDIRECT] [Fatal Error] :1:1: Premature end of file.
2026-10-01 22:18:12,102 [ERROR] LogOutputStream:75 - [STDERR_REDIRECT] 
2026-10-01 22:18:13,103 [ERROR] LogOutputStream:75 - [STDERR_REDIRECT] [Fatal Error] :1:1: Premature end of file.
2026-10-01 22:18:13,103 [ERROR] LogOutputStream:75 - [STDERR_REDIRECT] 
2026-10-01 22:18:14,105 [ERROR] LogOutputStream:75 - [STDERR_REDIRECT] [Fatal Error] :1:1: Premature end of file.
2026-10-01 22:18:14,105 [ERROR] LogOutputStream:75 - [STDERR_REDIRECT] 
2026-10-01 22:18:15,101 [ERROR] LogOutputStream:75 - [STDERR_REDIRECT] [Fatal Error] :1:1: Premature end of file.
2026-10-01 22:18:15,101 [ERROR] LogOutputStream:75 - [STDERR_REDIRECT] 
2026-10-01 22:18:16,109 [ERROR] LogOutputStream:75 - [STDERR_REDIRECT] [Fatal Error] :1:1: Premature end of file.
2026-10-01 22:18:16,109 [ERROR] LogOutputStream:75 - [STDERR_REDIRECT] 
2026-10-01 22:18:17,109 [ERROR] LogOutputStream:75 - [STDERR_REDIRECT] [Fatal Error] :1:1: Premature end of file.
2026-10-01 22:18:17,110 [ERROR] LogOutputStream:75 - [STDERR_REDIRECT] 
2026-10-01 22:18:18,113 [ERROR] LogOutputStream:75 - [STDERR_REDIRECT] [Fatal Error] :1:1: Premature end of file.
2026-10-01 22:18:18,113 [ERROR] LogOutputStream:75 - [STDERR_REDIRECT] 
2026-10-01 22:18:19,114 [ERROR] LogOutputStream:75 - [STDERR_REDIRECT] [Fatal Error] :1:1: Premature end of file.
2026-10-01 22:18:19,114 [ERROR] LogOutputStream:75 - [STDERR_REDIRECT] 
2026-10-01 22:18:20,110 [ERROR] LogOutputStream:75 - [STDERR_REDIRECT] [Fatal Error] :1:1: Premature end of file.
2026-10-01 22:18:20,110 [ERROR] LogOutputStream:75 - [STDERR_REDIRECT] 
2026-10-01 22:18:21,105 [ERROR] LogOutputStream:75 - [STDERR_REDIRECT] [Fatal Error] :1:1: Premature end of file.
2026-10-01 22:18:21,105 [ERROR] LogOutputStream:75 - [STDERR_REDIRECT] 
2026-10-01 22:18:22,105 [ERROR] LogOutputStream:75 - [STDERR_REDIRECT] [Fatal Error] :1:1: Premature end of file.
2026-10-01 22:18:22,105 [ERROR] LogOutputStream:75 - [STDERR_REDIRECT] 
2026-10-01 22:18:23,104 [ERROR] LogOutputStream:75 - [STDERR_REDIRECT] [Fatal Error] :1:1: Premature end of file.
2026-10-01 22:18:23,104 [ERROR] LogOutputStream:75 - [STDERR_REDIRECT] 
2026-10-01 22:18:24,106 [ERROR] LogOutputStream:75 - [STDERR_REDIRECT] [Fatal Error] :1:1: Premature end of file.
2026-10-01 22:18:24,106 [ERROR] LogOutputStream:75 - [STDERR_REDIRECT] 
2026-10-01 22:18:25,102 [ERROR] LogOutputStream:75 - [STDERR_REDIRECT] [Fatal Error] :1:1: Premature end of file.
2026-10-01 22:18:25,102 [ERROR] LogOutputStream:75 - [STDERR_REDIRECT] 
2026-10-01 22:18:26,102 [ERROR] LogOutputStream:75 - [STDERR_REDIRECT] [Fatal Error] :1:1: Premature end of file.
2026-10-01 22:18:26,102 [ERROR] LogOutputStream:75 - [STDERR_REDIRECT] 
2026-10-01 22:18:27,106 [ERROR] LogOutputStream:75 - [STDERR_REDIRECT] [Fatal Error] :1:1: Premature end of file.
2026-10-01 22:18:27,106 [ERROR] LogOutputStream:75 - [STDERR_REDIRECT] 
2026-10-01 22:18:28,104 [ERROR] LogOutputStream:75 - [STDERR_REDIRECT] [Fatal Error] :1:1: Premature end of file.
2026-10-01 22:18:28,104 [ERROR] LogOutputStream:75 - [STDERR_REDIRECT] 
2026-10-01 22:18:29,104 [ERROR] LogOutputStream:75 - [STDERR_REDIRECT] [Fatal Error] :1:1: Premature end of file.
2026-10-01 22:18:29,104 [ERROR] LogOutputStream:75 - [STDERR_REDIRECT] 
2026-10-01 22:18:30,107 [ERROR] LogOutputStream:75 - [STDERR_REDIRECT] [Fatal Error] :1:1: Premature end of file.
2026-10-01 22:18:30,108 [ERROR] LogOutputStream:75 - [STDERR_REDIRECT] 
2026-10-01 22:18:31,105 [ERROR] LogOutputStream:75 - [STDERR_REDIRECT] [Fatal Error] :1:1: Premature end of file.
2026-10-01 22:18:31,105 [ERROR] LogOutputStream:75 - [STDERR_REDIRECT] 
2026-10-01 22:18:32,110 [ERROR] LogOutputStream:75 - [STDERR_REDIRECT] [Fatal Error] :1:1: Premature end of file.
2026-10-01 22:18:32,110 [ERROR] LogOutputStream:75 - [STDERR_REDIRECT] 
2026-10-01 22:18:33,108 [ERROR] LogOutputStream:75 - [STDERR_REDIRECT] [Fatal Error] :1:1: Premature end of file.
2026-10-01 22:18:33,108 [ERROR] LogOutputStream:75 - [STDERR_REDIRECT] 
2026-10-01 22:18:34,102 [ERROR] LogOutputStream:75 - [STDERR_REDIRECT] [Fatal Error] :1:1: Premature end of file.
2026-10-01 22:18:34,102 [ERROR] LogOutputStream:75 - [STDERR_REDIRECT] 
2026-10-01 22:18:35,109 [ERROR] LogOutputStream:75 - [STDERR_REDIRECT] [Fatal Error] :1:1: Premature end of file.
2026-10-01 22:18:35,109 [ERROR] LogOutputStream:75 - [STDERR_REDIRECT] 
2026-10-01 22:18:36,109 [ERROR] LogOutputStream:75 - [STDERR_REDIRECT] [Fatal Error] :1:1: Premature end of file.
2026-10-01 22:18:36,109 [ERROR] LogOutputStream:75 - [STDERR_REDIRECT] 
2026-10-01 22:18:37,115 [ERROR] LogOutputStream:75 - [STDERR_REDIRECT] [Fatal Error] :1:1: Premature end of file.
2026-10-01 22:18:37,115 [ERROR] LogOutputStream:75 - [STDERR_REDIRECT] 
2026-10-01 22:18:38,104 [ERROR] LogOutputStream:75 - [STDERR_REDIRECT] [Fatal Error] :1:1: Premature end of file.
2026-10-01 22:18:38,105 [ERROR] LogOutputStream:75 - [STDERR_REDIRECT] 
2026-10-01 22:18:39,111 [ERROR] LogOutputStream:75 - [STDERR_REDIRECT] [Fatal Error] :1:1: Premature end of file.
2026-10-01 22:18:39,111 [ERROR] LogOutputStream:75 - [STDERR_REDIRECT] 
2026-10-01 22:18:40,107 [ERROR] LogOutputStream:75 - [STDERR_REDIRECT] [Fatal Error] :1:1: Premature end of file.
2026-10-01 22:18:40,107 [ERROR] LogOutputStream:75 - [STDERR_REDIRECT] 
2026-10-01 22:18:41,112 [ERROR] LogOutputStream:75 - [STDERR_REDIRECT] [Fatal Error] :1:1: Premature end of file.
2026-10-01 22:18:41,113 [ERROR] LogOutputStream:75 - [STDERR_REDIRECT] 
2026-10-01 22:18:42,102 [ERROR] LogOutputStream:75 - [STDERR_REDIRECT] [Fatal Error] :1:1: Premature end of file.
2026-10-01 22:18:42,103 [ERROR] LogOutputStream:75 - [STDERR_REDIRECT] 
2026-10-01 22:18:43,108 [ERROR] LogOutputStream:75 - [STDERR_REDIRECT] [Fatal Error] :1:1: Premature end of file.
2026-10-01 22:18:43,108 [ERROR] LogOutputStream:75 - [STDERR_REDIRECT] 
2026-10-01 22:18:44,105 [ERROR] LogOutputStream:75 - [STDERR_REDIRECT] [Fatal Error] :1:1: Premature end of file.
2026-10-01 22:18:44,105 [ERROR] LogOutputStream:75 - [STDERR_REDIRECT] 
2026-10-01 22:18:45,104 [ERROR] LogOutputStream:75 - [STDERR_REDIRECT] [Fatal Error] :1:1: Premature end of file.
2026-10-01 22:18:45,105 [ERROR] LogOutputStream:75 - [STDERR_REDIRECT] 
2026-10-01 22:18:46,100 [ERROR] LogOutputStream:75 - [STDERR_REDIRECT] [Fatal Error] :1:1: Premature end of file.
2026-10-01 22:18:46,100 [ERROR] LogOutputStream:75 - [STDERR_REDIRECT] 
2026-10-01 22:18:47,102 [ERROR] LogOutputStream:75 - [STDERR_REDIRECT] [Fatal Error] :1:1: Premature end of file.
2026-10-01 22:18:47,102 [ERROR] LogOutputStream:75 - [STDERR_REDIRECT] 
2026-10-01 22:18:48,116 [ERROR] LogOutputStream:75 - [STDERR_REDIRECT] [Fatal Error] :1:1: Premature end of file.
2026-10-01 22:18:48,116 [ERROR] LogOutputStream:75 - [STDERR_REDIRECT] 
2026-10-01 22:18:49,105 [ERROR] LogOutputStream:75 - [STDERR_REDIRECT] [Fatal Error] :1:1: Premature end of file.
2026-10-01 22:18:49,105 [ERROR] LogOutputStream:75 - [STDERR_REDIRECT] 
2026-10-01 22:18:50,106 [ERROR] LogOutputStream:75 - [STDERR_REDIRECT] [Fatal Error] :1:1: Premature end of file.
2026-10-01 22:18:50,106 [ERROR] LogOutputStream:75 - [STDERR_REDIRECT] 
2026-10-01 22:18:51,106 [ERROR] LogOutputStream:75 - [STDERR_REDIRECT] [Fatal Error] :1:1: Premature end of file.
2026-10-01 22:18:51,106 [ERROR] LogOutputStream:75 - [STDERR_REDIRECT] 
2026-10-01 22:18:52,102 [ERROR] LogOutputStream:75 - [STDERR_REDIRECT] [Fatal Error] :1:1: Premature end of file.
2026-10-01 22:18:52,102 [ERROR] LogOutputStream:75 - [STDERR_REDIRECT] 
2026-10-01 22:18:53,110 [ERROR] LogOutputStream:75 - [STDERR_REDIRECT] [Fatal Error] :1:1: Premature end of file.
2026-10-01 22:18:53,110 [ERROR] LogOutputStream:75 - [STDERR_REDIRECT] 
2026-10-01 22:18:54,102 [ERROR] LogOutputStream:75 - [STDERR_REDIRECT] [Fatal Error] :1:1: Premature end of file.
2026-10-01 22:18:54,103 [ERROR] LogOutputStream:75 - [STDERR_REDIRECT] 
2026-10-01 22:18:55,102 [ERROR] LogOutputStream:75 - [STDERR_REDIRECT] [Fatal Error] :1:1: Premature end of file.
2026-10-01 22:18:55,102 [ERROR] LogOutputStream:75 - [STDERR_REDIRECT] 
2026-10-01 22:18:56,103 [ERROR] LogOutputStream:75 - [STDERR_REDIRECT] [Fatal Error] :1:1: Premature end of file.
2026-10-01 22:18:56,104 [ERROR] LogOutputStream:75 - [STDERR_REDIRECT] 
2026-10-01 22:18:57,115 [ERROR] LogOutputStream:75 - [STDERR_REDIRECT] [Fatal Error] :1:1: Premature end of file.
2026-10-01 22:18:57,115 [ERROR] LogOutputStream:75 - [STDERR_REDIRECT] 
2026-10-01 22:18:58,109 [ERROR] LogOutputStream:75 - [STDERR_REDIRECT] [Fatal Error] :1:1: Premature end of file.
2026-10-01 22:18:58,110 [ERROR] LogOutputStream:75 - [STDERR_REDIRECT] 
2026-10-01 22:18:59,111 [ERROR] LogOutputStream:75 - [STDERR_REDIRECT] [Fatal Error] :1:1: Premature end of file.
2026-10-01 22:18:59,111 [ERROR] LogOutputStream:75 - [STDERR_REDIRECT] 
2026-10-01 22:19:00,106 [ERROR] LogOutputStream:75 - [STDERR_REDIRECT] [Fatal Error] :1:1: Premature end of file.
2026-10-01 22:19:00,106 [ERROR] LogOutputStream:75 - [STDERR_REDIRECT] 
2026-10-01 22:19:01,105 [ERROR] LogOutputStream:75 - [STDERR_REDIRECT] [Fatal Error] :1:1: Premature end of file.
2026-10-01 22:19:01,105 [ERROR] LogOutputStream:75 - [STDERR_REDIRECT] 
2026-10-01 22:19:02,106 [ERROR] LogOutputStream:75 - [STDERR_REDIRECT] [Fatal Error] :1:1: Premature end of file.
2026-10-01 22:19:02,106 [ERROR] LogOutputStream:75 - [STDERR_REDIRECT] 
2026-10-01 22:19:03,103 [ERROR] LogOutputStream:75 - [STDERR_REDIRECT] [Fatal Error] :1:1: Premature end of file.
2026-10-01 22:19:03,103 [ERROR] LogOutputStream:75 - [STDERR_REDIRECT] 
2026-10-01 22:19:04,104 [ERROR] LogOutputStream:75 - [STDERR_REDIRECT] [Fatal Error] :1:1: Premature end of file.
2026-10-01 22:19:04,104 [ERROR] LogOutputStream:75 - [STDERR_REDIRECT] 
2026-10-01 22:19:05,103 [ERROR] LogOutputStream:75 - [STDERR_REDIRECT] [Fatal Error] :1:1: Premature end of file.
2026-10-01 22:19:05,103 [ERROR] LogOutputStream:75 - [STDERR_REDIRECT] 
2026-10-01 22:19:06,103 [ERROR] LogOutputStream:75 - [STDERR_REDIRECT] [Fatal Error] :1:1: Premature end of file.
2026-10-01 22:19:06,104 [ERROR] LogOutputStream:75 - [STDERR_REDIRECT] 
2026-10-01 22:19:07,102 [ERROR] LogOutputStream:75 - [STDERR_REDIRECT] [Fatal Error] :1:1: Premature end of file.
2026-10-01 22:19:07,103 [ERROR] LogOutputStream:75 - [STDERR_REDIRECT] 
2026-10-01 22:19:08,101 [ERROR] LogOutputStream:75 - [STDERR_REDIRECT] [Fatal Error] :1:1: Premature end of file.
2026-10-01 22:19:08,101 [ERROR] LogOutputStream:75 - [STDERR_REDIRECT] 
2026-10-01 22:19:09,111 [ERROR] LogOutputStream:75 - [STDERR_REDIRECT] [Fatal Error] :1:1: Premature end of file.
2026-10-01 22:19:09,111 [ERROR] LogOutputStream:75 - [STDERR_REDIRECT] 
2026-10-01 22:19:10,104 [ERROR] LogOutputStream:75 - [STDERR_REDIRECT] [Fatal Error] :1:1: Premature end of file.
2026-10-01 22:19:10,104 [ERROR] LogOutputStream:75 - [STDERR_REDIRECT] 
2026-10-01 22:19:11,122 [ERROR] LogOutputStream:75 - [STDERR_REDIRECT] [Fatal Error] :1:1: Premature end of file.
2026-10-01 22:19:11,122 [ERROR] LogOutputStream:75 - [STDERR_REDIRECT] 
2026-10-01 22:19:12,126 [ERROR] LogOutputStream:75 - [STDERR_REDIRECT] [Fatal Error] :1:1: Premature end of file.
2026-10-01 22:19:12,126 [ERROR] LogOutputStream:75 - [STDERR_REDIRECT] 
2026-10-01 22:19:13,121 [ERROR] LogOutputStream:75 - [STDERR_REDIRECT] [Fatal Error] :1:1: Premature end of file.
2026-10-01 22:19:13,121 [ERROR] LogOutputStream:75 - [STDERR_REDIRECT] 
2026-10-01 22:19:14,122 [ERROR] LogOutputStream:75 - [STDERR_REDIRECT] [Fatal Error] :1:1: Premature end of file.
2026-10-01 22:19:14,123 [ERROR] LogOutputStream:75 - [STDERR_REDIRECT] 
2026-10-01 22:19:15,107 [ERROR] LogOutputStream:75 - [STDERR_REDIRECT] [Fatal Error] :1:1: Premature end of file.
2026-10-01 22:19:15,107 [ERROR] LogOutputStream:75 - [STDERR_REDIRECT] 
2026-10-01 22:19:16,103 [ERROR] LogOutputStream:75 - [STDERR_REDIRECT] [Fatal Error] :1:1: Premature end of file.
2026-10-01 22:19:16,103 [ERROR] LogOutputStream:75 - [STDERR_REDIRECT] 
2026-10-01 22:19:17,106 [ERROR] LogOutputStream:75 - [STDERR_REDIRECT] [Fatal Error] :1:1: Premature end of file.
2026-10-01 22:19:17,107 [ERROR] LogOutputStream:75 - [STDERR_REDIRECT] 
2026-10-01 22:19:18,108 [ERROR] LogOutputStream:75 - [STDERR_REDIRECT] [Fatal Error] :1:1: Premature end of file.
2026-10-01 22:19:18,109 [ERROR] LogOutputStream:75 - [STDERR_REDIRECT] 
2026-10-01 22:19:19,119 [ERROR] LogOutputStream:75 - [STDERR_REDIRECT] [Fatal Error] :1:1: Premature end of file.
2026-10-01 22:19:19,119 [ERROR] LogOutputStream:75 - [STDERR_REDIRECT] 
2026-10-01 22:19:20,109 [ERROR] LogOutputStream:75 - [STDERR_REDIRECT] [Fatal Error] :1:1: Premature end of file.
2026-10-01 22:19:20,109 [ERROR] LogOutputStream:75 - [STDERR_REDIRECT] 
2026-10-01 22:19:21,112 [ERROR] LogOutputStream:75 - [STDERR_REDIRECT] [Fatal Error] :1:1: Premature end of file.
2026-10-01 22:19:21,112 [ERROR] LogOutputStream:75 - [STDERR_REDIRECT] 
2026-10-01 22:19:22,120 [ERROR] LogOutputStream:75 - [STDERR_REDIRECT] [Fatal Error] :1:1: Premature end of file.
2026-10-01 22:19:22,120 [ERROR] LogOutputStream:75 - [STDERR_REDIRECT] 
2026-10-01 22:19:23,109 [ERROR] LogOutputStream:75 - [STDERR_REDIRECT] [Fatal Error] :1:1: Premature end of file.
2026-10-01 22:19:23,109 [ERROR] LogOutputStream:75 - [STDERR_REDIRECT] 
2026-10-01 22:19:24,115 [ERROR] LogOutputStream:75 - [STDERR_REDIRECT] [Fatal Error] :1:1: Premature end of file.
2026-10-01 22:19:24,116 [ERROR] LogOutputStream:75 - [STDERR_REDIRECT] 
2026-10-01 22:19:25,108 [ERROR] LogOutputStream:75 - [STDERR_REDIRECT] [Fatal Error] :1:1: Premature end of file.
2026-10-01 22:19:25,108 [ERROR] LogOutputStream:75 - [STDERR_REDIRECT] 
2026-10-01 22:19:26,103 [ERROR] LogOutputStream:75 - [STDERR_REDIRECT] [Fatal Error] :1:1: Premature end of file.
2026-10-01 22:19:26,103 [ERROR] LogOutputStream:75 - [STDERR_REDIRECT] 
2026-10-01 22:19:27,108 [ERROR] LogOutputStream:75 - [STDERR_REDIRECT] [Fatal Error] :1:1: Premature end of file.
2026-10-01 22:19:27,108 [ERROR] LogOutputStream:75 - [STDERR_REDIRECT] 
2026-10-01 22:19:28,105 [ERROR] LogOutputStream:75 - [STDERR_REDIRECT] [Fatal Error] :1:1: Premature end of file.
2026-10-01 22:19:28,105 [ERROR] LogOutputStream:75 - [STDERR_REDIRECT] 
2026-10-01 22:19:29,112 [ERROR] LogOutputStream:75 - [STDERR_REDIRECT] [Fatal Error] :1:1: Premature end of file.
2026-10-01 22:19:29,112 [ERROR] LogOutputStream:75 - [STDERR_REDIRECT] 
2026-10-01 22:19:30,103 [ERROR] LogOutputStream:75 - [STDERR_REDIRECT] [Fatal Error] :1:1: Premature end of file.
2026-10-01 22:19:30,103 [ERROR] LogOutputStream:75 - [STDERR_REDIRECT] 
2026-10-01 22:19:31,108 [ERROR] LogOutputStream:75 - [STDERR_REDIRECT] [Fatal Error] :1:1: Premature end of file.
2026-10-01 22:19:31,108 [ERROR] LogOutputStream:75 - [STDERR_REDIRECT] 
2026-10-01 22:19:32,103 [ERROR] LogOutputStream:75 - [STDERR_REDIRECT] [Fatal Error] :1:1: Premature end of file.
2026-10-01 22:19:32,105 [ERROR] LogOutputStream:75 - [STDERR_REDIRECT] 
2026-10-01 22:19:33,109 [ERROR] LogOutputStream:75 - [STDERR_REDIRECT] [Fatal Error] :1:1: Premature end of file.
2026-10-01 22:19:33,109 [ERROR] LogOutputStream:75 - [STDERR_REDIRECT] 
2026-10-01 22:19:34,104 [ERROR] LogOutputStream:75 - [STDERR_REDIRECT] [Fatal Error] :1:1: Premature end of file.
2026-10-01 22:19:34,104 [ERROR] LogOutputStream:75 - [STDERR_REDIRECT] 
2026-10-01 22:19:35,104 [ERROR] LogOutputStream:75 - [STDERR_REDIRECT] [Fatal Error] :1:1: Premature end of file.
2026-10-01 22:19:35,104 [ERROR] LogOutputStream:75 - [STDERR_REDIRECT] 
2026-10-01 22:19:36,107 [ERROR] LogOutputStream:75 - [STDERR_REDIRECT] [Fatal Error] :1:1: Premature end of file.
2026-10-01 22:19:36,107 [ERROR] LogOutputStream:75 - [STDERR_REDIRECT] 
2026-10-01 22:19:37,109 [ERROR] LogOutputStream:75 - [STDERR_REDIRECT] [Fatal Error] :1:1: Premature end of file.
2026-10-01 22:19:37,109 [ERROR] LogOutputStream:75 - [STDERR_REDIRECT] 
2026-10-01 22:19:38,108 [ERROR] LogOutputStream:75 - [STDERR_REDIRECT] [Fatal Error] :1:1: Premature end of file.
2026-10-01 22:19:38,108 [ERROR] LogOutputStream:75 - [STDERR_REDIRECT] 
2026-10-01 22:19:39,111 [ERROR] LogOutputStream:75 - [STDERR_REDIRECT] [Fatal Error] :1:1: Premature end of file.
2026-10-01 22:19:39,111 [ERROR] LogOutputStream:75 - [STDERR_REDIRECT] 
2026-10-01 22:19:40,111 [ERROR] LogOutputStream:75 - [STDERR_REDIRECT] [Fatal Error] :1:1: Premature end of file.
2026-10-01 22:19:40,111 [ERROR] LogOutputStream:75 - [STDERR_REDIRECT] 
2026-10-01 22:19:41,106 [ERROR] LogOutputStream:75 - [STDERR_REDIRECT] [Fatal Error] :1:1: Premature end of file.
2026-10-01 22:19:41,106 [ERROR] LogOutputStream:75 - [STDERR_REDIRECT] 
2026-10-01 22:19:42,104 [ERROR] LogOutputStream:75 - [STDERR_REDIRECT] [Fatal Error] :1:1: Premature end of file.
2026-10-01 22:19:42,105 [ERROR] LogOutputStream:75 - [STDERR_REDIRECT] 
2026-10-01 22:19:43,111 [ERROR] LogOutputStream:75 - [STDERR_REDIRECT] [Fatal Error] :1:1: Premature end of file.
2026-10-01 22:19:43,111 [ERROR] LogOutputStream:75 - [STDERR_REDIRECT] 
2026-10-01 22:19:44,109 [ERROR] LogOutputStream:75 - [STDERR_REDIRECT] [Fatal Error] :1:1: Premature end of file.
2026-10-01 22:19:44,109 [ERROR] LogOutputStream:75 - [STDERR_REDIRECT] 
2026-10-01 22:19:45,109 [ERROR] LogOutputStream:75 - [STDERR_REDIRECT] [Fatal Error] :1:1: Premature end of file.
2026-10-01 22:19:45,109 [ERROR] LogOutputStream:75 - [STDERR_REDIRECT] 
2026-10-01 22:19:46,108 [ERROR] LogOutputStream:75 - [STDERR_REDIRECT] [Fatal Error] :1:1: Premature end of file.
2026-10-01 22:19:46,108 [ERROR] LogOutputStream:75 - [STDERR_REDIRECT] 
2026-10-01 22:19:47,108 [ERROR] LogOutputStream:75 - [STDERR_REDIRECT] [Fatal Error] :1:1: Premature end of file.
2026-10-01 22:19:47,108 [ERROR] LogOutputStream:75 - [STDERR_REDIRECT] 
2026-10-01 22:19:48,107 [ERROR] LogOutputStream:75 - [STDERR_REDIRECT] [Fatal Error] :1:1: Premature end of file.
2026-10-01 22:19:48,107 [ERROR] LogOutputStream:75 - [STDERR_REDIRECT] 
2026-10-01 22:19:49,107 [ERROR] LogOutputStream:75 - [STDERR_REDIRECT] [Fatal Error] :1:1: Premature end of file.
2026-10-01 22:19:49,107 [ERROR] LogOutputStream:75 - [STDERR_REDIRECT] 
2026-10-01 22:19:50,105 [ERROR] LogOutputStream:75 - [STDERR_REDIRECT] [Fatal Error] :1:1: Premature end of file.
2026-10-01 22:19:50,105 [ERROR] LogOutputStream:75 - [STDERR_REDIRECT] 
2026-10-01 22:19:51,106 [ERROR] LogOutputStream:75 - [STDERR_REDIRECT] [Fatal Error] :1:1: Premature end of file.
2026-10-01 22:19:51,106 [ERROR] LogOutputStream:75 - [STDERR_REDIRECT] 
2026-10-01 22:19:52,104 [ERROR] LogOutputStream:75 - [STDERR_REDIRECT] [Fatal Error] :1:1: Premature end of file.
2026-10-01 22:19:52,105 [ERROR] LogOutputStream:75 - [STDERR_REDIRECT] 
2026-10-01 22:19:53,103 [ERROR] LogOutputStream:75 - [STDERR_REDIRECT] [Fatal Error] :1:1: Premature end of file.
2026-10-01 22:19:53,103 [ERROR] LogOutputStream:75 - [STDERR_REDIRECT] 
2026-10-01 22:19:54,101 [ERROR] LogOutputStream:75 - [STDERR_REDIRECT] [Fatal Error] :1:1: Premature end of file.
2026-10-01 22:19:54,101 [ERROR] LogOutputStream:75 - [STDERR_REDIRECT] 
2026-10-01 22:19:55,108 [ERROR] LogOutputStream:75 - [STDERR_REDIRECT] [Fatal Error] :1:1: Premature end of file.
2026-10-01 22:19:55,109 [ERROR] LogOutputStream:75 - [STDERR_REDIRECT] 
2026-10-01 22:19:56,101 [ERROR] LogOutputStream:75 - [STDERR_REDIRECT] [Fatal Error] :1:1: Premature end of file.
2026-10-01 22:19:56,101 [ERROR] LogOutputStream:75 - [STDERR_REDIRECT] 
2026-10-01 22:19:57,108 [ERROR] LogOutputStream:75 - [STDERR_REDIRECT] [Fatal Error] :1:1: Premature end of file.
2026-10-01 22:19:57,108 [ERROR] LogOutputStream:75 - [STDERR_REDIRECT] 
2026-10-01 22:19:58,099 [ERROR] LogOutputStream:75 - [STDERR_REDIRECT] [Fatal Error] :1:1: Premature end of file.
2026-10-01 22:19:58,099 [ERROR] LogOutputStream:75 - [STDERR_REDIRECT] 
2026-10-01 22:19:59,110 [ERROR] LogOutputStream:75 - [STDERR_REDIRECT] [Fatal Error] :1:1: Premature end of file.
2026-10-01 22:19:59,110 [ERROR] LogOutputStream:75 - [STDERR_REDIRECT] 
2026-10-01 22:20:00,110 [ERROR] LogOutputStream:75 - [STDERR_REDIRECT] [Fatal Error] :1:1: Premature end of file.
2026-10-01 22:20:00,110 [ERROR] LogOutputStream:75 - [STDERR_REDIRECT] 
2026-10-01 22:20:01,106 [ERROR] LogOutputStream:75 - [STDERR_REDIRECT] [Fatal Error] :1:1: Premature end of file.
2026-10-01 22:20:01,106 [ERROR] LogOutputStream:75 - [STDERR_REDIRECT] 
2026-10-01 22:20:02,103 [ERROR] LogOutputStream:75 - [STDERR_REDIRECT] [Fatal Error] :1:1: Premature end of file.
2026-10-01 22:20:02,103 [ERROR] LogOutputStream:75 - [STDERR_REDIRECT] 
2026-10-01 22:20:03,107 [ERROR] LogOutputStream:75 - [STDERR_REDIRECT] [Fatal Error] :1:1: Premature end of file.
2026-10-01 22:20:03,107 [ERROR] LogOutputStream:75 - [STDERR_REDIRECT] 
2026-10-01 22:20:04,107 [ERROR] LogOutputStream:75 - [STDERR_REDIRECT] [Fatal Error] :1:1: Premature end of file.
2026-10-01 22:20:04,107 [ERROR] LogOutputStream:75 - [STDERR_REDIRECT] 
2026-10-01 22:20:05,102 [ERROR] LogOutputStream:75 - [STDERR_REDIRECT] [Fatal Error] :1:1: Premature end of file.
2026-10-01 22:20:05,102 [ERROR] LogOutputStream:75 - [STDERR_REDIRECT] 
2026-10-01 22:20:06,107 [ERROR] LogOutputStream:75 - [STDERR_REDIRECT] [Fatal Error] :1:1: Premature end of file.
2026-10-01 22:20:06,107 [ERROR] LogOutputStream:75 - [STDERR_REDIRECT] 
2026-10-01 22:20:07,107 [ERROR] LogOutputStream:75 - [STDERR_REDIRECT] [Fatal Error] :1:1: Premature end of file.
2026-10-01 22:20:07,107 [ERROR] LogOutputStream:75 - [STDERR_REDIRECT] 
2026-10-01 22:20:08,106 [ERROR] LogOutputStream:75 - [STDERR_REDIRECT] [Fatal Error] :1:1: Premature end of file.
2026-10-01 22:20:08,106 [ERROR] LogOutputStream:75 - [STDERR_REDIRECT] 
2026-10-01 22:20:09,113 [ERROR] LogOutputStream:75 - [STDERR_REDIRECT] [Fatal Error] :1:1: Premature end of file.
2026-10-01 22:20:09,113 [ERROR] LogOutputStream:75 - [STDERR_REDIRECT] 
2026-10-01 22:20:10,103 [ERROR] LogOutputStream:75 - [STDERR_REDIRECT] [Fatal Error] :1:1: Premature end of file.
2026-10-01 22:20:10,103 [ERROR] LogOutputStream:75 - [STDERR_REDIRECT] 
2026-10-01 22:20:11,103 [ERROR] LogOutputStream:75 - [STDERR_REDIRECT] [Fatal Error] :1:1: Premature end of file.
2026-10-01 22:20:11,103 [ERROR] LogOutputStream:75 - [STDERR_REDIRECT] 
2026-10-01 22:20:12,104 [ERROR] LogOutputStream:75 - [STDERR_REDIRECT] [Fatal Error] :1:1: Premature end of file.
2026-10-01 22:20:12,104 [ERROR] LogOutputStream:75 - [STDERR_REDIRECT] 
2026-10-01 22:20:13,107 [ERROR] LogOutputStream:75 - [STDERR_REDIRECT] [Fatal Error] :1:1: Premature end of file.
2026-10-01 22:20:13,108 [ERROR] LogOutputStream:75 - [STDERR_REDIRECT] 
2026-10-01 22:20:14,112 [ERROR] LogOutputStream:75 - [STDERR_REDIRECT] [Fatal Error] :1:1: Premature end of file.
2026-10-01 22:20:14,112 [ERROR] LogOutputStream:75 - [STDERR_REDIRECT] 
2026-10-01 22:20:15,110 [ERROR] LogOutputStream:75 - [STDERR_REDIRECT] [Fatal Error] :1:1: Premature end of file.
2026-10-01 22:20:15,110 [ERROR] LogOutputStream:75 - [STDERR_REDIRECT] 
2026-10-01 22:20:16,108 [ERROR] LogOutputStream:75 - [STDERR_REDIRECT] [Fatal Error] :1:1: Premature end of file.
2026-10-01 22:20:16,108 [ERROR] LogOutputStream:75 - [STDERR_REDIRECT] 
2026-10-01 22:20:17,108 [ERROR] LogOutputStream:75 - [STDERR_REDIRECT] [Fatal Error] :1:1: Premature end of file.
2026-10-01 22:20:17,108 [ERROR] LogOutputStream:75 - [STDERR_REDIRECT] 
2026-10-01 22:20:18,100 [ERROR] LogOutputStream:75 - [STDERR_REDIRECT] [Fatal Error] :1:1: Premature end of file.
2026-10-01 22:20:18,102 [ERROR] LogOutputStream:75 - [STDERR_REDIRECT] 
2026-10-01 22:20:19,109 [ERROR] LogOutputStream:75 - [STDERR_REDIRECT] [Fatal Error] :1:1: Premature end of file.
2026-10-01 22:20:19,109 [ERROR] LogOutputStream:75 - [STDERR_REDIRECT] 
2026-10-01 22:20:20,107 [ERROR] LogOutputStream:75 - [STDERR_REDIRECT] [Fatal Error] :1:1: Premature end of file.
2026-10-01 22:20:20,107 [ERROR] LogOutputStream:75 - [STDERR_REDIRECT] 
2026-10-01 22:20:21,108 [ERROR] LogOutputStream:75 - [STDERR_REDIRECT] [Fatal Error] :1:1: Premature end of file.
2026-10-01 22:20:21,108 [ERROR] LogOutputStream:75 - [STDERR_REDIRECT] 
2026-10-01 22:20:22,109 [ERROR] LogOutputStream:75 - [STDERR_REDIRECT] [Fatal Error] :1:1: Premature end of file.
2026-10-01 22:20:22,109 [ERROR] LogOutputStream:75 - [STDERR_REDIRECT] 
2026-10-01 22:20:23,104 [ERROR] LogOutputStream:75 - [STDERR_REDIRECT] [Fatal Error] :1:1: Premature end of file.
2026-10-01 22:20:23,104 [ERROR] LogOutputStream:75 - [STDERR_REDIRECT] 
2026-10-01 22:20:24,107 [ERROR] LogOutputStream:75 - [STDERR_REDIRECT] [Fatal Error] :1:1: Premature end of file.
2026-10-01 22:20:24,107 [ERROR] LogOutputStream:75 - [STDERR_REDIRECT] 
2026-10-01 22:20:25,108 [ERROR] LogOutputStream:75 - [STDERR_REDIRECT] [Fatal Error] :1:1: Premature end of file.
2026-10-01 22:20:25,108 [ERROR] LogOutputStream:75 - [STDERR_REDIRECT] 
2026-10-01 22:20:26,103 [ERROR] LogOutputStream:75 - [STDERR_REDIRECT] [Fatal Error] :1:1: Premature end of file.
2026-10-01 22:20:26,103 [ERROR] LogOutputStream:75 - [STDERR_REDIRECT] 
2026-10-01 22:20:27,101 [ERROR] LogOutputStream:75 - [STDERR_REDIRECT] [Fatal Error] :1:1: Premature end of file.
2026-10-01 22:20:27,101 [ERROR] LogOutputStream:75 - [STDERR_REDIRECT] 
2026-10-01 22:20:28,103 [ERROR] LogOutputStream:75 - [STDERR_REDIRECT] [Fatal Error] :1:1: Premature end of file.
2026-10-01 22:20:28,104 [ERROR] LogOutputStream:75 - [STDERR_REDIRECT] 
2026-10-01 22:20:29,107 [ERROR] LogOutputStream:75 - [STDERR_REDIRECT] [Fatal Error] :1:1: Premature end of file.
2026-10-01 22:20:29,107 [ERROR] LogOutputStream:75 - [STDERR_REDIRECT] 
2026-10-01 22:20:30,105 [ERROR] LogOutputStream:75 - [STDERR_REDIRECT] [Fatal Error] :1:1: Premature end of file.
2026-10-01 22:20:30,105 [ERROR] LogOutputStream:75 - [STDERR_REDIRECT] 
2026-10-01 22:20:31,107 [ERROR] LogOutputStream:75 - [STDERR_REDIRECT] [Fatal Error] :1:1: Premature end of file.
2026-10-01 22:20:31,107 [ERROR] LogOutputStream:75 - [STDERR_REDIRECT] 
2026-10-01 22:20:32,104 [ERROR] LogOutputStream:75 - [STDERR_REDIRECT] [Fatal Error] :1:1: Premature end of file.
2026-10-01 22:20:32,105 [ERROR] LogOutputStream:75 - [STDERR_REDIRECT] 
2026-10-01 22:20:33,103 [ERROR] LogOutputStream:75 - [STDERR_REDIRECT] [Fatal Error] :1:1: Premature end of file.
2026-10-01 22:20:33,103 [ERROR] LogOutputStream:75 - [STDERR_REDIRECT] 
2026-10-01 22:20:34,107 [ERROR] LogOutputStream:75 - [STDERR_REDIRECT] [Fatal Error] :1:1: Premature end of file.
2026-10-01 22:20:34,108 [ERROR] LogOutputStream:75 - [STDERR_REDIRECT] 
2026-10-01 22:20:35,106 [ERROR] LogOutputStream:75 - [STDERR_REDIRECT] [Fatal Error] :1:1: Premature end of file.
2026-10-01 22:20:35,106 [ERROR] LogOutputStream:75 - [STDERR_REDIRECT] 
2026-10-01 22:20:36,102 [ERROR] LogOutputStream:75 - [STDERR_REDIRECT] [Fatal Error] :1:1: Premature end of file.
2026-10-01 22:20:36,102 [ERROR] LogOutputStream:75 - [STDERR_REDIRECT] 
2026-10-01 22:20:37,110 [ERROR] LogOutputStream:75 - [STDERR_REDIRECT] [Fatal Error] :1:1: Premature end of file.
2026-10-01 22:20:37,111 [ERROR] LogOutputStream:75 - [STDERR_REDIRECT] 
2026-10-01 22:20:38,144 [ERROR] LogOutputStream:75 - [STDERR_REDIRECT] [Fatal Error] :1:1: Premature end of file.
2026-10-01 22:20:38,144 [ERROR] LogOutputStream:75 - [STDERR_REDIRECT] 
2026-10-01 22:20:39,126 [ERROR] LogOutputStream:75 - [STDERR_REDIRECT] [Fatal Error] :1:1: Premature end of file.
2026-10-01 22:20:39,126 [ERROR] LogOutputStream:75 - [STDERR_REDIRECT] 
2026-10-01 22:20:40,113 [ERROR] LogOutputStream:75 - [STDERR_REDIRECT] [Fatal Error] :1:1: Premature end of file.
2026-10-01 22:20:40,113 [ERROR] LogOutputStream:75 - [STDERR_REDIRECT] 
2026-10-01 22:20:41,114 [ERROR] LogOutputStream:75 - [STDERR_REDIRECT] [Fatal Error] :1:1: Premature end of file.
2026-10-01 22:20:41,114 [ERROR] LogOutputStream:75 - [STDERR_REDIRECT] 
2026-10-01 22:20:42,128 [ERROR] LogOutputStream:75 - [STDERR_REDIRECT] [Fatal Error] :1:1: Premature end of file.
2026-10-01 22:20:42,128 [ERROR] LogOutputStream:75 - [STDERR_REDIRECT] 
2026-10-01 22:20:43,107 [ERROR] LogOutputStream:75 - [STDERR_REDIRECT] [Fatal Error] :1:1: Premature end of file.
2026-10-01 22:20:43,107 [ERROR] LogOutputStream:75 - [STDERR_REDIRECT] 
2026-10-01 22:20:44,112 [ERROR] LogOutputStream:75 - [STDERR_REDIRECT] [Fatal Error] :1:1: Premature end of file.
2026-10-01 22:20:44,112 [ERROR] LogOutputStream:75 - [STDERR_REDIRECT] 
2026-10-01 22:20:45,130 [ERROR] LogOutputStream:75 - [STDERR_REDIRECT] [Fatal Error] :1:1: Premature end of file.
2026-10-01 22:20:45,130 [ERROR] LogOutputStream:75 - [STDERR_REDIRECT] 
2026-10-01 22:20:46,114 [ERROR] LogOutputStream:75 - [STDERR_REDIRECT] [Fatal Error] :1:1: Premature end of file.
2026-10-01 22:20:46,114 [ERROR] LogOutputStream:75 - [STDERR_REDIRECT] 
2026-10-01 22:20:47,124 [ERROR] LogOutputStream:75 - [STDERR_REDIRECT] [Fatal Error] :1:1: Premature end of file.
2026-10-01 22:20:47,124 [ERROR] LogOutputStream:75 - [STDERR_REDIRECT] 
2026-10-01 22:20:48,123 [ERROR] LogOutputStream:75 - [STDERR_REDIRECT] [Fatal Error] :1:1: Premature end of file.
2026-10-01 22:20:48,123 [ERROR] LogOutputStream:75 - [STDERR_REDIRECT] 
2026-10-01 22:20:49,116 [ERROR] LogOutputStream:75 - [STDERR_REDIRECT] [Fatal Error] :1:1: Premature end of file.
2026-10-01 22:20:49,116 [ERROR] LogOutputStream:75 - [STDERR_REDIRECT] 
2026-10-01 22:20:50,136 [ERROR] LogOutputStream:75 - [STDERR_REDIRECT] [Fatal Error] :1:1: Premature end of file.
2026-10-01 22:20:50,136 [ERROR] LogOutputStream:75 - [STDERR_REDIRECT] 
2026-10-01 22:20:51,116 [ERROR] LogOutputStream:75 - [STDERR_REDIRECT] [Fatal Error] :1:1: Premature end of file.
2026-10-01 22:20:51,116 [ERROR] LogOutputStream:75 - [STDERR_REDIRECT] 
2026-10-01 22:20:52,114 [ERROR] LogOutputStream:75 - [STDERR_REDIRECT] [Fatal Error] :1:1: Premature end of file.
2026-10-01 22:20:52,115 [ERROR] LogOutputStream:75 - [STDERR_REDIRECT] 
2026-10-01 22:20:53,108 [ERROR] LogOutputStream:75 - [STDERR_REDIRECT] [Fatal Error] :1:1: Premature end of file.
2026-10-01 22:20:53,108 [ERROR] LogOutputStream:75 - [STDERR_REDIRECT] 
2026-10-01 22:20:54,122 [ERROR] LogOutputStream:75 - [STDERR_REDIRECT] [Fatal Error] :1:1: Premature end of file.
2026-10-01 22:20:54,122 [ERROR] LogOutputStream:75 - [STDERR_REDIRECT] 
2026-10-01 22:20:55,129 [ERROR] LogOutputStream:75 - [STDERR_REDIRECT] [Fatal Error] :1:1: Premature end of file.
2026-10-01 22:20:55,129 [ERROR] LogOutputStream:75 - [STDERR_REDIRECT] 
2026-10-01 22:20:56,122 [ERROR] LogOutputStream:75 - [STDERR_REDIRECT] [Fatal Error] :1:1: Premature end of file.
2026-10-01 22:20:56,122 [ERROR] LogOutputStream:75 - [STDERR_REDIRECT] 
2026-10-01 22:20:57,114 [ERROR] LogOutputStream:75 - [STDERR_REDIRECT] [Fatal Error] :1:1: Premature end of file.
2026-10-01 22:20:57,114 [ERROR] LogOutputStream:75 - [STDERR_REDIRECT] 
2026-10-01 22:20:58,138 [ERROR] LogOutputStream:75 - [STDERR_REDIRECT] [Fatal Error] :1:1: Premature end of file.
2026-10-01 22:20:58,138 [ERROR] LogOutputStream:75 - [STDERR_REDIRECT] 
2026-10-01 22:20:59,111 [ERROR] LogOutputStream:75 - [STDERR_REDIRECT] [Fatal Error] :1:1: Premature end of file.
2026-10-01 22:20:59,111 [ERROR] LogOutputStream:75 - [STDERR_REDIRECT] 
2026-10-01 22:21:00,136 [ERROR] LogOutputStream:75 - [STDERR_REDIRECT] [Fatal Error] :1:1: Premature end of file.
2026-10-01 22:21:00,136 [ERROR] LogOutputStream:75 - [STDERR_REDIRECT] 
2026-10-01 22:21:01,118 [ERROR] LogOutputStream:75 - [STDERR_REDIRECT] [Fatal Error] :1:1: Premature end of file.
2026-10-01 22:21:01,119 [ERROR] LogOutputStream:75 - [STDERR_REDIRECT] 
2026-10-01 22:21:02,123 [ERROR] LogOutputStream:75 - [STDERR_REDIRECT] [Fatal Error] :1:1: Premature end of file.
2026-10-01 22:21:02,123 [ERROR] LogOutputStream:75 - [STDERR_REDIRECT] 
2026-10-01 22:21:03,115 [ERROR] LogOutputStream:75 - [STDERR_REDIRECT] [Fatal Error] :1:1: Premature end of file.
2026-10-01 22:21:03,115 [ERROR] LogOutputStream:75 - [STDERR_REDIRECT] 
2026-10-01 22:21:04,148 [ERROR] LogOutputStream:75 - [STDERR_REDIRECT] [Fatal Error] :1:1: Premature end of file.
2026-10-01 22:21:04,148 [ERROR] LogOutputStream:75 - [STDERR_REDIRECT] 
2026-10-01 22:21:05,124 [ERROR] LogOutputStream:75 - [STDERR_REDIRECT] [Fatal Error] :1:1: Premature end of file.
2026-10-01 22:21:05,124 [ERROR] LogOutputStream:75 - [STDERR_REDIRECT] 
2026-10-01 22:21:06,120 [ERROR] LogOutputStream:75 - [STDERR_REDIRECT] [Fatal Error] :1:1: Premature end of file.
2026-10-01 22:21:06,120 [ERROR] LogOutputStream:75 - [STDERR_REDIRECT] 
2026-10-01 22:21:07,122 [ERROR] LogOutputStream:75 - [STDERR_REDIRECT] [Fatal Error] :1:1: Premature end of file.
2026-10-01 22:21:07,123 [ERROR] LogOutputStream:75 - [STDERR_REDIRECT] 
2026-10-01 22:21:08,127 [ERROR] LogOutputStream:75 - [STDERR_REDIRECT] [Fatal Error] :1:1: Premature end of file.
2026-10-01 22:21:08,127 [ERROR] LogOutputStream:75 - [STDERR_REDIRECT] 
2026-10-01 22:21:09,116 [ERROR] LogOutputStream:75 - [STDERR_REDIRECT] [Fatal Error] :1:1: Premature end of file.
2026-10-01 22:21:09,116 [ERROR] LogOutputStream:75 - [STDERR_REDIRECT] 
2026-10-01 22:21:10,115 [ERROR] LogOutputStream:75 - [STDERR_REDIRECT] [Fatal Error] :1:1: Premature end of file.
2026-10-01 22:21:10,115 [ERROR] LogOutputStream:75 - [STDERR_REDIRECT] 
2026-10-01 22:21:11,117 [ERROR] LogOutputStream:75 - [STDERR_REDIRECT] [Fatal Error] :1:1: Premature end of file.
2026-10-01 22:21:11,117 [ERROR] LogOutputStream:75 - [STDERR_REDIRECT] 
2026-10-01 22:21:12,120 [ERROR] LogOutputStream:75 - [STDERR_REDIRECT] [Fatal Error] :1:1: Premature end of file.
2026-10-01 22:21:12,120 [ERROR] LogOutputStream:75 - [STDERR_REDIRECT] 
2026-10-01 22:21:13,125 [ERROR] LogOutputStream:75 - [STDERR_REDIRECT] [Fatal Error] :1:1: Premature end of file.
2026-10-01 22:21:13,125 [ERROR] LogOutputStream:75 - [STDERR_REDIRECT] 
2026-10-01 22:21:14,125 [ERROR] LogOutputStream:75 - [STDERR_REDIRECT] [Fatal Error] :1:1: Premature end of file.
2026-10-01 22:21:14,125 [ERROR] LogOutputStream:75 - [STDERR_REDIRECT] 
2026-10-01 22:21:15,128 [ERROR] LogOutputStream:75 - [STDERR_REDIRECT] [Fatal Error] :1:1: Premature end of file.
2026-10-01 22:21:15,128 [ERROR] LogOutputStream:75 - [STDERR_REDIRECT] 
2026-10-01 22:21:16,124 [ERROR] LogOutputStream:75 - [STDERR_REDIRECT] [Fatal Error] :1:1: Premature end of file.
2026-10-01 22:21:16,124 [ERROR] LogOutputStream:75 - [STDERR_REDIRECT] 
2026-10-01 22:21:17,119 [ERROR] LogOutputStream:75 - [STDERR_REDIRECT] [Fatal Error] :1:1: Premature end of file.
2026-10-01 22:21:17,119 [ERROR] LogOutputStream:75 - [STDERR_REDIRECT] 
2026-10-01 22:21:18,119 [ERROR] LogOutputStream:75 - [STDERR_REDIRECT] [Fatal Error] :1:1: Premature end of file.
2026-10-01 22:21:18,120 [ERROR] LogOutputStream:75 - [STDERR_REDIRECT] 
2026-10-01 22:21:19,123 [ERROR] LogOutputStream:75 - [STDERR_REDIRECT] [Fatal Error] :1:1: Premature end of file.
2026-10-01 22:21:19,124 [ERROR] LogOutputStream:75 - [STDERR_REDIRECT] 
2026-10-01 22:21:20,113 [ERROR] LogOutputStream:75 - [STDERR_REDIRECT] [Fatal Error] :1:1: Premature end of file.
2026-10-01 22:21:20,113 [ERROR] LogOutputStream:75 - [STDERR_REDIRECT] 
2026-10-01 22:21:21,115 [ERROR] LogOutputStream:75 - [STDERR_REDIRECT] [Fatal Error] :1:1: Premature end of file.
2026-10-01 22:21:21,115 [ERROR] LogOutputStream:75 - [STDERR_REDIRECT] 
2026-10-01 22:21:22,112 [ERROR] LogOutputStream:75 - [STDERR_REDIRECT] [Fatal Error] :1:1: Premature end of file.
2026-10-01 22:21:22,113 [ERROR] LogOutputStream:75 - [STDERR_REDIRECT] 
2026-10-01 22:21:23,099 [ERROR] LogOutputStream:75 - [STDERR_REDIRECT] [Fatal Error] :1:1: Premature end of file.
2026-10-01 22:21:23,099 [ERROR] LogOutputStream:75 - [STDERR_REDIRECT] 
2026-10-01 22:21:24,112 [ERROR] LogOutputStream:75 - [STDERR_REDIRECT] [Fatal Error] :1:1: Premature end of file.
2026-10-01 22:21:24,112 [ERROR] LogOutputStream:75 - [STDERR_REDIRECT] 
2026-10-01 22:21:25,123 [ERROR] LogOutputStream:75 - [STDERR_REDIRECT] [Fatal Error] :1:1: Premature end of file.
2026-10-01 22:21:25,123 [ERROR] LogOutputStream:75 - [STDERR_REDIRECT] 
2026-10-01 22:21:26,127 [ERROR] LogOutputStream:75 - [STDERR_REDIRECT] [Fatal Error] :1:1: Premature end of file.
2026-10-01 22:21:26,128 [ERROR] LogOutputStream:75 - [STDERR_REDIRECT] 
2026-10-01 22:21:27,112 [ERROR] LogOutputStream:75 - [STDERR_REDIRECT] [Fatal Error] :1:1: Premature end of file.
2026-10-01 22:21:27,112 [ERROR] LogOutputStream:75 - [STDERR_REDIRECT] 
2026-10-01 22:21:28,110 [ERROR] LogOutputStream:75 - [STDERR_REDIRECT] [Fatal Error] :1:1: Premature end of file.
2026-10-01 22:21:28,110 [ERROR] LogOutputStream:75 - [STDERR_REDIRECT] 
2026-10-01 22:21:29,110 [ERROR] LogOutputStream:75 - [STDERR_REDIRECT] [Fatal Error] :1:1: Premature end of file.
2026-10-01 22:21:29,110 [ERROR] LogOutputStream:75 - [STDERR_REDIRECT] 
2026-10-01 22:21:30,118 [ERROR] LogOutputStream:75 - [STDERR_REDIRECT] [Fatal Error] :1:1: Premature end of file.
2026-10-01 22:21:30,119 [ERROR] LogOutputStream:75 - [STDERR_REDIRECT] 
2026-10-01 22:21:31,123 [ERROR] LogOutputStream:75 - [STDERR_REDIRECT] [Fatal Error] :1:1: Premature end of file.
2026-10-01 22:21:31,123 [ERROR] LogOutputStream:75 - [STDERR_REDIRECT] 
2026-10-01 22:21:32,115 [ERROR] LogOutputStream:75 - [STDERR_REDIRECT] [Fatal Error] :1:1: Premature end of file.
2026-10-01 22:21:32,115 [ERROR] LogOutputStream:75 - [STDERR_REDIRECT] 
2026-10-01 22:21:33,105 [ERROR] LogOutputStream:75 - [STDERR_REDIRECT] [Fatal Error] :1:1: Premature end of file.
2026-10-01 22:21:33,105 [ERROR] LogOutputStream:75 - [STDERR_REDIRECT] 
2026-10-01 22:21:34,122 [ERROR] LogOutputStream:75 - [STDERR_REDIRECT] [Fatal Error] :1:1: Premature end of file.
2026-10-01 22:21:34,122 [ERROR] LogOutputStream:75 - [STDERR_REDIRECT] 
2026-10-01 22:21:35,121 [ERROR] LogOutputStream:75 - [STDERR_REDIRECT] [Fatal Error] :1:1: Premature end of file.
2026-10-01 22:21:35,121 [ERROR] LogOutputStream:75 - [STDERR_REDIRECT] 
2026-10-01 22:21:36,103 [ERROR] LogOutputStream:75 - [STDERR_REDIRECT] [Fatal Error] :1:1: Premature end of file.
2026-10-01 22:21:36,103 [ERROR] LogOutputStream:75 - [STDERR_REDIRECT] 
2026-10-01 22:21:37,124 [ERROR] LogOutputStream:75 - [STDERR_REDIRECT] [Fatal Error] :1:1: Premature end of file.
2026-10-01 22:21:37,125 [ERROR] LogOutputStream:75 - [STDERR_REDIRECT] 
2026-10-01 22:21:38,113 [ERROR] LogOutputStream:75 - [STDERR_REDIRECT] [Fatal Error] :1:1: Premature end of file.
2026-10-01 22:21:38,113 [ERROR] LogOutputStream:75 - [STDERR_REDIRECT] 
2026-10-01 22:21:39,107 [ERROR] LogOutputStream:75 - [STDERR_REDIRECT] [Fatal Error] :1:1: Premature end of file.
2026-10-01 22:21:39,108 [ERROR] LogOutputStream:75 - [STDERR_REDIRECT] 
2026-10-01 22:21:40,115 [ERROR] LogOutputStream:75 - [STDERR_REDIRECT] [Fatal Error] :1:1: Premature end of file.
2026-10-01 22:21:40,116 [ERROR] LogOutputStream:75 - [STDERR_REDIRECT] 
2026-10-01 22:21:41,104 [ERROR] LogOutputStream:75 - [STDERR_REDIRECT] [Fatal Error] :1:1: Premature end of file.
2026-10-01 22:21:41,104 [ERROR] LogOutputStream:75 - [STDERR_REDIRECT] 
2026-10-01 22:21:42,123 [ERROR] LogOutputStream:75 - [STDERR_REDIRECT] [Fatal Error] :1:1: Premature end of file.
2026-10-01 22:21:42,123 [ERROR] LogOutputStream:75 - [STDERR_REDIRECT] 
2026-10-01 22:21:43,113 [ERROR] LogOutputStream:75 - [STDERR_REDIRECT] [Fatal Error] :1:1: Premature end of file.
2026-10-01 22:21:43,113 [ERROR] LogOutputStream:75 - [STDERR_REDIRECT] 
2026-10-01 22:21:44,122 [ERROR] LogOutputStream:75 - [STDERR_REDIRECT] [Fatal Error] :1:1: Premature end of file.
2026-10-01 22:21:44,122 [ERROR] LogOutputStream:75 - [STDERR_REDIRECT] 
2026-10-01 22:21:45,126 [ERROR] LogOutputStream:75 - [STDERR_REDIRECT] [Fatal Error] :1:1: Premature end of file.
2026-10-01 22:21:45,126 [ERROR] LogOutputStream:75 - [STDERR_REDIRECT] 
2026-10-01 22:21:46,124 [ERROR] LogOutputStream:75 - [STDERR_REDIRECT] [Fatal Error] :1:1: Premature end of file.
2026-10-01 22:21:46,124 [ERROR] LogOutputStream:75 - [STDERR_REDIRECT] 
2026-10-01 22:21:47,123 [ERROR] LogOutputStream:75 - [STDERR_REDIRECT] [Fatal Error] :1:1: Premature end of file.
2026-10-01 22:21:47,123 [ERROR] LogOutputStream:75 - [STDERR_REDIRECT] 
2026-10-01 22:21:48,119 [ERROR] LogOutputStream:75 - [STDERR_REDIRECT] [Fatal Error] :1:1: Premature end of file.
2026-10-01 22:21:48,119 [ERROR] LogOutputStream:75 - [STDERR_REDIRECT] 
2026-10-01 22:21:49,118 [ERROR] LogOutputStream:75 - [STDERR_REDIRECT] [Fatal Error] :1:1: Premature end of file.
2026-10-01 22:21:49,118 [ERROR] LogOutputStream:75 - [STDERR_REDIRECT] 
2026-10-01 22:21:50,122 [ERROR] LogOutputStream:75 - [STDERR_REDIRECT] [Fatal Error] :1:1: Premature end of file.
2026-10-01 22:21:50,122 [ERROR] LogOutputStream:75 - [STDERR_REDIRECT] 
2026-10-01 22:21:51,115 [ERROR] LogOutputStream:75 - [STDERR_REDIRECT] [Fatal Error] :1:1: Premature end of file.
2026-10-01 22:21:51,115 [ERROR] LogOutputStream:75 - [STDERR_REDIRECT] 
2026-10-01 22:21:52,116 [ERROR] LogOutputStream:75 - [STDERR_REDIRECT] [Fatal Error] :1:1: Premature end of file.
2026-10-01 22:21:52,116 [ERROR] LogOutputStream:75 - [STDERR_REDIRECT] 
2026-10-01 22:21:53,119 [ERROR] LogOutputStream:75 - [STDERR_REDIRECT] [Fatal Error] :1:1: Premature end of file.
2026-10-01 22:21:53,120 [ERROR] LogOutputStream:75 - [STDERR_REDIRECT] 
2026-10-01 22:21:54,121 [ERROR] LogOutputStream:75 - [STDERR_REDIRECT] [Fatal Error] :1:1: Premature end of file.
2026-10-01 22:21:54,121 [ERROR] LogOutputStream:75 - [STDERR_REDIRECT] 
2026-10-01 22:21:55,116 [ERROR] LogOutputStream:75 - [STDERR_REDIRECT] [Fatal Error] :1:1: Premature end of file.
2026-10-01 22:21:55,117 [ERROR] LogOutputStream:75 - [STDERR_REDIRECT] 
2026-10-01 22:21:56,116 [ERROR] LogOutputStream:75 - [STDERR_REDIRECT] [Fatal Error] :1:1: Premature end of file.
2026-10-01 22:21:56,116 [ERROR] LogOutputStream:75 - [STDERR_REDIRECT] 
2026-10-01 22:21:57,106 [ERROR] LogOutputStream:75 - [STDERR_REDIRECT] [Fatal Error] :1:1: Premature end of file.
2026-10-01 22:21:57,106 [ERROR] LogOutputStream:75 - [STDERR_REDIRECT] 
2026-10-01 22:21:58,113 [ERROR] LogOutputStream:75 - [STDERR_REDIRECT] [Fatal Error] :1:1: Premature end of file.
2026-10-01 22:21:58,113 [ERROR] LogOutputStream:75 - [STDERR_REDIRECT] 
2026-10-01 22:21:59,104 [ERROR] LogOutputStream:75 - [STDERR_REDIRECT] [Fatal Error] :1:1: Premature end of file.
2026-10-01 22:21:59,104 [ERROR] LogOutputStream:75 - [STDERR_REDIRECT] 
2026-10-01 22:22:00,127 [ERROR] LogOutputStream:75 - [STDERR_REDIRECT] [Fatal Error] :1:1: Premature end of file.
2026-10-01 22:22:00,127 [ERROR] LogOutputStream:75 - [STDERR_REDIRECT] 
2026-10-01 22:22:01,121 [ERROR] LogOutputStream:75 - [STDERR_REDIRECT] [Fatal Error] :1:1: Premature end of file.
2026-10-01 22:22:01,121 [ERROR] LogOutputStream:75 - [STDERR_REDIRECT] 
2026-10-01 22:22:02,096 [ERROR] LogOutputStream:75 - [STDERR_REDIRECT] [Fatal Error] :1:1: Premature end of file.
2026-10-01 22:22:02,096 [ERROR] LogOutputStream:75 - [STDERR_REDIRECT] 
2026-10-01 22:22:03,109 [ERROR] LogOutputStream:75 - [STDERR_REDIRECT] [Fatal Error] :1:1: Premature end of file.
2026-10-01 22:22:03,109 [ERROR] LogOutputStream:75 - [STDERR_REDIRECT] 
2026-10-01 22:22:04,128 [ERROR] LogOutputStream:75 - [STDERR_REDIRECT] [Fatal Error] :1:1: Premature end of file.
2026-10-01 22:22:04,129 [ERROR] LogOutputStream:75 - [STDERR_REDIRECT] 
2026-10-01 22:22:05,117 [ERROR] LogOutputStream:75 - [STDERR_REDIRECT] [Fatal Error] :1:1: Premature end of file.
2026-10-01 22:22:05,117 [ERROR] LogOutputStream:75 - [STDERR_REDIRECT] 
2026-10-01 22:22:06,105 [ERROR] LogOutputStream:75 - [STDERR_REDIRECT] [Fatal Error] :1:1: Premature end of file.
2026-10-01 22:22:06,105 [ERROR] LogOutputStream:75 - [STDERR_REDIRECT] 
2026-10-01 22:22:07,108 [ERROR] LogOutputStream:75 - [STDERR_REDIRECT] [Fatal Error] :1:1: Premature end of file.
2026-10-01 22:22:07,109 [ERROR] LogOutputStream:75 - [STDERR_REDIRECT] 
2026-10-01 22:22:08,120 [ERROR] LogOutputStream:75 - [STDERR_REDIRECT] [Fatal Error] :1:1: Premature end of file.
2026-10-01 22:22:08,120 [ERROR] LogOutputStream:75 - [STDERR_REDIRECT] 
2026-10-01 22:22:09,111 [ERROR] LogOutputStream:75 - [STDERR_REDIRECT] [Fatal Error] :1:1: Premature end of file.
2026-10-01 22:22:09,111 [ERROR] LogOutputStream:75 - [STDERR_REDIRECT] 
2026-10-01 22:22:10,119 [ERROR] LogOutputStream:75 - [STDERR_REDIRECT] [Fatal Error] :1:1: Premature end of file.
2026-10-01 22:22:10,119 [ERROR] LogOutputStream:75 - [STDERR_REDIRECT] 
2026-10-01 22:22:11,114 [ERROR] LogOutputStream:75 - [STDERR_REDIRECT] [Fatal Error] :1:1: Premature end of file.
2026-10-01 22:22:11,114 [ERROR] LogOutputStream:75 - [STDERR_REDIRECT] 
2026-10-01 22:22:12,115 [ERROR] LogOutputStream:75 - [STDERR_REDIRECT] [Fatal Error] :1:1: Premature end of file.
2026-10-01 22:22:12,115 [ERROR] LogOutputStream:75 - [STDERR_REDIRECT] 
2026-10-01 22:22:13,112 [ERROR] LogOutputStream:75 - [STDERR_REDIRECT] [Fatal Error] :1:1: Premature end of file.
2026-10-01 22:22:13,112 [ERROR] LogOutputStream:75 - [STDERR_REDIRECT] 
2026-10-01 22:22:14,123 [ERROR] LogOutputStream:75 - [STDERR_REDIRECT] [Fatal Error] :1:1: Premature end of file.
2026-10-01 22:22:14,123 [ERROR] LogOutputStream:75 - [STDERR_REDIRECT] 
2026-10-01 22:22:15,126 [ERROR] LogOutputStream:75 - [STDERR_REDIRECT] [Fatal Error] :1:1: Premature end of file.
2026-10-01 22:22:15,126 [ERROR] LogOutputStream:75 - [STDERR_REDIRECT] 
2026-10-01 22:22:16,105 [ERROR] LogOutputStream:75 - [STDERR_REDIRECT] [Fatal Error] :1:1: Premature end of file.
2026-10-01 22:22:16,105 [ERROR] LogOutputStream:75 - [STDERR_REDIRECT] 
2026-10-01 22:22:17,116 [ERROR] LogOutputStream:75 - [STDERR_REDIRECT] [Fatal Error] :1:1: Premature end of file.
2026-10-01 22:22:17,116 [ERROR] LogOutputStream:75 - [STDERR_REDIRECT] 
2026-10-01 22:22:18,117 [ERROR] LogOutputStream:75 - [STDERR_REDIRECT] [Fatal Error] :1:1: Premature end of file.
2026-10-01 22:22:18,117 [ERROR] LogOutputStream:75 - [STDERR_REDIRECT] 
2026-10-01 22:22:19,113 [ERROR] LogOutputStream:75 - [STDERR_REDIRECT] [Fatal Error] :1:1: Premature end of file.
2026-10-01 22:22:19,113 [ERROR] LogOutputStream:75 - [STDERR_REDIRECT] 
2026-10-01 22:22:20,117 [ERROR] LogOutputStream:75 - [STDERR_REDIRECT] [Fatal Error] :1:1: Premature end of file.
2026-10-01 22:22:20,118 [ERROR] LogOutputStream:75 - [STDERR_REDIRECT] 
2026-10-01 22:22:21,124 [ERROR] LogOutputStream:75 - [STDERR_REDIRECT] [Fatal Error] :1:1: Premature end of file.
2026-10-01 22:22:21,124 [ERROR] LogOutputStream:75 - [STDERR_REDIRECT] 
2026-10-01 22:22:22,123 [ERROR] LogOutputStream:75 - [STDERR_REDIRECT] [Fatal Error] :1:1: Premature end of file.
2026-10-01 22:22:22,123 [ERROR] LogOutputStream:75 - [STDERR_REDIRECT] 
2026-10-01 22:22:23,107 [ERROR] LogOutputStream:75 - [STDERR_REDIRECT] [Fatal Error] :1:1: Premature end of file.
2026-10-01 22:22:23,107 [ERROR] LogOutputStream:75 - [STDERR_REDIRECT] 
2026-10-01 22:22:24,109 [ERROR] LogOutputStream:75 - [STDERR_REDIRECT] [Fatal Error] :1:1: Premature end of file.
2026-10-01 22:22:24,109 [ERROR] LogOutputStream:75 - [STDERR_REDIRECT] 
2026-10-01 22:22:25,126 [ERROR] LogOutputStream:75 - [STDERR_REDIRECT] [Fatal Error] :1:1: Premature end of file.
2026-10-01 22:22:25,126 [ERROR] LogOutputStream:75 - [STDERR_REDIRECT] 
2026-10-01 22:22:26,100 [ERROR] LogOutputStream:75 - [STDERR_REDIRECT] [Fatal Error] :1:1: Premature end of file.
2026-10-01 22:22:26,100 [ERROR] LogOutputStream:75 - [STDERR_REDIRECT] 
2026-10-01 22:22:27,126 [ERROR] LogOutputStream:75 - [STDERR_REDIRECT] [Fatal Error] :1:1: Premature end of file.
2026-10-01 22:22:27,126 [ERROR] LogOutputStream:75 - [STDERR_REDIRECT] 
2026-10-01 22:22:28,120 [ERROR] LogOutputStream:75 - [STDERR_REDIRECT] [Fatal Error] :1:1: Premature end of file.
2026-10-01 22:22:28,120 [ERROR] LogOutputStream:75 - [STDERR_REDIRECT] 
2026-10-01 22:22:29,105 [ERROR] LogOutputStream:75 - [STDERR_REDIRECT] [Fatal Error] :1:1: Premature end of file.
2026-10-01 22:22:29,105 [ERROR] LogOutputStream:75 - [STDERR_REDIRECT] 
2026-10-01 22:22:30,121 [ERROR] LogOutputStream:75 - [STDERR_REDIRECT] [Fatal Error] :1:1: Premature end of file.
2026-10-01 22:22:30,121 [ERROR] LogOutputStream:75 - [STDERR_REDIRECT] 
2026-10-01 22:22:31,121 [ERROR] LogOutputStream:75 - [STDERR_REDIRECT] [Fatal Error] :1:1: Premature end of file.
2026-10-01 22:22:31,121 [ERROR] LogOutputStream:75 - [STDERR_REDIRECT] 
2026-10-01 22:22:32,098 [ERROR] LogOutputStream:75 - [STDERR_REDIRECT] [Fatal Error] :1:1: Premature end of file.
2026-10-01 22:22:32,098 [ERROR] LogOutputStream:75 - [STDERR_REDIRECT] 
2026-10-01 22:22:33,116 [ERROR] LogOutputStream:75 - [STDERR_REDIRECT] [Fatal Error] :1:1: Premature end of file.
2026-10-01 22:22:33,116 [ERROR] LogOutputStream:75 - [STDERR_REDIRECT] 
2026-10-01 22:22:34,109 [ERROR] LogOutputStream:75 - [STDERR_REDIRECT] [Fatal Error] :1:1: Premature end of file.
2026-10-01 22:22:34,109 [ERROR] LogOutputStream:75 - [STDERR_REDIRECT] 
2026-10-01 22:22:35,110 [ERROR] LogOutputStream:75 - [STDERR_REDIRECT] [Fatal Error] :1:1: Premature end of file.
2026-10-01 22:22:35,110 [ERROR] LogOutputStream:75 - [STDERR_REDIRECT] 
2026-10-01 22:22:36,108 [ERROR] LogOutputStream:75 - [STDERR_REDIRECT] [Fatal Error] :1:1: Premature end of file.
2026-10-01 22:22:36,108 [ERROR] LogOutputStream:75 - [STDERR_REDIRECT] 
2026-10-01 22:22:37,120 [ERROR] LogOutputStream:75 - [STDERR_REDIRECT] [Fatal Error] :1:1: Premature end of file.
2026-10-01 22:22:37,120 [ERROR] LogOutputStream:75 - [STDERR_REDIRECT] 
2026-10-01 22:22:38,113 [ERROR] LogOutputStream:75 - [STDERR_REDIRECT] [Fatal Error] :1:1: Premature end of file.
2026-10-01 22:22:38,113 [ERROR] LogOutputStream:75 - [STDERR_REDIRECT] 
2026-10-01 22:22:39,109 [ERROR] LogOutputStream:75 - [STDERR_REDIRECT] [Fatal Error] :1:1: Premature end of file.
2026-10-01 22:22:39,109 [ERROR] LogOutputStream:75 - [STDERR_REDIRECT] 
2026-10-01 22:22:40,126 [ERROR] LogOutputStream:75 - [STDERR_REDIRECT] [Fatal Error] :1:1: Premature end of file.
2026-10-01 22:22:40,126 [ERROR] LogOutputStream:75 - [STDERR_REDIRECT] 
2026-10-01 22:22:41,115 [ERROR] LogOutputStream:75 - [STDERR_REDIRECT] [Fatal Error] :1:1: Premature end of file.
2026-10-01 22:22:41,115 [ERROR] LogOutputStream:75 - [STDERR_REDIRECT] 
2026-10-01 22:22:42,138 [ERROR] LogOutputStream:75 - [STDERR_REDIRECT] [Fatal Error] :1:1: Premature end of file.
2026-10-01 22:22:42,138 [ERROR] LogOutputStream:75 - [STDERR_REDIRECT] 
2026-10-01 22:22:43,108 [ERROR] LogOutputStream:75 - [STDERR_REDIRECT] [Fatal Error] :1:1: Premature end of file.
2026-10-01 22:22:43,108 [ERROR] LogOutputStream:75 - [STDERR_REDIRECT] 
2026-10-01 22:22:44,104 [ERROR] LogOutputStream:75 - [STDERR_REDIRECT] [Fatal Error] :1:1: Premature end of file.
2026-10-01 22:22:44,104 [ERROR] LogOutputStream:75 - [STDERR_REDIRECT] 
2026-10-01 22:22:45,115 [ERROR] LogOutputStream:75 - [STDERR_REDIRECT] [Fatal Error] :1:1: Premature end of file.
2026-10-01 22:22:45,115 [ERROR] LogOutputStream:75 - [STDERR_REDIRECT] 
2026-10-01 22:22:46,117 [ERROR] LogOutputStream:75 - [STDERR_REDIRECT] [Fatal Error] :1:1: Premature end of file.
2026-10-01 22:22:46,117 [ERROR] LogOutputStream:75 - [STDERR_REDIRECT] 
2026-10-01 22:22:47,114 [ERROR] LogOutputStream:75 - [STDERR_REDIRECT] [Fatal Error] :1:1: Premature end of file.
2026-10-01 22:22:47,114 [ERROR] LogOutputStream:75 - [STDERR_REDIRECT] 
2026-10-01 22:22:48,119 [ERROR] LogOutputStream:75 - [STDERR_REDIRECT] [Fatal Error] :1:1: Premature end of file.
2026-10-01 22:22:48,119 [ERROR] LogOutputStream:75 - [STDERR_REDIRECT] 
2026-10-01 22:22:49,111 [ERROR] LogOutputStream:75 - [STDERR_REDIRECT] [Fatal Error] :1:1: Premature end of file.
2026-10-01 22:22:49,111 [ERROR] LogOutputStream:75 - [STDERR_REDIRECT] 
2026-10-01 22:22:50,125 [ERROR] LogOutputStream:75 - [STDERR_REDIRECT] [Fatal Error] :1:1: Premature end of file.
2026-10-01 22:22:50,125 [ERROR] LogOutputStream:75 - [STDERR_REDIRECT] 
2026-10-01 22:22:51,104 [ERROR] LogOutputStream:75 - [STDERR_REDIRECT] [Fatal Error] :1:1: Premature end of file.
2026-10-01 22:22:51,104 [ERROR] LogOutputStream:75 - [STDERR_REDIRECT] 
2026-10-01 22:22:52,111 [ERROR] LogOutputStream:75 - [STDERR_REDIRECT] [Fatal Error] :1:1: Premature end of file.
2026-10-01 22:22:52,111 [ERROR] LogOutputStream:75 - [STDERR_REDIRECT] 
2026-10-01 22:22:53,113 [ERROR] LogOutputStream:75 - [STDERR_REDIRECT] [Fatal Error] :1:1: Premature end of file.
2026-10-01 22:22:53,113 [ERROR] LogOutputStream:75 - [STDERR_REDIRECT] 
2026-10-01 22:22:54,109 [ERROR] LogOutputStream:75 - [STDERR_REDIRECT] [Fatal Error] :1:1: Premature end of file.
2026-10-01 22:22:54,109 [ERROR] LogOutputStream:75 - [STDERR_REDIRECT] 
2026-10-01 22:22:55,110 [ERROR] LogOutputStream:75 - [STDERR_REDIRECT] [Fatal Error] :1:1: Premature end of file.
2026-10-01 22:22:55,110 [ERROR] LogOutputStream:75 - [STDERR_REDIRECT] 
2026-10-01 22:22:56,107 [ERROR] LogOutputStream:75 - [STDERR_REDIRECT] [Fatal Error] :1:1: Premature end of file.
2026-10-01 22:22:56,107 [ERROR] LogOutputStream:75 - [STDERR_REDIRECT] 
2026-10-01 22:22:57,123 [ERROR] LogOutputStream:75 - [STDERR_REDIRECT] [Fatal Error] :1:1: Premature end of file.
2026-10-01 22:22:57,123 [ERROR] LogOutputStream:75 - [STDERR_REDIRECT] 
2026-10-01 22:22:58,126 [ERROR] LogOutputStream:75 - [STDERR_REDIRECT] [Fatal Error] :1:1: Premature end of file.
2026-10-01 22:22:58,126 [ERROR] LogOutputStream:75 - [STDERR_REDIRECT] 
2026-10-01 22:22:59,112 [ERROR] LogOutputStream:75 - [STDERR_REDIRECT] [Fatal Error] :1:1: Premature end of file.
2026-10-01 22:22:59,112 [ERROR] LogOutputStream:75 - [STDERR_REDIRECT] 
2026-10-01 22:23:00,110 [ERROR] LogOutputStream:75 - [STDERR_REDIRECT] [Fatal Error] :1:1: Premature end of file.
2026-10-01 22:23:00,110 [ERROR] LogOutputStream:75 - [STDERR_REDIRECT] 
2026-10-01 22:23:01,121 [ERROR] LogOutputStream:75 - [STDERR_REDIRECT] [Fatal Error] :1:1: Premature end of file.
2026-10-01 22:23:01,122 [ERROR] LogOutputStream:75 - [STDERR_REDIRECT] 
2026-10-01 22:23:02,114 [ERROR] LogOutputStream:75 - [STDERR_REDIRECT] [Fatal Error] :1:1: Premature end of file.
2026-10-01 22:23:02,114 [ERROR] LogOutputStream:75 - [STDERR_REDIRECT] 
2026-10-01 22:23:03,126 [ERROR] LogOutputStream:75 - [STDERR_REDIRECT] [Fatal Error] :1:1: Premature end of file.
2026-10-01 22:23:03,126 [ERROR] LogOutputStream:75 - [STDERR_REDIRECT] 
2026-10-01 22:23:04,123 [ERROR] LogOutputStream:75 - [STDERR_REDIRECT] [Fatal Error] :1:1: Premature end of file.
2026-10-01 22:23:04,123 [ERROR] LogOutputStream:75 - [STDERR_REDIRECT] 
2026-10-01 22:23:05,124 [ERROR] LogOutputStream:75 - [STDERR_REDIRECT] [Fatal Error] :1:1: Premature end of file.
2026-10-01 22:23:05,124 [ERROR] LogOutputStream:75 - [STDERR_REDIRECT] 
2026-10-01 22:23:06,118 [ERROR] LogOutputStream:75 - [STDERR_REDIRECT] [Fatal Error] :1:1: Premature end of file.
2026-10-01 22:23:06,118 [ERROR] LogOutputStream:75 - [STDERR_REDIRECT] 
2026-10-01 22:23:07,150 [ERROR] LogOutputStream:75 - [STDERR_REDIRECT] [Fatal Error] :1:1: Premature end of file.
2026-10-01 22:23:07,150 [ERROR] LogOutputStream:75 - [STDERR_REDIRECT] 
2026-10-01 22:23:08,128 [ERROR] LogOutputStream:75 - [STDERR_REDIRECT] [Fatal Error] :1:1: Premature end of file.
2026-10-01 22:23:08,128 [ERROR] LogOutputStream:75 - [STDERR_REDIRECT] 
2026-10-01 22:23:09,134 [ERROR] LogOutputStream:75 - [STDERR_REDIRECT] [Fatal Error] :1:1: Premature end of file.
2026-10-01 22:23:09,134 [ERROR] LogOutputStream:75 - [STDERR_REDIRECT] 
2026-10-01 22:23:10,111 [ERROR] LogOutputStream:75 - [STDERR_REDIRECT] [Fatal Error] :1:1: Premature end of file.
2026-10-01 22:23:10,111 [ERROR] LogOutputStream:75 - [STDERR_REDIRECT] 
2026-10-01 22:23:11,129 [ERROR] LogOutputStream:75 - [STDERR_REDIRECT] [Fatal Error] :1:1: Premature end of file.
2026-10-01 22:23:11,129 [ERROR] LogOutputStream:75 - [STDERR_REDIRECT] 
2026-10-01 22:23:12,117 [ERROR] LogOutputStream:75 - [STDERR_REDIRECT] [Fatal Error] :1:1: Premature end of file.
2026-10-01 22:23:12,117 [ERROR] LogOutputStream:75 - [STDERR_REDIRECT] 
2026-10-01 22:23:13,121 [ERROR] LogOutputStream:75 - [STDERR_REDIRECT] [Fatal Error] :1:1: Premature end of file.
2026-10-01 22:23:13,122 [ERROR] LogOutputStream:75 - [STDERR_REDIRECT] 
2026-10-01 22:23:14,125 [ERROR] LogOutputStream:75 - [STDERR_REDIRECT] [Fatal Error] :1:1: Premature end of file.
2026-10-01 22:23:14,125 [ERROR] LogOutputStream:75 - [STDERR_REDIRECT] 
2026-10-01 22:23:15,119 [ERROR] LogOutputStream:75 - [STDERR_REDIRECT] [Fatal Error] :1:1: Premature end of file.
2026-10-01 22:23:15,119 [ERROR] LogOutputStream:75 - [STDERR_REDIRECT] 
2026-10-01 22:23:16,117 [ERROR] LogOutputStream:75 - [STDERR_REDIRECT] [Fatal Error] :1:1: Premature end of file.
2026-10-01 22:23:16,117 [ERROR] LogOutputStream:75 - [STDERR_REDIRECT] 
2026-10-01 22:23:17,121 [ERROR] LogOutputStream:75 - [STDERR_REDIRECT] [Fatal Error] :1:1: Premature end of file.
2026-10-01 22:23:17,121 [ERROR] LogOutputStream:75 - [STDERR_REDIRECT] 
2026-10-01 22:23:18,121 [ERROR] LogOutputStream:75 - [STDERR_REDIRECT] [Fatal Error] :1:1: Premature end of file.
2026-10-01 22:23:18,121 [ERROR] LogOutputStream:75 - [STDERR_REDIRECT] 
2026-10-01 22:23:19,108 [ERROR] LogOutputStream:75 - [STDERR_REDIRECT] [Fatal Error] :1:1: Premature end of file.
2026-10-01 22:23:19,108 [ERROR] LogOutputStream:75 - [STDERR_REDIRECT] 
2026-10-01 22:23:20,106 [ERROR] LogOutputStream:75 - [STDERR_REDIRECT] [Fatal Error] :1:1: Premature end of file.
2026-10-01 22:23:20,106 [ERROR] LogOutputStream:75 - [STDERR_REDIRECT] 
2026-10-01 22:23:21,116 [ERROR] LogOutputStream:75 - [STDERR_REDIRECT] [Fatal Error] :1:1: Premature end of file.
2026-10-01 22:23:21,116 [ERROR] LogOutputStream:75 - [STDERR_REDIRECT] 
2026-10-01 22:23:22,118 [ERROR] LogOutputStream:75 - [STDERR_REDIRECT] [Fatal Error] :1:1: Premature end of file.
2026-10-01 22:23:22,118 [ERROR] LogOutputStream:75 - [STDERR_REDIRECT] 
2026-10-01 22:23:23,116 [ERROR] LogOutputStream:75 - [STDERR_REDIRECT] [Fatal Error] :1:1: Premature end of file.
2026-10-01 22:23:23,116 [ERROR] LogOutputStream:75 - [STDERR_REDIRECT] 
2026-10-01 22:23:24,122 [ERROR] LogOutputStream:75 - [STDERR_REDIRECT] [Fatal Error] :1:1: Premature end of file.
2026-10-01 22:23:24,122 [ERROR] LogOutputStream:75 - [STDERR_REDIRECT] 
2026-10-01 22:23:25,128 [ERROR] LogOutputStream:75 - [STDERR_REDIRECT] [Fatal Error] :1:1: Premature end of file.
2026-10-01 22:23:25,128 [ERROR] LogOutputStream:75 - [STDERR_REDIRECT] 
2026-10-01 22:23:26,125 [ERROR] LogOutputStream:75 - [STDERR_REDIRECT] [Fatal Error] :1:1: Premature end of file.
2026-10-01 22:23:26,125 [ERROR] LogOutputStream:75 - [STDERR_REDIRECT] 
2026-10-01 22:23:27,111 [ERROR] LogOutputStream:75 - [STDERR_REDIRECT] [Fatal Error] :1:1: Premature end of file.
2026-10-01 22:23:27,111 [ERROR] LogOutputStream:75 - [STDERR_REDIRECT] 
2026-10-01 22:23:28,111 [ERROR] LogOutputStream:75 - [STDERR_REDIRECT] [Fatal Error] :1:1: Premature end of file.
2026-10-01 22:23:28,111 [ERROR] LogOutputStream:75 - [STDERR_REDIRECT] 
2026-10-01 22:23:29,117 [ERROR] LogOutputStream:75 - [STDERR_REDIRECT] [Fatal Error] :1:1: Premature end of file.
2026-10-01 22:23:29,117 [ERROR] LogOutputStream:75 - [STDERR_REDIRECT] 
2026-10-01 22:23:30,123 [ERROR] LogOutputStream:75 - [STDERR_REDIRECT] [Fatal Error] :1:1: Premature end of file.
2026-10-01 22:23:30,138 [ERROR] LogOutputStream:75 - [STDERR_REDIRECT] 
2026-10-01 22:23:31,108 [ERROR] LogOutputStream:75 - [STDERR_REDIRECT] [Fatal Error] :1:1: Premature end of file.
2026-10-01 22:23:31,108 [ERROR] LogOutputStream:75 - [STDERR_REDIRECT] 
2026-10-01 22:23:32,105 [ERROR] LogOutputStream:75 - [STDERR_REDIRECT] [Fatal Error] :1:1: Premature end of file.
2026-10-01 22:23:32,105 [ERROR] LogOutputStream:75 - [STDERR_REDIRECT] 
2026-10-01 22:23:33,116 [ERROR] LogOutputStream:75 - [STDERR_REDIRECT] [Fatal Error] :1:1: Premature end of file.
2026-10-01 22:23:33,116 [ERROR] LogOutputStream:75 - [STDERR_REDIRECT] 
2026-10-01 22:23:34,120 [ERROR] LogOutputStream:75 - [STDERR_REDIRECT] [Fatal Error] :1:1: Premature end of file.
2026-10-01 22:23:34,120 [ERROR] LogOutputStream:75 - [STDERR_REDIRECT] 
2026-10-01 22:23:35,110 [ERROR] LogOutputStream:75 - [STDERR_REDIRECT] [Fatal Error] :1:1: Premature end of file.
2026-10-01 22:23:35,110 [ERROR] LogOutputStream:75 - [STDERR_REDIRECT] 
2026-10-01 22:23:36,121 [ERROR] LogOutputStream:75 - [STDERR_REDIRECT] [Fatal Error] :1:1: Premature end of file.
2026-10-01 22:23:36,121 [ERROR] LogOutputStream:75 - [STDERR_REDIRECT] 
2026-10-01 22:23:37,112 [ERROR] LogOutputStream:75 - [STDERR_REDIRECT] [Fatal Error] :1:1: Premature end of file.
2026-10-01 22:23:37,112 [ERROR] LogOutputStream:75 - [STDERR_REDIRECT] 
2026-10-01 22:23:38,120 [ERROR] LogOutputStream:75 - [STDERR_REDIRECT] [Fatal Error] :1:1: Premature end of file.
2026-10-01 22:23:38,121 [ERROR] LogOutputStream:75 - [STDERR_REDIRECT] 
2026-10-01 22:23:39,114 [ERROR] LogOutputStream:75 - [STDERR_REDIRECT] [Fatal Error] :1:1: Premature end of file.
2026-10-01 22:23:39,114 [ERROR] LogOutputStream:75 - [STDERR_REDIRECT] 
2026-10-01 22:23:40,124 [ERROR] LogOutputStream:75 - [STDERR_REDIRECT] [Fatal Error] :1:1: Premature end of file.
2026-10-01 22:23:40,124 [ERROR] LogOutputStream:75 - [STDERR_REDIRECT] 
2026-10-01 22:23:41,115 [ERROR] LogOutputStream:75 - [STDERR_REDIRECT] [Fatal Error] :1:1: Premature end of file.
2026-10-01 22:23:41,115 [ERROR] LogOutputStream:75 - [STDERR_REDIRECT] 
2026-10-01 22:23:42,119 [ERROR] LogOutputStream:75 - [STDERR_REDIRECT] [Fatal Error] :1:1: Premature end of file.
2026-10-01 22:23:42,119 [ERROR] LogOutputStream:75 - [STDERR_REDIRECT] 
2026-10-01 22:23:43,095 [ERROR] LogOutputStream:75 - [STDERR_REDIRECT] [Fatal Error] :1:1: Premature end of file.
2026-10-01 22:23:43,095 [ERROR] LogOutputStream:75 - [STDERR_REDIRECT] 
2026-10-01 22:23:44,112 [ERROR] LogOutputStream:75 - [STDERR_REDIRECT] [Fatal Error] :1:1: Premature end of file.
2026-10-01 22:23:44,113 [ERROR] LogOutputStream:75 - [STDERR_REDIRECT] 
2026-10-01 22:23:45,117 [ERROR] LogOutputStream:75 - [STDERR_REDIRECT] [Fatal Error] :1:1: Premature end of file.
2026-10-01 22:23:45,117 [ERROR] LogOutputStream:75 - [STDERR_REDIRECT] 
2026-10-01 22:23:46,113 [ERROR] LogOutputStream:75 - [STDERR_REDIRECT] [Fatal Error] :1:1: Premature end of file.
2026-10-01 22:23:46,113 [ERROR] LogOutputStream:75 - [STDERR_REDIRECT] 
2026-10-01 22:23:47,106 [ERROR] LogOutputStream:75 - [STDERR_REDIRECT] [Fatal Error] :1:1: Premature end of file.
2026-10-01 22:23:47,106 [ERROR] LogOutputStream:75 - [STDERR_REDIRECT] 
2026-10-01 22:23:48,110 [ERROR] LogOutputStream:75 - [STDERR_REDIRECT] [Fatal Error] :1:1: Premature end of file.
2026-10-01 22:23:48,110 [ERROR] LogOutputStream:75 - [STDERR_REDIRECT] 
2026-10-01 22:23:49,114 [ERROR] LogOutputStream:75 - [STDERR_REDIRECT] [Fatal Error] :1:1: Premature end of file.
2026-10-01 22:23:49,114 [ERROR] LogOutputStream:75 - [STDERR_REDIRECT] 
2026-10-01 22:23:50,110 [ERROR] LogOutputStream:75 - [STDERR_REDIRECT] [Fatal Error] :1:1: Premature end of file.
2026-10-01 22:23:50,110 [ERROR] LogOutputStream:75 - [STDERR_REDIRECT] 
2026-10-01 22:23:51,110 [ERROR] LogOutputStream:75 - [STDERR_REDIRECT] [Fatal Error] :1:1: Premature end of file.
2026-10-01 22:23:51,110 [ERROR] LogOutputStream:75 - [STDERR_REDIRECT] 
2026-10-01 22:23:52,118 [ERROR] LogOutputStream:75 - [STDERR_REDIRECT] [Fatal Error] :1:1: Premature end of file.
2026-10-01 22:23:52,118 [ERROR] LogOutputStream:75 - [STDERR_REDIRECT] 
2026-10-01 22:23:53,121 [ERROR] LogOutputStream:75 - [STDERR_REDIRECT] [Fatal Error] :1:1: Premature end of file.
2026-10-01 22:23:53,121 [ERROR] LogOutputStream:75 - [STDERR_REDIRECT] 
2026-10-01 22:23:54,123 [ERROR] LogOutputStream:75 - [STDERR_REDIRECT] [Fatal Error] :1:1: Premature end of file.
2026-10-01 22:23:54,123 [ERROR] LogOutputStream:75 - [STDERR_REDIRECT] 
2026-10-01 22:23:55,110 [ERROR] LogOutputStream:75 - [STDERR_REDIRECT] [Fatal Error] :1:1: Premature end of file.
2026-10-01 22:23:55,110 [ERROR] LogOutputStream:75 - [STDERR_REDIRECT] 
2026-10-01 22:23:56,113 [ERROR] LogOutputStream:75 - [STDERR_REDIRECT] [Fatal Error] :1:1: Premature end of file.
2026-10-01 22:23:56,113 [ERROR] LogOutputStream:75 - [STDERR_REDIRECT] 
2026-10-01 22:23:57,117 [ERROR] LogOutputStream:75 - [STDERR_REDIRECT] [Fatal Error] :1:1: Premature end of file.
2026-10-01 22:23:57,117 [ERROR] LogOutputStream:75 - [STDERR_REDIRECT] 
2026-10-01 22:23:58,108 [ERROR] LogOutputStream:75 - [STDERR_REDIRECT] [Fatal Error] :1:1: Premature end of file.
2026-10-01 22:23:58,108 [ERROR] LogOutputStream:75 - [STDERR_REDIRECT] 
2026-10-01 22:23:59,110 [ERROR] LogOutputStream:75 - [STDERR_REDIRECT] [Fatal Error] :1:1: Premature end of file.
2026-10-01 22:23:59,110 [ERROR] LogOutputStream:75 - [STDERR_REDIRECT] 
2026-10-01 22:24:00,114 [ERROR] LogOutputStream:75 - [STDERR_REDIRECT] [Fatal Error] :1:1: Premature end of file.
2026-10-01 22:24:00,114 [ERROR] LogOutputStream:75 - [STDERR_REDIRECT] 
2026-10-01 22:24:01,133 [ERROR] LogOutputStream:75 - [STDERR_REDIRECT] [Fatal Error] :1:1: Premature end of file.
2026-10-01 22:24:01,133 [ERROR] LogOutputStream:75 - [STDERR_REDIRECT] 
2026-10-01 22:24:02,112 [ERROR] LogOutputStream:75 - [STDERR_REDIRECT] [Fatal Error] :1:1: Premature end of file.
2026-10-01 22:24:02,112 [ERROR] LogOutputStream:75 - [STDERR_REDIRECT] 
2026-10-01 22:24:03,126 [ERROR] LogOutputStream:75 - [STDERR_REDIRECT] [Fatal Error] :1:1: Premature end of file.
2026-10-01 22:24:03,126 [ERROR] LogOutputStream:75 - [STDERR_REDIRECT] 
2026-10-01 22:24:04,117 [ERROR] LogOutputStream:75 - [STDERR_REDIRECT] [Fatal Error] :1:1: Premature end of file.
2026-10-01 22:24:04,117 [ERROR] LogOutputStream:75 - [STDERR_REDIRECT] 
2026-10-01 22:24:05,109 [ERROR] LogOutputStream:75 - [STDERR_REDIRECT] [Fatal Error] :1:1: Premature end of file.
2026-10-01 22:24:05,110 [ERROR] LogOutputStream:75 - [STDERR_REDIRECT] 
2026-10-01 22:24:06,128 [ERROR] LogOutputStream:75 - [STDERR_REDIRECT] [Fatal Error] :1:1: Premature end of file.
2026-10-01 22:24:06,128 [ERROR] LogOutputStream:75 - [STDERR_REDIRECT] 
2026-10-01 22:24:07,108 [ERROR] LogOutputStream:75 - [STDERR_REDIRECT] [Fatal Error] :1:1: Premature end of file.
2026-10-01 22:24:07,108 [ERROR] LogOutputStream:75 - [STDERR_REDIRECT] 
2026-10-01 22:24:08,126 [ERROR] LogOutputStream:75 - [STDERR_REDIRECT] [Fatal Error] :1:1: Premature end of file.
2026-10-01 22:24:08,126 [ERROR] LogOutputStream:75 - [STDERR_REDIRECT] 
2026-10-01 22:24:09,122 [ERROR] LogOutputStream:75 - [STDERR_REDIRECT] [Fatal Error] :1:1: Premature end of file.
2026-10-01 22:24:09,122 [ERROR] LogOutputStream:75 - [STDERR_REDIRECT] 
2026-10-01 22:24:10,122 [ERROR] LogOutputStream:75 - [STDERR_REDIRECT] [Fatal Error] :1:1: Premature end of file.
2026-10-01 22:24:10,122 [ERROR] LogOutputStream:75 - [STDERR_REDIRECT] 
2026-10-01 22:24:11,120 [ERROR] LogOutputStream:75 - [STDERR_REDIRECT] [Fatal Error] :1:1: Premature end of file.
2026-10-01 22:24:11,123 [ERROR] LogOutputStream:75 - [STDERR_REDIRECT] 
2026-10-01 22:24:12,109 [ERROR] LogOutputStream:75 - [STDERR_REDIRECT] [Fatal Error] :1:1: Premature end of file.
2026-10-01 22:24:12,109 [ERROR] LogOutputStream:75 - [STDERR_REDIRECT] 
2026-10-01 22:24:13,113 [ERROR] LogOutputStream:75 - [STDERR_REDIRECT] [Fatal Error] :1:1: Premature end of file.
2026-10-01 22:24:13,113 [ERROR] LogOutputStream:75 - [STDERR_REDIRECT] 
2026-10-01 22:24:14,123 [ERROR] LogOutputStream:75 - [STDERR_REDIRECT] [Fatal Error] :1:1: Premature end of file.
2026-10-01 22:24:14,123 [ERROR] LogOutputStream:75 - [STDERR_REDIRECT] 
2026-10-01 22:24:15,120 [ERROR] LogOutputStream:75 - [STDERR_REDIRECT] [Fatal Error] :1:1: Premature end of file.
2026-10-01 22:24:15,121 [ERROR] LogOutputStream:75 - [STDERR_REDIRECT] 
2026-10-01 22:24:16,107 [ERROR] LogOutputStream:75 - [STDERR_REDIRECT] [Fatal Error] :1:1: Premature end of file.
2026-10-01 22:24:16,107 [ERROR] LogOutputStream:75 - [STDERR_REDIRECT] 
2026-10-01 22:24:17,119 [ERROR] LogOutputStream:75 - [STDERR_REDIRECT] [Fatal Error] :1:1: Premature end of file.
2026-10-01 22:24:17,119 [ERROR] LogOutputStream:75 - [STDERR_REDIRECT] 
2026-10-01 22:24:18,123 [ERROR] LogOutputStream:75 - [STDERR_REDIRECT] [Fatal Error] :1:1: Premature end of file.
2026-10-01 22:24:18,123 [ERROR] LogOutputStream:75 - [STDERR_REDIRECT] 
2026-10-01 22:24:19,102 [ERROR] LogOutputStream:75 - [STDERR_REDIRECT] [Fatal Error] :1:1: Premature end of file.
2026-10-01 22:24:19,102 [ERROR] LogOutputStream:75 - [STDERR_REDIRECT] 
2026-10-01 22:24:20,118 [ERROR] LogOutputStream:75 - [STDERR_REDIRECT] [Fatal Error] :1:1: Premature end of file.
2026-10-01 22:24:20,118 [ERROR] LogOutputStream:75 - [STDERR_REDIRECT] 
2026-10-01 22:24:21,110 [ERROR] LogOutputStream:75 - [STDERR_REDIRECT] [Fatal Error] :1:1: Premature end of file.
2026-10-01 22:24:21,110 [ERROR] LogOutputStream:75 - [STDERR_REDIRECT] 
2026-10-01 22:24:22,109 [ERROR] LogOutputStream:75 - [STDERR_REDIRECT] [Fatal Error] :1:1: Premature end of file.
2026-10-01 22:24:22,109 [ERROR] LogOutputStream:75 - [STDERR_REDIRECT] 
2026-10-01 22:24:23,120 [ERROR] LogOutputStream:75 - [STDERR_REDIRECT] [Fatal Error] :1:1: Premature end of file.
2026-10-01 22:24:23,120 [ERROR] LogOutputStream:75 - [STDERR_REDIRECT] 
2026-10-01 22:24:24,122 [ERROR] LogOutputStream:75 - [STDERR_REDIRECT] [Fatal Error] :1:1: Premature end of file.
2026-10-01 22:24:24,122 [ERROR] LogOutputStream:75 - [STDERR_REDIRECT] 
2026-10-01 22:24:25,112 [ERROR] LogOutputStream:75 - [STDERR_REDIRECT] [Fatal Error] :1:1: Premature end of file.
2026-10-01 22:24:25,112 [ERROR] LogOutputStream:75 - [STDERR_REDIRECT] 
2026-10-01 22:24:26,111 [ERROR] LogOutputStream:75 - [STDERR_REDIRECT] [Fatal Error] :1:1: Premature end of file.
2026-10-01 22:24:26,111 [ERROR] LogOutputStream:75 - [STDERR_REDIRECT] 
2026-10-01 22:24:27,114 [ERROR] LogOutputStream:75 - [STDERR_REDIRECT] [Fatal Error] :1:1: Premature end of file.
2026-10-01 22:24:27,114 [ERROR] LogOutputStream:75 - [STDERR_REDIRECT] 
2026-10-01 22:24:28,120 [ERROR] LogOutputStream:75 - [STDERR_REDIRECT] [Fatal Error] :1:1: Premature end of file.
2026-10-01 22:24:28,120 [ERROR] LogOutputStream:75 - [STDERR_REDIRECT] 
2026-10-01 22:24:29,103 [ERROR] LogOutputStream:75 - [STDERR_REDIRECT] [Fatal Error] :1:1: Premature end of file.
2026-10-01 22:24:29,103 [ERROR] LogOutputStream:75 - [STDERR_REDIRECT] 
2026-10-01 22:24:30,108 [ERROR] LogOutputStream:75 - [STDERR_REDIRECT] [Fatal Error] :1:1: Premature end of file.
2026-10-01 22:24:30,108 [ERROR] LogOutputStream:75 - [STDERR_REDIRECT] 
2026-10-01 22:24:31,102 [ERROR] LogOutputStream:75 - [STDERR_REDIRECT] [Fatal Error] :1:1: Premature end of file.
2026-10-01 22:24:31,102 [ERROR] LogOutputStream:75 - [STDERR_REDIRECT] 
2026-10-01 22:24:32,105 [ERROR] LogOutputStream:75 - [STDERR_REDIRECT] [Fatal Error] :1:1: Premature end of file.
2026-10-01 22:24:32,105 [ERROR] LogOutputStream:75 - [STDERR_REDIRECT] 
2026-10-01 22:24:33,106 [ERROR] LogOutputStream:75 - [STDERR_REDIRECT] [Fatal Error] :1:1: Premature end of file.
2026-10-01 22:24:33,106 [ERROR] LogOutputStream:75 - [STDERR_REDIRECT] 
2026-10-01 22:24:34,106 [ERROR] LogOutputStream:75 - [STDERR_REDIRECT] [Fatal Error] :1:1: Premature end of file.
2026-10-01 22:24:34,106 [ERROR] LogOutputStream:75 - [STDERR_REDIRECT] 
2026-10-01 22:24:35,108 [ERROR] LogOutputStream:75 - [STDERR_REDIRECT] [Fatal Error] :1:1: Premature end of file.
2026-10-01 22:24:35,109 [ERROR] LogOutputStream:75 - [STDERR_REDIRECT] 
2026-10-01 22:24:36,107 [ERROR] LogOutputStream:75 - [STDERR_REDIRECT] [Fatal Error] :1:1: Premature end of file.
2026-10-01 22:24:36,107 [ERROR] LogOutputStream:75 - [STDERR_REDIRECT] 
2026-10-01 22:24:37,104 [ERROR] LogOutputStream:75 - [STDERR_REDIRECT] [Fatal Error] :1:1: Premature end of file.
2026-10-01 22:24:37,104 [ERROR] LogOutputStream:75 - [STDERR_REDIRECT] 
2026-10-01 22:24:38,103 [ERROR] LogOutputStream:75 - [STDERR_REDIRECT] [Fatal Error] :1:1: Premature end of file.
2026-10-01 22:24:38,103 [ERROR] LogOutputStream:75 - [STDERR_REDIRECT] 
2026-10-01 22:24:39,106 [ERROR] LogOutputStream:75 - [STDERR_REDIRECT] [Fatal Error] :1:1: Premature end of file.
2026-10-01 22:24:39,106 [ERROR] LogOutputStream:75 - [STDERR_REDIRECT] 
2026-10-01 22:24:40,105 [ERROR] LogOutputStream:75 - [STDERR_REDIRECT] [Fatal Error] :1:1: Premature end of file.
2026-10-01 22:24:40,106 [ERROR] LogOutputStream:75 - [STDERR_REDIRECT] 
2026-10-01 22:24:41,109 [ERROR] LogOutputStream:75 - [STDERR_REDIRECT] [Fatal Error] :1:1: Premature end of file.
2026-10-01 22:24:41,109 [ERROR] LogOutputStream:75 - [STDERR_REDIRECT] 
2026-10-01 22:24:42,102 [ERROR] LogOutputStream:75 - [STDERR_REDIRECT] [Fatal Error] :1:1: Premature end of file.
2026-10-01 22:24:42,102 [ERROR] LogOutputStream:75 - [STDERR_REDIRECT] 
2026-10-01 22:24:43,114 [ERROR] LogOutputStream:75 - [STDERR_REDIRECT] [Fatal Error] :1:1: Premature end of file.
2026-10-01 22:24:43,114 [ERROR] LogOutputStream:75 - [STDERR_REDIRECT] 
2026-10-01 22:24:44,114 [ERROR] LogOutputStream:75 - [STDERR_REDIRECT] [Fatal Error] :1:1: Premature end of file.
2026-10-01 22:24:44,114 [ERROR] LogOutputStream:75 - [STDERR_REDIRECT] 
2026-10-01 22:24:45,111 [ERROR] LogOutputStream:75 - [STDERR_REDIRECT] [Fatal Error] :1:1: Premature end of file.
2026-10-01 22:24:45,117 [ERROR] LogOutputStream:75 - [STDERR_REDIRECT] 
2026-10-01 22:24:46,112 [ERROR] LogOutputStream:75 - [STDERR_REDIRECT] [Fatal Error] :1:1: Premature end of file.
2026-10-01 22:24:46,113 [ERROR] LogOutputStream:75 - [STDERR_REDIRECT] 
2026-10-01 22:24:47,109 [ERROR] LogOutputStream:75 - [STDERR_REDIRECT] [Fatal Error] :1:1: Premature end of file.
2026-10-01 22:24:47,109 [ERROR] LogOutputStream:75 - [STDERR_REDIRECT] 
2026-10-01 22:24:48,114 [ERROR] LogOutputStream:75 - [STDERR_REDIRECT] [Fatal Error] :1:1: Premature end of file.
2026-10-01 22:24:48,114 [ERROR] LogOutputStream:75 - [STDERR_REDIRECT] 
2026-10-01 22:24:49,116 [ERROR] LogOutputStream:75 - [STDERR_REDIRECT] [Fatal Error] :1:1: Premature end of file.
2026-10-01 22:24:49,116 [ERROR] LogOutputStream:75 - [STDERR_REDIRECT] 
2026-10-01 22:24:50,108 [ERROR] LogOutputStream:75 - [STDERR_REDIRECT] [Fatal Error] :1:1: Premature end of file.
2026-10-01 22:24:50,108 [ERROR] LogOutputStream:75 - [STDERR_REDIRECT] 
2026-10-01 22:24:51,107 [ERROR] LogOutputStream:75 - [STDERR_REDIRECT] [Fatal Error] :1:1: Premature end of file.
2026-10-01 22:24:51,108 [ERROR] LogOutputStream:75 - [STDERR_REDIRECT] 
2026-10-01 22:24:52,111 [ERROR] LogOutputStream:75 - [STDERR_REDIRECT] [Fatal Error] :1:1: Premature end of file.
2026-10-01 22:24:52,111 [ERROR] LogOutputStream:75 - [STDERR_REDIRECT] 
2026-10-01 22:24:53,125 [ERROR] LogOutputStream:75 - [STDERR_REDIRECT] [Fatal Error] :1:1: Premature end of file.
2026-10-01 22:24:53,125 [ERROR] LogOutputStream:75 - [STDERR_REDIRECT] 
2026-10-01 22:24:54,136 [ERROR] LogOutputStream:75 - [STDERR_REDIRECT] [Fatal Error] :1:1: Premature end of file.
2026-10-01 22:24:54,137 [ERROR] LogOutputStream:75 - [STDERR_REDIRECT] 
2026-10-01 22:24:55,110 [ERROR] LogOutputStream:75 - [STDERR_REDIRECT] [Fatal Error] :1:1: Premature end of file.
2026-10-01 22:24:55,115 [ERROR] LogOutputStream:75 - [STDERR_REDIRECT] 
2026-10-01 22:24:56,117 [ERROR] LogOutputStream:75 - [STDERR_REDIRECT] [Fatal Error] :1:1: Premature end of file.
2026-10-01 22:24:56,117 [ERROR] LogOutputStream:75 - [STDERR_REDIRECT] 
2026-10-01 22:24:57,120 [ERROR] LogOutputStream:75 - [STDERR_REDIRECT] [Fatal Error] :1:1: Premature end of file.
2026-10-01 22:24:57,120 [ERROR] LogOutputStream:75 - [STDERR_REDIRECT] 
2026-10-01 22:24:58,113 [ERROR] LogOutputStream:75 - [STDERR_REDIRECT] [Fatal Error] :1:1: Premature end of file.
2026-10-01 22:24:58,113 [ERROR] LogOutputStream:75 - [STDERR_REDIRECT] 
2026-10-01 22:24:59,119 [ERROR] LogOutputStream:75 - [STDERR_REDIRECT] [Fatal Error] :1:1: Premature end of file.
2026-10-01 22:24:59,119 [ERROR] LogOutputStream:75 - [STDERR_REDIRECT] 
2026-10-01 22:25:00,114 [ERROR] LogOutputStream:75 - [STDERR_REDIRECT] [Fatal Error] :1:1: Premature end of file.
2026-10-01 22:25:00,114 [ERROR] LogOutputStream:75 - [STDERR_REDIRECT] 
2026-10-01 22:25:01,109 [ERROR] LogOutputStream:75 - [STDERR_REDIRECT] [Fatal Error] :1:1: Premature end of file.
2026-10-01 22:25:01,109 [ERROR] LogOutputStream:75 - [STDERR_REDIRECT] 
2026-10-01 22:25:02,129 [ERROR] LogOutputStream:75 - [STDERR_REDIRECT] [Fatal Error] :1:1: Premature end of file.
2026-10-01 22:25:02,129 [ERROR] LogOutputStream:75 - [STDERR_REDIRECT] 
2026-10-01 22:25:03,119 [ERROR] LogOutputStream:75 - [STDERR_REDIRECT] [Fatal Error] :1:1: Premature end of file.
2026-10-01 22:25:03,119 [ERROR] LogOutputStream:75 - [STDERR_REDIRECT] 
2026-10-01 22:25:04,113 [ERROR] LogOutputStream:75 - [STDERR_REDIRECT] [Fatal Error] :1:1: Premature end of file.
2026-10-01 22:25:04,113 [ERROR] LogOutputStream:75 - [STDERR_REDIRECT] 
2026-10-01 22:25:05,120 [ERROR] LogOutputStream:75 - [STDERR_REDIRECT] [Fatal Error] :1:1: Premature end of file.
2026-10-01 22:25:05,121 [ERROR] LogOutputStream:75 - [STDERR_REDIRECT] 
2026-10-01 22:25:06,124 [ERROR] LogOutputStream:75 - [STDERR_REDIRECT] [Fatal Error] :1:1: Premature end of file.
2026-10-01 22:25:06,124 [ERROR] LogOutputStream:75 - [STDERR_REDIRECT] 
2026-10-01 22:25:07,115 [ERROR] LogOutputStream:75 - [STDERR_REDIRECT] [Fatal Error] :1:1: Premature end of file.
2026-10-01 22:25:07,115 [ERROR] LogOutputStream:75 - [STDERR_REDIRECT] 
2026-10-01 22:25:08,113 [ERROR] LogOutputStream:75 - [STDERR_REDIRECT] [Fatal Error] :1:1: Premature end of file.
2026-10-01 22:25:08,113 [ERROR] LogOutputStream:75 - [STDERR_REDIRECT] 
2026-10-01 22:25:09,119 [ERROR] LogOutputStream:75 - [STDERR_REDIRECT] [Fatal Error] :1:1: Premature end of file.
2026-10-01 22:25:09,119 [ERROR] LogOutputStream:75 - [STDERR_REDIRECT] 
2026-10-01 22:25:10,121 [ERROR] LogOutputStream:75 - [STDERR_REDIRECT] [Fatal Error] :1:1: Premature end of file.
2026-10-01 22:25:10,121 [ERROR] LogOutputStream:75 - [STDERR_REDIRECT] 
2026-10-01 22:25:11,125 [ERROR] LogOutputStream:75 - [STDERR_REDIRECT] [Fatal Error] :1:1: Premature end of file.
2026-10-01 22:25:11,125 [ERROR] LogOutputStream:75 - [STDERR_REDIRECT] 
2026-10-01 22:25:12,119 [ERROR] LogOutputStream:75 - [STDERR_REDIRECT] [Fatal Error] :1:1: Premature end of file.
2026-10-01 22:25:12,119 [ERROR] LogOutputStream:75 - [STDERR_REDIRECT] 
2026-10-01 22:25:13,123 [ERROR] LogOutputStream:75 - [STDERR_REDIRECT] [Fatal Error] :1:1: Premature end of file.
2026-10-01 22:25:13,123 [ERROR] LogOutputStream:75 - [STDERR_REDIRECT] 
2026-10-01 22:25:14,103 [ERROR] LogOutputStream:75 - [STDERR_REDIRECT] [Fatal Error] :1:1: Premature end of file.
2026-10-01 22:25:14,103 [ERROR] LogOutputStream:75 - [STDERR_REDIRECT] 
2026-10-01 22:25:15,107 [ERROR] LogOutputStream:75 - [STDERR_REDIRECT] [Fatal Error] :1:1: Premature end of file.
2026-10-01 22:25:15,107 [ERROR] LogOutputStream:75 - [STDERR_REDIRECT] 
2026-10-01 22:25:16,109 [ERROR] LogOutputStream:75 - [STDERR_REDIRECT] [Fatal Error] :1:1: Premature end of file.
2026-10-01 22:25:16,109 [ERROR] LogOutputStream:75 - [STDERR_REDIRECT] 
2026-10-01 22:25:17,111 [ERROR] LogOutputStream:75 - [STDERR_REDIRECT] [Fatal Error] :1:1: Premature end of file.
2026-10-01 22:25:17,111 [ERROR] LogOutputStream:75 - [STDERR_REDIRECT] 
2026-10-01 22:25:18,113 [ERROR] LogOutputStream:75 - [STDERR_REDIRECT] [Fatal Error] :1:1: Premature end of file.
2026-10-01 22:25:18,113 [ERROR] LogOutputStream:75 - [STDERR_REDIRECT] 
2026-10-01 22:25:19,106 [ERROR] LogOutputStream:75 - [STDERR_REDIRECT] [Fatal Error] :1:1: Premature end of file.
2026-10-01 22:25:19,116 [ERROR] LogOutputStream:75 - [STDERR_REDIRECT] 
2026-10-01 22:25:20,120 [ERROR] LogOutputStream:75 - [STDERR_REDIRECT] [Fatal Error] :1:1: Premature end of file.
2026-10-01 22:25:20,120 [ERROR] LogOutputStream:75 - [STDERR_REDIRECT] 
2026-10-01 22:25:21,123 [ERROR] LogOutputStream:75 - [STDERR_REDIRECT] [Fatal Error] :1:1: Premature end of file.
2026-10-01 22:25:21,123 [ERROR] LogOutputStream:75 - [STDERR_REDIRECT] 
2026-10-01 22:25:22,113 [ERROR] LogOutputStream:75 - [STDERR_REDIRECT] [Fatal Error] :1:1: Premature end of file.
2026-10-01 22:25:22,113 [ERROR] LogOutputStream:75 - [STDERR_REDIRECT] 
2026-10-01 22:25:23,120 [ERROR] LogOutputStream:75 - [STDERR_REDIRECT] [Fatal Error] :1:1: Premature end of file.
2026-10-01 22:25:23,120 [ERROR] LogOutputStream:75 - [STDERR_REDIRECT] 
2026-10-01 22:25:24,107 [ERROR] LogOutputStream:75 - [STDERR_REDIRECT] [Fatal Error] :1:1: Premature end of file.
2026-10-01 22:25:24,107 [ERROR] LogOutputStream:75 - [STDERR_REDIRECT] 
2026-10-01 22:25:25,128 [ERROR] LogOutputStream:75 - [STDERR_REDIRECT] [Fatal Error] :1:1: Premature end of file.
2026-10-01 22:25:25,128 [ERROR] LogOutputStream:75 - [STDERR_REDIRECT] 
2026-10-01 22:25:26,119 [ERROR] LogOutputStream:75 - [STDERR_REDIRECT] [Fatal Error] :1:1: Premature end of file.
2026-10-01 22:25:26,119 [ERROR] LogOutputStream:75 - [STDERR_REDIRECT] 
2026-10-01 22:25:27,118 [ERROR] LogOutputStream:75 - [STDERR_REDIRECT] [Fatal Error] :1:1: Premature end of file.
2026-10-01 22:25:27,118 [ERROR] LogOutputStream:75 - [STDERR_REDIRECT] 
2026-10-01 22:25:28,112 [ERROR] LogOutputStream:75 - [STDERR_REDIRECT] [Fatal Error] :1:1: Premature end of file.
2026-10-01 22:25:28,112 [ERROR] LogOutputStream:75 - [STDERR_REDIRECT] 
2026-10-01 22:25:29,105 [ERROR] LogOutputStream:75 - [STDERR_REDIRECT] [Fatal Error] :1:1: Premature end of file.
2026-10-01 22:25:29,105 [ERROR] LogOutputStream:75 - [STDERR_REDIRECT] 
2026-10-01 22:25:30,105 [ERROR] LogOutputStream:75 - [STDERR_REDIRECT] [Fatal Error] :1:1: Premature end of file.
2026-10-01 22:25:30,105 [ERROR] LogOutputStream:75 - [STDERR_REDIRECT] 
2026-10-01 22:25:31,106 [ERROR] LogOutputStream:75 - [STDERR_REDIRECT] [Fatal Error] :1:1: Premature end of file.
2026-10-01 22:25:31,107 [ERROR] LogOutputStream:75 - [STDERR_REDIRECT] 
2026-10-01 22:25:32,105 [ERROR] LogOutputStream:75 - [STDERR_REDIRECT] [Fatal Error] :1:1: Premature end of file.
2026-10-01 22:25:32,105 [ERROR] LogOutputStream:75 - [STDERR_REDIRECT] 
2026-10-01 22:25:33,102 [ERROR] LogOutputStream:75 - [STDERR_REDIRECT] [Fatal Error] :1:1: Premature end of file.
2026-10-01 22:25:33,102 [ERROR] LogOutputStream:75 - [STDERR_REDIRECT] 
2026-10-01 22:25:34,107 [ERROR] LogOutputStream:75 - [STDERR_REDIRECT] [Fatal Error] :1:1: Premature end of file.
2026-10-01 22:25:34,107 [ERROR] LogOutputStream:75 - [STDERR_REDIRECT] 
2026-10-01 22:25:35,104 [ERROR] LogOutputStream:75 - [STDERR_REDIRECT] [Fatal Error] :1:1: Premature end of file.
2026-10-01 22:25:35,104 [ERROR] LogOutputStream:75 - [STDERR_REDIRECT] 
2026-10-01 22:25:36,104 [ERROR] LogOutputStream:75 - [STDERR_REDIRECT] [Fatal Error] :1:1: Premature end of file.
2026-10-01 22:25:36,104 [ERROR] LogOutputStream:75 - [STDERR_REDIRECT] 
2026-10-01 22:25:37,109 [ERROR] LogOutputStream:75 - [STDERR_REDIRECT] [Fatal Error] :1:1: Premature end of file.
2026-10-01 22:25:37,110 [ERROR] LogOutputStream:75 - [STDERR_REDIRECT] 
2026-10-01 22:25:37,689 [ERROR] LogOutputStream:75 - [STDERR_REDIRECT] 
2026-10-01 22:25:37,690 [ERROR] LogOutputStream:75 - [STDERR_REDIRECT] 
2026-10-01 23:26:00,321 [INFO] Activator:176 - 


2026-10-01 23:26:00,323 [INFO] Activator:177 - !SESSION log4j initialized
2026-10-01 23:26:07,014 [INFO] LogOutputStream:77 - [STDOUT_REDIRECT] 
2026-10-01 23:26:09,096 [INFO] ApplicationProperties:184 - Using Application install path: C:\ST\STM32CubeIDE_1.19.0\STM32CubeIDE\plugins\com.st.stm32cube.common.mx_6.15.0.202507011659
2026-10-01 23:26:09,114 [INFO] DbMcusXml:78 - Set database path to: C:\ST\STM32CubeIDE_1.19.0\STM32CubeIDE\plugins\com.st.stm32cube.common.mx_6.15.0.202507011659\\db\/mcu/
2026-10-01 23:26:09,115 [INFO] ApiDb:274 - Set plugin database path to: C:\ST\STM32CubeIDE_1.19.0\STM32CubeIDE\plugins\com.st.stm32cube.common.mx_6.15.0.202507011659\\db\/plugins/boardmanager/
2026-10-01 23:26:09,115 [WARN] ApiDb:259 - Overriding images path with different value:  => C:\ST\STM32CubeIDE_1.19.0\STM32CubeIDE\plugins\com.st.stm32cube.common.mx_6.15.0.202507011659\\db\/plugins/mcufinder/images/
2026-10-01 23:26:09,128 [INFO] ApiDb:250 - Set database path to: C:\Users\Admin\.stmcufinder\plugins\mcufinder//mcu/
2026-10-01 23:26:09,129 [INFO] DbMcusAds:125 - Set database path to: C:\Users\Admin\.stmcufinder\plugins\mcufinder//mcu/
2026-10-01 23:26:09,132 [INFO] CrossReferenceDbSqlite:203 - Set database path to: C:\Users\Admin\.stmcufinder\plugins\mcufinder//mcu/cs/
2026-10-01 23:26:09,310 [INFO] RulesReader:64 - Compatibility file has been processed (317 Rules)
2026-10-01 23:26:09,404 [INFO] DbMcusXml:78 - Set database path to: C:\ST\STM32CubeIDE_1.19.0\STM32CubeIDE\plugins\com.st.stm32cube.common.mx_6.15.0.202507011659\\db\/mcu/
2026-10-01 23:26:09,405 [INFO] ApiDb:274 - Set plugin database path to: C:\ST\STM32CubeIDE_1.19.0\STM32CubeIDE\plugins\com.st.stm32cube.common.mx_6.15.0.202507011659\\db\/plugins/boardmanager/
2026-10-01 23:26:09,405 [INFO] ApiDb:261 - Set plugin images path to: C:\ST\STM32CubeIDE_1.19.0\STM32CubeIDE\plugins\com.st.stm32cube.common.mx_6.15.0.202507011659\\db\/plugins/mcufinder/images/
2026-10-01 23:26:09,405 [WARN] DbFile:41 - Overriding database path with different value: C:\Users\Admin\.stmcufinder\plugins\mcufinder/ => C:\Users\Admin\.stmcufinder\plugins\mcufinder
2026-10-01 23:26:09,405 [INFO] ApiDb:250 - Set database path to: C:\Users\Admin\.stmcufinder\plugins\mcufinder//mcu/
2026-10-01 23:26:09,405 [WARN] DbFile:41 - Overriding database path with different value: C:\Users\Admin\.stmcufinder\plugins\mcufinder/ => C:\Users\Admin\.stmcufinder\plugins\mcufinder
2026-10-01 23:26:09,405 [INFO] DbMcusAds:125 - Set database path to: C:\Users\Admin\.stmcufinder\plugins\mcufinder//mcu/
2026-10-01 23:26:09,405 [WARN] DbFile:41 - Overriding database path with different value: C:\Users\Admin\.stmcufinder\plugins\mcufinder/ => C:\Users\Admin\.stmcufinder\plugins\mcufinder
2026-10-01 23:26:09,406 [WARN] DbFile:41 - Overriding database path with different value: C:\Users\Admin\.stmcufinder\plugins\mcufinder/ => C:\Users\Admin\.stmcufinder\plugins\mcufinder
2026-10-01 23:26:09,406 [INFO] CrossReferenceDbSqlite:203 - Set database path to: C:\Users\Admin\.stmcufinder\plugins\mcufinder//mcu/cs/
2026-10-01 23:26:09,495 [INFO] MainPanel:274 - HeapMemory: 268435456
2026-10-01 23:26:09,628 [INFO] DbMcusXml:78 - Set database path to: C:\ST\STM32CubeIDE_1.19.0\STM32CubeIDE\plugins\com.st.stm32cube.common.mx_6.15.0.202507011659\\db\/mcu/
2026-10-01 23:26:09,628 [INFO] ApiDb:274 - Set plugin database path to: C:\ST\STM32CubeIDE_1.19.0\STM32CubeIDE\plugins\com.st.stm32cube.common.mx_6.15.0.202507011659\\db\/plugins/boardmanager/
2026-10-01 23:26:09,628 [INFO] ApiDb:261 - Set plugin images path to: C:\ST\STM32CubeIDE_1.19.0\STM32CubeIDE\plugins\com.st.stm32cube.common.mx_6.15.0.202507011659\\db\/plugins/mcufinder/images/
2026-10-01 23:26:09,628 [WARN] DbFile:41 - Overriding database path with different value: C:\Users\Admin\.stmcufinder\plugins\mcufinder/ => C:\Users\Admin\.stmcufinder\plugins\mcufinder
2026-10-01 23:26:09,628 [INFO] ApiDb:250 - Set database path to: C:\Users\Admin\.stmcufinder\plugins\mcufinder//mcu/
2026-10-01 23:26:09,628 [WARN] DbFile:41 - Overriding database path with different value: C:\Users\Admin\.stmcufinder\plugins\mcufinder/ => C:\Users\Admin\.stmcufinder\plugins\mcufinder
2026-10-01 23:26:09,628 [INFO] DbMcusAds:125 - Set database path to: C:\Users\Admin\.stmcufinder\plugins\mcufinder//mcu/
2026-10-01 23:26:09,629 [WARN] DbFile:41 - Overriding database path with different value: C:\Users\Admin\.stmcufinder\plugins\mcufinder/ => C:\Users\Admin\.stmcufinder\plugins\mcufinder
2026-10-01 23:26:09,629 [WARN] DbFile:41 - Overriding database path with different value: C:\Users\Admin\.stmcufinder\plugins\mcufinder/ => C:\Users\Admin\.stmcufinder\plugins\mcufinder
2026-10-01 23:26:09,629 [INFO] CrossReferenceDbSqlite:203 - Set database path to: C:\Users\Admin\.stmcufinder\plugins\mcufinder//mcu/cs/
2026-10-01 23:26:09,650 [INFO] ApplicationProperties:184 - Using Application install path: C:\ST\STM32CubeIDE_1.19.0\STM32CubeIDE\plugins\com.st.stm32cube.common.mx_6.15.0.202507011659
2026-10-01 23:26:09,651 [INFO] PluginManage:196 - Search for loadable plugins [exclusion list=, ]
2026-10-01 23:26:09,654 [INFO] PluginManage:310 - Check plugin analytics
2026-10-01 23:26:09,875 [INFO] AnalyticsPlugin:253 - Accepted Software Licenses: STM32CubeMX.6.18.1
2026-10-01 23:26:09,875 [INFO] AnalyticsPlugin:255 - Accepted CMSIS Pack Licenses: 
2026-10-01 23:26:09,875 [INFO] AnalyticsPlugin:257 - Accepted Firmware Licenses: FW.F1.1.8.7
2026-10-01 23:26:09,879 [INFO] PluginManage:359 - Loaded plugin analytics (category:tool,tabindex:-1)
2026-10-01 23:26:09,880 [INFO] PluginManage:310 - Check plugin cadmodel
2026-10-01 23:26:09,896 [INFO] CADModel:105 - Init CAD model plugin
2026-10-01 23:26:09,896 [INFO] PluginManage:359 - Loaded plugin cadmodel (category:power,tabindex:5)
2026-10-01 23:26:09,896 [INFO] PluginManage:310 - Check plugin clock
2026-10-01 23:26:09,917 [INFO] PluginManage:359 - Loaded plugin clock (category:base,tabindex:2)
2026-10-01 23:26:09,917 [INFO] PluginManage:310 - Check plugin ddr
2026-10-01 23:26:09,919 [INFO] PluginManage:359 - Loaded plugin ddr (category:tool,tabindex:6)
2026-10-01 23:26:09,920 [INFO] PluginManage:310 - Check plugin filemanager
2026-10-01 23:26:10,113 [INFO] PluginManage:359 - Loaded plugin filemanager (category:base,tabindex:10)
2026-10-01 23:26:10,113 [INFO] PluginManage:310 - Check plugin ipmanager
2026-10-01 23:26:10,123 [INFO] PluginManage:359 - Loaded plugin ipmanager (category:base,tabindex:5)
2026-10-01 23:26:10,123 [INFO] PluginManage:310 - Check plugin lpbam
2026-10-01 23:26:10,143 [INFO] PluginManage:359 - Loaded plugin lpbam (category:base,tabindex:0)
2026-10-01 23:26:10,143 [INFO] PluginManage:310 - Check plugin memorymap
2026-10-01 23:26:10,172 [INFO] PluginManage:359 - Loaded plugin memorymap (category:base,tabindex:4)
2026-10-01 23:26:10,172 [INFO] PluginManage:310 - Check plugin pinoutandconfiguration
2026-10-01 23:26:10,193 [INFO] PluginManage:359 - Loaded plugin pinoutandconfiguration (category:base,tabindex:1)
2026-10-01 23:26:10,193 [INFO] PluginManage:310 - Check plugin pinoutconfig
2026-10-01 23:26:10,365 [WARN] SupportedApi:132 - Cannot load RTOS API schema: s4s-elt-must-match.1: The content of 'definitions' must match (annotation?, (simpleType | complexType)?, (unique | key | keyref)*)). A problem was found starting at: attribute.
2026-10-01 23:26:10,562 [INFO] PluginManage:359 - Loaded plugin pinoutconfig (category:base,tabindex:0)
2026-10-01 23:26:10,563 [INFO] PluginManage:310 - Check plugin power
2026-10-01 23:26:10,589 [INFO] PluginManage:359 - Loaded plugin power (category:power,tabindex:4)
2026-10-01 23:26:10,589 [INFO] PluginManage:310 - Check plugin projectmanager
2026-10-01 23:26:10,618 [INFO] PluginManage:359 - Loaded plugin projectmanager (category:projectmanager,tabindex:4)
2026-10-01 23:26:10,618 [INFO] PluginManage:310 - Check plugin rif
2026-10-01 23:26:10,648 [INFO] PluginManage:359 - Loaded plugin rif (category:base,tabindex:3)
2026-10-01 23:26:10,648 [INFO] PluginManage:310 - Check plugin thirdparty
2026-10-01 23:26:10,968 [INFO] PluginManage:359 - Loaded plugin thirdparty (category:base,tabindex:-1)
2026-10-01 23:26:10,968 [INFO] PluginManage:310 - Check plugin tools
2026-10-01 23:26:10,968 [WARN] IntegrityCheckThread:84 - waiting for thirdparty lock release [integrity check]
2026-10-01 23:26:10,969 [INFO] IntegrityCheckThread:86 - entering critical section [integrity check]
2026-10-01 23:26:10,969 [INFO] ThirdPartyUpdaterWithRetryManager:70 - Updater plugin not ready yet. [1/15]
2026-10-01 23:26:11,016 [INFO] PluginManage:359 - Loaded plugin tools (category:base,tabindex:7)
2026-10-01 23:26:11,017 [INFO] PluginManage:310 - Check plugin tutovideos
2026-10-01 23:26:11,293 [INFO] PluginManage:359 - Loaded plugin tutovideos (category:base,tabindex:-1)
2026-10-01 23:26:11,293 [INFO] PluginManage:310 - Check plugin updater
2026-10-01 23:26:11,330 [INFO] PluginManage:359 - Loaded plugin updater (category:base,tabindex:12)
2026-10-01 23:26:11,331 [INFO] PluginManage:310 - Check plugin userauth
2026-10-01 23:26:11,339 [INFO] UserAuth:118 - Init User Auth plugin
2026-10-01 23:26:11,340 [INFO] PluginManage:359 - Loaded plugin userauth (category:base,tabindex:14)
2026-10-01 23:26:11,341 [INFO] PluginManage:283 - PluginManage : Loaded plugins [18]
2026-10-01 23:26:11,579 [INFO] PinOutPanel:1589 - setPackage(No Configuration,No Configuration)
2026-10-01 23:26:11,691 [INFO] CADModel:165 - CPN selected for project level
2026-10-01 23:26:11,691 [INFO] CADModel:114 - Register for checkConnection events
2026-10-01 23:26:11,719 [INFO] IPUIPlugin:80 - create IPUIPlugin
2026-10-01 23:26:11,719 [INFO] PluginManager:220 - loadIPPluginJar : add adc
2026-10-01 23:26:11,765 [INFO] IPUIPlugin:80 - create IPUIPlugin
2026-10-01 23:26:11,766 [INFO] PluginManager:220 - loadIPPluginJar : add aes
2026-10-01 23:26:11,811 [INFO] IPUIPlugin:80 - create IPUIPlugin
2026-10-01 23:26:11,811 [INFO] PluginManager:220 - loadIPPluginJar : add can
2026-10-01 23:26:11,814 [INFO] IPUIPlugin:80 - create IPUIPlugin
2026-10-01 23:26:11,814 [INFO] PluginManager:220 - loadIPPluginJar : add comp
2026-10-01 23:26:11,847 [INFO] IPUIPlugin:80 - create IPUIPlugin
2026-10-01 23:26:11,848 [INFO] PluginManager:220 - loadIPPluginJar : add cryp
2026-10-01 23:26:11,863 [INFO] IPUIPlugin:80 - create IPUIPlugin
2026-10-01 23:26:11,863 [INFO] PluginManager:220 - loadIPPluginJar : add ddr_ctrl_phy
2026-10-01 23:26:11,894 [INFO] IPUIPlugin:80 - create IPUIPlugin
2026-10-01 23:26:11,894 [INFO] PluginManager:220 - loadIPPluginJar : add dfsdm
2026-10-01 23:26:11,909 [INFO] IPUIPlugin:80 - create IPUIPlugin
2026-10-01 23:26:11,910 [INFO] PluginManager:220 - loadIPPluginJar : add dma
2026-10-01 23:26:11,949 [INFO] IPUIPlugin:80 - create IPUIPlugin
2026-10-01 23:26:11,949 [INFO] PluginManager:220 - loadIPPluginJar : add dma3
2026-10-01 23:26:12,013 [INFO] IPUIPlugin:80 - create IPUIPlugin
2026-10-01 23:26:12,013 [INFO] PluginManager:220 - loadIPPluginJar : add extmemmanager
2026-10-01 23:26:12,034 [INFO] IPUIPlugin:80 - create IPUIPlugin
2026-10-01 23:26:12,034 [INFO] PluginManager:220 - loadIPPluginJar : add fatfs
2026-10-01 23:26:12,091 [INFO] IPUIPlugin:80 - create IPUIPlugin
2026-10-01 23:26:12,091 [INFO] PluginManager:220 - loadIPPluginJar : add fmc
2026-10-01 23:26:12,110 [INFO] IPUIPlugin:80 - create IPUIPlugin
2026-10-01 23:26:12,110 [INFO] PluginManager:220 - loadIPPluginJar : add freertos
2026-10-01 23:26:12,113 [INFO] IPUIPlugin:80 - create IPUIPlugin
2026-10-01 23:26:12,113 [INFO] PluginManager:220 - loadIPPluginJar : add genericplugin
2026-10-01 23:26:12,208 [INFO] IPUIPlugin:80 - create IPUIPlugin
2026-10-01 23:26:12,208 [INFO] PluginManager:220 - loadIPPluginJar : add gfxmmu
2026-10-01 23:26:12,344 [INFO] IPUIPlugin:80 - create IPUIPlugin
2026-10-01 23:26:12,344 [INFO] PluginManager:220 - loadIPPluginJar : add gic
2026-10-01 23:26:12,374 [INFO] IPUIPlugin:80 - create IPUIPlugin
2026-10-01 23:26:12,374 [INFO] PluginManager:220 - loadIPPluginJar : add gpio
2026-10-01 23:26:12,476 [INFO] IPUIPlugin:80 - create IPUIPlugin
2026-10-01 23:26:12,476 [INFO] PluginManager:220 - loadIPPluginJar : add gtzc
2026-10-01 23:26:12,479 [INFO] IPUIPlugin:80 - create IPUIPlugin
2026-10-01 23:26:12,479 [INFO] PluginManager:220 - loadIPPluginJar : add hash
2026-10-01 23:26:12,531 [INFO] IPUIPlugin:80 - create IPUIPlugin
2026-10-01 23:26:12,531 [INFO] PluginManager:220 - loadIPPluginJar : add i2c
2026-10-01 23:26:12,576 [INFO] IPUIPlugin:80 - create IPUIPlugin
2026-10-01 23:26:12,576 [INFO] PluginManager:220 - loadIPPluginJar : add i2s
2026-10-01 23:26:12,621 [INFO] IPUIPlugin:80 - create IPUIPlugin
2026-10-01 23:26:12,622 [INFO] PluginManager:220 - loadIPPluginJar : add i3c
2026-10-01 23:26:12,756 [INFO] IPUIPlugin:80 - create IPUIPlugin
2026-10-01 23:26:12,756 [INFO] PluginManager:220 - loadIPPluginJar : add ipddr
2026-10-01 23:26:12,870 [INFO] IPUIPlugin:80 - create IPUIPlugin
2026-10-01 23:26:12,870 [INFO] PluginManager:220 - loadIPPluginJar : add linkedlist
2026-10-01 23:26:12,910 [INFO] IPUIPlugin:80 - create IPUIPlugin
2026-10-01 23:26:12,910 [INFO] PluginManager:220 - loadIPPluginJar : add lorawan
2026-10-01 23:26:12,959 [INFO] IPUIPlugin:80 - create IPUIPlugin
2026-10-01 23:26:12,960 [INFO] PluginManager:220 - loadIPPluginJar : add ltdc
2026-10-01 23:26:12,978 [INFO] IPUIPlugin:80 - create IPUIPlugin
2026-10-01 23:26:12,978 [INFO] PluginManager:220 - loadIPPluginJar : add mdma
2026-10-01 23:26:12,993 [INFO] IPUIPlugin:80 - create IPUIPlugin
2026-10-01 23:26:12,993 [INFO] PluginManager:220 - loadIPPluginJar : add nvic
2026-10-01 23:26:13,030 [INFO] IPUIPlugin:80 - create IPUIPlugin
2026-10-01 23:26:13,030 [INFO] PluginManager:220 - loadIPPluginJar : add opamp
2026-10-01 23:26:13,094 [INFO] IPUIPlugin:80 - create IPUIPlugin
2026-10-01 23:26:13,095 [INFO] PluginManager:220 - loadIPPluginJar : add openamp
2026-10-01 23:26:13,138 [INFO] IPUIPlugin:80 - create IPUIPlugin
2026-10-01 23:26:13,138 [INFO] PluginManager:220 - loadIPPluginJar : add pdm2pcm
2026-10-01 23:26:13,159 [INFO] IPUIPlugin:80 - create IPUIPlugin
2026-10-01 23:26:13,163 [INFO] PluginManager:220 - loadIPPluginJar : add plateformsettings
2026-10-01 23:26:13,194 [INFO] IPUIPlugin:80 - create IPUIPlugin
2026-10-01 23:26:13,194 [INFO] PluginManager:220 - loadIPPluginJar : add quadspi
2026-10-01 23:26:13,224 [INFO] IPUIPlugin:80 - create IPUIPlugin
2026-10-01 23:26:13,224 [INFO] PluginManager:220 - loadIPPluginJar : add radio
2026-10-01 23:26:13,237 [INFO] IPUIPlugin:80 - create IPUIPlugin
2026-10-01 23:26:13,237 [INFO] PluginManager:220 - loadIPPluginJar : add resmgrutility
2026-10-01 23:26:13,287 [INFO] IPUIPlugin:80 - create IPUIPlugin
2026-10-01 23:26:13,287 [INFO] PluginManager:220 - loadIPPluginJar : add sai
2026-10-01 23:26:13,327 [INFO] IPUIPlugin:80 - create IPUIPlugin
2026-10-01 23:26:13,328 [INFO] PluginManager:220 - loadIPPluginJar : add spi
2026-10-01 23:26:13,412 [INFO] IPUIPlugin:80 - create IPUIPlugin
2026-10-01 23:26:13,412 [INFO] PluginManager:220 - loadIPPluginJar : add stm32_wpan
2026-10-01 23:26:13,416 [INFO] IPUIPlugin:80 - create IPUIPlugin
2026-10-01 23:26:13,416 [INFO] PluginManager:220 - loadIPPluginJar : add tim
2026-10-01 23:26:13,482 [INFO] IPUIPlugin:80 - create IPUIPlugin
2026-10-01 23:26:13,482 [INFO] PluginManager:220 - loadIPPluginJar : add touchsensing
2026-10-01 23:26:13,507 [INFO] IPUIPlugin:80 - create IPUIPlugin
2026-10-01 23:26:13,507 [INFO] PluginManager:220 - loadIPPluginJar : add tracer_emb
2026-10-01 23:26:13,531 [INFO] IPUIPlugin:80 - create IPUIPlugin
2026-10-01 23:26:13,531 [INFO] PluginManager:220 - loadIPPluginJar : add ts
2026-10-01 23:26:13,552 [INFO] IPUIPlugin:80 - create IPUIPlugin
2026-10-01 23:26:13,552 [INFO] PluginManager:220 - loadIPPluginJar : add tsc
2026-10-01 23:26:13,556 [INFO] IPUIPlugin:80 - create IPUIPlugin
2026-10-01 23:26:13,556 [INFO] PluginManager:220 - loadIPPluginJar : add ucpd
2026-10-01 23:26:13,607 [INFO] IPUIPlugin:80 - create IPUIPlugin
2026-10-01 23:26:13,607 [INFO] PluginManager:220 - loadIPPluginJar : add usart
2026-10-01 23:26:13,652 [INFO] IPUIPlugin:80 - create IPUIPlugin
2026-10-01 23:26:13,652 [INFO] PluginManager:220 - loadIPPluginJar : add usbx
2026-10-01 23:26:13,785 [FATAL] Updater:351 - Updater called before beeing initialized
2026-10-01 23:26:13,873 [INFO] RulesReader:64 - Compatibility file has been processed (317 Rules)
2026-10-01 23:26:13,887 [INFO] RulesReader:64 - Compatibility file has been processed (317 Rules)
2026-10-01 23:26:13,898 [INFO] CADModel:165 - CPN selected for project level
2026-10-01 23:26:13,898 [INFO] CADModel:114 - Register for checkConnection events
2026-10-01 23:26:13,899 [FATAL] Updater:351 - Updater called before beeing initialized
2026-10-01 23:26:13,899 [ERROR] CADModel:125 - Updater not yet initialized, retry later 
2026-10-01 23:26:13,971 [INFO] ThirdPartyUpdaterWithRetryManager:70 - Updater plugin not ready yet. [2/15]
2026-10-01 23:26:14,050 [FATAL] Updater:351 - Updater called before beeing initialized
2026-10-01 23:26:14,052 [INFO] CADModel:165 - CPN selected for project level
2026-10-01 23:26:14,052 [INFO] CADModel:114 - Register for checkConnection events
2026-10-01 23:26:14,052 [FATAL] Updater:351 - Updater called before beeing initialized
2026-10-01 23:26:14,052 [ERROR] CADModel:125 - Updater not yet initialized, retry later 
2026-10-01 23:26:14,056 [FATAL] Updater:351 - Updater called before beeing initialized
2026-10-01 23:26:14,219 [FATAL] Updater:351 - Updater called before beeing initialized
2026-10-01 23:26:14,224 [INFO] DbMcusAds:53 - JSON generation date=Tue Sep 22 19:25:16 ICT 2026 (1790079916640)
2026-10-01 23:26:14,224 [FATAL] Updater:351 - Updater called before beeing initialized
2026-10-01 23:26:14,269 [WARN] DetailPanel:346 - Failed to get advertising image, set to default
2026-10-01 23:26:14,372 [FATAL] Updater:351 - Updater called before beeing initialized
2026-10-01 23:26:14,374 [FATAL] Updater:351 - Updater called before beeing initialized
2026-10-01 23:26:14,374 [FATAL] Updater:351 - Updater called before beeing initialized
2026-10-01 23:26:14,374 [WARN] DetailPanel:346 - Failed to get advertising image, set to default
2026-10-01 23:26:14,376 [FATAL] Updater:351 - Updater called before beeing initialized
2026-10-01 23:26:14,455 [ERROR] Updater:1198 - MainUpdater not yet initialized. External WinMGr cannot be set.
2026-10-01 23:26:14,470 [INFO] Updater:1134 - Updater Version found : 6.15.0
2026-10-01 23:26:14,492 [INFO] ApplicationProperties:184 - Using Application install path: C:\ST\STM32CubeIDE_1.19.0\STM32CubeIDE\plugins\com.st.stm32cube.common.mx_6.15.0.202507011659
2026-10-01 23:26:16,087 [ERROR] LogOutputStream:75 - [STDERR_REDIRECT] Oct 01, 2026 11:26:16 PM java.util.prefs.WindowsPreferences <init>
2026-10-01 23:26:16,089 [ERROR] LogOutputStream:75 - [STDERR_REDIRECT] WARNING: Could not open/create prefs root node Software\JavaSoft\Prefs at root 0xffffffff80000002. Windows RegCreateKeyEx(...) returned error code 5.
2026-10-01 23:26:16,089 [ERROR] LogOutputStream:75 - [STDERR_REDIRECT] 
2026-10-01 23:26:16,629 [INFO] MainUpdater:2872 - connection check result : 10
2026-10-01 23:26:16,630 [INFO] MainUpdater:289 - Updater Check For Update Now.
2026-10-01 23:26:16,630 [INFO] MicroXplorer:498 - Change Database Version : DB.6.0.150
2026-10-01 23:26:16,652 [INFO] McuFinderGlobals:63 - Set McuFinder mode to 2 (CubeIDE integrated)
2026-10-01 23:26:16,653 [INFO] UserAuth:171 - activating auth plugin
2026-10-01 23:26:16,662 [INFO] UserAuth:487 - Internet connection configuration mode: 1
2026-10-01 23:26:16,733 [INFO] JxBrowserEngine:152 - Initiate JxBrowser Engine with user profile folder
2026-10-01 23:26:16,928 [INFO] CheckServerUpdateThread:120 - End of CheckServer Thread
2026-10-01 23:26:17,158 [WARN] PackLoader:240 - Cannot read IP mode file for STMicroelectronics.FP-SNS-SMARTAG2.1.2.0
2026-10-01 23:26:17,178 [WARN] PackLoader:240 - Cannot read IP mode file for STMicroelectronics.FP-SNS-FLIGHT1.5.1.0
2026-10-01 23:26:17,199 [WARN] PackLoader:240 - Cannot read IP mode file for STMicroelectronics.X-CUBE-BLE1.7.1.0
2026-10-01 23:26:17,207 [WARN] PackLoader:240 - Cannot read IP mode file for STMicroelectronics.FP-ATR-SIGFOX1.3.2.0
2026-10-01 23:26:17,226 [WARN] PackLoader:240 - Cannot read IP mode file for STMicroelectronics.X-CUBE-ALS.1.0.2
2026-10-01 23:26:17,229 [INFO] ThirdParty:978 - Integrity check success = true
2026-10-01 23:26:17,229 [INFO] IntegrityCheckThread:100 - exiting critical section [integrity check]
2026-10-01 23:26:17,229 [INFO] IntegrityCheckThread:103 - End integrity checks thread
2026-10-01 23:26:18,381 [INFO] WebApp:169 - Instantiating new browser for Auth
2026-10-01 23:26:19,203 [INFO] WebApp:463 - Apply proxy settings
2026-10-01 23:26:19,203 [INFO] WebApp:548 - Chromium requires no authentication
2026-10-01 23:26:19,212 [INFO] WebApp:491 - Direct internet connection detected
2026-10-01 23:26:19,241 [INFO] WebApp:900 - Register for checkConnection events
2026-10-01 23:26:19,241 [INFO] WebApp:463 - Apply proxy settings
2026-10-01 23:26:19,241 [INFO] WebApp:548 - Chromium requires no authentication
2026-10-01 23:26:19,242 [INFO] WebApp:491 - Direct internet connection detected
2026-10-01 23:26:19,431 [INFO] WebApp:225 - Starting web application
2026-10-01 23:26:19,432 [INFO] WebApp:593 - Web application path used C:\ST\STM32CubeIDE_1.19.0\STM32CubeIDE\plugins\com.st.stm32cube.common.mx_6.15.0.202507011659\db\plugins\mcufinder\reactClient1\index.html
2026-10-01 23:26:20,155 [INFO] WebApp:191 - Connection restablished
2026-10-01 23:26:20,266 [ERROR] LogOutputStream:75 - [STDERR_REDIRECT] [Fatal Error] :1:1: Premature end of file.
2026-10-01 23:26:20,267 [ERROR] LogOutputStream:75 - [STDERR_REDIRECT] 
2026-10-01 23:26:20,879 [ERROR] LogOutputStream:75 - [STDERR_REDIRECT] [Fatal Error] :1:1: Premature end of file.
2026-10-01 23:26:20,879 [ERROR] LogOutputStream:75 - [STDERR_REDIRECT] 
2026-10-01 23:26:21,896 [ERROR] LogOutputStream:75 - [STDERR_REDIRECT] [Fatal Error] :1:1: Premature end of file.
2026-10-01 23:26:21,896 [ERROR] LogOutputStream:75 - [STDERR_REDIRECT] 
2026-10-01 23:26:22,884 [ERROR] LogOutputStream:75 - [STDERR_REDIRECT] [Fatal Error] :1:1: Premature end of file.
2026-10-01 23:26:22,884 [ERROR] LogOutputStream:75 - [STDERR_REDIRECT] 
2026-10-01 23:26:23,888 [ERROR] LogOutputStream:75 - [STDERR_REDIRECT] [Fatal Error] :1:1: Premature end of file.
2026-10-01 23:26:23,888 [ERROR] LogOutputStream:75 - [STDERR_REDIRECT] 
2026-10-01 23:26:24,889 [ERROR] LogOutputStream:75 - [STDERR_REDIRECT] [Fatal Error] :1:1: Premature end of file.
2026-10-01 23:26:24,889 [ERROR] LogOutputStream:75 - [STDERR_REDIRECT] 
2026-10-01 23:26:25,906 [ERROR] LogOutputStream:75 - [STDERR_REDIRECT] [Fatal Error] :1:1: Premature end of file.
2026-10-01 23:26:25,906 [ERROR] LogOutputStream:75 - [STDERR_REDIRECT] 
2026-10-01 23:26:26,878 [ERROR] LogOutputStream:75 - [STDERR_REDIRECT] [Fatal Error] :1:1: Premature end of file.
2026-10-01 23:26:26,878 [ERROR] LogOutputStream:75 - [STDERR_REDIRECT] 
2026-10-01 23:26:27,892 [ERROR] LogOutputStream:75 - [STDERR_REDIRECT] [Fatal Error] :1:1: Premature end of file.
2026-10-01 23:26:27,892 [ERROR] LogOutputStream:75 - [STDERR_REDIRECT] 
2026-10-01 23:26:28,890 [ERROR] LogOutputStream:75 - [STDERR_REDIRECT] [Fatal Error] :1:1: Premature end of file.
2026-10-01 23:26:28,891 [ERROR] LogOutputStream:75 - [STDERR_REDIRECT] 
2026-10-01 23:26:29,893 [ERROR] LogOutputStream:75 - [STDERR_REDIRECT] [Fatal Error] :1:1: Premature end of file.
2026-10-01 23:26:29,893 [ERROR] LogOutputStream:75 - [STDERR_REDIRECT] 
2026-10-01 23:26:30,885 [ERROR] LogOutputStream:75 - [STDERR_REDIRECT] [Fatal Error] :1:1: Premature end of file.
2026-10-01 23:26:30,885 [ERROR] LogOutputStream:75 - [STDERR_REDIRECT] 
2026-10-01 23:26:31,885 [ERROR] LogOutputStream:75 - [STDERR_REDIRECT] [Fatal Error] :1:1: Premature end of file.
2026-10-01 23:26:31,886 [ERROR] LogOutputStream:75 - [STDERR_REDIRECT] 
2026-10-01 23:26:32,894 [ERROR] LogOutputStream:75 - [STDERR_REDIRECT] [Fatal Error] :1:1: Premature end of file.
2026-10-01 23:26:32,894 [ERROR] LogOutputStream:75 - [STDERR_REDIRECT] 
2026-10-01 23:26:33,897 [ERROR] LogOutputStream:75 - [STDERR_REDIRECT] [Fatal Error] :1:1: Premature end of file.
2026-10-01 23:26:33,897 [ERROR] LogOutputStream:75 - [STDERR_REDIRECT] 
2026-10-01 23:26:34,885 [ERROR] LogOutputStream:75 - [STDERR_REDIRECT] [Fatal Error] :1:1: Premature end of file.
2026-10-01 23:26:34,885 [ERROR] LogOutputStream:75 - [STDERR_REDIRECT] 
2026-10-01 23:26:35,877 [ERROR] LogOutputStream:75 - [STDERR_REDIRECT] [Fatal Error] :1:1: Premature end of file.
2026-10-01 23:26:35,877 [ERROR] LogOutputStream:75 - [STDERR_REDIRECT] 
2026-10-01 23:26:36,881 [ERROR] LogOutputStream:75 - [STDERR_REDIRECT] [Fatal Error] :1:1: Premature end of file.
2026-10-01 23:26:36,882 [ERROR] LogOutputStream:75 - [STDERR_REDIRECT] 
2026-10-01 23:26:37,891 [ERROR] LogOutputStream:75 - [STDERR_REDIRECT] [Fatal Error] :1:1: Premature end of file.
2026-10-01 23:26:37,891 [ERROR] LogOutputStream:75 - [STDERR_REDIRECT] 
2026-10-01 23:26:38,887 [ERROR] LogOutputStream:75 - [STDERR_REDIRECT] [Fatal Error] :1:1: Premature end of file.
2026-10-01 23:26:38,888 [ERROR] LogOutputStream:75 - [STDERR_REDIRECT] 
2026-10-01 23:26:39,889 [ERROR] LogOutputStream:75 - [STDERR_REDIRECT] [Fatal Error] :1:1: Premature end of file.
2026-10-01 23:26:39,889 [ERROR] LogOutputStream:75 - [STDERR_REDIRECT] 
2026-10-01 23:26:40,891 [ERROR] LogOutputStream:75 - [STDERR_REDIRECT] [Fatal Error] :1:1: Premature end of file.
2026-10-01 23:26:40,891 [ERROR] LogOutputStream:75 - [STDERR_REDIRECT] 
2026-10-01 23:26:41,904 [ERROR] LogOutputStream:75 - [STDERR_REDIRECT] [Fatal Error] :1:1: Premature end of file.
2026-10-01 23:26:41,905 [ERROR] LogOutputStream:75 - [STDERR_REDIRECT] 
2026-10-01 23:26:42,891 [ERROR] LogOutputStream:75 - [STDERR_REDIRECT] [Fatal Error] :1:1: Premature end of file.
2026-10-01 23:26:42,891 [ERROR] LogOutputStream:75 - [STDERR_REDIRECT] 
2026-10-01 23:26:43,877 [ERROR] LogOutputStream:75 - [STDERR_REDIRECT] [Fatal Error] :1:1: Premature end of file.
2026-10-01 23:26:43,878 [ERROR] LogOutputStream:75 - [STDERR_REDIRECT] 
2026-10-01 23:26:44,890 [ERROR] LogOutputStream:75 - [STDERR_REDIRECT] [Fatal Error] :1:1: Premature end of file.
2026-10-01 23:26:44,890 [ERROR] LogOutputStream:75 - [STDERR_REDIRECT] 
2026-10-01 23:26:45,880 [ERROR] LogOutputStream:75 - [STDERR_REDIRECT] [Fatal Error] :1:1: Premature end of file.
2026-10-01 23:26:45,880 [ERROR] LogOutputStream:75 - [STDERR_REDIRECT] 
2026-10-01 23:26:46,977 [ERROR] LogOutputStream:75 - [STDERR_REDIRECT] [Fatal Error] :1:1: Premature end of file.
2026-10-01 23:26:46,978 [ERROR] LogOutputStream:75 - [STDERR_REDIRECT] 
2026-10-01 23:26:47,554 [INFO] WebApp:194 - Connection lost
2026-10-01 23:26:47,890 [ERROR] LogOutputStream:75 - [STDERR_REDIRECT] [Fatal Error] :1:1: Premature end of file.
2026-10-01 23:26:47,890 [ERROR] LogOutputStream:75 - [STDERR_REDIRECT] 
2026-10-01 23:26:47,957 [INFO] WebApp:191 - Connection restablished
2026-10-01 23:26:48,882 [ERROR] LogOutputStream:75 - [STDERR_REDIRECT] [Fatal Error] :1:1: Premature end of file.
2026-10-01 23:26:48,883 [ERROR] LogOutputStream:75 - [STDERR_REDIRECT] 
2026-10-01 23:26:49,883 [ERROR] LogOutputStream:75 - [STDERR_REDIRECT] [Fatal Error] :1:1: Premature end of file.
2026-10-01 23:26:49,883 [ERROR] LogOutputStream:75 - [STDERR_REDIRECT] 
2026-10-01 23:26:50,891 [ERROR] LogOutputStream:75 - [STDERR_REDIRECT] [Fatal Error] :1:1: Premature end of file.
2026-10-01 23:26:50,891 [ERROR] LogOutputStream:75 - [STDERR_REDIRECT] 
2026-10-01 23:26:51,886 [ERROR] LogOutputStream:75 - [STDERR_REDIRECT] [Fatal Error] :1:1: Premature end of file.
2026-10-01 23:26:51,886 [ERROR] LogOutputStream:75 - [STDERR_REDIRECT] 
2026-10-01 23:26:52,891 [ERROR] LogOutputStream:75 - [STDERR_REDIRECT] [Fatal Error] :1:1: Premature end of file.
2026-10-01 23:26:52,891 [ERROR] LogOutputStream:75 - [STDERR_REDIRECT] 
2026-10-01 23:26:53,888 [ERROR] LogOutputStream:75 - [STDERR_REDIRECT] [Fatal Error] :1:1: Premature end of file.
2026-10-01 23:26:53,888 [ERROR] LogOutputStream:75 - [STDERR_REDIRECT] 
2026-10-01 23:26:54,963 [ERROR] LogOutputStream:75 - [STDERR_REDIRECT] [Fatal Error] :1:1: Premature end of file.
2026-10-01 23:26:54,964 [ERROR] LogOutputStream:75 - [STDERR_REDIRECT] 
2026-10-01 23:26:55,886 [ERROR] LogOutputStream:75 - [STDERR_REDIRECT] [Fatal Error] :1:1: Premature end of file.
2026-10-01 23:26:55,887 [ERROR] LogOutputStream:75 - [STDERR_REDIRECT] 
2026-10-01 23:26:56,897 [ERROR] LogOutputStream:75 - [STDERR_REDIRECT] [Fatal Error] :1:1: Premature end of file.
2026-10-01 23:26:56,897 [ERROR] LogOutputStream:75 - [STDERR_REDIRECT] 
2026-10-01 23:26:57,884 [ERROR] LogOutputStream:75 - [STDERR_REDIRECT] [Fatal Error] :1:1: Premature end of file.
2026-10-01 23:26:57,884 [ERROR] LogOutputStream:75 - [STDERR_REDIRECT] 
2026-10-01 23:26:58,889 [ERROR] LogOutputStream:75 - [STDERR_REDIRECT] [Fatal Error] :1:1: Premature end of file.
2026-10-01 23:26:58,889 [ERROR] LogOutputStream:75 - [STDERR_REDIRECT] 
2026-10-01 23:26:59,913 [ERROR] LogOutputStream:75 - [STDERR_REDIRECT] [Fatal Error] :1:1: Premature end of file.
2026-10-01 23:26:59,913 [ERROR] LogOutputStream:75 - [STDERR_REDIRECT] 
2026-10-01 23:27:00,887 [ERROR] LogOutputStream:75 - [STDERR_REDIRECT] [Fatal Error] :1:1: Premature end of file.
2026-10-01 23:27:00,887 [ERROR] LogOutputStream:75 - [STDERR_REDIRECT] 
2026-10-01 23:27:01,876 [ERROR] LogOutputStream:75 - [STDERR_REDIRECT] [Fatal Error] :1:1: Premature end of file.
2026-10-01 23:27:01,876 [ERROR] LogOutputStream:75 - [STDERR_REDIRECT] 
2026-10-01 23:27:02,888 [ERROR] LogOutputStream:75 - [STDERR_REDIRECT] [Fatal Error] :1:1: Premature end of file.
2026-10-01 23:27:02,888 [ERROR] LogOutputStream:75 - [STDERR_REDIRECT] 
2026-10-01 23:27:03,901 [ERROR] LogOutputStream:75 - [STDERR_REDIRECT] [Fatal Error] :1:1: Premature end of file.
2026-10-01 23:27:03,901 [ERROR] LogOutputStream:75 - [STDERR_REDIRECT] 
2026-10-01 23:27:04,881 [ERROR] LogOutputStream:75 - [STDERR_REDIRECT] [Fatal Error] :1:1: Premature end of file.
2026-10-01 23:27:04,881 [ERROR] LogOutputStream:75 - [STDERR_REDIRECT] 
2026-10-01 23:27:05,887 [ERROR] LogOutputStream:75 - [STDERR_REDIRECT] [Fatal Error] :1:1: Premature end of file.
2026-10-01 23:27:05,887 [ERROR] LogOutputStream:75 - [STDERR_REDIRECT] 
2026-10-01 23:27:06,951 [ERROR] LogOutputStream:75 - [STDERR_REDIRECT] [Fatal Error] :1:1: Premature end of file.
2026-10-01 23:27:06,954 [ERROR] LogOutputStream:75 - [STDERR_REDIRECT] 
2026-10-01 23:27:07,925 [ERROR] LogOutputStream:75 - [STDERR_REDIRECT] [Fatal Error] :1:1: Premature end of file.
2026-10-01 23:27:07,926 [ERROR] LogOutputStream:75 - [STDERR_REDIRECT] 
2026-10-01 23:27:08,874 [ERROR] LogOutputStream:75 - [STDERR_REDIRECT] [Fatal Error] :1:1: Premature end of file.
2026-10-01 23:27:08,874 [ERROR] LogOutputStream:75 - [STDERR_REDIRECT] 
2026-10-01 23:27:09,875 [ERROR] LogOutputStream:75 - [STDERR_REDIRECT] [Fatal Error] :1:1: Premature end of file.
2026-10-01 23:27:09,876 [ERROR] LogOutputStream:75 - [STDERR_REDIRECT] 
2026-10-01 23:27:10,878 [ERROR] LogOutputStream:75 - [STDERR_REDIRECT] [Fatal Error] :1:1: Premature end of file.
2026-10-01 23:27:10,880 [ERROR] LogOutputStream:75 - [STDERR_REDIRECT] 
2026-10-01 23:27:11,882 [ERROR] LogOutputStream:75 - [STDERR_REDIRECT] [Fatal Error] :1:1: Premature end of file.
2026-10-01 23:27:11,883 [ERROR] LogOutputStream:75 - [STDERR_REDIRECT] 
2026-10-01 23:27:12,973 [ERROR] LogOutputStream:75 - [STDERR_REDIRECT] [Fatal Error] :1:1: Premature end of file.
2026-10-01 23:27:12,973 [ERROR] LogOutputStream:75 - [STDERR_REDIRECT] 
2026-10-01 23:27:13,887 [ERROR] LogOutputStream:75 - [STDERR_REDIRECT] [Fatal Error] :1:1: Premature end of file.
2026-10-01 23:27:13,887 [ERROR] LogOutputStream:75 - [STDERR_REDIRECT] 
2026-10-01 23:27:14,885 [ERROR] LogOutputStream:75 - [STDERR_REDIRECT] [Fatal Error] :1:1: Premature end of file.
2026-10-01 23:27:14,885 [ERROR] LogOutputStream:75 - [STDERR_REDIRECT] 
2026-10-01 23:27:15,875 [ERROR] LogOutputStream:75 - [STDERR_REDIRECT] [Fatal Error] :1:1: Premature end of file.
2026-10-01 23:27:15,875 [ERROR] LogOutputStream:75 - [STDERR_REDIRECT] 
2026-10-01 23:27:16,894 [ERROR] LogOutputStream:75 - [STDERR_REDIRECT] [Fatal Error] :1:1: Premature end of file.
2026-10-01 23:27:16,894 [ERROR] LogOutputStream:75 - [STDERR_REDIRECT] 
2026-10-01 23:27:17,884 [ERROR] LogOutputStream:75 - [STDERR_REDIRECT] [Fatal Error] :1:1: Premature end of file.
2026-10-01 23:27:17,885 [ERROR] LogOutputStream:75 - [STDERR_REDIRECT] 
2026-10-01 23:27:18,874 [ERROR] LogOutputStream:75 - [STDERR_REDIRECT] [Fatal Error] :1:1: Premature end of file.
2026-10-01 23:27:18,875 [ERROR] LogOutputStream:75 - [STDERR_REDIRECT] 
2026-10-01 23:27:19,872 [ERROR] LogOutputStream:75 - [STDERR_REDIRECT] [Fatal Error] :1:1: Premature end of file.
2026-10-01 23:27:19,872 [ERROR] LogOutputStream:75 - [STDERR_REDIRECT] 
2026-10-01 23:27:20,887 [ERROR] LogOutputStream:75 - [STDERR_REDIRECT] [Fatal Error] :1:1: Premature end of file.
2026-10-01 23:27:20,888 [ERROR] LogOutputStream:75 - [STDERR_REDIRECT] 
2026-10-01 23:27:21,891 [ERROR] LogOutputStream:75 - [STDERR_REDIRECT] [Fatal Error] :1:1: Premature end of file.
2026-10-01 23:27:21,891 [ERROR] LogOutputStream:75 - [STDERR_REDIRECT] 
2026-10-01 23:27:22,885 [ERROR] LogOutputStream:75 - [STDERR_REDIRECT] [Fatal Error] :1:1: Premature end of file.
2026-10-01 23:27:22,885 [ERROR] LogOutputStream:75 - [STDERR_REDIRECT] 
2026-10-01 23:27:23,886 [ERROR] LogOutputStream:75 - [STDERR_REDIRECT] [Fatal Error] :1:1: Premature end of file.
2026-10-01 23:27:23,887 [ERROR] LogOutputStream:75 - [STDERR_REDIRECT] 
2026-10-01 23:27:24,887 [ERROR] LogOutputStream:75 - [STDERR_REDIRECT] [Fatal Error] :1:1: Premature end of file.
2026-10-01 23:27:24,887 [ERROR] LogOutputStream:75 - [STDERR_REDIRECT] 
2026-10-01 23:27:25,885 [ERROR] LogOutputStream:75 - [STDERR_REDIRECT] [Fatal Error] :1:1: Premature end of file.
2026-10-01 23:27:25,885 [ERROR] LogOutputStream:75 - [STDERR_REDIRECT] 
2026-10-01 23:27:26,892 [ERROR] LogOutputStream:75 - [STDERR_REDIRECT] [Fatal Error] :1:1: Premature end of file.
2026-10-01 23:27:26,892 [ERROR] LogOutputStream:75 - [STDERR_REDIRECT] 
2026-10-01 23:27:27,877 [ERROR] LogOutputStream:75 - [STDERR_REDIRECT] [Fatal Error] :1:1: Premature end of file.
2026-10-01 23:27:27,878 [ERROR] LogOutputStream:75 - [STDERR_REDIRECT] 
2026-10-01 23:27:28,873 [ERROR] LogOutputStream:75 - [STDERR_REDIRECT] [Fatal Error] :1:1: Premature end of file.
2026-10-01 23:27:28,874 [ERROR] LogOutputStream:75 - [STDERR_REDIRECT] 
2026-10-01 23:27:29,886 [ERROR] LogOutputStream:75 - [STDERR_REDIRECT] [Fatal Error] :1:1: Premature end of file.
2026-10-01 23:27:29,886 [ERROR] LogOutputStream:75 - [STDERR_REDIRECT] 
2026-10-01 23:27:30,889 [ERROR] LogOutputStream:75 - [STDERR_REDIRECT] [Fatal Error] :1:1: Premature end of file.
2026-10-01 23:27:30,889 [ERROR] LogOutputStream:75 - [STDERR_REDIRECT] 
2026-10-01 23:27:31,885 [ERROR] LogOutputStream:75 - [STDERR_REDIRECT] [Fatal Error] :1:1: Premature end of file.
2026-10-01 23:27:31,886 [ERROR] LogOutputStream:75 - [STDERR_REDIRECT] 
2026-10-01 23:27:32,874 [ERROR] LogOutputStream:75 - [STDERR_REDIRECT] [Fatal Error] :1:1: Premature end of file.
2026-10-01 23:27:32,874 [ERROR] LogOutputStream:75 - [STDERR_REDIRECT] 
2026-10-01 23:27:33,887 [ERROR] LogOutputStream:75 - [STDERR_REDIRECT] [Fatal Error] :1:1: Premature end of file.
2026-10-01 23:27:33,887 [ERROR] LogOutputStream:75 - [STDERR_REDIRECT] 
2026-10-01 23:27:34,887 [ERROR] LogOutputStream:75 - [STDERR_REDIRECT] [Fatal Error] :1:1: Premature end of file.
2026-10-01 23:27:34,887 [ERROR] LogOutputStream:75 - [STDERR_REDIRECT] 
2026-10-01 23:27:35,880 [ERROR] LogOutputStream:75 - [STDERR_REDIRECT] [Fatal Error] :1:1: Premature end of file.
2026-10-01 23:27:35,881 [ERROR] LogOutputStream:75 - [STDERR_REDIRECT] 
2026-10-01 23:27:36,882 [ERROR] LogOutputStream:75 - [STDERR_REDIRECT] [Fatal Error] :1:1: Premature end of file.
2026-10-01 23:27:36,882 [ERROR] LogOutputStream:75 - [STDERR_REDIRECT] 
2026-10-01 23:27:37,882 [ERROR] LogOutputStream:75 - [STDERR_REDIRECT] [Fatal Error] :1:1: Premature end of file.
2026-10-01 23:27:37,883 [ERROR] LogOutputStream:75 - [STDERR_REDIRECT] 
2026-10-01 23:27:38,879 [ERROR] LogOutputStream:75 - [STDERR_REDIRECT] [Fatal Error] :1:1: Premature end of file.
2026-10-01 23:27:38,879 [ERROR] LogOutputStream:75 - [STDERR_REDIRECT] 
2026-10-01 23:27:39,877 [ERROR] LogOutputStream:75 - [STDERR_REDIRECT] [Fatal Error] :1:1: Premature end of file.
2026-10-01 23:27:39,878 [ERROR] LogOutputStream:75 - [STDERR_REDIRECT] 
2026-10-01 23:27:40,878 [ERROR] LogOutputStream:75 - [STDERR_REDIRECT] [Fatal Error] :1:1: Premature end of file.
2026-10-01 23:27:40,878 [ERROR] LogOutputStream:75 - [STDERR_REDIRECT] 
2026-10-01 23:27:41,878 [ERROR] LogOutputStream:75 - [STDERR_REDIRECT] [Fatal Error] :1:1: Premature end of file.
2026-10-01 23:27:41,878 [ERROR] LogOutputStream:75 - [STDERR_REDIRECT] 
2026-10-01 23:27:42,885 [ERROR] LogOutputStream:75 - [STDERR_REDIRECT] [Fatal Error] :1:1: Premature end of file.
2026-10-01 23:27:42,885 [ERROR] LogOutputStream:75 - [STDERR_REDIRECT] 
2026-10-01 23:27:43,882 [ERROR] LogOutputStream:75 - [STDERR_REDIRECT] [Fatal Error] :1:1: Premature end of file.
2026-10-01 23:27:43,882 [ERROR] LogOutputStream:75 - [STDERR_REDIRECT] 
2026-10-01 23:27:44,888 [ERROR] LogOutputStream:75 - [STDERR_REDIRECT] [Fatal Error] :1:1: Premature end of file.
2026-10-01 23:27:44,889 [ERROR] LogOutputStream:75 - [STDERR_REDIRECT] 
2026-10-01 23:27:45,882 [ERROR] LogOutputStream:75 - [STDERR_REDIRECT] [Fatal Error] :1:1: Premature end of file.
2026-10-01 23:27:45,882 [ERROR] LogOutputStream:75 - [STDERR_REDIRECT] 
2026-10-01 23:27:46,891 [ERROR] LogOutputStream:75 - [STDERR_REDIRECT] [Fatal Error] :1:1: Premature end of file.
2026-10-01 23:27:46,892 [ERROR] LogOutputStream:75 - [STDERR_REDIRECT] 
2026-10-01 23:27:47,884 [ERROR] LogOutputStream:75 - [STDERR_REDIRECT] [Fatal Error] :1:1: Premature end of file.
2026-10-01 23:27:47,885 [ERROR] LogOutputStream:75 - [STDERR_REDIRECT] 
2026-10-01 23:27:48,872 [ERROR] LogOutputStream:75 - [STDERR_REDIRECT] [Fatal Error] :1:1: Premature end of file.
2026-10-01 23:27:48,872 [ERROR] LogOutputStream:75 - [STDERR_REDIRECT] 
2026-10-01 23:27:49,887 [ERROR] LogOutputStream:75 - [STDERR_REDIRECT] [Fatal Error] :1:1: Premature end of file.
2026-10-01 23:27:49,888 [ERROR] LogOutputStream:75 - [STDERR_REDIRECT] 
2026-10-01 23:27:50,887 [ERROR] LogOutputStream:75 - [STDERR_REDIRECT] [Fatal Error] :1:1: Premature end of file.
2026-10-01 23:27:50,887 [ERROR] LogOutputStream:75 - [STDERR_REDIRECT] 
2026-10-01 23:27:51,879 [ERROR] LogOutputStream:75 - [STDERR_REDIRECT] [Fatal Error] :1:1: Premature end of file.
2026-10-01 23:27:51,879 [ERROR] LogOutputStream:75 - [STDERR_REDIRECT] 
2026-10-01 23:27:52,894 [ERROR] LogOutputStream:75 - [STDERR_REDIRECT] [Fatal Error] :1:1: Premature end of file.
2026-10-01 23:27:52,894 [ERROR] LogOutputStream:75 - [STDERR_REDIRECT] 
2026-10-01 23:27:53,886 [ERROR] LogOutputStream:75 - [STDERR_REDIRECT] [Fatal Error] :1:1: Premature end of file.
2026-10-01 23:27:53,886 [ERROR] LogOutputStream:75 - [STDERR_REDIRECT] 
2026-10-01 23:27:54,885 [ERROR] LogOutputStream:75 - [STDERR_REDIRECT] [Fatal Error] :1:1: Premature end of file.
2026-10-01 23:27:54,885 [ERROR] LogOutputStream:75 - [STDERR_REDIRECT] 
2026-10-01 23:27:55,885 [ERROR] LogOutputStream:75 - [STDERR_REDIRECT] [Fatal Error] :1:1: Premature end of file.
2026-10-01 23:27:55,886 [ERROR] LogOutputStream:75 - [STDERR_REDIRECT] 
2026-10-01 23:27:56,886 [ERROR] LogOutputStream:75 - [STDERR_REDIRECT] [Fatal Error] :1:1: Premature end of file.
2026-10-01 23:27:56,887 [ERROR] LogOutputStream:75 - [STDERR_REDIRECT] 
2026-10-01 23:27:57,883 [ERROR] LogOutputStream:75 - [STDERR_REDIRECT] [Fatal Error] :1:1: Premature end of file.
2026-10-01 23:27:57,883 [ERROR] LogOutputStream:75 - [STDERR_REDIRECT] 
2026-10-01 23:27:58,886 [ERROR] LogOutputStream:75 - [STDERR_REDIRECT] [Fatal Error] :1:1: Premature end of file.
2026-10-01 23:27:58,887 [ERROR] LogOutputStream:75 - [STDERR_REDIRECT] 
2026-10-01 23:27:59,889 [ERROR] LogOutputStream:75 - [STDERR_REDIRECT] [Fatal Error] :1:1: Premature end of file.
2026-10-01 23:27:59,889 [ERROR] LogOutputStream:75 - [STDERR_REDIRECT] 
2026-10-01 23:28:00,886 [ERROR] LogOutputStream:75 - [STDERR_REDIRECT] [Fatal Error] :1:1: Premature end of file.
2026-10-01 23:28:00,887 [ERROR] LogOutputStream:75 - [STDERR_REDIRECT] 
2026-10-01 23:28:01,876 [ERROR] LogOutputStream:75 - [STDERR_REDIRECT] [Fatal Error] :1:1: Premature end of file.
2026-10-01 23:28:01,876 [ERROR] LogOutputStream:75 - [STDERR_REDIRECT] 
2026-10-01 23:28:02,916 [ERROR] LogOutputStream:75 - [STDERR_REDIRECT] [Fatal Error] :1:1: Premature end of file.
2026-10-01 23:28:02,917 [ERROR] LogOutputStream:75 - [STDERR_REDIRECT] 
2026-10-01 23:28:03,874 [ERROR] LogOutputStream:75 - [STDERR_REDIRECT] [Fatal Error] :1:1: Premature end of file.
2026-10-01 23:28:03,875 [ERROR] LogOutputStream:75 - [STDERR_REDIRECT] 
2026-10-01 23:28:04,878 [ERROR] LogOutputStream:75 - [STDERR_REDIRECT] [Fatal Error] :1:1: Premature end of file.
2026-10-01 23:28:04,884 [ERROR] LogOutputStream:75 - [STDERR_REDIRECT] 
2026-10-01 23:28:05,875 [ERROR] LogOutputStream:75 - [STDERR_REDIRECT] [Fatal Error] :1:1: Premature end of file.
2026-10-01 23:28:05,875 [ERROR] LogOutputStream:75 - [STDERR_REDIRECT] 
2026-10-01 23:28:06,887 [ERROR] LogOutputStream:75 - [STDERR_REDIRECT] [Fatal Error] :1:1: Premature end of file.
2026-10-01 23:28:06,887 [ERROR] LogOutputStream:75 - [STDERR_REDIRECT] 
2026-10-01 23:28:07,871 [ERROR] LogOutputStream:75 - [STDERR_REDIRECT] [Fatal Error] :1:1: Premature end of file.
2026-10-01 23:28:07,872 [ERROR] LogOutputStream:75 - [STDERR_REDIRECT] 
2026-10-01 23:28:08,883 [ERROR] LogOutputStream:75 - [STDERR_REDIRECT] [Fatal Error] :1:1: Premature end of file.
2026-10-01 23:28:08,884 [ERROR] LogOutputStream:75 - [STDERR_REDIRECT] 
2026-10-01 23:28:09,873 [ERROR] LogOutputStream:75 - [STDERR_REDIRECT] [Fatal Error] :1:1: Premature end of file.
2026-10-01 23:28:09,873 [ERROR] LogOutputStream:75 - [STDERR_REDIRECT] 
2026-10-01 23:28:10,875 [ERROR] LogOutputStream:75 - [STDERR_REDIRECT] [Fatal Error] :1:1: Premature end of file.
2026-10-01 23:28:10,876 [ERROR] LogOutputStream:75 - [STDERR_REDIRECT] 
2026-10-01 23:28:11,883 [ERROR] LogOutputStream:75 - [STDERR_REDIRECT] [Fatal Error] :1:1: Premature end of file.
2026-10-01 23:28:11,883 [ERROR] LogOutputStream:75 - [STDERR_REDIRECT] 
2026-10-01 23:28:12,877 [ERROR] LogOutputStream:75 - [STDERR_REDIRECT] [Fatal Error] :1:1: Premature end of file.
2026-10-01 23:28:12,878 [ERROR] LogOutputStream:75 - [STDERR_REDIRECT] 
2026-10-01 23:28:13,901 [ERROR] LogOutputStream:75 - [STDERR_REDIRECT] [Fatal Error] :1:1: Premature end of file.
2026-10-01 23:28:13,901 [ERROR] LogOutputStream:75 - [STDERR_REDIRECT] 
2026-10-01 23:28:14,875 [ERROR] LogOutputStream:75 - [STDERR_REDIRECT] [Fatal Error] :1:1: Premature end of file.
2026-10-01 23:28:14,875 [ERROR] LogOutputStream:75 - [STDERR_REDIRECT] 
2026-10-01 23:28:15,881 [ERROR] LogOutputStream:75 - [STDERR_REDIRECT] [Fatal Error] :1:1: Premature end of file.
2026-10-01 23:28:15,882 [ERROR] LogOutputStream:75 - [STDERR_REDIRECT] 
2026-10-01 23:28:16,886 [ERROR] LogOutputStream:75 - [STDERR_REDIRECT] [Fatal Error] :1:1: Premature end of file.
2026-10-01 23:28:16,886 [ERROR] LogOutputStream:75 - [STDERR_REDIRECT] 
2026-10-01 23:28:17,885 [ERROR] LogOutputStream:75 - [STDERR_REDIRECT] [Fatal Error] :1:1: Premature end of file.
2026-10-01 23:28:17,885 [ERROR] LogOutputStream:75 - [STDERR_REDIRECT] 
2026-10-01 23:28:18,890 [ERROR] LogOutputStream:75 - [STDERR_REDIRECT] [Fatal Error] :1:1: Premature end of file.
2026-10-01 23:28:18,890 [ERROR] LogOutputStream:75 - [STDERR_REDIRECT] 
2026-10-01 23:28:19,893 [ERROR] LogOutputStream:75 - [STDERR_REDIRECT] [Fatal Error] :1:1: Premature end of file.
2026-10-01 23:28:19,894 [ERROR] LogOutputStream:75 - [STDERR_REDIRECT] 
2026-10-01 23:28:20,888 [ERROR] LogOutputStream:75 - [STDERR_REDIRECT] [Fatal Error] :1:1: Premature end of file.
2026-10-01 23:28:20,888 [ERROR] LogOutputStream:75 - [STDERR_REDIRECT] 
2026-10-01 23:28:21,876 [ERROR] LogOutputStream:75 - [STDERR_REDIRECT] [Fatal Error] :1:1: Premature end of file.
2026-10-01 23:28:21,876 [ERROR] LogOutputStream:75 - [STDERR_REDIRECT] 
2026-10-01 23:28:22,891 [ERROR] LogOutputStream:75 - [STDERR_REDIRECT] [Fatal Error] :1:1: Premature end of file.
2026-10-01 23:28:22,891 [ERROR] LogOutputStream:75 - [STDERR_REDIRECT] 
2026-10-01 23:28:23,887 [ERROR] LogOutputStream:75 - [STDERR_REDIRECT] [Fatal Error] :1:1: Premature end of file.
2026-10-01 23:28:23,888 [ERROR] LogOutputStream:75 - [STDERR_REDIRECT] 
2026-10-01 23:28:24,884 [ERROR] LogOutputStream:75 - [STDERR_REDIRECT] [Fatal Error] :1:1: Premature end of file.
2026-10-01 23:28:24,884 [ERROR] LogOutputStream:75 - [STDERR_REDIRECT] 
2026-10-01 23:28:25,887 [ERROR] LogOutputStream:75 - [STDERR_REDIRECT] [Fatal Error] :1:1: Premature end of file.
2026-10-01 23:28:25,888 [ERROR] LogOutputStream:75 - [STDERR_REDIRECT] 
2026-10-01 23:28:26,889 [ERROR] LogOutputStream:75 - [STDERR_REDIRECT] [Fatal Error] :1:1: Premature end of file.
2026-10-01 23:28:26,889 [ERROR] LogOutputStream:75 - [STDERR_REDIRECT] 
2026-10-01 23:28:27,890 [ERROR] LogOutputStream:75 - [STDERR_REDIRECT] [Fatal Error] :1:1: Premature end of file.
2026-10-01 23:28:27,891 [ERROR] LogOutputStream:75 - [STDERR_REDIRECT] 
2026-10-01 23:28:28,889 [ERROR] LogOutputStream:75 - [STDERR_REDIRECT] [Fatal Error] :1:1: Premature end of file.
2026-10-01 23:28:28,889 [ERROR] LogOutputStream:75 - [STDERR_REDIRECT] 
2026-10-01 23:28:29,892 [ERROR] LogOutputStream:75 - [STDERR_REDIRECT] [Fatal Error] :1:1: Premature end of file.
2026-10-01 23:28:29,892 [ERROR] LogOutputStream:75 - [STDERR_REDIRECT] 
2026-10-01 23:28:30,888 [ERROR] LogOutputStream:75 - [STDERR_REDIRECT] [Fatal Error] :1:1: Premature end of file.
2026-10-01 23:28:30,888 [ERROR] LogOutputStream:75 - [STDERR_REDIRECT] 
2026-10-01 23:28:31,887 [ERROR] LogOutputStream:75 - [STDERR_REDIRECT] [Fatal Error] :1:1: Premature end of file.
2026-10-01 23:28:31,887 [ERROR] LogOutputStream:75 - [STDERR_REDIRECT] 
2026-10-01 23:28:32,902 [ERROR] LogOutputStream:75 - [STDERR_REDIRECT] [Fatal Error] :1:1: Premature end of file.
2026-10-01 23:28:32,902 [ERROR] LogOutputStream:75 - [STDERR_REDIRECT] 
2026-10-01 23:28:33,892 [ERROR] LogOutputStream:75 - [STDERR_REDIRECT] [Fatal Error] :1:1: Premature end of file.
2026-10-01 23:28:33,893 [ERROR] LogOutputStream:75 - [STDERR_REDIRECT] 
2026-10-01 23:28:34,881 [ERROR] LogOutputStream:75 - [STDERR_REDIRECT] [Fatal Error] :1:1: Premature end of file.
2026-10-01 23:28:34,881 [ERROR] LogOutputStream:75 - [STDERR_REDIRECT] 
2026-10-01 23:28:35,884 [ERROR] LogOutputStream:75 - [STDERR_REDIRECT] [Fatal Error] :1:1: Premature end of file.
2026-10-01 23:28:35,885 [ERROR] LogOutputStream:75 - [STDERR_REDIRECT] 
2026-10-01 23:28:36,881 [ERROR] LogOutputStream:75 - [STDERR_REDIRECT] [Fatal Error] :1:1: Premature end of file.
2026-10-01 23:28:36,881 [ERROR] LogOutputStream:75 - [STDERR_REDIRECT] 
2026-10-01 23:28:37,886 [ERROR] LogOutputStream:75 - [STDERR_REDIRECT] [Fatal Error] :1:1: Premature end of file.
2026-10-01 23:28:37,886 [ERROR] LogOutputStream:75 - [STDERR_REDIRECT] 
2026-10-01 23:28:38,881 [ERROR] LogOutputStream:75 - [STDERR_REDIRECT] [Fatal Error] :1:1: Premature end of file.
2026-10-01 23:28:38,881 [ERROR] LogOutputStream:75 - [STDERR_REDIRECT] 
2026-10-01 23:28:39,890 [ERROR] LogOutputStream:75 - [STDERR_REDIRECT] [Fatal Error] :1:1: Premature end of file.
2026-10-01 23:28:39,891 [ERROR] LogOutputStream:75 - [STDERR_REDIRECT] 
2026-10-01 23:28:40,885 [ERROR] LogOutputStream:75 - [STDERR_REDIRECT] [Fatal Error] :1:1: Premature end of file.
2026-10-01 23:28:40,885 [ERROR] LogOutputStream:75 - [STDERR_REDIRECT] 
2026-10-01 23:28:41,880 [ERROR] LogOutputStream:75 - [STDERR_REDIRECT] [Fatal Error] :1:1: Premature end of file.
2026-10-01 23:28:41,880 [ERROR] LogOutputStream:75 - [STDERR_REDIRECT] 
2026-10-01 23:28:42,887 [ERROR] LogOutputStream:75 - [STDERR_REDIRECT] [Fatal Error] :1:1: Premature end of file.
2026-10-01 23:28:42,887 [ERROR] LogOutputStream:75 - [STDERR_REDIRECT] 
2026-10-01 23:28:43,888 [ERROR] LogOutputStream:75 - [STDERR_REDIRECT] [Fatal Error] :1:1: Premature end of file.
2026-10-01 23:28:43,889 [ERROR] LogOutputStream:75 - [STDERR_REDIRECT] 
2026-10-01 23:28:44,886 [ERROR] LogOutputStream:75 - [STDERR_REDIRECT] [Fatal Error] :1:1: Premature end of file.
2026-10-01 23:28:44,886 [ERROR] LogOutputStream:75 - [STDERR_REDIRECT] 
2026-10-01 23:28:45,877 [ERROR] LogOutputStream:75 - [STDERR_REDIRECT] [Fatal Error] :1:1: Premature end of file.
2026-10-01 23:28:45,877 [ERROR] LogOutputStream:75 - [STDERR_REDIRECT] 
2026-10-01 23:28:46,875 [ERROR] LogOutputStream:75 - [STDERR_REDIRECT] [Fatal Error] :1:1: Premature end of file.
2026-10-01 23:28:46,875 [ERROR] LogOutputStream:75 - [STDERR_REDIRECT] 
2026-10-01 23:28:47,888 [ERROR] LogOutputStream:75 - [STDERR_REDIRECT] [Fatal Error] :1:1: Premature end of file.
2026-10-01 23:28:47,888 [ERROR] LogOutputStream:75 - [STDERR_REDIRECT] 
2026-10-01 23:28:48,888 [ERROR] LogOutputStream:75 - [STDERR_REDIRECT] [Fatal Error] :1:1: Premature end of file.
2026-10-01 23:28:48,888 [ERROR] LogOutputStream:75 - [STDERR_REDIRECT] 
2026-10-01 23:28:49,877 [ERROR] LogOutputStream:75 - [STDERR_REDIRECT] [Fatal Error] :1:1: Premature end of file.
2026-10-01 23:28:49,877 [ERROR] LogOutputStream:75 - [STDERR_REDIRECT] 
2026-10-01 23:28:50,883 [ERROR] LogOutputStream:75 - [STDERR_REDIRECT] [Fatal Error] :1:1: Premature end of file.
2026-10-01 23:28:50,883 [ERROR] LogOutputStream:75 - [STDERR_REDIRECT] 
2026-10-01 23:28:51,880 [ERROR] LogOutputStream:75 - [STDERR_REDIRECT] [Fatal Error] :1:1: Premature end of file.
2026-10-01 23:28:51,880 [ERROR] LogOutputStream:75 - [STDERR_REDIRECT] 
2026-10-01 23:28:52,884 [ERROR] LogOutputStream:75 - [STDERR_REDIRECT] [Fatal Error] :1:1: Premature end of file.
2026-10-01 23:28:52,885 [ERROR] LogOutputStream:75 - [STDERR_REDIRECT] 
2026-10-01 23:28:53,879 [ERROR] LogOutputStream:75 - [STDERR_REDIRECT] [Fatal Error] :1:1: Premature end of file.
2026-10-01 23:28:53,879 [ERROR] LogOutputStream:75 - [STDERR_REDIRECT] 
2026-10-01 23:28:54,882 [ERROR] LogOutputStream:75 - [STDERR_REDIRECT] [Fatal Error] :1:1: Premature end of file.
2026-10-01 23:28:54,882 [ERROR] LogOutputStream:75 - [STDERR_REDIRECT] 
2026-10-01 23:28:55,887 [ERROR] LogOutputStream:75 - [STDERR_REDIRECT] [Fatal Error] :1:1: Premature end of file.
2026-10-01 23:28:55,889 [ERROR] LogOutputStream:75 - [STDERR_REDIRECT] 
2026-10-01 23:28:56,881 [ERROR] LogOutputStream:75 - [STDERR_REDIRECT] [Fatal Error] :1:1: Premature end of file.
2026-10-01 23:28:56,881 [ERROR] LogOutputStream:75 - [STDERR_REDIRECT] 
2026-10-01 23:28:57,893 [ERROR] LogOutputStream:75 - [STDERR_REDIRECT] [Fatal Error] :1:1: Premature end of file.
2026-10-01 23:28:57,893 [ERROR] LogOutputStream:75 - [STDERR_REDIRECT] 
2026-10-01 23:28:58,889 [ERROR] LogOutputStream:75 - [STDERR_REDIRECT] [Fatal Error] :1:1: Premature end of file.
2026-10-01 23:28:58,889 [ERROR] LogOutputStream:75 - [STDERR_REDIRECT] 
2026-10-01 23:28:59,891 [ERROR] LogOutputStream:75 - [STDERR_REDIRECT] [Fatal Error] :1:1: Premature end of file.
2026-10-01 23:28:59,891 [ERROR] LogOutputStream:75 - [STDERR_REDIRECT] 
2026-10-01 23:29:00,865 [ERROR] LogOutputStream:75 - [STDERR_REDIRECT] [Fatal Error] :1:1: Premature end of file.
2026-10-01 23:29:00,866 [ERROR] LogOutputStream:75 - [STDERR_REDIRECT] 
2026-10-01 23:29:01,865 [ERROR] LogOutputStream:75 - [STDERR_REDIRECT] [Fatal Error] :1:1: Premature end of file.
2026-10-01 23:29:01,866 [ERROR] LogOutputStream:75 - [STDERR_REDIRECT] 
2026-10-01 23:29:02,880 [ERROR] LogOutputStream:75 - [STDERR_REDIRECT] [Fatal Error] :1:1: Premature end of file.
2026-10-01 23:29:02,881 [ERROR] LogOutputStream:75 - [STDERR_REDIRECT] 
2026-10-01 23:29:03,883 [ERROR] LogOutputStream:75 - [STDERR_REDIRECT] [Fatal Error] :1:1: Premature end of file.
2026-10-01 23:29:03,883 [ERROR] LogOutputStream:75 - [STDERR_REDIRECT] 
2026-10-01 23:29:04,898 [ERROR] LogOutputStream:75 - [STDERR_REDIRECT] [Fatal Error] :1:1: Premature end of file.
2026-10-01 23:29:04,901 [ERROR] LogOutputStream:75 - [STDERR_REDIRECT] 
2026-10-01 23:29:05,898 [ERROR] LogOutputStream:75 - [STDERR_REDIRECT] [Fatal Error] :1:1: Premature end of file.
2026-10-01 23:29:05,898 [ERROR] LogOutputStream:75 - [STDERR_REDIRECT] 
2026-10-01 23:29:07,480 [ERROR] LogOutputStream:75 - [STDERR_REDIRECT] [Fatal Error] :1:1: Premature end of file.
2026-10-01 23:29:07,480 [ERROR] LogOutputStream:75 - [STDERR_REDIRECT] 
2026-10-01 23:29:07,864 [ERROR] LogOutputStream:75 - [STDERR_REDIRECT] [Fatal Error] :1:1: Premature end of file.
2026-10-01 23:29:07,864 [ERROR] LogOutputStream:75 - [STDERR_REDIRECT] 
2026-10-01 23:29:08,875 [ERROR] LogOutputStream:75 - [STDERR_REDIRECT] [Fatal Error] :1:1: Premature end of file.
2026-10-01 23:29:08,875 [ERROR] LogOutputStream:75 - [STDERR_REDIRECT] 
2026-10-01 23:29:09,909 [ERROR] LogOutputStream:75 - [STDERR_REDIRECT] [Fatal Error] :1:1: Premature end of file.
2026-10-01 23:29:09,910 [ERROR] LogOutputStream:75 - [STDERR_REDIRECT] 
2026-10-01 23:29:10,888 [ERROR] LogOutputStream:75 - [STDERR_REDIRECT] [Fatal Error] :1:1: Premature end of file.
2026-10-01 23:29:10,888 [ERROR] LogOutputStream:75 - [STDERR_REDIRECT] 
2026-10-01 23:29:11,895 [ERROR] LogOutputStream:75 - [STDERR_REDIRECT] [Fatal Error] :1:1: Premature end of file.
2026-10-01 23:29:11,896 [ERROR] LogOutputStream:75 - [STDERR_REDIRECT] 
2026-10-01 23:29:12,883 [ERROR] LogOutputStream:75 - [STDERR_REDIRECT] [Fatal Error] :1:1: Premature end of file.
2026-10-01 23:29:12,883 [ERROR] LogOutputStream:75 - [STDERR_REDIRECT] 
2026-10-01 23:29:13,892 [ERROR] LogOutputStream:75 - [STDERR_REDIRECT] [Fatal Error] :1:1: Premature end of file.
2026-10-01 23:29:13,892 [ERROR] LogOutputStream:75 - [STDERR_REDIRECT] 
2026-10-01 23:29:14,887 [ERROR] LogOutputStream:75 - [STDERR_REDIRECT] [Fatal Error] :1:1: Premature end of file.
2026-10-01 23:29:14,887 [ERROR] LogOutputStream:75 - [STDERR_REDIRECT] 
2026-10-01 23:29:15,895 [ERROR] LogOutputStream:75 - [STDERR_REDIRECT] [Fatal Error] :1:1: Premature end of file.
2026-10-01 23:29:15,895 [ERROR] LogOutputStream:75 - [STDERR_REDIRECT] 
2026-10-01 23:29:16,890 [ERROR] LogOutputStream:75 - [STDERR_REDIRECT] [Fatal Error] :1:1: Premature end of file.
2026-10-01 23:29:16,891 [ERROR] LogOutputStream:75 - [STDERR_REDIRECT] 
2026-10-01 23:29:17,888 [ERROR] LogOutputStream:75 - [STDERR_REDIRECT] [Fatal Error] :1:1: Premature end of file.
2026-10-01 23:29:17,888 [ERROR] LogOutputStream:75 - [STDERR_REDIRECT] 
2026-10-01 23:29:18,879 [ERROR] LogOutputStream:75 - [STDERR_REDIRECT] [Fatal Error] :1:1: Premature end of file.
2026-10-01 23:29:18,879 [ERROR] LogOutputStream:75 - [STDERR_REDIRECT] 
2026-10-01 23:29:19,894 [ERROR] LogOutputStream:75 - [STDERR_REDIRECT] [Fatal Error] :1:1: Premature end of file.
2026-10-01 23:29:19,894 [ERROR] LogOutputStream:75 - [STDERR_REDIRECT] 
2026-10-01 23:29:20,903 [ERROR] LogOutputStream:75 - [STDERR_REDIRECT] [Fatal Error] :1:1: Premature end of file.
2026-10-01 23:29:20,903 [ERROR] LogOutputStream:75 - [STDERR_REDIRECT] 
2026-10-01 23:29:21,888 [ERROR] LogOutputStream:75 - [STDERR_REDIRECT] [Fatal Error] :1:1: Premature end of file.
2026-10-01 23:29:21,889 [ERROR] LogOutputStream:75 - [STDERR_REDIRECT] 
2026-10-01 23:29:22,893 [ERROR] LogOutputStream:75 - [STDERR_REDIRECT] [Fatal Error] :1:1: Premature end of file.
2026-10-01 23:29:22,893 [ERROR] LogOutputStream:75 - [STDERR_REDIRECT] 
2026-10-01 23:29:23,888 [ERROR] LogOutputStream:75 - [STDERR_REDIRECT] [Fatal Error] :1:1: Premature end of file.
2026-10-01 23:29:23,888 [ERROR] LogOutputStream:75 - [STDERR_REDIRECT] 
2026-10-01 23:29:24,906 [ERROR] LogOutputStream:75 - [STDERR_REDIRECT] [Fatal Error] :1:1: Premature end of file.
2026-10-01 23:29:24,906 [ERROR] LogOutputStream:75 - [STDERR_REDIRECT] 
2026-10-01 23:29:25,998 [ERROR] LogOutputStream:75 - [STDERR_REDIRECT] [Fatal Error] :1:1: Premature end of file.
2026-10-01 23:29:26,005 [ERROR] LogOutputStream:75 - [STDERR_REDIRECT] 
2026-10-01 23:29:27,338 [ERROR] LogOutputStream:75 - [STDERR_REDIRECT] [Fatal Error] :1:1: Premature end of file.
2026-10-01 23:29:27,338 [ERROR] LogOutputStream:75 - [STDERR_REDIRECT] 
2026-10-01 23:29:27,898 [ERROR] LogOutputStream:75 - [STDERR_REDIRECT] [Fatal Error] :1:1: Premature end of file.
2026-10-01 23:29:27,898 [ERROR] LogOutputStream:75 - [STDERR_REDIRECT] 
2026-10-01 23:29:28,902 [ERROR] LogOutputStream:75 - [STDERR_REDIRECT] [Fatal Error] :1:1: Premature end of file.
2026-10-01 23:29:28,903 [ERROR] LogOutputStream:75 - [STDERR_REDIRECT] 
2026-10-01 23:29:30,186 [ERROR] LogOutputStream:75 - [STDERR_REDIRECT] [Fatal Error] :1:1: Premature end of file.
2026-10-01 23:29:30,186 [ERROR] LogOutputStream:75 - [STDERR_REDIRECT] 
2026-10-01 23:29:31,155 [ERROR] LogOutputStream:75 - [STDERR_REDIRECT] [Fatal Error] :1:1: Premature end of file.
2026-10-01 23:29:31,156 [ERROR] LogOutputStream:75 - [STDERR_REDIRECT] 
2026-10-01 23:29:32,142 [ERROR] LogOutputStream:75 - [STDERR_REDIRECT] [Fatal Error] :1:1: Premature end of file.
2026-10-01 23:29:32,143 [ERROR] LogOutputStream:75 - [STDERR_REDIRECT] 
2026-10-01 23:29:33,237 [ERROR] LogOutputStream:75 - [STDERR_REDIRECT] [Fatal Error] :1:1: Premature end of file.
2026-10-01 23:29:33,238 [ERROR] LogOutputStream:75 - [STDERR_REDIRECT] 
2026-10-01 23:29:33,897 [ERROR] LogOutputStream:75 - [STDERR_REDIRECT] [Fatal Error] :1:1: Premature end of file.
2026-10-01 23:29:33,897 [ERROR] LogOutputStream:75 - [STDERR_REDIRECT] 
2026-10-01 23:29:35,279 [ERROR] LogOutputStream:75 - [STDERR_REDIRECT] [Fatal Error] :1:1: Premature end of file.
2026-10-01 23:29:35,279 [ERROR] LogOutputStream:75 - [STDERR_REDIRECT] 
2026-10-01 23:29:35,888 [ERROR] LogOutputStream:75 - [STDERR_REDIRECT] [Fatal Error] :1:1: Premature end of file.
2026-10-01 23:29:35,891 [ERROR] LogOutputStream:75 - [STDERR_REDIRECT] 
2026-10-01 23:29:37,044 [ERROR] LogOutputStream:75 - [STDERR_REDIRECT] [Fatal Error] :1:1: Premature end of file.
2026-10-01 23:29:37,045 [ERROR] LogOutputStream:75 - [STDERR_REDIRECT] 
2026-10-01 23:29:37,880 [ERROR] LogOutputStream:75 - [STDERR_REDIRECT] [Fatal Error] :1:1: Premature end of file.
2026-10-01 23:29:37,880 [ERROR] LogOutputStream:75 - [STDERR_REDIRECT] 
2026-10-01 23:29:38,862 [ERROR] LogOutputStream:75 - [STDERR_REDIRECT] [Fatal Error] :1:1: Premature end of file.
2026-10-01 23:29:38,862 [ERROR] LogOutputStream:75 - [STDERR_REDIRECT] 
2026-10-01 23:29:39,871 [ERROR] LogOutputStream:75 - [STDERR_REDIRECT] [Fatal Error] :1:1: Premature end of file.
2026-10-01 23:29:39,871 [ERROR] LogOutputStream:75 - [STDERR_REDIRECT] 
2026-10-01 23:29:40,898 [ERROR] LogOutputStream:75 - [STDERR_REDIRECT] [Fatal Error] :1:1: Premature end of file.
2026-10-01 23:29:40,898 [ERROR] LogOutputStream:75 - [STDERR_REDIRECT] 
2026-10-01 23:29:42,066 [ERROR] LogOutputStream:75 - [STDERR_REDIRECT] [Fatal Error] :1:1: Premature end of file.
2026-10-01 23:29:42,066 [ERROR] LogOutputStream:75 - [STDERR_REDIRECT] 
2026-10-01 23:29:42,879 [ERROR] LogOutputStream:75 - [STDERR_REDIRECT] [Fatal Error] :1:1: Premature end of file.
2026-10-01 23:29:42,879 [ERROR] LogOutputStream:75 - [STDERR_REDIRECT] 
2026-10-01 23:29:43,886 [ERROR] LogOutputStream:75 - [STDERR_REDIRECT] [Fatal Error] :1:1: Premature end of file.
2026-10-01 23:29:43,886 [ERROR] LogOutputStream:75 - [STDERR_REDIRECT] 
2026-10-01 23:29:44,922 [ERROR] LogOutputStream:75 - [STDERR_REDIRECT] [Fatal Error] :1:1: Premature end of file.
2026-10-01 23:29:44,922 [ERROR] LogOutputStream:75 - [STDERR_REDIRECT] 
2026-10-01 23:29:45,900 [ERROR] LogOutputStream:75 - [STDERR_REDIRECT] [Fatal Error] :1:1: Premature end of file.
2026-10-01 23:29:45,901 [ERROR] LogOutputStream:75 - [STDERR_REDIRECT] 
2026-10-01 23:29:46,898 [ERROR] LogOutputStream:75 - [STDERR_REDIRECT] [Fatal Error] :1:1: Premature end of file.
2026-10-01 23:29:46,898 [ERROR] LogOutputStream:75 - [STDERR_REDIRECT] 
2026-10-01 23:29:47,893 [ERROR] LogOutputStream:75 - [STDERR_REDIRECT] [Fatal Error] :1:1: Premature end of file.
2026-10-01 23:29:47,896 [ERROR] LogOutputStream:75 - [STDERR_REDIRECT] 
2026-10-01 23:29:48,894 [ERROR] LogOutputStream:75 - [STDERR_REDIRECT] [Fatal Error] :1:1: Premature end of file.
2026-10-01 23:29:48,897 [ERROR] LogOutputStream:75 - [STDERR_REDIRECT] 
2026-10-01 23:29:49,889 [ERROR] LogOutputStream:75 - [STDERR_REDIRECT] [Fatal Error] :1:1: Premature end of file.
2026-10-01 23:29:49,889 [ERROR] LogOutputStream:75 - [STDERR_REDIRECT] 
2026-10-01 23:29:50,885 [ERROR] LogOutputStream:75 - [STDERR_REDIRECT] [Fatal Error] :1:1: Premature end of file.
2026-10-01 23:29:50,885 [ERROR] LogOutputStream:75 - [STDERR_REDIRECT] 
2026-10-01 23:29:51,887 [ERROR] LogOutputStream:75 - [STDERR_REDIRECT] [Fatal Error] :1:1: Premature end of file.
2026-10-01 23:29:51,887 [ERROR] LogOutputStream:75 - [STDERR_REDIRECT] 
2026-10-01 23:29:52,893 [ERROR] LogOutputStream:75 - [STDERR_REDIRECT] [Fatal Error] :1:1: Premature end of file.
2026-10-01 23:29:52,893 [ERROR] LogOutputStream:75 - [STDERR_REDIRECT] 
2026-10-01 23:29:53,893 [ERROR] LogOutputStream:75 - [STDERR_REDIRECT] [Fatal Error] :1:1: Premature end of file.
2026-10-01 23:29:53,895 [ERROR] LogOutputStream:75 - [STDERR_REDIRECT] 
2026-10-01 23:29:54,883 [ERROR] LogOutputStream:75 - [STDERR_REDIRECT] [Fatal Error] :1:1: Premature end of file.
2026-10-01 23:29:54,883 [ERROR] LogOutputStream:75 - [STDERR_REDIRECT] 
2026-10-01 23:29:55,880 [ERROR] LogOutputStream:75 - [STDERR_REDIRECT] [Fatal Error] :1:1: Premature end of file.
2026-10-01 23:29:55,880 [ERROR] LogOutputStream:75 - [STDERR_REDIRECT] 
2026-10-01 23:29:56,892 [ERROR] LogOutputStream:75 - [STDERR_REDIRECT] [Fatal Error] :1:1: Premature end of file.
2026-10-01 23:29:56,893 [ERROR] LogOutputStream:75 - [STDERR_REDIRECT] 
2026-10-01 23:29:57,884 [ERROR] LogOutputStream:75 - [STDERR_REDIRECT] [Fatal Error] :1:1: Premature end of file.
2026-10-01 23:29:57,885 [ERROR] LogOutputStream:75 - [STDERR_REDIRECT] 
2026-10-01 23:29:58,873 [ERROR] LogOutputStream:75 - [STDERR_REDIRECT] [Fatal Error] :1:1: Premature end of file.
2026-10-01 23:29:58,873 [ERROR] LogOutputStream:75 - [STDERR_REDIRECT] 
2026-10-01 23:29:59,975 [ERROR] LogOutputStream:75 - [STDERR_REDIRECT] [Fatal Error] :1:1: Premature end of file.
2026-10-01 23:29:59,975 [ERROR] LogOutputStream:75 - [STDERR_REDIRECT] 
2026-10-01 23:30:00,973 [ERROR] LogOutputStream:75 - [STDERR_REDIRECT] [Fatal Error] :1:1: Premature end of file.
2026-10-01 23:30:00,974 [ERROR] LogOutputStream:75 - [STDERR_REDIRECT] 
2026-10-01 23:30:01,877 [ERROR] LogOutputStream:75 - [STDERR_REDIRECT] [Fatal Error] :1:1: Premature end of file.
2026-10-01 23:30:01,878 [ERROR] LogOutputStream:75 - [STDERR_REDIRECT] 
2026-10-01 23:30:03,025 [ERROR] LogOutputStream:75 - [STDERR_REDIRECT] [Fatal Error] :1:1: Premature end of file.
2026-10-01 23:30:03,025 [ERROR] LogOutputStream:75 - [STDERR_REDIRECT] 
2026-10-01 23:30:03,893 [ERROR] LogOutputStream:75 - [STDERR_REDIRECT] [Fatal Error] :1:1: Premature end of file.
2026-10-01 23:30:03,893 [ERROR] LogOutputStream:75 - [STDERR_REDIRECT] 
2026-10-01 23:30:04,877 [ERROR] LogOutputStream:75 - [STDERR_REDIRECT] [Fatal Error] :1:1: Premature end of file.
2026-10-01 23:30:04,877 [ERROR] LogOutputStream:75 - [STDERR_REDIRECT] 
2026-10-01 23:30:05,879 [ERROR] LogOutputStream:75 - [STDERR_REDIRECT] [Fatal Error] :1:1: Premature end of file.
2026-10-01 23:30:05,879 [ERROR] LogOutputStream:75 - [STDERR_REDIRECT] 
2026-10-01 23:30:06,878 [ERROR] LogOutputStream:75 - [STDERR_REDIRECT] [Fatal Error] :1:1: Premature end of file.
2026-10-01 23:30:06,879 [ERROR] LogOutputStream:75 - [STDERR_REDIRECT] 
2026-10-01 23:30:07,882 [ERROR] LogOutputStream:75 - [STDERR_REDIRECT] [Fatal Error] :1:1: Premature end of file.
2026-10-01 23:30:07,882 [ERROR] LogOutputStream:75 - [STDERR_REDIRECT] 
2026-10-01 23:30:08,880 [ERROR] LogOutputStream:75 - [STDERR_REDIRECT] [Fatal Error] :1:1: Premature end of file.
2026-10-01 23:30:08,881 [ERROR] LogOutputStream:75 - [STDERR_REDIRECT] 
2026-10-01 23:30:09,874 [ERROR] LogOutputStream:75 - [STDERR_REDIRECT] [Fatal Error] :1:1: Premature end of file.
2026-10-01 23:30:09,874 [ERROR] LogOutputStream:75 - [STDERR_REDIRECT] 
2026-10-01 23:30:10,889 [ERROR] LogOutputStream:75 - [STDERR_REDIRECT] [Fatal Error] :1:1: Premature end of file.
2026-10-01 23:30:10,890 [ERROR] LogOutputStream:75 - [STDERR_REDIRECT] 
2026-10-01 23:30:11,888 [ERROR] LogOutputStream:75 - [STDERR_REDIRECT] [Fatal Error] :1:1: Premature end of file.
2026-10-01 23:30:11,888 [ERROR] LogOutputStream:75 - [STDERR_REDIRECT] 
2026-10-01 23:30:12,885 [ERROR] LogOutputStream:75 - [STDERR_REDIRECT] [Fatal Error] :1:1: Premature end of file.
2026-10-01 23:30:12,885 [ERROR] LogOutputStream:75 - [STDERR_REDIRECT] 
2026-10-01 23:30:13,867 [ERROR] LogOutputStream:75 - [STDERR_REDIRECT] [Fatal Error] :1:1: Premature end of file.
2026-10-01 23:30:13,867 [ERROR] LogOutputStream:75 - [STDERR_REDIRECT] 
2026-10-01 23:30:14,865 [ERROR] LogOutputStream:75 - [STDERR_REDIRECT] [Fatal Error] :1:1: Premature end of file.
2026-10-01 23:30:14,866 [ERROR] LogOutputStream:75 - [STDERR_REDIRECT] 
2026-10-01 23:30:15,875 [ERROR] LogOutputStream:75 - [STDERR_REDIRECT] [Fatal Error] :1:1: Premature end of file.
2026-10-01 23:30:15,876 [ERROR] LogOutputStream:75 - [STDERR_REDIRECT] 
2026-10-01 23:30:16,868 [ERROR] LogOutputStream:75 - [STDERR_REDIRECT] [Fatal Error] :1:1: Premature end of file.
2026-10-01 23:30:16,868 [ERROR] LogOutputStream:75 - [STDERR_REDIRECT] 
2026-10-01 23:30:17,880 [ERROR] LogOutputStream:75 - [STDERR_REDIRECT] [Fatal Error] :1:1: Premature end of file.
2026-10-01 23:30:17,880 [ERROR] LogOutputStream:75 - [STDERR_REDIRECT] 
2026-10-01 23:30:18,880 [ERROR] LogOutputStream:75 - [STDERR_REDIRECT] [Fatal Error] :1:1: Premature end of file.
2026-10-01 23:30:18,880 [ERROR] LogOutputStream:75 - [STDERR_REDIRECT] 
2026-10-01 23:30:19,882 [ERROR] LogOutputStream:75 - [STDERR_REDIRECT] [Fatal Error] :1:1: Premature end of file.
2026-10-01 23:30:19,883 [ERROR] LogOutputStream:75 - [STDERR_REDIRECT] 
2026-10-01 23:30:20,878 [ERROR] LogOutputStream:75 - [STDERR_REDIRECT] [Fatal Error] :1:1: Premature end of file.
2026-10-01 23:30:20,878 [ERROR] LogOutputStream:75 - [STDERR_REDIRECT] 
2026-10-01 23:30:21,885 [ERROR] LogOutputStream:75 - [STDERR_REDIRECT] [Fatal Error] :1:1: Premature end of file.
2026-10-01 23:30:21,885 [ERROR] LogOutputStream:75 - [STDERR_REDIRECT] 
2026-10-01 23:30:22,879 [ERROR] LogOutputStream:75 - [STDERR_REDIRECT] [Fatal Error] :1:1: Premature end of file.
2026-10-01 23:30:22,880 [ERROR] LogOutputStream:75 - [STDERR_REDIRECT] 
2026-10-01 23:30:23,883 [ERROR] LogOutputStream:75 - [STDERR_REDIRECT] [Fatal Error] :1:1: Premature end of file.
2026-10-01 23:30:23,883 [ERROR] LogOutputStream:75 - [STDERR_REDIRECT] 
2026-10-01 23:30:24,922 [ERROR] LogOutputStream:75 - [STDERR_REDIRECT] [Fatal Error] :1:1: Premature end of file.
2026-10-01 23:30:24,922 [ERROR] LogOutputStream:75 - [STDERR_REDIRECT] 
2026-10-01 23:30:25,881 [ERROR] LogOutputStream:75 - [STDERR_REDIRECT] [Fatal Error] :1:1: Premature end of file.
2026-10-01 23:30:25,881 [ERROR] LogOutputStream:75 - [STDERR_REDIRECT] 
2026-10-01 23:30:26,886 [ERROR] LogOutputStream:75 - [STDERR_REDIRECT] [Fatal Error] :1:1: Premature end of file.
2026-10-01 23:30:26,886 [ERROR] LogOutputStream:75 - [STDERR_REDIRECT] 
2026-10-01 23:30:27,879 [ERROR] LogOutputStream:75 - [STDERR_REDIRECT] [Fatal Error] :1:1: Premature end of file.
2026-10-01 23:30:27,879 [ERROR] LogOutputStream:75 - [STDERR_REDIRECT] 
2026-10-01 23:30:28,877 [ERROR] LogOutputStream:75 - [STDERR_REDIRECT] [Fatal Error] :1:1: Premature end of file.
2026-10-01 23:30:28,877 [ERROR] LogOutputStream:75 - [STDERR_REDIRECT] 
2026-10-01 23:30:29,876 [ERROR] LogOutputStream:75 - [STDERR_REDIRECT] [Fatal Error] :1:1: Premature end of file.
2026-10-01 23:30:29,876 [ERROR] LogOutputStream:75 - [STDERR_REDIRECT] 
2026-10-01 23:30:30,918 [ERROR] LogOutputStream:75 - [STDERR_REDIRECT] [Fatal Error] :1:1: Premature end of file.
2026-10-01 23:30:30,919 [ERROR] LogOutputStream:75 - [STDERR_REDIRECT] 
2026-10-01 23:30:31,879 [ERROR] LogOutputStream:75 - [STDERR_REDIRECT] [Fatal Error] :1:1: Premature end of file.
2026-10-01 23:30:31,880 [ERROR] LogOutputStream:75 - [STDERR_REDIRECT] 
2026-10-01 23:30:32,876 [ERROR] LogOutputStream:75 - [STDERR_REDIRECT] [Fatal Error] :1:1: Premature end of file.
2026-10-01 23:30:32,876 [ERROR] LogOutputStream:75 - [STDERR_REDIRECT] 
2026-10-01 23:30:33,877 [ERROR] LogOutputStream:75 - [STDERR_REDIRECT] [Fatal Error] :1:1: Premature end of file.
2026-10-01 23:30:33,877 [ERROR] LogOutputStream:75 - [STDERR_REDIRECT] 
2026-10-01 23:30:34,879 [ERROR] LogOutputStream:75 - [STDERR_REDIRECT] [Fatal Error] :1:1: Premature end of file.
2026-10-01 23:30:34,879 [ERROR] LogOutputStream:75 - [STDERR_REDIRECT] 
2026-10-01 23:30:35,966 [ERROR] LogOutputStream:75 - [STDERR_REDIRECT] [Fatal Error] :1:1: Premature end of file.
2026-10-01 23:30:35,967 [ERROR] LogOutputStream:75 - [STDERR_REDIRECT] 
2026-10-01 23:30:36,957 [ERROR] LogOutputStream:75 - [STDERR_REDIRECT] [Fatal Error] :1:1: Premature end of file.
2026-10-01 23:30:36,957 [ERROR] LogOutputStream:75 - [STDERR_REDIRECT] 
2026-10-01 23:30:37,896 [ERROR] LogOutputStream:75 - [STDERR_REDIRECT] [Fatal Error] :1:1: Premature end of file.
2026-10-01 23:30:37,896 [ERROR] LogOutputStream:75 - [STDERR_REDIRECT] 
2026-10-01 23:30:38,879 [ERROR] LogOutputStream:75 - [STDERR_REDIRECT] [Fatal Error] :1:1: Premature end of file.
2026-10-01 23:30:38,879 [ERROR] LogOutputStream:75 - [STDERR_REDIRECT] 
2026-10-01 23:30:39,878 [ERROR] LogOutputStream:75 - [STDERR_REDIRECT] [Fatal Error] :1:1: Premature end of file.
2026-10-01 23:30:39,878 [ERROR] LogOutputStream:75 - [STDERR_REDIRECT] 
2026-10-01 23:30:40,898 [ERROR] LogOutputStream:75 - [STDERR_REDIRECT] [Fatal Error] :1:1: Premature end of file.
2026-10-01 23:30:40,898 [ERROR] LogOutputStream:75 - [STDERR_REDIRECT] 
2026-10-01 23:30:41,875 [ERROR] LogOutputStream:75 - [STDERR_REDIRECT] [Fatal Error] :1:1: Premature end of file.
2026-10-01 23:30:41,875 [ERROR] LogOutputStream:75 - [STDERR_REDIRECT] 
2026-10-01 23:30:42,881 [ERROR] LogOutputStream:75 - [STDERR_REDIRECT] [Fatal Error] :1:1: Premature end of file.
2026-10-01 23:30:42,881 [ERROR] LogOutputStream:75 - [STDERR_REDIRECT] 
2026-10-01 23:30:43,877 [ERROR] LogOutputStream:75 - [STDERR_REDIRECT] [Fatal Error] :1:1: Premature end of file.
2026-10-01 23:30:43,878 [ERROR] LogOutputStream:75 - [STDERR_REDIRECT] 
2026-10-01 23:30:44,879 [ERROR] LogOutputStream:75 - [STDERR_REDIRECT] [Fatal Error] :1:1: Premature end of file.
2026-10-01 23:30:44,879 [ERROR] LogOutputStream:75 - [STDERR_REDIRECT] 
2026-10-01 23:30:45,880 [ERROR] LogOutputStream:75 - [STDERR_REDIRECT] [Fatal Error] :1:1: Premature end of file.
2026-10-01 23:30:45,880 [ERROR] LogOutputStream:75 - [STDERR_REDIRECT] 
2026-10-01 23:30:46,891 [ERROR] LogOutputStream:75 - [STDERR_REDIRECT] [Fatal Error] :1:1: Premature end of file.
2026-10-01 23:30:46,891 [ERROR] LogOutputStream:75 - [STDERR_REDIRECT] 
2026-10-01 23:30:47,888 [ERROR] LogOutputStream:75 - [STDERR_REDIRECT] [Fatal Error] :1:1: Premature end of file.
2026-10-01 23:30:47,889 [ERROR] LogOutputStream:75 - [STDERR_REDIRECT] 
2026-10-01 23:30:48,890 [ERROR] LogOutputStream:75 - [STDERR_REDIRECT] [Fatal Error] :1:1: Premature end of file.
2026-10-01 23:30:48,890 [ERROR] LogOutputStream:75 - [STDERR_REDIRECT] 
2026-10-01 23:30:49,891 [ERROR] LogOutputStream:75 - [STDERR_REDIRECT] [Fatal Error] :1:1: Premature end of file.
2026-10-01 23:30:49,891 [ERROR] LogOutputStream:75 - [STDERR_REDIRECT] 
2026-10-01 23:30:50,882 [ERROR] LogOutputStream:75 - [STDERR_REDIRECT] [Fatal Error] :1:1: Premature end of file.
2026-10-01 23:30:50,882 [ERROR] LogOutputStream:75 - [STDERR_REDIRECT] 
2026-10-01 23:30:51,886 [ERROR] LogOutputStream:75 - [STDERR_REDIRECT] [Fatal Error] :1:1: Premature end of file.
2026-10-01 23:30:51,886 [ERROR] LogOutputStream:75 - [STDERR_REDIRECT] 
2026-10-01 23:30:52,886 [ERROR] LogOutputStream:75 - [STDERR_REDIRECT] [Fatal Error] :1:1: Premature end of file.
2026-10-01 23:30:52,886 [ERROR] LogOutputStream:75 - [STDERR_REDIRECT] 
2026-10-01 23:30:53,888 [ERROR] LogOutputStream:75 - [STDERR_REDIRECT] [Fatal Error] :1:1: Premature end of file.
2026-10-01 23:30:53,888 [ERROR] LogOutputStream:75 - [STDERR_REDIRECT] 
2026-10-01 23:30:54,884 [ERROR] LogOutputStream:75 - [STDERR_REDIRECT] [Fatal Error] :1:1: Premature end of file.
2026-10-01 23:30:54,885 [ERROR] LogOutputStream:75 - [STDERR_REDIRECT] 
2026-10-01 23:30:55,889 [ERROR] LogOutputStream:75 - [STDERR_REDIRECT] [Fatal Error] :1:1: Premature end of file.
2026-10-01 23:30:55,889 [ERROR] LogOutputStream:75 - [STDERR_REDIRECT] 
2026-10-01 23:30:56,937 [ERROR] LogOutputStream:75 - [STDERR_REDIRECT] [Fatal Error] :1:1: Premature end of file.
2026-10-01 23:30:56,938 [ERROR] LogOutputStream:75 - [STDERR_REDIRECT] 
2026-10-01 23:30:57,887 [ERROR] LogOutputStream:75 - [STDERR_REDIRECT] [Fatal Error] :1:1: Premature end of file.
2026-10-01 23:30:57,887 [ERROR] LogOutputStream:75 - [STDERR_REDIRECT] 
2026-10-01 23:30:58,883 [ERROR] LogOutputStream:75 - [STDERR_REDIRECT] [Fatal Error] :1:1: Premature end of file.
2026-10-01 23:30:58,883 [ERROR] LogOutputStream:75 - [STDERR_REDIRECT] 
2026-10-01 23:30:59,891 [ERROR] LogOutputStream:75 - [STDERR_REDIRECT] [Fatal Error] :1:1: Premature end of file.
2026-10-01 23:30:59,891 [ERROR] LogOutputStream:75 - [STDERR_REDIRECT] 
2026-10-01 23:31:00,890 [ERROR] LogOutputStream:75 - [STDERR_REDIRECT] [Fatal Error] :1:1: Premature end of file.
2026-10-01 23:31:00,890 [ERROR] LogOutputStream:75 - [STDERR_REDIRECT] 
2026-10-01 23:31:01,888 [ERROR] LogOutputStream:75 - [STDERR_REDIRECT] [Fatal Error] :1:1: Premature end of file.
2026-10-01 23:31:01,888 [ERROR] LogOutputStream:75 - [STDERR_REDIRECT] 
2026-10-01 23:31:02,884 [ERROR] LogOutputStream:75 - [STDERR_REDIRECT] [Fatal Error] :1:1: Premature end of file.
2026-10-01 23:31:02,884 [ERROR] LogOutputStream:75 - [STDERR_REDIRECT] 
2026-10-01 23:31:03,889 [ERROR] LogOutputStream:75 - [STDERR_REDIRECT] [Fatal Error] :1:1: Premature end of file.
2026-10-01 23:31:03,889 [ERROR] LogOutputStream:75 - [STDERR_REDIRECT] 
2026-10-01 23:31:04,892 [ERROR] LogOutputStream:75 - [STDERR_REDIRECT] [Fatal Error] :1:1: Premature end of file.
2026-10-01 23:31:04,892 [ERROR] LogOutputStream:75 - [STDERR_REDIRECT] 
2026-10-01 23:31:05,885 [ERROR] LogOutputStream:75 - [STDERR_REDIRECT] [Fatal Error] :1:1: Premature end of file.
2026-10-01 23:31:05,885 [ERROR] LogOutputStream:75 - [STDERR_REDIRECT] 
2026-10-01 23:31:06,890 [ERROR] LogOutputStream:75 - [STDERR_REDIRECT] [Fatal Error] :1:1: Premature end of file.
2026-10-01 23:31:06,890 [ERROR] LogOutputStream:75 - [STDERR_REDIRECT] 
2026-10-01 23:31:07,890 [ERROR] LogOutputStream:75 - [STDERR_REDIRECT] [Fatal Error] :1:1: Premature end of file.
2026-10-01 23:31:07,890 [ERROR] LogOutputStream:75 - [STDERR_REDIRECT] 
2026-10-01 23:31:08,884 [ERROR] LogOutputStream:75 - [STDERR_REDIRECT] [Fatal Error] :1:1: Premature end of file.
2026-10-01 23:31:08,884 [ERROR] LogOutputStream:75 - [STDERR_REDIRECT] 
2026-10-01 23:31:09,890 [ERROR] LogOutputStream:75 - [STDERR_REDIRECT] [Fatal Error] :1:1: Premature end of file.
2026-10-01 23:31:09,890 [ERROR] LogOutputStream:75 - [STDERR_REDIRECT] 
2026-10-01 23:31:10,886 [ERROR] LogOutputStream:75 - [STDERR_REDIRECT] [Fatal Error] :1:1: Premature end of file.
2026-10-01 23:31:10,886 [ERROR] LogOutputStream:75 - [STDERR_REDIRECT] 
2026-10-01 23:31:11,886 [ERROR] LogOutputStream:75 - [STDERR_REDIRECT] [Fatal Error] :1:1: Premature end of file.
2026-10-01 23:31:11,886 [ERROR] LogOutputStream:75 - [STDERR_REDIRECT] 
2026-10-01 23:31:12,885 [ERROR] LogOutputStream:75 - [STDERR_REDIRECT] [Fatal Error] :1:1: Premature end of file.
2026-10-01 23:31:12,886 [ERROR] LogOutputStream:75 - [STDERR_REDIRECT] 
2026-10-01 23:31:13,899 [ERROR] LogOutputStream:75 - [STDERR_REDIRECT] [Fatal Error] :1:1: Premature end of file.
2026-10-01 23:31:13,899 [ERROR] LogOutputStream:75 - [STDERR_REDIRECT] 
2026-10-01 23:31:14,885 [ERROR] LogOutputStream:75 - [STDERR_REDIRECT] [Fatal Error] :1:1: Premature end of file.
2026-10-01 23:31:14,885 [ERROR] LogOutputStream:75 - [STDERR_REDIRECT] 
2026-10-01 23:31:15,885 [ERROR] LogOutputStream:75 - [STDERR_REDIRECT] [Fatal Error] :1:1: Premature end of file.
2026-10-01 23:31:15,885 [ERROR] LogOutputStream:75 - [STDERR_REDIRECT] 
2026-10-01 23:31:16,883 [ERROR] LogOutputStream:75 - [STDERR_REDIRECT] [Fatal Error] :1:1: Premature end of file.
2026-10-01 23:31:16,883 [ERROR] LogOutputStream:75 - [STDERR_REDIRECT] 
2026-10-01 23:31:17,885 [ERROR] LogOutputStream:75 - [STDERR_REDIRECT] [Fatal Error] :1:1: Premature end of file.
2026-10-01 23:31:17,885 [ERROR] LogOutputStream:75 - [STDERR_REDIRECT] 
2026-10-01 23:31:18,880 [ERROR] LogOutputStream:75 - [STDERR_REDIRECT] [Fatal Error] :1:1: Premature end of file.
2026-10-01 23:31:18,880 [ERROR] LogOutputStream:75 - [STDERR_REDIRECT] 
2026-10-01 23:31:19,880 [ERROR] LogOutputStream:75 - [STDERR_REDIRECT] [Fatal Error] :1:1: Premature end of file.
2026-10-01 23:31:19,880 [ERROR] LogOutputStream:75 - [STDERR_REDIRECT] 
2026-10-01 23:31:20,889 [ERROR] LogOutputStream:75 - [STDERR_REDIRECT] [Fatal Error] :1:1: Premature end of file.
2026-10-01 23:31:20,889 [ERROR] LogOutputStream:75 - [STDERR_REDIRECT] 
2026-10-01 23:31:21,902 [ERROR] LogOutputStream:75 - [STDERR_REDIRECT] [Fatal Error] :1:1: Premature end of file.
2026-10-01 23:31:21,902 [ERROR] LogOutputStream:75 - [STDERR_REDIRECT] 
2026-10-01 23:31:22,889 [ERROR] LogOutputStream:75 - [STDERR_REDIRECT] [Fatal Error] :1:1: Premature end of file.
2026-10-01 23:31:22,889 [ERROR] LogOutputStream:75 - [STDERR_REDIRECT] 
2026-10-01 23:31:23,891 [ERROR] LogOutputStream:75 - [STDERR_REDIRECT] [Fatal Error] :1:1: Premature end of file.
2026-10-01 23:31:23,891 [ERROR] LogOutputStream:75 - [STDERR_REDIRECT] 
2026-10-01 23:31:24,883 [ERROR] LogOutputStream:75 - [STDERR_REDIRECT] [Fatal Error] :1:1: Premature end of file.
2026-10-01 23:31:24,883 [ERROR] LogOutputStream:75 - [STDERR_REDIRECT] 
2026-10-01 23:31:25,878 [ERROR] LogOutputStream:75 - [STDERR_REDIRECT] [Fatal Error] :1:1: Premature end of file.
2026-10-01 23:31:25,878 [ERROR] LogOutputStream:75 - [STDERR_REDIRECT] 
2026-10-01 23:31:26,884 [ERROR] LogOutputStream:75 - [STDERR_REDIRECT] [Fatal Error] :1:1: Premature end of file.
2026-10-01 23:31:26,884 [ERROR] LogOutputStream:75 - [STDERR_REDIRECT] 
2026-10-01 23:31:27,888 [ERROR] LogOutputStream:75 - [STDERR_REDIRECT] [Fatal Error] :1:1: Premature end of file.
2026-10-01 23:31:27,888 [ERROR] LogOutputStream:75 - [STDERR_REDIRECT] 
2026-10-01 23:31:28,888 [ERROR] LogOutputStream:75 - [STDERR_REDIRECT] [Fatal Error] :1:1: Premature end of file.
2026-10-01 23:31:28,888 [ERROR] LogOutputStream:75 - [STDERR_REDIRECT] 
2026-10-01 23:31:29,886 [ERROR] LogOutputStream:75 - [STDERR_REDIRECT] [Fatal Error] :1:1: Premature end of file.
2026-10-01 23:31:29,886 [ERROR] LogOutputStream:75 - [STDERR_REDIRECT] 
2026-10-01 23:31:30,887 [ERROR] LogOutputStream:75 - [STDERR_REDIRECT] [Fatal Error] :1:1: Premature end of file.
2026-10-01 23:31:30,888 [ERROR] LogOutputStream:75 - [STDERR_REDIRECT] 
2026-10-01 23:31:31,885 [ERROR] LogOutputStream:75 - [STDERR_REDIRECT] [Fatal Error] :1:1: Premature end of file.
2026-10-01 23:31:31,886 [ERROR] LogOutputStream:75 - [STDERR_REDIRECT] 
2026-10-01 23:31:32,887 [ERROR] LogOutputStream:75 - [STDERR_REDIRECT] [Fatal Error] :1:1: Premature end of file.
2026-10-01 23:31:32,887 [ERROR] LogOutputStream:75 - [STDERR_REDIRECT] 
2026-10-01 23:31:33,891 [ERROR] LogOutputStream:75 - [STDERR_REDIRECT] [Fatal Error] :1:1: Premature end of file.
2026-10-01 23:31:33,891 [ERROR] LogOutputStream:75 - [STDERR_REDIRECT] 
2026-10-01 23:31:34,890 [ERROR] LogOutputStream:75 - [STDERR_REDIRECT] [Fatal Error] :1:1: Premature end of file.
2026-10-01 23:31:34,890 [ERROR] LogOutputStream:75 - [STDERR_REDIRECT] 
2026-10-01 23:31:35,896 [ERROR] LogOutputStream:75 - [STDERR_REDIRECT] [Fatal Error] :1:1: Premature end of file.
2026-10-01 23:31:35,896 [ERROR] LogOutputStream:75 - [STDERR_REDIRECT] 
2026-10-01 23:31:36,884 [ERROR] LogOutputStream:75 - [STDERR_REDIRECT] [Fatal Error] :1:1: Premature end of file.
2026-10-01 23:31:36,885 [ERROR] LogOutputStream:75 - [STDERR_REDIRECT] 
2026-10-01 23:31:37,891 [ERROR] LogOutputStream:75 - [STDERR_REDIRECT] [Fatal Error] :1:1: Premature end of file.
2026-10-01 23:31:37,891 [ERROR] LogOutputStream:75 - [STDERR_REDIRECT] 
2026-10-01 23:31:38,879 [ERROR] LogOutputStream:75 - [STDERR_REDIRECT] [Fatal Error] :1:1: Premature end of file.
2026-10-01 23:31:38,879 [ERROR] LogOutputStream:75 - [STDERR_REDIRECT] 
2026-10-01 23:31:39,885 [ERROR] LogOutputStream:75 - [STDERR_REDIRECT] [Fatal Error] :1:1: Premature end of file.
2026-10-01 23:31:39,885 [ERROR] LogOutputStream:75 - [STDERR_REDIRECT] 
2026-10-01 23:31:40,884 [ERROR] LogOutputStream:75 - [STDERR_REDIRECT] [Fatal Error] :1:1: Premature end of file.
2026-10-01 23:31:40,885 [ERROR] LogOutputStream:75 - [STDERR_REDIRECT] 
2026-10-01 23:31:41,902 [ERROR] LogOutputStream:75 - [STDERR_REDIRECT] [Fatal Error] :1:1: Premature end of file.
2026-10-01 23:31:41,902 [ERROR] LogOutputStream:75 - [STDERR_REDIRECT] 
2026-10-01 23:31:42,998 [ERROR] LogOutputStream:75 - [STDERR_REDIRECT] [Fatal Error] :1:1: Premature end of file.
2026-10-01 23:31:42,998 [ERROR] LogOutputStream:75 - [STDERR_REDIRECT] 
2026-10-01 23:31:43,907 [ERROR] LogOutputStream:75 - [STDERR_REDIRECT] [Fatal Error] :1:1: Premature end of file.
2026-10-01 23:31:43,907 [ERROR] LogOutputStream:75 - [STDERR_REDIRECT] 
2026-10-01 23:31:44,879 [ERROR] LogOutputStream:75 - [STDERR_REDIRECT] [Fatal Error] :1:1: Premature end of file.
2026-10-01 23:31:44,879 [ERROR] LogOutputStream:75 - [STDERR_REDIRECT] 
2026-10-01 23:31:45,890 [ERROR] LogOutputStream:75 - [STDERR_REDIRECT] [Fatal Error] :1:1: Premature end of file.
2026-10-01 23:31:45,890 [ERROR] LogOutputStream:75 - [STDERR_REDIRECT] 
2026-10-01 23:31:46,885 [ERROR] LogOutputStream:75 - [STDERR_REDIRECT] [Fatal Error] :1:1: Premature end of file.
2026-10-01 23:31:46,885 [ERROR] LogOutputStream:75 - [STDERR_REDIRECT] 
2026-10-01 23:31:47,888 [ERROR] LogOutputStream:75 - [STDERR_REDIRECT] [Fatal Error] :1:1: Premature end of file.
2026-10-01 23:31:47,888 [ERROR] LogOutputStream:75 - [STDERR_REDIRECT] 
2026-10-01 23:31:48,885 [ERROR] LogOutputStream:75 - [STDERR_REDIRECT] [Fatal Error] :1:1: Premature end of file.
2026-10-01 23:31:48,885 [ERROR] LogOutputStream:75 - [STDERR_REDIRECT] 
2026-10-01 23:31:49,890 [ERROR] LogOutputStream:75 - [STDERR_REDIRECT] [Fatal Error] :1:1: Premature end of file.
2026-10-01 23:31:49,890 [ERROR] LogOutputStream:75 - [STDERR_REDIRECT] 
2026-10-01 23:31:50,885 [ERROR] LogOutputStream:75 - [STDERR_REDIRECT] [Fatal Error] :1:1: Premature end of file.
2026-10-01 23:31:50,885 [ERROR] LogOutputStream:75 - [STDERR_REDIRECT] 
2026-10-01 23:31:51,886 [ERROR] LogOutputStream:75 - [STDERR_REDIRECT] [Fatal Error] :1:1: Premature end of file.
2026-10-01 23:31:51,887 [ERROR] LogOutputStream:75 - [STDERR_REDIRECT] 
2026-10-01 23:31:52,886 [ERROR] LogOutputStream:75 - [STDERR_REDIRECT] [Fatal Error] :1:1: Premature end of file.
2026-10-01 23:31:52,886 [ERROR] LogOutputStream:75 - [STDERR_REDIRECT] 
2026-10-01 23:31:53,889 [ERROR] LogOutputStream:75 - [STDERR_REDIRECT] [Fatal Error] :1:1: Premature end of file.
2026-10-01 23:31:53,889 [ERROR] LogOutputStream:75 - [STDERR_REDIRECT] 
2026-10-01 23:31:54,887 [ERROR] LogOutputStream:75 - [STDERR_REDIRECT] [Fatal Error] :1:1: Premature end of file.
2026-10-01 23:31:54,887 [ERROR] LogOutputStream:75 - [STDERR_REDIRECT] 
2026-10-01 23:31:55,890 [ERROR] LogOutputStream:75 - [STDERR_REDIRECT] [Fatal Error] :1:1: Premature end of file.
2026-10-01 23:31:55,891 [ERROR] LogOutputStream:75 - [STDERR_REDIRECT] 
2026-10-01 23:31:56,893 [ERROR] LogOutputStream:75 - [STDERR_REDIRECT] [Fatal Error] :1:1: Premature end of file.
2026-10-01 23:31:56,893 [ERROR] LogOutputStream:75 - [STDERR_REDIRECT] 
2026-10-01 23:31:57,885 [ERROR] LogOutputStream:75 - [STDERR_REDIRECT] [Fatal Error] :1:1: Premature end of file.
2026-10-01 23:31:57,886 [ERROR] LogOutputStream:75 - [STDERR_REDIRECT] 
2026-10-01 23:31:58,884 [ERROR] LogOutputStream:75 - [STDERR_REDIRECT] [Fatal Error] :1:1: Premature end of file.
2026-10-01 23:31:58,885 [ERROR] LogOutputStream:75 - [STDERR_REDIRECT] 
2026-10-01 23:31:59,886 [ERROR] LogOutputStream:75 - [STDERR_REDIRECT] [Fatal Error] :1:1: Premature end of file.
2026-10-01 23:31:59,886 [ERROR] LogOutputStream:75 - [STDERR_REDIRECT] 
2026-10-01 23:32:00,885 [ERROR] LogOutputStream:75 - [STDERR_REDIRECT] [Fatal Error] :1:1: Premature end of file.
2026-10-01 23:32:00,885 [ERROR] LogOutputStream:75 - [STDERR_REDIRECT] 
2026-10-01 23:32:01,890 [ERROR] LogOutputStream:75 - [STDERR_REDIRECT] [Fatal Error] :1:1: Premature end of file.
2026-10-01 23:32:01,890 [ERROR] LogOutputStream:75 - [STDERR_REDIRECT] 
2026-10-01 23:32:02,884 [ERROR] LogOutputStream:75 - [STDERR_REDIRECT] [Fatal Error] :1:1: Premature end of file.
2026-10-01 23:32:02,885 [ERROR] LogOutputStream:75 - [STDERR_REDIRECT] 
2026-10-01 23:32:03,891 [ERROR] LogOutputStream:75 - [STDERR_REDIRECT] [Fatal Error] :1:1: Premature end of file.
2026-10-01 23:32:03,891 [ERROR] LogOutputStream:75 - [STDERR_REDIRECT] 
2026-10-01 23:32:04,882 [ERROR] LogOutputStream:75 - [STDERR_REDIRECT] [Fatal Error] :1:1: Premature end of file.
2026-10-01 23:32:04,883 [ERROR] LogOutputStream:75 - [STDERR_REDIRECT] 
2026-10-01 23:32:05,888 [ERROR] LogOutputStream:75 - [STDERR_REDIRECT] [Fatal Error] :1:1: Premature end of file.
2026-10-01 23:32:05,889 [ERROR] LogOutputStream:75 - [STDERR_REDIRECT] 
2026-10-01 23:32:06,888 [ERROR] LogOutputStream:75 - [STDERR_REDIRECT] [Fatal Error] :1:1: Premature end of file.
2026-10-01 23:32:06,888 [ERROR] LogOutputStream:75 - [STDERR_REDIRECT] 
2026-10-01 23:32:07,882 [ERROR] LogOutputStream:75 - [STDERR_REDIRECT] [Fatal Error] :1:1: Premature end of file.
2026-10-01 23:32:07,883 [ERROR] LogOutputStream:75 - [STDERR_REDIRECT] 
2026-10-01 23:32:08,888 [ERROR] LogOutputStream:75 - [STDERR_REDIRECT] [Fatal Error] :1:1: Premature end of file.
2026-10-01 23:32:08,888 [ERROR] LogOutputStream:75 - [STDERR_REDIRECT] 
2026-10-01 23:32:09,907 [ERROR] LogOutputStream:75 - [STDERR_REDIRECT] [Fatal Error] :1:1: Premature end of file.
2026-10-01 23:32:09,907 [ERROR] LogOutputStream:75 - [STDERR_REDIRECT] 
2026-10-01 23:32:10,887 [ERROR] LogOutputStream:75 - [STDERR_REDIRECT] [Fatal Error] :1:1: Premature end of file.
2026-10-01 23:32:10,887 [ERROR] LogOutputStream:75 - [STDERR_REDIRECT] 
2026-10-01 23:32:11,891 [ERROR] LogOutputStream:75 - [STDERR_REDIRECT] [Fatal Error] :1:1: Premature end of file.
2026-10-01 23:32:11,891 [ERROR] LogOutputStream:75 - [STDERR_REDIRECT] 
2026-10-01 23:32:12,891 [ERROR] LogOutputStream:75 - [STDERR_REDIRECT] [Fatal Error] :1:1: Premature end of file.
2026-10-01 23:32:12,891 [ERROR] LogOutputStream:75 - [STDERR_REDIRECT] 
2026-10-01 23:32:13,884 [ERROR] LogOutputStream:75 - [STDERR_REDIRECT] [Fatal Error] :1:1: Premature end of file.
2026-10-01 23:32:13,884 [ERROR] LogOutputStream:75 - [STDERR_REDIRECT] 
2026-10-01 23:32:14,892 [ERROR] LogOutputStream:75 - [STDERR_REDIRECT] [Fatal Error] :1:1: Premature end of file.
2026-10-01 23:32:14,892 [ERROR] LogOutputStream:75 - [STDERR_REDIRECT] 
2026-10-01 23:32:15,879 [ERROR] LogOutputStream:75 - [STDERR_REDIRECT] [Fatal Error] :1:1: Premature end of file.
2026-10-01 23:32:15,880 [ERROR] LogOutputStream:75 - [STDERR_REDIRECT] 
2026-10-01 23:32:16,887 [ERROR] LogOutputStream:75 - [STDERR_REDIRECT] [Fatal Error] :1:1: Premature end of file.
2026-10-01 23:32:16,887 [ERROR] LogOutputStream:75 - [STDERR_REDIRECT] 
2026-10-01 23:32:17,887 [ERROR] LogOutputStream:75 - [STDERR_REDIRECT] [Fatal Error] :1:1: Premature end of file.
2026-10-01 23:32:17,888 [ERROR] LogOutputStream:75 - [STDERR_REDIRECT] 
2026-10-01 23:32:18,872 [ERROR] LogOutputStream:75 - [STDERR_REDIRECT] [Fatal Error] :1:1: Premature end of file.
2026-10-01 23:32:18,872 [ERROR] LogOutputStream:75 - [STDERR_REDIRECT] 
2026-10-01 23:32:19,886 [ERROR] LogOutputStream:75 - [STDERR_REDIRECT] [Fatal Error] :1:1: Premature end of file.
2026-10-01 23:32:19,886 [ERROR] LogOutputStream:75 - [STDERR_REDIRECT] 
2026-10-01 23:32:20,888 [ERROR] LogOutputStream:75 - [STDERR_REDIRECT] [Fatal Error] :1:1: Premature end of file.
2026-10-01 23:32:20,889 [ERROR] LogOutputStream:75 - [STDERR_REDIRECT] 
2026-10-01 23:32:21,886 [ERROR] LogOutputStream:75 - [STDERR_REDIRECT] [Fatal Error] :1:1: Premature end of file.
2026-10-01 23:32:21,886 [ERROR] LogOutputStream:75 - [STDERR_REDIRECT] 
2026-10-01 23:32:22,883 [ERROR] LogOutputStream:75 - [STDERR_REDIRECT] [Fatal Error] :1:1: Premature end of file.
2026-10-01 23:32:22,884 [ERROR] LogOutputStream:75 - [STDERR_REDIRECT] 
2026-10-01 23:32:23,886 [ERROR] LogOutputStream:75 - [STDERR_REDIRECT] [Fatal Error] :1:1: Premature end of file.
2026-10-01 23:32:23,886 [ERROR] LogOutputStream:75 - [STDERR_REDIRECT] 
2026-10-01 23:32:24,898 [ERROR] LogOutputStream:75 - [STDERR_REDIRECT] [Fatal Error] :1:1: Premature end of file.
2026-10-01 23:32:24,898 [ERROR] LogOutputStream:75 - [STDERR_REDIRECT] 
2026-10-01 23:32:25,890 [ERROR] LogOutputStream:75 - [STDERR_REDIRECT] [Fatal Error] :1:1: Premature end of file.
2026-10-01 23:32:25,891 [ERROR] LogOutputStream:75 - [STDERR_REDIRECT] 
2026-10-01 23:32:26,877 [ERROR] LogOutputStream:75 - [STDERR_REDIRECT] [Fatal Error] :1:1: Premature end of file.
2026-10-01 23:32:26,877 [ERROR] LogOutputStream:75 - [STDERR_REDIRECT] 
2026-10-01 23:32:27,888 [ERROR] LogOutputStream:75 - [STDERR_REDIRECT] [Fatal Error] :1:1: Premature end of file.
2026-10-01 23:32:27,889 [ERROR] LogOutputStream:75 - [STDERR_REDIRECT] 
2026-10-01 23:32:28,887 [ERROR] LogOutputStream:75 - [STDERR_REDIRECT] [Fatal Error] :1:1: Premature end of file.
2026-10-01 23:32:28,887 [ERROR] LogOutputStream:75 - [STDERR_REDIRECT] 
2026-10-01 23:32:29,887 [ERROR] LogOutputStream:75 - [STDERR_REDIRECT] [Fatal Error] :1:1: Premature end of file.
2026-10-01 23:32:29,887 [ERROR] LogOutputStream:75 - [STDERR_REDIRECT] 
2026-10-01 23:32:30,889 [ERROR] LogOutputStream:75 - [STDERR_REDIRECT] [Fatal Error] :1:1: Premature end of file.
2026-10-01 23:32:30,889 [ERROR] LogOutputStream:75 - [STDERR_REDIRECT] 
2026-10-01 23:32:31,889 [ERROR] LogOutputStream:75 - [STDERR_REDIRECT] [Fatal Error] :1:1: Premature end of file.
2026-10-01 23:32:31,889 [ERROR] LogOutputStream:75 - [STDERR_REDIRECT] 
2026-10-01 23:32:32,892 [ERROR] LogOutputStream:75 - [STDERR_REDIRECT] [Fatal Error] :1:1: Premature end of file.
2026-10-01 23:32:32,893 [ERROR] LogOutputStream:75 - [STDERR_REDIRECT] 
2026-10-01 23:32:33,889 [ERROR] LogOutputStream:75 - [STDERR_REDIRECT] [Fatal Error] :1:1: Premature end of file.
2026-10-01 23:32:33,889 [ERROR] LogOutputStream:75 - [STDERR_REDIRECT] 
2026-10-01 23:32:34,889 [ERROR] LogOutputStream:75 - [STDERR_REDIRECT] [Fatal Error] :1:1: Premature end of file.
2026-10-01 23:32:34,889 [ERROR] LogOutputStream:75 - [STDERR_REDIRECT] 
2026-10-01 23:32:35,887 [ERROR] LogOutputStream:75 - [STDERR_REDIRECT] [Fatal Error] :1:1: Premature end of file.
2026-10-01 23:32:35,887 [ERROR] LogOutputStream:75 - [STDERR_REDIRECT] 
2026-10-01 23:32:36,887 [ERROR] LogOutputStream:75 - [STDERR_REDIRECT] [Fatal Error] :1:1: Premature end of file.
2026-10-01 23:32:36,887 [ERROR] LogOutputStream:75 - [STDERR_REDIRECT] 
2026-10-01 23:32:37,889 [ERROR] LogOutputStream:75 - [STDERR_REDIRECT] [Fatal Error] :1:1: Premature end of file.
2026-10-01 23:32:37,889 [ERROR] LogOutputStream:75 - [STDERR_REDIRECT] 
2026-10-01 23:32:38,891 [ERROR] LogOutputStream:75 - [STDERR_REDIRECT] [Fatal Error] :1:1: Premature end of file.
2026-10-01 23:32:38,891 [ERROR] LogOutputStream:75 - [STDERR_REDIRECT] 
2026-10-01 23:32:39,897 [ERROR] LogOutputStream:75 - [STDERR_REDIRECT] [Fatal Error] :1:1: Premature end of file.
2026-10-01 23:32:39,898 [ERROR] LogOutputStream:75 - [STDERR_REDIRECT] 
2026-10-01 23:32:40,887 [ERROR] LogOutputStream:75 - [STDERR_REDIRECT] [Fatal Error] :1:1: Premature end of file.
2026-10-01 23:32:40,887 [ERROR] LogOutputStream:75 - [STDERR_REDIRECT] 
2026-10-01 23:32:41,879 [ERROR] LogOutputStream:75 - [STDERR_REDIRECT] [Fatal Error] :1:1: Premature end of file.
2026-10-01 23:32:41,879 [ERROR] LogOutputStream:75 - [STDERR_REDIRECT] 
2026-10-01 23:32:42,887 [ERROR] LogOutputStream:75 - [STDERR_REDIRECT] [Fatal Error] :1:1: Premature end of file.
2026-10-01 23:32:42,888 [ERROR] LogOutputStream:75 - [STDERR_REDIRECT] 
2026-10-01 23:32:43,887 [ERROR] LogOutputStream:75 - [STDERR_REDIRECT] [Fatal Error] :1:1: Premature end of file.
2026-10-01 23:32:43,887 [ERROR] LogOutputStream:75 - [STDERR_REDIRECT] 
2026-10-01 23:32:44,875 [ERROR] LogOutputStream:75 - [STDERR_REDIRECT] [Fatal Error] :1:1: Premature end of file.
2026-10-01 23:32:44,875 [ERROR] LogOutputStream:75 - [STDERR_REDIRECT] 
2026-10-01 23:32:45,875 [ERROR] LogOutputStream:75 - [STDERR_REDIRECT] [Fatal Error] :1:1: Premature end of file.
2026-10-01 23:32:45,876 [ERROR] LogOutputStream:75 - [STDERR_REDIRECT] 
2026-10-01 23:32:46,895 [ERROR] LogOutputStream:75 - [STDERR_REDIRECT] [Fatal Error] :1:1: Premature end of file.
2026-10-01 23:32:46,895 [ERROR] LogOutputStream:75 - [STDERR_REDIRECT] 
2026-10-01 23:32:47,898 [ERROR] LogOutputStream:75 - [STDERR_REDIRECT] [Fatal Error] :1:1: Premature end of file.
2026-10-01 23:32:47,899 [ERROR] LogOutputStream:75 - [STDERR_REDIRECT] 
2026-10-01 23:32:48,889 [ERROR] LogOutputStream:75 - [STDERR_REDIRECT] [Fatal Error] :1:1: Premature end of file.
2026-10-01 23:32:48,890 [ERROR] LogOutputStream:75 - [STDERR_REDIRECT] 
2026-10-01 23:32:49,888 [ERROR] LogOutputStream:75 - [STDERR_REDIRECT] [Fatal Error] :1:1: Premature end of file.
2026-10-01 23:32:49,888 [ERROR] LogOutputStream:75 - [STDERR_REDIRECT] 
2026-10-01 23:32:50,891 [ERROR] LogOutputStream:75 - [STDERR_REDIRECT] [Fatal Error] :1:1: Premature end of file.
2026-10-01 23:32:50,891 [ERROR] LogOutputStream:75 - [STDERR_REDIRECT] 
2026-10-01 23:32:51,889 [ERROR] LogOutputStream:75 - [STDERR_REDIRECT] [Fatal Error] :1:1: Premature end of file.
2026-10-01 23:32:51,889 [ERROR] LogOutputStream:75 - [STDERR_REDIRECT] 
2026-10-01 23:32:52,887 [ERROR] LogOutputStream:75 - [STDERR_REDIRECT] [Fatal Error] :1:1: Premature end of file.
2026-10-01 23:32:52,887 [ERROR] LogOutputStream:75 - [STDERR_REDIRECT] 
2026-10-01 23:32:53,890 [ERROR] LogOutputStream:75 - [STDERR_REDIRECT] [Fatal Error] :1:1: Premature end of file.
2026-10-01 23:32:53,890 [ERROR] LogOutputStream:75 - [STDERR_REDIRECT] 
2026-10-01 23:32:54,890 [ERROR] LogOutputStream:75 - [STDERR_REDIRECT] [Fatal Error] :1:1: Premature end of file.
2026-10-01 23:32:54,890 [ERROR] LogOutputStream:75 - [STDERR_REDIRECT] 
2026-10-01 23:32:55,891 [ERROR] LogOutputStream:75 - [STDERR_REDIRECT] [Fatal Error] :1:1: Premature end of file.
2026-10-01 23:32:55,891 [ERROR] LogOutputStream:75 - [STDERR_REDIRECT] 
2026-10-01 23:32:56,885 [ERROR] LogOutputStream:75 - [STDERR_REDIRECT] [Fatal Error] :1:1: Premature end of file.
2026-10-01 23:32:56,885 [ERROR] LogOutputStream:75 - [STDERR_REDIRECT] 
2026-10-01 23:32:57,888 [ERROR] LogOutputStream:75 - [STDERR_REDIRECT] [Fatal Error] :1:1: Premature end of file.
2026-10-01 23:32:57,888 [ERROR] LogOutputStream:75 - [STDERR_REDIRECT] 
2026-10-01 23:32:58,891 [ERROR] LogOutputStream:75 - [STDERR_REDIRECT] [Fatal Error] :1:1: Premature end of file.
2026-10-01 23:32:58,891 [ERROR] LogOutputStream:75 - [STDERR_REDIRECT] 
2026-10-01 23:32:59,884 [ERROR] LogOutputStream:75 - [STDERR_REDIRECT] [Fatal Error] :1:1: Premature end of file.
2026-10-01 23:32:59,884 [ERROR] LogOutputStream:75 - [STDERR_REDIRECT] 
2026-10-01 23:33:00,890 [ERROR] LogOutputStream:75 - [STDERR_REDIRECT] [Fatal Error] :1:1: Premature end of file.
2026-10-01 23:33:00,890 [ERROR] LogOutputStream:75 - [STDERR_REDIRECT] 
2026-10-01 23:33:01,888 [ERROR] LogOutputStream:75 - [STDERR_REDIRECT] [Fatal Error] :1:1: Premature end of file.
2026-10-01 23:33:01,888 [ERROR] LogOutputStream:75 - [STDERR_REDIRECT] 
2026-10-01 23:33:02,888 [ERROR] LogOutputStream:75 - [STDERR_REDIRECT] [Fatal Error] :1:1: Premature end of file.
2026-10-01 23:33:02,889 [ERROR] LogOutputStream:75 - [STDERR_REDIRECT] 
2026-10-01 23:33:03,899 [ERROR] LogOutputStream:75 - [STDERR_REDIRECT] [Fatal Error] :1:1: Premature end of file.
2026-10-01 23:33:03,900 [ERROR] LogOutputStream:75 - [STDERR_REDIRECT] 
2026-10-01 23:33:04,863 [ERROR] LogOutputStream:75 - [STDERR_REDIRECT] [Fatal Error] :1:1: Premature end of file.
2026-10-01 23:33:04,863 [ERROR] LogOutputStream:75 - [STDERR_REDIRECT] 
2026-10-01 23:33:05,863 [ERROR] LogOutputStream:75 - [STDERR_REDIRECT] [Fatal Error] :1:1: Premature end of file.
2026-10-01 23:33:05,863 [ERROR] LogOutputStream:75 - [STDERR_REDIRECT] 
2026-10-01 23:33:06,965 [ERROR] LogOutputStream:75 - [STDERR_REDIRECT] [Fatal Error] :1:1: Premature end of file.
2026-10-01 23:33:06,966 [ERROR] LogOutputStream:75 - [STDERR_REDIRECT] 
2026-10-01 23:33:07,894 [ERROR] LogOutputStream:75 - [STDERR_REDIRECT] [Fatal Error] :1:1: Premature end of file.
2026-10-01 23:33:07,894 [ERROR] LogOutputStream:75 - [STDERR_REDIRECT] 
2026-10-01 23:33:08,874 [ERROR] LogOutputStream:75 - [STDERR_REDIRECT] [Fatal Error] :1:1: Premature end of file.
2026-10-01 23:33:08,875 [ERROR] LogOutputStream:75 - [STDERR_REDIRECT] 
2026-10-01 23:33:09,871 [ERROR] LogOutputStream:75 - [STDERR_REDIRECT] [Fatal Error] :1:1: Premature end of file.
2026-10-01 23:33:09,871 [ERROR] LogOutputStream:75 - [STDERR_REDIRECT] 
2026-10-01 23:33:10,868 [ERROR] LogOutputStream:75 - [STDERR_REDIRECT] [Fatal Error] :1:1: Premature end of file.
2026-10-01 23:33:10,868 [ERROR] LogOutputStream:75 - [STDERR_REDIRECT] 
2026-10-01 23:33:11,868 [ERROR] LogOutputStream:75 - [STDERR_REDIRECT] [Fatal Error] :1:1: Premature end of file.
2026-10-01 23:33:11,868 [ERROR] LogOutputStream:75 - [STDERR_REDIRECT] 
2026-10-01 23:33:12,934 [ERROR] LogOutputStream:75 - [STDERR_REDIRECT] [Fatal Error] :1:1: Premature end of file.
2026-10-01 23:33:12,934 [ERROR] LogOutputStream:75 - [STDERR_REDIRECT] 
2026-10-01 23:33:13,961 [ERROR] LogOutputStream:75 - [STDERR_REDIRECT] [Fatal Error] :1:1: Premature end of file.
2026-10-01 23:33:13,962 [ERROR] LogOutputStream:75 - [STDERR_REDIRECT] 
2026-10-01 23:33:14,894 [ERROR] LogOutputStream:75 - [STDERR_REDIRECT] [Fatal Error] :1:1: Premature end of file.
2026-10-01 23:33:14,894 [ERROR] LogOutputStream:75 - [STDERR_REDIRECT] 
2026-10-01 23:33:15,889 [ERROR] LogOutputStream:75 - [STDERR_REDIRECT] [Fatal Error] :1:1: Premature end of file.
2026-10-01 23:33:15,889 [ERROR] LogOutputStream:75 - [STDERR_REDIRECT] 
2026-10-01 23:33:16,879 [ERROR] LogOutputStream:75 - [STDERR_REDIRECT] [Fatal Error] :1:1: Premature end of file.
2026-10-01 23:33:16,881 [ERROR] LogOutputStream:75 - [STDERR_REDIRECT] 
2026-10-01 23:33:17,885 [ERROR] LogOutputStream:75 - [STDERR_REDIRECT] [Fatal Error] :1:1: Premature end of file.
2026-10-01 23:33:17,885 [ERROR] LogOutputStream:75 - [STDERR_REDIRECT] 
2026-10-01 23:33:18,886 [ERROR] LogOutputStream:75 - [STDERR_REDIRECT] [Fatal Error] :1:1: Premature end of file.
2026-10-01 23:33:18,887 [ERROR] LogOutputStream:75 - [STDERR_REDIRECT] 
2026-10-01 23:33:19,887 [ERROR] LogOutputStream:75 - [STDERR_REDIRECT] [Fatal Error] :1:1: Premature end of file.
2026-10-01 23:33:19,887 [ERROR] LogOutputStream:75 - [STDERR_REDIRECT] 
2026-10-01 23:33:20,889 [ERROR] LogOutputStream:75 - [STDERR_REDIRECT] [Fatal Error] :1:1: Premature end of file.
2026-10-01 23:33:20,889 [ERROR] LogOutputStream:75 - [STDERR_REDIRECT] 
2026-10-01 23:33:21,885 [ERROR] LogOutputStream:75 - [STDERR_REDIRECT] [Fatal Error] :1:1: Premature end of file.
2026-10-01 23:33:21,886 [ERROR] LogOutputStream:75 - [STDERR_REDIRECT] 
2026-10-01 23:33:22,901 [ERROR] LogOutputStream:75 - [STDERR_REDIRECT] [Fatal Error] :1:1: Premature end of file.
2026-10-01 23:33:22,902 [ERROR] LogOutputStream:75 - [STDERR_REDIRECT] 
2026-10-01 23:33:23,898 [ERROR] LogOutputStream:75 - [STDERR_REDIRECT] [Fatal Error] :1:1: Premature end of file.
2026-10-01 23:33:23,898 [ERROR] LogOutputStream:75 - [STDERR_REDIRECT] 
2026-10-01 23:33:24,882 [ERROR] LogOutputStream:75 - [STDERR_REDIRECT] [Fatal Error] :1:1: Premature end of file.
2026-10-01 23:33:24,882 [ERROR] LogOutputStream:75 - [STDERR_REDIRECT] 
2026-10-01 23:33:25,884 [ERROR] LogOutputStream:75 - [STDERR_REDIRECT] [Fatal Error] :1:1: Premature end of file.
2026-10-01 23:33:25,884 [ERROR] LogOutputStream:75 - [STDERR_REDIRECT] 
2026-10-01 23:33:26,885 [ERROR] LogOutputStream:75 - [STDERR_REDIRECT] [Fatal Error] :1:1: Premature end of file.
2026-10-01 23:33:26,886 [ERROR] LogOutputStream:75 - [STDERR_REDIRECT] 
2026-10-01 23:33:27,888 [ERROR] LogOutputStream:75 - [STDERR_REDIRECT] [Fatal Error] :1:1: Premature end of file.
2026-10-01 23:33:27,888 [ERROR] LogOutputStream:75 - [STDERR_REDIRECT] 
2026-10-01 23:33:28,887 [ERROR] LogOutputStream:75 - [STDERR_REDIRECT] [Fatal Error] :1:1: Premature end of file.
2026-10-01 23:33:28,887 [ERROR] LogOutputStream:75 - [STDERR_REDIRECT] 
2026-10-01 23:33:29,887 [ERROR] LogOutputStream:75 - [STDERR_REDIRECT] [Fatal Error] :1:1: Premature end of file.
2026-10-01 23:33:29,887 [ERROR] LogOutputStream:75 - [STDERR_REDIRECT] 
2026-10-01 23:33:30,883 [ERROR] LogOutputStream:75 - [STDERR_REDIRECT] [Fatal Error] :1:1: Premature end of file.
2026-10-01 23:33:30,883 [ERROR] LogOutputStream:75 - [STDERR_REDIRECT] 
2026-10-01 23:33:31,883 [ERROR] LogOutputStream:75 - [STDERR_REDIRECT] [Fatal Error] :1:1: Premature end of file.
2026-10-01 23:33:31,884 [ERROR] LogOutputStream:75 - [STDERR_REDIRECT] 
2026-10-01 23:33:32,887 [ERROR] LogOutputStream:75 - [STDERR_REDIRECT] [Fatal Error] :1:1: Premature end of file.
2026-10-01 23:33:32,887 [ERROR] LogOutputStream:75 - [STDERR_REDIRECT] 
2026-10-01 23:33:33,883 [ERROR] LogOutputStream:75 - [STDERR_REDIRECT] [Fatal Error] :1:1: Premature end of file.
2026-10-01 23:33:33,883 [ERROR] LogOutputStream:75 - [STDERR_REDIRECT] 
2026-10-01 23:33:34,880 [ERROR] LogOutputStream:75 - [STDERR_REDIRECT] [Fatal Error] :1:1: Premature end of file.
2026-10-01 23:33:34,880 [ERROR] LogOutputStream:75 - [STDERR_REDIRECT] 
2026-10-01 23:33:35,891 [ERROR] LogOutputStream:75 - [STDERR_REDIRECT] [Fatal Error] :1:1: Premature end of file.
2026-10-01 23:33:35,892 [ERROR] LogOutputStream:75 - [STDERR_REDIRECT] 
2026-10-01 23:33:36,883 [ERROR] LogOutputStream:75 - [STDERR_REDIRECT] [Fatal Error] :1:1: Premature end of file.
2026-10-01 23:33:36,883 [ERROR] LogOutputStream:75 - [STDERR_REDIRECT] 
2026-10-01 23:33:37,886 [ERROR] LogOutputStream:75 - [STDERR_REDIRECT] [Fatal Error] :1:1: Premature end of file.
2026-10-01 23:33:37,886 [ERROR] LogOutputStream:75 - [STDERR_REDIRECT] 
2026-10-01 23:33:38,891 [ERROR] LogOutputStream:75 - [STDERR_REDIRECT] [Fatal Error] :1:1: Premature end of file.
2026-10-01 23:33:38,891 [ERROR] LogOutputStream:75 - [STDERR_REDIRECT] 
2026-10-01 23:33:39,886 [ERROR] LogOutputStream:75 - [STDERR_REDIRECT] [Fatal Error] :1:1: Premature end of file.
2026-10-01 23:33:39,886 [ERROR] LogOutputStream:75 - [STDERR_REDIRECT] 
2026-10-01 23:33:40,875 [ERROR] LogOutputStream:75 - [STDERR_REDIRECT] [Fatal Error] :1:1: Premature end of file.
2026-10-01 23:33:40,875 [ERROR] LogOutputStream:75 - [STDERR_REDIRECT] 
2026-10-01 23:33:41,883 [ERROR] LogOutputStream:75 - [STDERR_REDIRECT] [Fatal Error] :1:1: Premature end of file.
2026-10-01 23:33:41,884 [ERROR] LogOutputStream:75 - [STDERR_REDIRECT] 
2026-10-01 23:33:42,889 [ERROR] LogOutputStream:75 - [STDERR_REDIRECT] [Fatal Error] :1:1: Premature end of file.
2026-10-01 23:33:42,890 [ERROR] LogOutputStream:75 - [STDERR_REDIRECT] 
2026-10-01 23:33:43,888 [ERROR] LogOutputStream:75 - [STDERR_REDIRECT] [Fatal Error] :1:1: Premature end of file.
2026-10-01 23:33:43,888 [ERROR] LogOutputStream:75 - [STDERR_REDIRECT] 
2026-10-01 23:33:44,887 [ERROR] LogOutputStream:75 - [STDERR_REDIRECT] [Fatal Error] :1:1: Premature end of file.
2026-10-01 23:33:44,888 [ERROR] LogOutputStream:75 - [STDERR_REDIRECT] 
2026-10-01 23:33:45,885 [ERROR] LogOutputStream:75 - [STDERR_REDIRECT] [Fatal Error] :1:1: Premature end of file.
2026-10-01 23:33:45,886 [ERROR] LogOutputStream:75 - [STDERR_REDIRECT] 
2026-10-01 23:33:46,889 [ERROR] LogOutputStream:75 - [STDERR_REDIRECT] [Fatal Error] :1:1: Premature end of file.
2026-10-01 23:33:46,889 [ERROR] LogOutputStream:75 - [STDERR_REDIRECT] 
2026-10-01 23:33:47,890 [ERROR] LogOutputStream:75 - [STDERR_REDIRECT] [Fatal Error] :1:1: Premature end of file.
2026-10-01 23:33:47,890 [ERROR] LogOutputStream:75 - [STDERR_REDIRECT] 
2026-10-01 23:33:48,863 [ERROR] LogOutputStream:75 - [STDERR_REDIRECT] [Fatal Error] :1:1: Premature end of file.
2026-10-01 23:33:48,863 [ERROR] LogOutputStream:75 - [STDERR_REDIRECT] 
2026-10-01 23:33:49,890 [ERROR] LogOutputStream:75 - [STDERR_REDIRECT] [Fatal Error] :1:1: Premature end of file.
2026-10-01 23:33:49,890 [ERROR] LogOutputStream:75 - [STDERR_REDIRECT] 
2026-10-01 23:33:50,886 [ERROR] LogOutputStream:75 - [STDERR_REDIRECT] [Fatal Error] :1:1: Premature end of file.
2026-10-01 23:33:50,886 [ERROR] LogOutputStream:75 - [STDERR_REDIRECT] 
2026-10-01 23:33:51,891 [ERROR] LogOutputStream:75 - [STDERR_REDIRECT] [Fatal Error] :1:1: Premature end of file.
2026-10-01 23:33:51,891 [ERROR] LogOutputStream:75 - [STDERR_REDIRECT] 
2026-10-01 23:33:52,887 [ERROR] LogOutputStream:75 - [STDERR_REDIRECT] [Fatal Error] :1:1: Premature end of file.
2026-10-01 23:33:52,887 [ERROR] LogOutputStream:75 - [STDERR_REDIRECT] 
2026-10-01 23:33:53,888 [ERROR] LogOutputStream:75 - [STDERR_REDIRECT] [Fatal Error] :1:1: Premature end of file.
2026-10-01 23:33:53,888 [ERROR] LogOutputStream:75 - [STDERR_REDIRECT] 
2026-10-01 23:33:54,886 [ERROR] LogOutputStream:75 - [STDERR_REDIRECT] [Fatal Error] :1:1: Premature end of file.
2026-10-01 23:33:54,886 [ERROR] LogOutputStream:75 - [STDERR_REDIRECT] 
2026-10-01 23:33:55,894 [ERROR] LogOutputStream:75 - [STDERR_REDIRECT] [Fatal Error] :1:1: Premature end of file.
2026-10-01 23:33:55,895 [ERROR] LogOutputStream:75 - [STDERR_REDIRECT] 
2026-10-01 23:33:56,887 [ERROR] LogOutputStream:75 - [STDERR_REDIRECT] [Fatal Error] :1:1: Premature end of file.
2026-10-01 23:33:56,888 [ERROR] LogOutputStream:75 - [STDERR_REDIRECT] 
2026-10-01 23:33:57,887 [ERROR] LogOutputStream:75 - [STDERR_REDIRECT] [Fatal Error] :1:1: Premature end of file.
2026-10-01 23:33:57,887 [ERROR] LogOutputStream:75 - [STDERR_REDIRECT] 
2026-10-01 23:33:58,886 [ERROR] LogOutputStream:75 - [STDERR_REDIRECT] [Fatal Error] :1:1: Premature end of file.
2026-10-01 23:33:58,886 [ERROR] LogOutputStream:75 - [STDERR_REDIRECT] 
2026-10-01 23:33:59,879 [ERROR] LogOutputStream:75 - [STDERR_REDIRECT] [Fatal Error] :1:1: Premature end of file.
2026-10-01 23:33:59,880 [ERROR] LogOutputStream:75 - [STDERR_REDIRECT] 
2026-10-01 23:34:00,883 [ERROR] LogOutputStream:75 - [STDERR_REDIRECT] [Fatal Error] :1:1: Premature end of file.
2026-10-01 23:34:00,883 [ERROR] LogOutputStream:75 - [STDERR_REDIRECT] 
2026-10-01 23:34:01,885 [ERROR] LogOutputStream:75 - [STDERR_REDIRECT] [Fatal Error] :1:1: Premature end of file.
2026-10-01 23:34:01,885 [ERROR] LogOutputStream:75 - [STDERR_REDIRECT] 
2026-10-01 23:34:02,883 [ERROR] LogOutputStream:75 - [STDERR_REDIRECT] [Fatal Error] :1:1: Premature end of file.
2026-10-01 23:34:02,884 [ERROR] LogOutputStream:75 - [STDERR_REDIRECT] 
2026-10-01 23:34:03,887 [ERROR] LogOutputStream:75 - [STDERR_REDIRECT] [Fatal Error] :1:1: Premature end of file.
2026-10-01 23:34:03,887 [ERROR] LogOutputStream:75 - [STDERR_REDIRECT] 
2026-10-01 23:34:04,888 [ERROR] LogOutputStream:75 - [STDERR_REDIRECT] [Fatal Error] :1:1: Premature end of file.
2026-10-01 23:34:04,888 [ERROR] LogOutputStream:75 - [STDERR_REDIRECT] 
2026-10-01 23:34:05,881 [ERROR] LogOutputStream:75 - [STDERR_REDIRECT] [Fatal Error] :1:1: Premature end of file.
2026-10-01 23:34:05,881 [ERROR] LogOutputStream:75 - [STDERR_REDIRECT] 
2026-10-01 23:34:06,887 [ERROR] LogOutputStream:75 - [STDERR_REDIRECT] [Fatal Error] :1:1: Premature end of file.
2026-10-01 23:34:06,887 [ERROR] LogOutputStream:75 - [STDERR_REDIRECT] 
2026-10-01 23:34:07,884 [ERROR] LogOutputStream:75 - [STDERR_REDIRECT] [Fatal Error] :1:1: Premature end of file.
2026-10-01 23:34:07,885 [ERROR] LogOutputStream:75 - [STDERR_REDIRECT] 
2026-10-01 23:34:08,891 [ERROR] LogOutputStream:75 - [STDERR_REDIRECT] [Fatal Error] :1:1: Premature end of file.
2026-10-01 23:34:08,891 [ERROR] LogOutputStream:75 - [STDERR_REDIRECT] 
2026-10-01 23:34:09,887 [ERROR] LogOutputStream:75 - [STDERR_REDIRECT] [Fatal Error] :1:1: Premature end of file.
2026-10-01 23:34:09,887 [ERROR] LogOutputStream:75 - [STDERR_REDIRECT] 
2026-10-01 23:34:10,887 [ERROR] LogOutputStream:75 - [STDERR_REDIRECT] [Fatal Error] :1:1: Premature end of file.
2026-10-01 23:34:10,888 [ERROR] LogOutputStream:75 - [STDERR_REDIRECT] 
2026-10-01 23:34:11,892 [ERROR] LogOutputStream:75 - [STDERR_REDIRECT] [Fatal Error] :1:1: Premature end of file.
2026-10-01 23:34:11,892 [ERROR] LogOutputStream:75 - [STDERR_REDIRECT] 
2026-10-01 23:34:12,887 [ERROR] LogOutputStream:75 - [STDERR_REDIRECT] [Fatal Error] :1:1: Premature end of file.
2026-10-01 23:34:12,887 [ERROR] LogOutputStream:75 - [STDERR_REDIRECT] 
2026-10-01 23:34:13,886 [ERROR] LogOutputStream:75 - [STDERR_REDIRECT] [Fatal Error] :1:1: Premature end of file.
2026-10-01 23:34:13,886 [ERROR] LogOutputStream:75 - [STDERR_REDIRECT] 
2026-10-01 23:34:14,885 [ERROR] LogOutputStream:75 - [STDERR_REDIRECT] [Fatal Error] :1:1: Premature end of file.
2026-10-01 23:34:14,885 [ERROR] LogOutputStream:75 - [STDERR_REDIRECT] 
2026-10-01 23:34:15,887 [ERROR] LogOutputStream:75 - [STDERR_REDIRECT] [Fatal Error] :1:1: Premature end of file.
2026-10-01 23:34:15,887 [ERROR] LogOutputStream:75 - [STDERR_REDIRECT] 
2026-10-01 23:34:16,889 [ERROR] LogOutputStream:75 - [STDERR_REDIRECT] [Fatal Error] :1:1: Premature end of file.
2026-10-01 23:34:16,889 [ERROR] LogOutputStream:75 - [STDERR_REDIRECT] 
2026-10-01 23:34:17,889 [ERROR] LogOutputStream:75 - [STDERR_REDIRECT] [Fatal Error] :1:1: Premature end of file.
2026-10-01 23:34:17,889 [ERROR] LogOutputStream:75 - [STDERR_REDIRECT] 
2026-10-01 23:34:18,887 [ERROR] LogOutputStream:75 - [STDERR_REDIRECT] [Fatal Error] :1:1: Premature end of file.
2026-10-01 23:34:18,888 [ERROR] LogOutputStream:75 - [STDERR_REDIRECT] 
2026-10-01 23:34:19,889 [ERROR] LogOutputStream:75 - [STDERR_REDIRECT] [Fatal Error] :1:1: Premature end of file.
2026-10-01 23:34:19,889 [ERROR] LogOutputStream:75 - [STDERR_REDIRECT] 
2026-10-01 23:34:20,886 [ERROR] LogOutputStream:75 - [STDERR_REDIRECT] [Fatal Error] :1:1: Premature end of file.
2026-10-01 23:34:20,886 [ERROR] LogOutputStream:75 - [STDERR_REDIRECT] 
2026-10-01 23:34:21,905 [ERROR] LogOutputStream:75 - [STDERR_REDIRECT] [Fatal Error] :1:1: Premature end of file.
2026-10-01 23:34:21,905 [ERROR] LogOutputStream:75 - [STDERR_REDIRECT] 
2026-10-01 23:34:23,106 [ERROR] LogOutputStream:75 - [STDERR_REDIRECT] [Fatal Error] :1:1: Premature end of file.
2026-10-01 23:34:23,106 [ERROR] LogOutputStream:75 - [STDERR_REDIRECT] 
2026-10-01 23:34:23,890 [ERROR] LogOutputStream:75 - [STDERR_REDIRECT] [Fatal Error] :1:1: Premature end of file.
2026-10-01 23:34:23,890 [ERROR] LogOutputStream:75 - [STDERR_REDIRECT] 
2026-10-01 23:34:24,889 [ERROR] LogOutputStream:75 - [STDERR_REDIRECT] [Fatal Error] :1:1: Premature end of file.
2026-10-01 23:34:24,889 [ERROR] LogOutputStream:75 - [STDERR_REDIRECT] 
2026-10-01 23:34:25,891 [ERROR] LogOutputStream:75 - [STDERR_REDIRECT] [Fatal Error] :1:1: Premature end of file.
2026-10-01 23:34:25,891 [ERROR] LogOutputStream:75 - [STDERR_REDIRECT] 
2026-10-01 23:34:26,890 [ERROR] LogOutputStream:75 - [STDERR_REDIRECT] [Fatal Error] :1:1: Premature end of file.
2026-10-01 23:34:26,890 [ERROR] LogOutputStream:75 - [STDERR_REDIRECT] 
2026-10-01 23:34:27,884 [ERROR] LogOutputStream:75 - [STDERR_REDIRECT] [Fatal Error] :1:1: Premature end of file.
2026-10-01 23:34:27,884 [ERROR] LogOutputStream:75 - [STDERR_REDIRECT] 
2026-10-01 23:34:28,879 [ERROR] LogOutputStream:75 - [STDERR_REDIRECT] [Fatal Error] :1:1: Premature end of file.
2026-10-01 23:34:28,879 [ERROR] LogOutputStream:75 - [STDERR_REDIRECT] 
2026-10-01 23:34:29,876 [ERROR] LogOutputStream:75 - [STDERR_REDIRECT] [Fatal Error] :1:1: Premature end of file.
2026-10-01 23:34:29,876 [ERROR] LogOutputStream:75 - [STDERR_REDIRECT] 
2026-10-01 23:34:30,889 [ERROR] LogOutputStream:75 - [STDERR_REDIRECT] [Fatal Error] :1:1: Premature end of file.
2026-10-01 23:34:30,889 [ERROR] LogOutputStream:75 - [STDERR_REDIRECT] 
2026-10-01 23:34:31,885 [ERROR] LogOutputStream:75 - [STDERR_REDIRECT] [Fatal Error] :1:1: Premature end of file.
2026-10-01 23:34:31,885 [ERROR] LogOutputStream:75 - [STDERR_REDIRECT] 
2026-10-01 23:34:32,889 [ERROR] LogOutputStream:75 - [STDERR_REDIRECT] [Fatal Error] :1:1: Premature end of file.
2026-10-01 23:34:32,889 [ERROR] LogOutputStream:75 - [STDERR_REDIRECT] 
2026-10-01 23:34:33,890 [ERROR] LogOutputStream:75 - [STDERR_REDIRECT] [Fatal Error] :1:1: Premature end of file.
2026-10-01 23:34:33,890 [ERROR] LogOutputStream:75 - [STDERR_REDIRECT] 
2026-10-01 23:34:34,884 [ERROR] LogOutputStream:75 - [STDERR_REDIRECT] [Fatal Error] :1:1: Premature end of file.
2026-10-01 23:34:34,884 [ERROR] LogOutputStream:75 - [STDERR_REDIRECT] 
2026-10-01 23:34:35,883 [ERROR] LogOutputStream:75 - [STDERR_REDIRECT] [Fatal Error] :1:1: Premature end of file.
2026-10-01 23:34:35,883 [ERROR] LogOutputStream:75 - [STDERR_REDIRECT] 
2026-10-01 23:34:36,888 [ERROR] LogOutputStream:75 - [STDERR_REDIRECT] [Fatal Error] :1:1: Premature end of file.
2026-10-01 23:34:36,888 [ERROR] LogOutputStream:75 - [STDERR_REDIRECT] 
2026-10-01 23:34:37,889 [ERROR] LogOutputStream:75 - [STDERR_REDIRECT] [Fatal Error] :1:1: Premature end of file.
2026-10-01 23:34:37,889 [ERROR] LogOutputStream:75 - [STDERR_REDIRECT] 
2026-10-01 23:34:38,954 [ERROR] LogOutputStream:75 - [STDERR_REDIRECT] [Fatal Error] :1:1: Premature end of file.
2026-10-01 23:34:38,954 [ERROR] LogOutputStream:75 - [STDERR_REDIRECT] 
2026-10-01 23:34:39,892 [ERROR] LogOutputStream:75 - [STDERR_REDIRECT] [Fatal Error] :1:1: Premature end of file.
2026-10-01 23:34:39,892 [ERROR] LogOutputStream:75 - [STDERR_REDIRECT] 
2026-10-01 23:34:40,885 [ERROR] LogOutputStream:75 - [STDERR_REDIRECT] [Fatal Error] :1:1: Premature end of file.
2026-10-01 23:34:40,885 [ERROR] LogOutputStream:75 - [STDERR_REDIRECT] 
2026-10-01 23:34:41,881 [ERROR] LogOutputStream:75 - [STDERR_REDIRECT] [Fatal Error] :1:1: Premature end of file.
2026-10-01 23:34:41,881 [ERROR] LogOutputStream:75 - [STDERR_REDIRECT] 
2026-10-01 23:34:42,882 [ERROR] LogOutputStream:75 - [STDERR_REDIRECT] [Fatal Error] :1:1: Premature end of file.
2026-10-01 23:34:42,882 [ERROR] LogOutputStream:75 - [STDERR_REDIRECT] 
2026-10-01 23:34:43,890 [ERROR] LogOutputStream:75 - [STDERR_REDIRECT] [Fatal Error] :1:1: Premature end of file.
2026-10-01 23:34:43,890 [ERROR] LogOutputStream:75 - [STDERR_REDIRECT] 
2026-10-01 23:34:44,884 [ERROR] LogOutputStream:75 - [STDERR_REDIRECT] [Fatal Error] :1:1: Premature end of file.
2026-10-01 23:34:44,884 [ERROR] LogOutputStream:75 - [STDERR_REDIRECT] 
2026-10-01 23:34:45,888 [ERROR] LogOutputStream:75 - [STDERR_REDIRECT] [Fatal Error] :1:1: Premature end of file.
2026-10-01 23:34:45,888 [ERROR] LogOutputStream:75 - [STDERR_REDIRECT] 
2026-10-01 23:34:46,885 [ERROR] LogOutputStream:75 - [STDERR_REDIRECT] [Fatal Error] :1:1: Premature end of file.
2026-10-01 23:34:46,885 [ERROR] LogOutputStream:75 - [STDERR_REDIRECT] 
2026-10-01 23:34:47,886 [ERROR] LogOutputStream:75 - [STDERR_REDIRECT] [Fatal Error] :1:1: Premature end of file.
2026-10-01 23:34:47,887 [ERROR] LogOutputStream:75 - [STDERR_REDIRECT] 
2026-10-01 23:34:48,882 [ERROR] LogOutputStream:75 - [STDERR_REDIRECT] [Fatal Error] :1:1: Premature end of file.
2026-10-01 23:34:48,882 [ERROR] LogOutputStream:75 - [STDERR_REDIRECT] 
2026-10-01 23:34:49,886 [ERROR] LogOutputStream:75 - [STDERR_REDIRECT] [Fatal Error] :1:1: Premature end of file.
2026-10-01 23:34:49,886 [ERROR] LogOutputStream:75 - [STDERR_REDIRECT] 
2026-10-01 23:34:50,892 [ERROR] LogOutputStream:75 - [STDERR_REDIRECT] [Fatal Error] :1:1: Premature end of file.
2026-10-01 23:34:50,892 [ERROR] LogOutputStream:75 - [STDERR_REDIRECT] 
2026-10-01 23:34:51,889 [ERROR] LogOutputStream:75 - [STDERR_REDIRECT] [Fatal Error] :1:1: Premature end of file.
2026-10-01 23:34:51,889 [ERROR] LogOutputStream:75 - [STDERR_REDIRECT] 
2026-10-01 23:34:52,892 [ERROR] LogOutputStream:75 - [STDERR_REDIRECT] [Fatal Error] :1:1: Premature end of file.
2026-10-01 23:34:52,892 [ERROR] LogOutputStream:75 - [STDERR_REDIRECT] 
2026-10-01 23:34:53,884 [ERROR] LogOutputStream:75 - [STDERR_REDIRECT] [Fatal Error] :1:1: Premature end of file.
2026-10-01 23:34:53,884 [ERROR] LogOutputStream:75 - [STDERR_REDIRECT] 
2026-10-01 23:34:54,887 [ERROR] LogOutputStream:75 - [STDERR_REDIRECT] [Fatal Error] :1:1: Premature end of file.
2026-10-01 23:34:54,887 [ERROR] LogOutputStream:75 - [STDERR_REDIRECT] 
2026-10-01 23:34:55,889 [ERROR] LogOutputStream:75 - [STDERR_REDIRECT] [Fatal Error] :1:1: Premature end of file.
2026-10-01 23:34:55,889 [ERROR] LogOutputStream:75 - [STDERR_REDIRECT] 
2026-10-01 23:34:56,887 [ERROR] LogOutputStream:75 - [STDERR_REDIRECT] [Fatal Error] :1:1: Premature end of file.
2026-10-01 23:34:56,887 [ERROR] LogOutputStream:75 - [STDERR_REDIRECT] 
2026-10-01 23:34:57,884 [ERROR] LogOutputStream:75 - [STDERR_REDIRECT] [Fatal Error] :1:1: Premature end of file.
2026-10-01 23:34:57,884 [ERROR] LogOutputStream:75 - [STDERR_REDIRECT] 
2026-10-01 23:34:58,888 [ERROR] LogOutputStream:75 - [STDERR_REDIRECT] [Fatal Error] :1:1: Premature end of file.
2026-10-01 23:34:58,889 [ERROR] LogOutputStream:75 - [STDERR_REDIRECT] 
2026-10-01 23:34:59,888 [ERROR] LogOutputStream:75 - [STDERR_REDIRECT] [Fatal Error] :1:1: Premature end of file.
2026-10-01 23:34:59,888 [ERROR] LogOutputStream:75 - [STDERR_REDIRECT] 
2026-10-01 23:35:00,885 [ERROR] LogOutputStream:75 - [STDERR_REDIRECT] [Fatal Error] :1:1: Premature end of file.
2026-10-01 23:35:00,885 [ERROR] LogOutputStream:75 - [STDERR_REDIRECT] 
2026-10-01 23:35:01,889 [ERROR] LogOutputStream:75 - [STDERR_REDIRECT] [Fatal Error] :1:1: Premature end of file.
2026-10-01 23:35:01,890 [ERROR] LogOutputStream:75 - [STDERR_REDIRECT] 
2026-10-01 23:35:02,885 [ERROR] LogOutputStream:75 - [STDERR_REDIRECT] [Fatal Error] :1:1: Premature end of file.
2026-10-01 23:35:02,885 [ERROR] LogOutputStream:75 - [STDERR_REDIRECT] 
2026-10-01 23:35:03,889 [ERROR] LogOutputStream:75 - [STDERR_REDIRECT] [Fatal Error] :1:1: Premature end of file.
2026-10-01 23:35:03,889 [ERROR] LogOutputStream:75 - [STDERR_REDIRECT] 
2026-10-01 23:35:04,885 [ERROR] LogOutputStream:75 - [STDERR_REDIRECT] [Fatal Error] :1:1: Premature end of file.
2026-10-01 23:35:04,885 [ERROR] LogOutputStream:75 - [STDERR_REDIRECT] 
2026-10-01 23:35:05,887 [ERROR] LogOutputStream:75 - [STDERR_REDIRECT] [Fatal Error] :1:1: Premature end of file.
2026-10-01 23:35:05,887 [ERROR] LogOutputStream:75 - [STDERR_REDIRECT] 
2026-10-01 23:35:06,889 [ERROR] LogOutputStream:75 - [STDERR_REDIRECT] [Fatal Error] :1:1: Premature end of file.
2026-10-01 23:35:06,889 [ERROR] LogOutputStream:75 - [STDERR_REDIRECT] 
2026-10-01 23:35:07,886 [ERROR] LogOutputStream:75 - [STDERR_REDIRECT] [Fatal Error] :1:1: Premature end of file.
2026-10-01 23:35:07,886 [ERROR] LogOutputStream:75 - [STDERR_REDIRECT] 
2026-10-01 23:35:08,888 [ERROR] LogOutputStream:75 - [STDERR_REDIRECT] [Fatal Error] :1:1: Premature end of file.
2026-10-01 23:35:08,888 [ERROR] LogOutputStream:75 - [STDERR_REDIRECT] 
2026-10-01 23:35:09,884 [ERROR] LogOutputStream:75 - [STDERR_REDIRECT] [Fatal Error] :1:1: Premature end of file.
2026-10-01 23:35:09,884 [ERROR] LogOutputStream:75 - [STDERR_REDIRECT] 
2026-10-01 23:35:10,893 [ERROR] LogOutputStream:75 - [STDERR_REDIRECT] [Fatal Error] :1:1: Premature end of file.
2026-10-01 23:35:10,893 [ERROR] LogOutputStream:75 - [STDERR_REDIRECT] 
2026-10-01 23:35:11,877 [ERROR] LogOutputStream:75 - [STDERR_REDIRECT] [Fatal Error] :1:1: Premature end of file.
2026-10-01 23:35:11,877 [ERROR] LogOutputStream:75 - [STDERR_REDIRECT] 
2026-10-01 23:35:12,888 [ERROR] LogOutputStream:75 - [STDERR_REDIRECT] [Fatal Error] :1:1: Premature end of file.
2026-10-01 23:35:12,888 [ERROR] LogOutputStream:75 - [STDERR_REDIRECT] 
2026-10-01 23:35:13,879 [ERROR] LogOutputStream:75 - [STDERR_REDIRECT] [Fatal Error] :1:1: Premature end of file.
2026-10-01 23:35:13,879 [ERROR] LogOutputStream:75 - [STDERR_REDIRECT] 
2026-10-01 23:35:14,888 [ERROR] LogOutputStream:75 - [STDERR_REDIRECT] [Fatal Error] :1:1: Premature end of file.
2026-10-01 23:35:14,888 [ERROR] LogOutputStream:75 - [STDERR_REDIRECT] 
2026-10-01 23:35:15,906 [ERROR] LogOutputStream:75 - [STDERR_REDIRECT] [Fatal Error] :1:1: Premature end of file.
2026-10-01 23:35:15,906 [ERROR] LogOutputStream:75 - [STDERR_REDIRECT] 
2026-10-01 23:35:16,888 [ERROR] LogOutputStream:75 - [STDERR_REDIRECT] [Fatal Error] :1:1: Premature end of file.
2026-10-01 23:35:16,888 [ERROR] LogOutputStream:75 - [STDERR_REDIRECT] 
2026-10-01 23:35:17,882 [ERROR] LogOutputStream:75 - [STDERR_REDIRECT] [Fatal Error] :1:1: Premature end of file.
2026-10-01 23:35:17,882 [ERROR] LogOutputStream:75 - [STDERR_REDIRECT] 
2026-10-01 23:35:18,910 [ERROR] LogOutputStream:75 - [STDERR_REDIRECT] [Fatal Error] :1:1: Premature end of file.
2026-10-01 23:35:18,910 [ERROR] LogOutputStream:75 - [STDERR_REDIRECT] 
2026-10-01 23:35:19,888 [ERROR] LogOutputStream:75 - [STDERR_REDIRECT] [Fatal Error] :1:1: Premature end of file.
2026-10-01 23:35:19,888 [ERROR] LogOutputStream:75 - [STDERR_REDIRECT] 
2026-10-01 23:35:20,887 [ERROR] LogOutputStream:75 - [STDERR_REDIRECT] [Fatal Error] :1:1: Premature end of file.
2026-10-01 23:35:20,888 [ERROR] LogOutputStream:75 - [STDERR_REDIRECT] 
2026-10-01 23:35:21,885 [ERROR] LogOutputStream:75 - [STDERR_REDIRECT] [Fatal Error] :1:1: Premature end of file.
2026-10-01 23:35:21,885 [ERROR] LogOutputStream:75 - [STDERR_REDIRECT] 
2026-10-01 23:35:22,884 [ERROR] LogOutputStream:75 - [STDERR_REDIRECT] [Fatal Error] :1:1: Premature end of file.
2026-10-01 23:35:22,884 [ERROR] LogOutputStream:75 - [STDERR_REDIRECT] 
2026-10-01 23:35:23,885 [ERROR] LogOutputStream:75 - [STDERR_REDIRECT] [Fatal Error] :1:1: Premature end of file.
2026-10-01 23:35:23,886 [ERROR] LogOutputStream:75 - [STDERR_REDIRECT] 
2026-10-01 23:35:24,887 [ERROR] LogOutputStream:75 - [STDERR_REDIRECT] [Fatal Error] :1:1: Premature end of file.
2026-10-01 23:35:24,887 [ERROR] LogOutputStream:75 - [STDERR_REDIRECT] 
2026-10-01 23:35:25,890 [ERROR] LogOutputStream:75 - [STDERR_REDIRECT] [Fatal Error] :1:1: Premature end of file.
2026-10-01 23:35:25,890 [ERROR] LogOutputStream:75 - [STDERR_REDIRECT] 
2026-10-01 23:35:26,888 [ERROR] LogOutputStream:75 - [STDERR_REDIRECT] [Fatal Error] :1:1: Premature end of file.
2026-10-01 23:35:26,888 [ERROR] LogOutputStream:75 - [STDERR_REDIRECT] 
2026-10-01 23:35:27,877 [ERROR] LogOutputStream:75 - [STDERR_REDIRECT] [Fatal Error] :1:1: Premature end of file.
2026-10-01 23:35:27,877 [ERROR] LogOutputStream:75 - [STDERR_REDIRECT] 
2026-10-01 23:35:28,888 [ERROR] LogOutputStream:75 - [STDERR_REDIRECT] [Fatal Error] :1:1: Premature end of file.
2026-10-01 23:35:28,889 [ERROR] LogOutputStream:75 - [STDERR_REDIRECT] 
2026-10-01 23:35:29,890 [ERROR] LogOutputStream:75 - [STDERR_REDIRECT] [Fatal Error] :1:1: Premature end of file.
2026-10-01 23:35:29,890 [ERROR] LogOutputStream:75 - [STDERR_REDIRECT] 
2026-10-01 23:35:30,889 [ERROR] LogOutputStream:75 - [STDERR_REDIRECT] [Fatal Error] :1:1: Premature end of file.
2026-10-01 23:35:30,889 [ERROR] LogOutputStream:75 - [STDERR_REDIRECT] 
2026-10-01 23:35:31,898 [ERROR] LogOutputStream:75 - [STDERR_REDIRECT] [Fatal Error] :1:1: Premature end of file.
2026-10-01 23:35:31,899 [ERROR] LogOutputStream:75 - [STDERR_REDIRECT] 
2026-10-01 23:35:32,894 [ERROR] LogOutputStream:75 - [STDERR_REDIRECT] [Fatal Error] :1:1: Premature end of file.
2026-10-01 23:35:32,895 [ERROR] LogOutputStream:75 - [STDERR_REDIRECT] 
2026-10-01 23:35:33,890 [ERROR] LogOutputStream:75 - [STDERR_REDIRECT] [Fatal Error] :1:1: Premature end of file.
2026-10-01 23:35:33,890 [ERROR] LogOutputStream:75 - [STDERR_REDIRECT] 
2026-10-01 23:35:34,892 [ERROR] LogOutputStream:75 - [STDERR_REDIRECT] [Fatal Error] :1:1: Premature end of file.
2026-10-01 23:35:34,892 [ERROR] LogOutputStream:75 - [STDERR_REDIRECT] 
2026-10-01 23:35:35,887 [ERROR] LogOutputStream:75 - [STDERR_REDIRECT] [Fatal Error] :1:1: Premature end of file.
2026-10-01 23:35:35,887 [ERROR] LogOutputStream:75 - [STDERR_REDIRECT] 
2026-10-01 23:35:36,892 [ERROR] LogOutputStream:75 - [STDERR_REDIRECT] [Fatal Error] :1:1: Premature end of file.
2026-10-01 23:35:36,892 [ERROR] LogOutputStream:75 - [STDERR_REDIRECT] 
2026-10-01 23:35:37,891 [ERROR] LogOutputStream:75 - [STDERR_REDIRECT] [Fatal Error] :1:1: Premature end of file.
2026-10-01 23:35:37,891 [ERROR] LogOutputStream:75 - [STDERR_REDIRECT] 
2026-10-01 23:35:38,874 [ERROR] LogOutputStream:75 - [STDERR_REDIRECT] [Fatal Error] :1:1: Premature end of file.
2026-10-01 23:35:38,874 [ERROR] LogOutputStream:75 - [STDERR_REDIRECT] 
2026-10-01 23:35:39,886 [ERROR] LogOutputStream:75 - [STDERR_REDIRECT] [Fatal Error] :1:1: Premature end of file.
2026-10-01 23:35:39,886 [ERROR] LogOutputStream:75 - [STDERR_REDIRECT] 
2026-10-01 23:35:40,878 [ERROR] LogOutputStream:75 - [STDERR_REDIRECT] [Fatal Error] :1:1: Premature end of file.
2026-10-01 23:35:40,878 [ERROR] LogOutputStream:75 - [STDERR_REDIRECT] 
2026-10-01 23:35:41,884 [ERROR] LogOutputStream:75 - [STDERR_REDIRECT] [Fatal Error] :1:1: Premature end of file.
2026-10-01 23:35:41,884 [ERROR] LogOutputStream:75 - [STDERR_REDIRECT] 
2026-10-01 23:35:42,874 [ERROR] LogOutputStream:75 - [STDERR_REDIRECT] [Fatal Error] :1:1: Premature end of file.
2026-10-01 23:35:42,874 [ERROR] LogOutputStream:75 - [STDERR_REDIRECT] 
2026-10-01 23:35:43,883 [ERROR] LogOutputStream:75 - [STDERR_REDIRECT] [Fatal Error] :1:1: Premature end of file.
2026-10-01 23:35:43,884 [ERROR] LogOutputStream:75 - [STDERR_REDIRECT] 
2026-10-01 23:35:44,901 [ERROR] LogOutputStream:75 - [STDERR_REDIRECT] [Fatal Error] :1:1: Premature end of file.
2026-10-01 23:35:44,901 [ERROR] LogOutputStream:75 - [STDERR_REDIRECT] 
2026-10-01 23:35:45,892 [ERROR] LogOutputStream:75 - [STDERR_REDIRECT] [Fatal Error] :1:1: Premature end of file.
2026-10-01 23:35:45,892 [ERROR] LogOutputStream:75 - [STDERR_REDIRECT] 
2026-10-01 23:35:46,887 [ERROR] LogOutputStream:75 - [STDERR_REDIRECT] [Fatal Error] :1:1: Premature end of file.
2026-10-01 23:35:46,887 [ERROR] LogOutputStream:75 - [STDERR_REDIRECT] 
2026-10-01 23:35:47,892 [ERROR] LogOutputStream:75 - [STDERR_REDIRECT] [Fatal Error] :1:1: Premature end of file.
2026-10-01 23:35:47,892 [ERROR] LogOutputStream:75 - [STDERR_REDIRECT] 
2026-10-01 23:35:48,891 [ERROR] LogOutputStream:75 - [STDERR_REDIRECT] [Fatal Error] :1:1: Premature end of file.
2026-10-01 23:35:48,891 [ERROR] LogOutputStream:75 - [STDERR_REDIRECT] 
2026-10-01 23:35:49,891 [ERROR] LogOutputStream:75 - [STDERR_REDIRECT] [Fatal Error] :1:1: Premature end of file.
2026-10-01 23:35:49,892 [ERROR] LogOutputStream:75 - [STDERR_REDIRECT] 
2026-10-01 23:35:50,892 [ERROR] LogOutputStream:75 - [STDERR_REDIRECT] [Fatal Error] :1:1: Premature end of file.
2026-10-01 23:35:50,892 [ERROR] LogOutputStream:75 - [STDERR_REDIRECT] 
2026-10-01 23:35:51,883 [ERROR] LogOutputStream:75 - [STDERR_REDIRECT] [Fatal Error] :1:1: Premature end of file.
2026-10-01 23:35:51,883 [ERROR] LogOutputStream:75 - [STDERR_REDIRECT] 
2026-10-01 23:35:52,906 [ERROR] LogOutputStream:75 - [STDERR_REDIRECT] [Fatal Error] :1:1: Premature end of file.
2026-10-01 23:35:52,907 [ERROR] LogOutputStream:75 - [STDERR_REDIRECT] 
2026-10-01 23:35:53,889 [ERROR] LogOutputStream:75 - [STDERR_REDIRECT] [Fatal Error] :1:1: Premature end of file.
2026-10-01 23:35:53,889 [ERROR] LogOutputStream:75 - [STDERR_REDIRECT] 
2026-10-01 23:35:54,877 [ERROR] LogOutputStream:75 - [STDERR_REDIRECT] [Fatal Error] :1:1: Premature end of file.
2026-10-01 23:35:54,877 [ERROR] LogOutputStream:75 - [STDERR_REDIRECT] 
2026-10-01 23:35:55,888 [ERROR] LogOutputStream:75 - [STDERR_REDIRECT] [Fatal Error] :1:1: Premature end of file.
2026-10-01 23:35:55,888 [ERROR] LogOutputStream:75 - [STDERR_REDIRECT] 
2026-10-01 23:35:56,886 [ERROR] LogOutputStream:75 - [STDERR_REDIRECT] [Fatal Error] :1:1: Premature end of file.
2026-10-01 23:35:56,886 [ERROR] LogOutputStream:75 - [STDERR_REDIRECT] 
2026-10-01 23:35:57,891 [ERROR] LogOutputStream:75 - [STDERR_REDIRECT] [Fatal Error] :1:1: Premature end of file.
2026-10-01 23:35:57,891 [ERROR] LogOutputStream:75 - [STDERR_REDIRECT] 
2026-10-01 23:35:58,893 [ERROR] LogOutputStream:75 - [STDERR_REDIRECT] [Fatal Error] :1:1: Premature end of file.
2026-10-01 23:35:58,894 [ERROR] LogOutputStream:75 - [STDERR_REDIRECT] 
2026-10-01 23:35:59,886 [ERROR] LogOutputStream:75 - [STDERR_REDIRECT] [Fatal Error] :1:1: Premature end of file.
2026-10-01 23:35:59,886 [ERROR] LogOutputStream:75 - [STDERR_REDIRECT] 
2026-10-01 23:36:00,887 [ERROR] LogOutputStream:75 - [STDERR_REDIRECT] [Fatal Error] :1:1: Premature end of file.
2026-10-01 23:36:00,887 [ERROR] LogOutputStream:75 - [STDERR_REDIRECT] 
2026-10-01 23:36:01,891 [ERROR] LogOutputStream:75 - [STDERR_REDIRECT] [Fatal Error] :1:1: Premature end of file.
2026-10-01 23:36:01,891 [ERROR] LogOutputStream:75 - [STDERR_REDIRECT] 
2026-10-01 23:36:02,879 [ERROR] LogOutputStream:75 - [STDERR_REDIRECT] [Fatal Error] :1:1: Premature end of file.
2026-10-01 23:36:02,879 [ERROR] LogOutputStream:75 - [STDERR_REDIRECT] 
2026-10-01 23:36:03,889 [ERROR] LogOutputStream:75 - [STDERR_REDIRECT] [Fatal Error] :1:1: Premature end of file.
2026-10-01 23:36:03,889 [ERROR] LogOutputStream:75 - [STDERR_REDIRECT] 
2026-10-01 23:36:04,890 [ERROR] LogOutputStream:75 - [STDERR_REDIRECT] [Fatal Error] :1:1: Premature end of file.
2026-10-01 23:36:04,890 [ERROR] LogOutputStream:75 - [STDERR_REDIRECT] 
2026-10-01 23:36:05,889 [ERROR] LogOutputStream:75 - [STDERR_REDIRECT] [Fatal Error] :1:1: Premature end of file.
2026-10-01 23:36:05,890 [ERROR] LogOutputStream:75 - [STDERR_REDIRECT] 
2026-10-01 23:36:06,888 [ERROR] LogOutputStream:75 - [STDERR_REDIRECT] [Fatal Error] :1:1: Premature end of file.
2026-10-01 23:36:06,889 [ERROR] LogOutputStream:75 - [STDERR_REDIRECT] 
2026-10-01 23:36:07,892 [ERROR] LogOutputStream:75 - [STDERR_REDIRECT] [Fatal Error] :1:1: Premature end of file.
2026-10-01 23:36:07,892 [ERROR] LogOutputStream:75 - [STDERR_REDIRECT] 
2026-10-01 23:36:08,894 [ERROR] LogOutputStream:75 - [STDERR_REDIRECT] [Fatal Error] :1:1: Premature end of file.
2026-10-01 23:36:08,895 [ERROR] LogOutputStream:75 - [STDERR_REDIRECT] 
2026-10-01 23:36:09,883 [ERROR] LogOutputStream:75 - [STDERR_REDIRECT] [Fatal Error] :1:1: Premature end of file.
2026-10-01 23:36:09,883 [ERROR] LogOutputStream:75 - [STDERR_REDIRECT] 
2026-10-01 23:36:10,891 [ERROR] LogOutputStream:75 - [STDERR_REDIRECT] [Fatal Error] :1:1: Premature end of file.
2026-10-01 23:36:10,891 [ERROR] LogOutputStream:75 - [STDERR_REDIRECT] 
2026-10-01 23:36:11,887 [ERROR] LogOutputStream:75 - [STDERR_REDIRECT] [Fatal Error] :1:1: Premature end of file.
2026-10-01 23:36:11,887 [ERROR] LogOutputStream:75 - [STDERR_REDIRECT] 
2026-10-01 23:36:12,888 [ERROR] LogOutputStream:75 - [STDERR_REDIRECT] [Fatal Error] :1:1: Premature end of file.
2026-10-01 23:36:12,889 [ERROR] LogOutputStream:75 - [STDERR_REDIRECT] 
2026-10-01 23:36:13,888 [ERROR] LogOutputStream:75 - [STDERR_REDIRECT] [Fatal Error] :1:1: Premature end of file.
2026-10-01 23:36:13,888 [ERROR] LogOutputStream:75 - [STDERR_REDIRECT] 
2026-10-01 23:36:14,884 [ERROR] LogOutputStream:75 - [STDERR_REDIRECT] [Fatal Error] :1:1: Premature end of file.
2026-10-01 23:36:14,884 [ERROR] LogOutputStream:75 - [STDERR_REDIRECT] 
2026-10-01 23:36:15,888 [ERROR] LogOutputStream:75 - [STDERR_REDIRECT] [Fatal Error] :1:1: Premature end of file.
2026-10-01 23:36:15,888 [ERROR] LogOutputStream:75 - [STDERR_REDIRECT] 
2026-10-01 23:36:16,891 [ERROR] LogOutputStream:75 - [STDERR_REDIRECT] [Fatal Error] :1:1: Premature end of file.
2026-10-01 23:36:16,891 [ERROR] LogOutputStream:75 - [STDERR_REDIRECT] 
2026-10-01 23:36:17,891 [ERROR] LogOutputStream:75 - [STDERR_REDIRECT] [Fatal Error] :1:1: Premature end of file.
2026-10-01 23:36:17,891 [ERROR] LogOutputStream:75 - [STDERR_REDIRECT] 
2026-10-01 23:36:18,883 [ERROR] LogOutputStream:75 - [STDERR_REDIRECT] [Fatal Error] :1:1: Premature end of file.
2026-10-01 23:36:18,883 [ERROR] LogOutputStream:75 - [STDERR_REDIRECT] 
2026-10-01 23:36:19,889 [ERROR] LogOutputStream:75 - [STDERR_REDIRECT] [Fatal Error] :1:1: Premature end of file.
2026-10-01 23:36:19,889 [ERROR] LogOutputStream:75 - [STDERR_REDIRECT] 
2026-10-01 23:36:20,885 [ERROR] LogOutputStream:75 - [STDERR_REDIRECT] [Fatal Error] :1:1: Premature end of file.
2026-10-01 23:36:20,885 [ERROR] LogOutputStream:75 - [STDERR_REDIRECT] 
2026-10-01 23:36:21,883 [ERROR] LogOutputStream:75 - [STDERR_REDIRECT] [Fatal Error] :1:1: Premature end of file.
2026-10-01 23:36:21,883 [ERROR] LogOutputStream:75 - [STDERR_REDIRECT] 
2026-10-01 23:36:22,886 [ERROR] LogOutputStream:75 - [STDERR_REDIRECT] [Fatal Error] :1:1: Premature end of file.
2026-10-01 23:36:22,886 [ERROR] LogOutputStream:75 - [STDERR_REDIRECT] 
2026-10-01 23:36:23,885 [ERROR] LogOutputStream:75 - [STDERR_REDIRECT] [Fatal Error] :1:1: Premature end of file.
2026-10-01 23:36:23,885 [ERROR] LogOutputStream:75 - [STDERR_REDIRECT] 
2026-10-01 23:36:24,896 [ERROR] LogOutputStream:75 - [STDERR_REDIRECT] [Fatal Error] :1:1: Premature end of file.
2026-10-01 23:36:24,896 [ERROR] LogOutputStream:75 - [STDERR_REDIRECT] 
2026-10-01 23:36:25,891 [ERROR] LogOutputStream:75 - [STDERR_REDIRECT] [Fatal Error] :1:1: Premature end of file.
2026-10-01 23:36:25,891 [ERROR] LogOutputStream:75 - [STDERR_REDIRECT] 
2026-10-01 23:36:26,892 [ERROR] LogOutputStream:75 - [STDERR_REDIRECT] [Fatal Error] :1:1: Premature end of file.
2026-10-01 23:36:26,892 [ERROR] LogOutputStream:75 - [STDERR_REDIRECT] 
2026-10-01 23:36:27,888 [ERROR] LogOutputStream:75 - [STDERR_REDIRECT] [Fatal Error] :1:1: Premature end of file.
2026-10-01 23:36:27,888 [ERROR] LogOutputStream:75 - [STDERR_REDIRECT] 
2026-10-01 23:36:28,890 [ERROR] LogOutputStream:75 - [STDERR_REDIRECT] [Fatal Error] :1:1: Premature end of file.
2026-10-01 23:36:28,890 [ERROR] LogOutputStream:75 - [STDERR_REDIRECT] 
2026-10-01 23:36:29,890 [ERROR] LogOutputStream:75 - [STDERR_REDIRECT] [Fatal Error] :1:1: Premature end of file.
2026-10-01 23:36:29,890 [ERROR] LogOutputStream:75 - [STDERR_REDIRECT] 
2026-10-01 23:36:30,890 [ERROR] LogOutputStream:75 - [STDERR_REDIRECT] [Fatal Error] :1:1: Premature end of file.
2026-10-01 23:36:30,890 [ERROR] LogOutputStream:75 - [STDERR_REDIRECT] 
2026-10-01 23:36:31,891 [ERROR] LogOutputStream:75 - [STDERR_REDIRECT] [Fatal Error] :1:1: Premature end of file.
2026-10-01 23:36:31,891 [ERROR] LogOutputStream:75 - [STDERR_REDIRECT] 
2026-10-01 23:36:32,889 [ERROR] LogOutputStream:75 - [STDERR_REDIRECT] [Fatal Error] :1:1: Premature end of file.
2026-10-01 23:36:32,889 [ERROR] LogOutputStream:75 - [STDERR_REDIRECT] 
2026-10-01 23:36:33,888 [ERROR] LogOutputStream:75 - [STDERR_REDIRECT] [Fatal Error] :1:1: Premature end of file.
2026-10-01 23:36:33,888 [ERROR] LogOutputStream:75 - [STDERR_REDIRECT] 
2026-10-01 23:36:34,888 [ERROR] LogOutputStream:75 - [STDERR_REDIRECT] [Fatal Error] :1:1: Premature end of file.
2026-10-01 23:36:34,888 [ERROR] LogOutputStream:75 - [STDERR_REDIRECT] 
2026-10-01 23:36:35,889 [ERROR] LogOutputStream:75 - [STDERR_REDIRECT] [Fatal Error] :1:1: Premature end of file.
2026-10-01 23:36:35,889 [ERROR] LogOutputStream:75 - [STDERR_REDIRECT] 
2026-10-01 23:36:36,885 [ERROR] LogOutputStream:75 - [STDERR_REDIRECT] [Fatal Error] :1:1: Premature end of file.
2026-10-01 23:36:36,885 [ERROR] LogOutputStream:75 - [STDERR_REDIRECT] 
2026-10-01 23:36:37,877 [ERROR] LogOutputStream:75 - [STDERR_REDIRECT] [Fatal Error] :1:1: Premature end of file.
2026-10-01 23:36:37,877 [ERROR] LogOutputStream:75 - [STDERR_REDIRECT] 
2026-10-01 23:36:38,899 [ERROR] LogOutputStream:75 - [STDERR_REDIRECT] [Fatal Error] :1:1: Premature end of file.
2026-10-01 23:36:38,900 [ERROR] LogOutputStream:75 - [STDERR_REDIRECT] 
2026-10-01 23:36:39,887 [ERROR] LogOutputStream:75 - [STDERR_REDIRECT] [Fatal Error] :1:1: Premature end of file.
2026-10-01 23:36:39,887 [ERROR] LogOutputStream:75 - [STDERR_REDIRECT] 
2026-10-01 23:36:40,889 [ERROR] LogOutputStream:75 - [STDERR_REDIRECT] [Fatal Error] :1:1: Premature end of file.
2026-10-01 23:36:40,890 [ERROR] LogOutputStream:75 - [STDERR_REDIRECT] 
2026-10-01 23:36:41,887 [ERROR] LogOutputStream:75 - [STDERR_REDIRECT] [Fatal Error] :1:1: Premature end of file.
2026-10-01 23:36:41,887 [ERROR] LogOutputStream:75 - [STDERR_REDIRECT] 
2026-10-01 23:36:42,886 [ERROR] LogOutputStream:75 - [STDERR_REDIRECT] [Fatal Error] :1:1: Premature end of file.
2026-10-01 23:36:42,886 [ERROR] LogOutputStream:75 - [STDERR_REDIRECT] 
2026-10-01 23:36:43,887 [ERROR] LogOutputStream:75 - [STDERR_REDIRECT] [Fatal Error] :1:1: Premature end of file.
2026-10-01 23:36:43,887 [ERROR] LogOutputStream:75 - [STDERR_REDIRECT] 
2026-10-01 23:36:44,885 [ERROR] LogOutputStream:75 - [STDERR_REDIRECT] [Fatal Error] :1:1: Premature end of file.
2026-10-01 23:36:44,885 [ERROR] LogOutputStream:75 - [STDERR_REDIRECT] 
2026-10-01 23:36:45,890 [ERROR] LogOutputStream:75 - [STDERR_REDIRECT] [Fatal Error] :1:1: Premature end of file.
2026-10-01 23:36:45,890 [ERROR] LogOutputStream:75 - [STDERR_REDIRECT] 
2026-10-01 23:36:46,882 [ERROR] LogOutputStream:75 - [STDERR_REDIRECT] [Fatal Error] :1:1: Premature end of file.
2026-10-01 23:36:46,882 [ERROR] LogOutputStream:75 - [STDERR_REDIRECT] 
2026-10-01 23:36:47,875 [ERROR] LogOutputStream:75 - [STDERR_REDIRECT] [Fatal Error] :1:1: Premature end of file.
2026-10-01 23:36:47,875 [ERROR] LogOutputStream:75 - [STDERR_REDIRECT] 
2026-10-01 23:36:48,888 [ERROR] LogOutputStream:75 - [STDERR_REDIRECT] [Fatal Error] :1:1: Premature end of file.
2026-10-01 23:36:48,888 [ERROR] LogOutputStream:75 - [STDERR_REDIRECT] 
2026-10-01 23:36:49,887 [ERROR] LogOutputStream:75 - [STDERR_REDIRECT] [Fatal Error] :1:1: Premature end of file.
2026-10-01 23:36:49,887 [ERROR] LogOutputStream:75 - [STDERR_REDIRECT] 
2026-10-01 23:36:50,891 [ERROR] LogOutputStream:75 - [STDERR_REDIRECT] [Fatal Error] :1:1: Premature end of file.
2026-10-01 23:36:50,891 [ERROR] LogOutputStream:75 - [STDERR_REDIRECT] 
2026-10-01 23:36:51,890 [ERROR] LogOutputStream:75 - [STDERR_REDIRECT] [Fatal Error] :1:1: Premature end of file.
2026-10-01 23:36:51,890 [ERROR] LogOutputStream:75 - [STDERR_REDIRECT] 
2026-10-01 23:36:52,885 [ERROR] LogOutputStream:75 - [STDERR_REDIRECT] [Fatal Error] :1:1: Premature end of file.
2026-10-01 23:36:52,886 [ERROR] LogOutputStream:75 - [STDERR_REDIRECT] 
2026-10-01 23:36:53,890 [ERROR] LogOutputStream:75 - [STDERR_REDIRECT] [Fatal Error] :1:1: Premature end of file.
2026-10-01 23:36:53,904 [ERROR] LogOutputStream:75 - [STDERR_REDIRECT] 
2026-10-01 23:36:54,886 [ERROR] LogOutputStream:75 - [STDERR_REDIRECT] [Fatal Error] :1:1: Premature end of file.
2026-10-01 23:36:54,887 [ERROR] LogOutputStream:75 - [STDERR_REDIRECT] 
2026-10-01 23:36:55,886 [ERROR] LogOutputStream:75 - [STDERR_REDIRECT] [Fatal Error] :1:1: Premature end of file.
2026-10-01 23:36:55,886 [ERROR] LogOutputStream:75 - [STDERR_REDIRECT] 
2026-10-01 23:36:56,897 [ERROR] LogOutputStream:75 - [STDERR_REDIRECT] [Fatal Error] :1:1: Premature end of file.
2026-10-01 23:36:56,897 [ERROR] LogOutputStream:75 - [STDERR_REDIRECT] 
2026-10-01 23:36:57,902 [ERROR] LogOutputStream:75 - [STDERR_REDIRECT] [Fatal Error] :1:1: Premature end of file.
2026-10-01 23:36:57,902 [ERROR] LogOutputStream:75 - [STDERR_REDIRECT] 
2026-10-01 23:36:58,867 [ERROR] LogOutputStream:75 - [STDERR_REDIRECT] [Fatal Error] :1:1: Premature end of file.
2026-10-01 23:36:58,868 [ERROR] LogOutputStream:75 - [STDERR_REDIRECT] 
2026-10-01 23:36:59,886 [ERROR] LogOutputStream:75 - [STDERR_REDIRECT] [Fatal Error] :1:1: Premature end of file.
2026-10-01 23:36:59,886 [ERROR] LogOutputStream:75 - [STDERR_REDIRECT] 
2026-10-01 23:37:00,907 [ERROR] LogOutputStream:75 - [STDERR_REDIRECT] [Fatal Error] :1:1: Premature end of file.
2026-10-01 23:37:00,908 [ERROR] LogOutputStream:75 - [STDERR_REDIRECT] 
2026-10-01 23:37:01,972 [ERROR] LogOutputStream:75 - [STDERR_REDIRECT] [Fatal Error] :1:1: Premature end of file.
2026-10-01 23:37:01,974 [ERROR] LogOutputStream:75 - [STDERR_REDIRECT] 
2026-10-01 23:37:03,004 [ERROR] LogOutputStream:75 - [STDERR_REDIRECT] [Fatal Error] :1:1: Premature end of file.
2026-10-01 23:37:03,004 [ERROR] LogOutputStream:75 - [STDERR_REDIRECT] 
2026-10-01 23:37:03,890 [ERROR] LogOutputStream:75 - [STDERR_REDIRECT] [Fatal Error] :1:1: Premature end of file.
2026-10-01 23:37:03,890 [ERROR] LogOutputStream:75 - [STDERR_REDIRECT] 
2026-10-01 23:37:04,891 [ERROR] LogOutputStream:75 - [STDERR_REDIRECT] [Fatal Error] :1:1: Premature end of file.
2026-10-01 23:37:04,891 [ERROR] LogOutputStream:75 - [STDERR_REDIRECT] 
2026-10-01 23:37:05,889 [ERROR] LogOutputStream:75 - [STDERR_REDIRECT] [Fatal Error] :1:1: Premature end of file.
2026-10-01 23:37:05,889 [ERROR] LogOutputStream:75 - [STDERR_REDIRECT] 
2026-10-01 23:37:06,991 [ERROR] LogOutputStream:75 - [STDERR_REDIRECT] [Fatal Error] :1:1: Premature end of file.
2026-10-01 23:37:06,991 [ERROR] LogOutputStream:75 - [STDERR_REDIRECT] 
2026-10-01 23:37:07,892 [ERROR] LogOutputStream:75 - [STDERR_REDIRECT] [Fatal Error] :1:1: Premature end of file.
2026-10-01 23:37:07,892 [ERROR] LogOutputStream:75 - [STDERR_REDIRECT] 
2026-10-01 23:37:09,047 [ERROR] LogOutputStream:75 - [STDERR_REDIRECT] [Fatal Error] :1:1: Premature end of file.
2026-10-01 23:37:09,047 [ERROR] LogOutputStream:75 - [STDERR_REDIRECT] 
2026-10-01 23:37:10,074 [ERROR] LogOutputStream:75 - [STDERR_REDIRECT] [Fatal Error] :1:1: Premature end of file.
2026-10-01 23:37:10,075 [ERROR] LogOutputStream:75 - [STDERR_REDIRECT] 
2026-10-01 23:37:10,887 [ERROR] LogOutputStream:75 - [STDERR_REDIRECT] [Fatal Error] :1:1: Premature end of file.
2026-10-01 23:37:10,887 [ERROR] LogOutputStream:75 - [STDERR_REDIRECT] 
2026-10-01 23:37:11,903 [ERROR] LogOutputStream:75 - [STDERR_REDIRECT] [Fatal Error] :1:1: Premature end of file.
2026-10-01 23:37:11,903 [ERROR] LogOutputStream:75 - [STDERR_REDIRECT] 
2026-10-01 23:37:12,892 [ERROR] LogOutputStream:75 - [STDERR_REDIRECT] [Fatal Error] :1:1: Premature end of file.
2026-10-01 23:37:12,893 [ERROR] LogOutputStream:75 - [STDERR_REDIRECT] 
2026-10-01 23:37:13,889 [ERROR] LogOutputStream:75 - [STDERR_REDIRECT] [Fatal Error] :1:1: Premature end of file.
2026-10-01 23:37:13,889 [ERROR] LogOutputStream:75 - [STDERR_REDIRECT] 
2026-10-01 23:37:15,167 [ERROR] LogOutputStream:75 - [STDERR_REDIRECT] [Fatal Error] :1:1: Premature end of file.
2026-10-01 23:37:15,167 [ERROR] LogOutputStream:75 - [STDERR_REDIRECT] 
2026-10-01 23:37:15,873 [ERROR] LogOutputStream:75 - [STDERR_REDIRECT] [Fatal Error] :1:1: Premature end of file.
2026-10-01 23:37:15,873 [ERROR] LogOutputStream:75 - [STDERR_REDIRECT] 
2026-10-01 23:37:16,881 [ERROR] LogOutputStream:75 - [STDERR_REDIRECT] [Fatal Error] :1:1: Premature end of file.
2026-10-01 23:37:16,881 [ERROR] LogOutputStream:75 - [STDERR_REDIRECT] 
2026-10-01 23:37:17,884 [ERROR] LogOutputStream:75 - [STDERR_REDIRECT] [Fatal Error] :1:1: Premature end of file.
2026-10-01 23:37:17,885 [ERROR] LogOutputStream:75 - [STDERR_REDIRECT] 
2026-10-01 23:37:18,989 [ERROR] LogOutputStream:75 - [STDERR_REDIRECT] [Fatal Error] :1:1: Premature end of file.
2026-10-01 23:37:18,989 [ERROR] LogOutputStream:75 - [STDERR_REDIRECT] 
2026-10-01 23:37:19,884 [ERROR] LogOutputStream:75 - [STDERR_REDIRECT] [Fatal Error] :1:1: Premature end of file.
2026-10-01 23:37:19,884 [ERROR] LogOutputStream:75 - [STDERR_REDIRECT] 
2026-10-01 23:37:20,876 [ERROR] LogOutputStream:75 - [STDERR_REDIRECT] [Fatal Error] :1:1: Premature end of file.
2026-10-01 23:37:20,876 [ERROR] LogOutputStream:75 - [STDERR_REDIRECT] 
2026-10-01 23:37:21,874 [ERROR] LogOutputStream:75 - [STDERR_REDIRECT] [Fatal Error] :1:1: Premature end of file.
2026-10-01 23:37:21,874 [ERROR] LogOutputStream:75 - [STDERR_REDIRECT] 
2026-10-01 23:37:22,877 [ERROR] LogOutputStream:75 - [STDERR_REDIRECT] [Fatal Error] :1:1: Premature end of file.
2026-10-01 23:37:22,877 [ERROR] LogOutputStream:75 - [STDERR_REDIRECT] 
2026-10-01 23:37:23,882 [ERROR] LogOutputStream:75 - [STDERR_REDIRECT] [Fatal Error] :1:1: Premature end of file.
2026-10-01 23:37:23,882 [ERROR] LogOutputStream:75 - [STDERR_REDIRECT] 
2026-10-01 23:37:24,956 [ERROR] LogOutputStream:75 - [STDERR_REDIRECT] [Fatal Error] :1:1: Premature end of file.
2026-10-01 23:37:24,956 [ERROR] LogOutputStream:75 - [STDERR_REDIRECT] 
2026-10-01 23:37:25,919 [ERROR] LogOutputStream:75 - [STDERR_REDIRECT] [Fatal Error] :1:1: Premature end of file.
2026-10-01 23:37:25,919 [ERROR] LogOutputStream:75 - [STDERR_REDIRECT] 
2026-10-01 23:37:26,878 [ERROR] LogOutputStream:75 - [STDERR_REDIRECT] [Fatal Error] :1:1: Premature end of file.
2026-10-01 23:37:26,878 [ERROR] LogOutputStream:75 - [STDERR_REDIRECT] 
2026-10-01 23:37:27,883 [ERROR] LogOutputStream:75 - [STDERR_REDIRECT] [Fatal Error] :1:1: Premature end of file.
2026-10-01 23:37:27,883 [ERROR] LogOutputStream:75 - [STDERR_REDIRECT] 
2026-10-01 23:37:28,875 [ERROR] LogOutputStream:75 - [STDERR_REDIRECT] [Fatal Error] :1:1: Premature end of file.
2026-10-01 23:37:28,875 [ERROR] LogOutputStream:75 - [STDERR_REDIRECT] 
2026-10-01 23:37:29,876 [ERROR] LogOutputStream:75 - [STDERR_REDIRECT] [Fatal Error] :1:1: Premature end of file.
2026-10-01 23:37:29,876 [ERROR] LogOutputStream:75 - [STDERR_REDIRECT] 
2026-10-01 23:37:30,886 [ERROR] LogOutputStream:75 - [STDERR_REDIRECT] [Fatal Error] :1:1: Premature end of file.
2026-10-01 23:37:30,886 [ERROR] LogOutputStream:75 - [STDERR_REDIRECT] 
2026-10-01 23:37:31,879 [ERROR] LogOutputStream:75 - [STDERR_REDIRECT] [Fatal Error] :1:1: Premature end of file.
2026-10-01 23:37:31,879 [ERROR] LogOutputStream:75 - [STDERR_REDIRECT] 
2026-10-01 23:37:32,877 [ERROR] LogOutputStream:75 - [STDERR_REDIRECT] [Fatal Error] :1:1: Premature end of file.
2026-10-01 23:37:32,877 [ERROR] LogOutputStream:75 - [STDERR_REDIRECT] 
2026-10-01 23:37:33,879 [ERROR] LogOutputStream:75 - [STDERR_REDIRECT] [Fatal Error] :1:1: Premature end of file.
2026-10-01 23:37:33,879 [ERROR] LogOutputStream:75 - [STDERR_REDIRECT] 
2026-10-01 23:37:34,891 [ERROR] LogOutputStream:75 - [STDERR_REDIRECT] [Fatal Error] :1:1: Premature end of file.
2026-10-01 23:37:34,891 [ERROR] LogOutputStream:75 - [STDERR_REDIRECT] 
2026-10-01 23:37:35,877 [ERROR] LogOutputStream:75 - [STDERR_REDIRECT] [Fatal Error] :1:1: Premature end of file.
2026-10-01 23:37:35,877 [ERROR] LogOutputStream:75 - [STDERR_REDIRECT] 
2026-10-01 23:37:36,875 [ERROR] LogOutputStream:75 - [STDERR_REDIRECT] [Fatal Error] :1:1: Premature end of file.
2026-10-01 23:37:36,875 [ERROR] LogOutputStream:75 - [STDERR_REDIRECT] 
2026-10-01 23:37:37,915 [ERROR] LogOutputStream:75 - [STDERR_REDIRECT] [Fatal Error] :1:1: Premature end of file.
2026-10-01 23:37:37,915 [ERROR] LogOutputStream:75 - [STDERR_REDIRECT] 
2026-10-01 23:37:39,064 [ERROR] LogOutputStream:75 - [STDERR_REDIRECT] [Fatal Error] :1:1: Premature end of file.
2026-10-01 23:37:39,065 [ERROR] LogOutputStream:75 - [STDERR_REDIRECT] 
2026-10-01 23:37:39,873 [ERROR] LogOutputStream:75 - [STDERR_REDIRECT] [Fatal Error] :1:1: Premature end of file.
2026-10-01 23:37:39,873 [ERROR] LogOutputStream:75 - [STDERR_REDIRECT] 
2026-10-01 23:37:40,872 [ERROR] LogOutputStream:75 - [STDERR_REDIRECT] [Fatal Error] :1:1: Premature end of file.
2026-10-01 23:37:40,872 [ERROR] LogOutputStream:75 - [STDERR_REDIRECT] 
2026-10-01 23:37:41,883 [ERROR] LogOutputStream:75 - [STDERR_REDIRECT] [Fatal Error] :1:1: Premature end of file.
2026-10-01 23:37:41,884 [ERROR] LogOutputStream:75 - [STDERR_REDIRECT] 
2026-10-01 23:37:42,870 [ERROR] LogOutputStream:75 - [STDERR_REDIRECT] [Fatal Error] :1:1: Premature end of file.
2026-10-01 23:37:42,871 [ERROR] LogOutputStream:75 - [STDERR_REDIRECT] 
2026-10-01 23:37:43,888 [ERROR] LogOutputStream:75 - [STDERR_REDIRECT] [Fatal Error] :1:1: Premature end of file.
2026-10-01 23:37:43,889 [ERROR] LogOutputStream:75 - [STDERR_REDIRECT] 
2026-10-01 23:37:44,873 [ERROR] LogOutputStream:75 - [STDERR_REDIRECT] [Fatal Error] :1:1: Premature end of file.
2026-10-01 23:37:44,873 [ERROR] LogOutputStream:75 - [STDERR_REDIRECT] 
2026-10-01 23:37:45,878 [ERROR] LogOutputStream:75 - [STDERR_REDIRECT] [Fatal Error] :1:1: Premature end of file.
2026-10-01 23:37:45,878 [ERROR] LogOutputStream:75 - [STDERR_REDIRECT] 
2026-10-01 23:37:46,884 [ERROR] LogOutputStream:75 - [STDERR_REDIRECT] [Fatal Error] :1:1: Premature end of file.
2026-10-01 23:37:46,884 [ERROR] LogOutputStream:75 - [STDERR_REDIRECT] 
2026-10-01 23:37:47,950 [ERROR] LogOutputStream:75 - [STDERR_REDIRECT] [Fatal Error] :1:1: Premature end of file.
2026-10-01 23:37:47,950 [ERROR] LogOutputStream:75 - [STDERR_REDIRECT] 
2026-10-01 23:37:48,933 [ERROR] LogOutputStream:75 - [STDERR_REDIRECT] [Fatal Error] :1:1: Premature end of file.
2026-10-01 23:37:48,934 [ERROR] LogOutputStream:75 - [STDERR_REDIRECT] 
2026-10-01 23:37:49,994 [ERROR] LogOutputStream:75 - [STDERR_REDIRECT] [Fatal Error] :1:1: Premature end of file.
2026-10-01 23:37:49,994 [ERROR] LogOutputStream:75 - [STDERR_REDIRECT] 
2026-10-01 23:37:51,130 [ERROR] LogOutputStream:75 - [STDERR_REDIRECT] [Fatal Error] :1:1: Premature end of file.
2026-10-01 23:37:51,130 [ERROR] LogOutputStream:75 - [STDERR_REDIRECT] 
2026-10-01 23:37:51,893 [ERROR] LogOutputStream:75 - [STDERR_REDIRECT] [Fatal Error] :1:1: Premature end of file.
2026-10-01 23:37:51,893 [ERROR] LogOutputStream:75 - [STDERR_REDIRECT] 
2026-10-01 23:37:52,907 [ERROR] LogOutputStream:75 - [STDERR_REDIRECT] [Fatal Error] :1:1: Premature end of file.
2026-10-01 23:37:52,907 [ERROR] LogOutputStream:75 - [STDERR_REDIRECT] 
2026-10-01 23:37:53,934 [ERROR] LogOutputStream:75 - [STDERR_REDIRECT] [Fatal Error] :1:1: Premature end of file.
2026-10-01 23:37:53,934 [ERROR] LogOutputStream:75 - [STDERR_REDIRECT] 
2026-10-01 23:37:54,888 [ERROR] LogOutputStream:75 - [STDERR_REDIRECT] [Fatal Error] :1:1: Premature end of file.
2026-10-01 23:37:54,888 [ERROR] LogOutputStream:75 - [STDERR_REDIRECT] 
2026-10-01 23:37:56,045 [ERROR] LogOutputStream:75 - [STDERR_REDIRECT] [Fatal Error] :1:1: Premature end of file.
2026-10-01 23:37:56,045 [ERROR] LogOutputStream:75 - [STDERR_REDIRECT] 
2026-10-01 23:37:56,972 [ERROR] LogOutputStream:75 - [STDERR_REDIRECT] [Fatal Error] :1:1: Premature end of file.
2026-10-01 23:37:56,972 [ERROR] LogOutputStream:75 - [STDERR_REDIRECT] 
2026-10-01 23:37:57,872 [ERROR] LogOutputStream:75 - [STDERR_REDIRECT] [Fatal Error] :1:1: Premature end of file.
2026-10-01 23:37:57,873 [ERROR] LogOutputStream:75 - [STDERR_REDIRECT] 
2026-10-01 23:37:58,888 [ERROR] LogOutputStream:75 - [STDERR_REDIRECT] [Fatal Error] :1:1: Premature end of file.
2026-10-01 23:37:58,888 [ERROR] LogOutputStream:75 - [STDERR_REDIRECT] 
2026-10-01 23:37:59,919 [ERROR] LogOutputStream:75 - [STDERR_REDIRECT] [Fatal Error] :1:1: Premature end of file.
2026-10-01 23:37:59,919 [ERROR] LogOutputStream:75 - [STDERR_REDIRECT] 
2026-10-01 23:38:00,925 [ERROR] LogOutputStream:75 - [STDERR_REDIRECT] [Fatal Error] :1:1: Premature end of file.
2026-10-01 23:38:00,926 [ERROR] LogOutputStream:75 - [STDERR_REDIRECT] 
2026-10-01 23:38:01,903 [ERROR] LogOutputStream:75 - [STDERR_REDIRECT] [Fatal Error] :1:1: Premature end of file.
2026-10-01 23:38:01,903 [ERROR] LogOutputStream:75 - [STDERR_REDIRECT] 
2026-10-01 23:38:03,002 [ERROR] LogOutputStream:75 - [STDERR_REDIRECT] [Fatal Error] :1:1: Premature end of file.
2026-10-01 23:38:03,002 [ERROR] LogOutputStream:75 - [STDERR_REDIRECT] 
2026-10-01 23:38:03,877 [ERROR] LogOutputStream:75 - [STDERR_REDIRECT] [Fatal Error] :1:1: Premature end of file.
2026-10-01 23:38:03,877 [ERROR] LogOutputStream:75 - [STDERR_REDIRECT] 
2026-10-01 23:38:04,889 [ERROR] LogOutputStream:75 - [STDERR_REDIRECT] [Fatal Error] :1:1: Premature end of file.
2026-10-01 23:38:04,889 [ERROR] LogOutputStream:75 - [STDERR_REDIRECT] 
2026-10-01 23:38:05,881 [ERROR] LogOutputStream:75 - [STDERR_REDIRECT] [Fatal Error] :1:1: Premature end of file.
2026-10-01 23:38:05,881 [ERROR] LogOutputStream:75 - [STDERR_REDIRECT] 
2026-10-01 23:38:06,883 [ERROR] LogOutputStream:75 - [STDERR_REDIRECT] [Fatal Error] :1:1: Premature end of file.
2026-10-01 23:38:06,883 [ERROR] LogOutputStream:75 - [STDERR_REDIRECT] 
2026-10-01 23:38:07,882 [ERROR] LogOutputStream:75 - [STDERR_REDIRECT] [Fatal Error] :1:1: Premature end of file.
2026-10-01 23:38:07,882 [ERROR] LogOutputStream:75 - [STDERR_REDIRECT] 
2026-10-01 23:38:08,897 [ERROR] LogOutputStream:75 - [STDERR_REDIRECT] [Fatal Error] :1:1: Premature end of file.
2026-10-01 23:38:08,898 [ERROR] LogOutputStream:75 - [STDERR_REDIRECT] 
2026-10-01 23:38:09,882 [ERROR] LogOutputStream:75 - [STDERR_REDIRECT] [Fatal Error] :1:1: Premature end of file.
2026-10-01 23:38:09,882 [ERROR] LogOutputStream:75 - [STDERR_REDIRECT] 
2026-10-01 23:38:10,893 [ERROR] LogOutputStream:75 - [STDERR_REDIRECT] [Fatal Error] :1:1: Premature end of file.
2026-10-01 23:38:10,893 [ERROR] LogOutputStream:75 - [STDERR_REDIRECT] 
2026-10-01 23:38:12,026 [ERROR] LogOutputStream:75 - [STDERR_REDIRECT] [Fatal Error] :1:1: Premature end of file.
2026-10-01 23:38:12,026 [ERROR] LogOutputStream:75 - [STDERR_REDIRECT] 
2026-10-01 23:38:13,996 [ERROR] LogOutputStream:75 - [STDERR_REDIRECT] [Fatal Error] :1:1: Premature end of file.
2026-10-01 23:38:13,996 [ERROR] LogOutputStream:75 - [STDERR_REDIRECT] 
2026-10-01 23:38:14,053 [ERROR] LogOutputStream:75 - [STDERR_REDIRECT] [Fatal Error] :1:1: Premature end of file.
2026-10-01 23:38:14,053 [ERROR] LogOutputStream:75 - [STDERR_REDIRECT] 
2026-10-01 23:38:14,884 [ERROR] LogOutputStream:75 - [STDERR_REDIRECT] [Fatal Error] :1:1: Premature end of file.
2026-10-01 23:38:14,884 [ERROR] LogOutputStream:75 - [STDERR_REDIRECT] 
2026-10-01 23:38:15,886 [ERROR] LogOutputStream:75 - [STDERR_REDIRECT] [Fatal Error] :1:1: Premature end of file.
2026-10-01 23:38:15,887 [ERROR] LogOutputStream:75 - [STDERR_REDIRECT] 
2026-10-01 23:38:16,880 [ERROR] LogOutputStream:75 - [STDERR_REDIRECT] [Fatal Error] :1:1: Premature end of file.
2026-10-01 23:38:16,880 [ERROR] LogOutputStream:75 - [STDERR_REDIRECT] 
2026-10-01 23:38:18,034 [ERROR] LogOutputStream:75 - [STDERR_REDIRECT] [Fatal Error] :1:1: Premature end of file.
2026-10-01 23:38:18,034 [ERROR] LogOutputStream:75 - [STDERR_REDIRECT] 
2026-10-01 23:38:18,888 [ERROR] LogOutputStream:75 - [STDERR_REDIRECT] [Fatal Error] :1:1: Premature end of file.
2026-10-01 23:38:18,889 [ERROR] LogOutputStream:75 - [STDERR_REDIRECT] 
2026-10-01 23:38:19,884 [ERROR] LogOutputStream:75 - [STDERR_REDIRECT] [Fatal Error] :1:1: Premature end of file.
2026-10-01 23:38:19,884 [ERROR] LogOutputStream:75 - [STDERR_REDIRECT] 
2026-10-01 23:38:21,123 [ERROR] LogOutputStream:75 - [STDERR_REDIRECT] [Fatal Error] :1:1: Premature end of file.
2026-10-01 23:38:21,123 [ERROR] LogOutputStream:75 - [STDERR_REDIRECT] 
2026-10-01 23:38:21,879 [ERROR] LogOutputStream:75 - [STDERR_REDIRECT] [Fatal Error] :1:1: Premature end of file.
2026-10-01 23:38:21,879 [ERROR] LogOutputStream:75 - [STDERR_REDIRECT] 
2026-10-01 23:38:22,883 [ERROR] LogOutputStream:75 - [STDERR_REDIRECT] [Fatal Error] :1:1: Premature end of file.
2026-10-01 23:38:22,883 [ERROR] LogOutputStream:75 - [STDERR_REDIRECT] 
2026-10-01 23:38:23,966 [ERROR] LogOutputStream:75 - [STDERR_REDIRECT] [Fatal Error] :1:1: Premature end of file.
2026-10-01 23:38:23,966 [ERROR] LogOutputStream:75 - [STDERR_REDIRECT] 
2026-10-01 23:38:24,901 [ERROR] LogOutputStream:75 - [STDERR_REDIRECT] [Fatal Error] :1:1: Premature end of file.
2026-10-01 23:38:24,901 [ERROR] LogOutputStream:75 - [STDERR_REDIRECT] 
2026-10-01 23:38:25,897 [ERROR] LogOutputStream:75 - [STDERR_REDIRECT] [Fatal Error] :1:1: Premature end of file.
2026-10-01 23:38:25,897 [ERROR] LogOutputStream:75 - [STDERR_REDIRECT] 
2026-10-01 23:38:26,868 [ERROR] LogOutputStream:75 - [STDERR_REDIRECT] [Fatal Error] :1:1: Premature end of file.
2026-10-01 23:38:26,868 [ERROR] LogOutputStream:75 - [STDERR_REDIRECT] 
2026-10-01 23:38:27,870 [ERROR] LogOutputStream:75 - [STDERR_REDIRECT] [Fatal Error] :1:1: Premature end of file.
2026-10-01 23:38:27,870 [ERROR] LogOutputStream:75 - [STDERR_REDIRECT] 
2026-10-01 23:38:28,877 [ERROR] LogOutputStream:75 - [STDERR_REDIRECT] [Fatal Error] :1:1: Premature end of file.
2026-10-01 23:38:28,877 [ERROR] LogOutputStream:75 - [STDERR_REDIRECT] 
2026-10-01 23:38:29,902 [ERROR] LogOutputStream:75 - [STDERR_REDIRECT] [Fatal Error] :1:1: Premature end of file.
2026-10-01 23:38:29,902 [ERROR] LogOutputStream:75 - [STDERR_REDIRECT] 
2026-10-01 23:38:31,930 [ERROR] LogOutputStream:75 - [STDERR_REDIRECT] [Fatal Error] :1:1: Premature end of file.
2026-10-01 23:38:31,930 [ERROR] LogOutputStream:75 - [STDERR_REDIRECT] 
2026-10-01 23:38:32,622 [ERROR] LogOutputStream:75 - [STDERR_REDIRECT] [Fatal Error] :1:1: Premature end of file.
2026-10-01 23:38:32,622 [ERROR] LogOutputStream:75 - [STDERR_REDIRECT] 
2026-10-01 23:38:33,056 [ERROR] LogOutputStream:75 - [STDERR_REDIRECT] [Fatal Error] :1:1: Premature end of file.
2026-10-01 23:38:33,056 [ERROR] LogOutputStream:75 - [STDERR_REDIRECT] 
2026-10-01 23:38:33,999 [ERROR] LogOutputStream:75 - [STDERR_REDIRECT] [Fatal Error] :1:1: Premature end of file.
2026-10-01 23:38:33,999 [ERROR] LogOutputStream:75 - [STDERR_REDIRECT] 
2026-10-01 23:38:34,901 [ERROR] LogOutputStream:75 - [STDERR_REDIRECT] [Fatal Error] :1:1: Premature end of file.
2026-10-01 23:38:34,901 [ERROR] LogOutputStream:75 - [STDERR_REDIRECT] 
2026-10-01 23:38:36,058 [ERROR] LogOutputStream:75 - [STDERR_REDIRECT] [Fatal Error] :1:1: Premature end of file.
2026-10-01 23:38:36,058 [ERROR] LogOutputStream:75 - [STDERR_REDIRECT] 
2026-10-01 23:38:37,032 [ERROR] LogOutputStream:75 - [STDERR_REDIRECT] [Fatal Error] :1:1: Premature end of file.
2026-10-01 23:38:37,033 [ERROR] LogOutputStream:75 - [STDERR_REDIRECT] 
2026-10-01 23:38:37,883 [ERROR] LogOutputStream:75 - [STDERR_REDIRECT] [Fatal Error] :1:1: Premature end of file.
2026-10-01 23:38:37,883 [ERROR] LogOutputStream:75 - [STDERR_REDIRECT] 
2026-10-01 23:38:39,032 [ERROR] LogOutputStream:75 - [STDERR_REDIRECT] [Fatal Error] :1:1: Premature end of file.
2026-10-01 23:38:39,034 [ERROR] LogOutputStream:75 - [STDERR_REDIRECT] 
2026-10-01 23:38:39,895 [ERROR] LogOutputStream:75 - [STDERR_REDIRECT] [Fatal Error] :1:1: Premature end of file.
2026-10-01 23:38:39,895 [ERROR] LogOutputStream:75 - [STDERR_REDIRECT] 
2026-10-01 23:38:40,903 [ERROR] LogOutputStream:75 - [STDERR_REDIRECT] [Fatal Error] :1:1: Premature end of file.
2026-10-01 23:38:40,909 [ERROR] LogOutputStream:75 - [STDERR_REDIRECT] 
2026-10-01 23:38:41,883 [ERROR] LogOutputStream:75 - [STDERR_REDIRECT] [Fatal Error] :1:1: Premature end of file.
2026-10-01 23:38:41,883 [ERROR] LogOutputStream:75 - [STDERR_REDIRECT] 
2026-10-01 23:38:42,899 [ERROR] LogOutputStream:75 - [STDERR_REDIRECT] [Fatal Error] :1:1: Premature end of file.
2026-10-01 23:38:42,899 [ERROR] LogOutputStream:75 - [STDERR_REDIRECT] 
2026-10-01 23:38:43,903 [ERROR] LogOutputStream:75 - [STDERR_REDIRECT] [Fatal Error] :1:1: Premature end of file.
2026-10-01 23:38:43,903 [ERROR] LogOutputStream:75 - [STDERR_REDIRECT] 
2026-10-01 23:38:44,891 [ERROR] LogOutputStream:75 - [STDERR_REDIRECT] [Fatal Error] :1:1: Premature end of file.
2026-10-01 23:38:44,895 [ERROR] LogOutputStream:75 - [STDERR_REDIRECT] 
2026-10-01 23:38:45,897 [ERROR] LogOutputStream:75 - [STDERR_REDIRECT] [Fatal Error] :1:1: Premature end of file.
2026-10-01 23:38:45,897 [ERROR] LogOutputStream:75 - [STDERR_REDIRECT] 
2026-10-01 23:38:46,895 [ERROR] LogOutputStream:75 - [STDERR_REDIRECT] [Fatal Error] :1:1: Premature end of file.
2026-10-01 23:38:46,895 [ERROR] LogOutputStream:75 - [STDERR_REDIRECT] 
2026-10-01 23:38:47,987 [ERROR] LogOutputStream:75 - [STDERR_REDIRECT] [Fatal Error] :1:1: Premature end of file.
2026-10-01 23:38:47,987 [ERROR] LogOutputStream:75 - [STDERR_REDIRECT] 
2026-10-01 23:38:49,325 [ERROR] LogOutputStream:75 - [STDERR_REDIRECT] [Fatal Error] :1:1: Premature end of file.
2026-10-01 23:38:49,325 [ERROR] LogOutputStream:75 - [STDERR_REDIRECT] 
2026-10-01 23:38:49,884 [ERROR] LogOutputStream:75 - [STDERR_REDIRECT] [Fatal Error] :1:1: Premature end of file.
2026-10-01 23:38:49,884 [ERROR] LogOutputStream:75 - [STDERR_REDIRECT] 
2026-10-01 23:38:50,901 [ERROR] LogOutputStream:75 - [STDERR_REDIRECT] [Fatal Error] :1:1: Premature end of file.
2026-10-01 23:38:50,901 [ERROR] LogOutputStream:75 - [STDERR_REDIRECT] 
2026-10-01 23:38:51,878 [ERROR] LogOutputStream:75 - [STDERR_REDIRECT] [Fatal Error] :1:1: Premature end of file.
2026-10-01 23:38:51,878 [ERROR] LogOutputStream:75 - [STDERR_REDIRECT] 
2026-10-01 23:38:52,958 [ERROR] LogOutputStream:75 - [STDERR_REDIRECT] [Fatal Error] :1:1: Premature end of file.
2026-10-01 23:38:52,958 [ERROR] LogOutputStream:75 - [STDERR_REDIRECT] 
2026-10-01 23:38:53,895 [ERROR] LogOutputStream:75 - [STDERR_REDIRECT] [Fatal Error] :1:1: Premature end of file.
2026-10-01 23:38:53,895 [ERROR] LogOutputStream:75 - [STDERR_REDIRECT] 
2026-10-01 23:38:54,897 [ERROR] LogOutputStream:75 - [STDERR_REDIRECT] [Fatal Error] :1:1: Premature end of file.
2026-10-01 23:38:54,897 [ERROR] LogOutputStream:75 - [STDERR_REDIRECT] 
2026-10-01 23:38:55,906 [ERROR] LogOutputStream:75 - [STDERR_REDIRECT] [Fatal Error] :1:1: Premature end of file.
2026-10-01 23:38:55,906 [ERROR] LogOutputStream:75 - [STDERR_REDIRECT] 
2026-10-01 23:38:56,881 [ERROR] LogOutputStream:75 - [STDERR_REDIRECT] [Fatal Error] :1:1: Premature end of file.
2026-10-01 23:38:56,881 [ERROR] LogOutputStream:75 - [STDERR_REDIRECT] 
2026-10-01 23:38:57,888 [ERROR] LogOutputStream:75 - [STDERR_REDIRECT] [Fatal Error] :1:1: Premature end of file.
2026-10-01 23:38:57,889 [ERROR] LogOutputStream:75 - [STDERR_REDIRECT] 
2026-10-01 23:38:58,887 [ERROR] LogOutputStream:75 - [STDERR_REDIRECT] [Fatal Error] :1:1: Premature end of file.
2026-10-01 23:38:58,887 [ERROR] LogOutputStream:75 - [STDERR_REDIRECT] 
2026-10-01 23:38:59,889 [ERROR] LogOutputStream:75 - [STDERR_REDIRECT] [Fatal Error] :1:1: Premature end of file.
2026-10-01 23:38:59,889 [ERROR] LogOutputStream:75 - [STDERR_REDIRECT] 
2026-10-01 23:39:00,885 [ERROR] LogOutputStream:75 - [STDERR_REDIRECT] [Fatal Error] :1:1: Premature end of file.
2026-10-01 23:39:00,885 [ERROR] LogOutputStream:75 - [STDERR_REDIRECT] 
2026-10-01 23:39:01,878 [ERROR] LogOutputStream:75 - [STDERR_REDIRECT] [Fatal Error] :1:1: Premature end of file.
2026-10-01 23:39:01,878 [ERROR] LogOutputStream:75 - [STDERR_REDIRECT] 
2026-10-01 23:39:02,887 [ERROR] LogOutputStream:75 - [STDERR_REDIRECT] [Fatal Error] :1:1: Premature end of file.
2026-10-01 23:39:02,888 [ERROR] LogOutputStream:75 - [STDERR_REDIRECT] 
2026-10-01 23:39:03,887 [ERROR] LogOutputStream:75 - [STDERR_REDIRECT] [Fatal Error] :1:1: Premature end of file.
2026-10-01 23:39:03,887 [ERROR] LogOutputStream:75 - [STDERR_REDIRECT] 
2026-10-01 23:39:04,890 [ERROR] LogOutputStream:75 - [STDERR_REDIRECT] [Fatal Error] :1:1: Premature end of file.
2026-10-01 23:39:04,890 [ERROR] LogOutputStream:75 - [STDERR_REDIRECT] 
2026-10-01 23:39:05,929 [ERROR] LogOutputStream:75 - [STDERR_REDIRECT] [Fatal Error] :1:1: Premature end of file.
2026-10-01 23:39:05,929 [ERROR] LogOutputStream:75 - [STDERR_REDIRECT] 
2026-10-01 23:39:06,878 [ERROR] LogOutputStream:75 - [STDERR_REDIRECT] [Fatal Error] :1:1: Premature end of file.
2026-10-01 23:39:06,878 [ERROR] LogOutputStream:75 - [STDERR_REDIRECT] 
2026-10-01 23:39:07,885 [ERROR] LogOutputStream:75 - [STDERR_REDIRECT] [Fatal Error] :1:1: Premature end of file.
2026-10-01 23:39:07,885 [ERROR] LogOutputStream:75 - [STDERR_REDIRECT] 
2026-10-01 23:39:08,892 [ERROR] LogOutputStream:75 - [STDERR_REDIRECT] [Fatal Error] :1:1: Premature end of file.
2026-10-01 23:39:08,892 [ERROR] LogOutputStream:75 - [STDERR_REDIRECT] 
2026-10-01 23:39:09,888 [ERROR] LogOutputStream:75 - [STDERR_REDIRECT] [Fatal Error] :1:1: Premature end of file.
2026-10-01 23:39:09,888 [ERROR] LogOutputStream:75 - [STDERR_REDIRECT] 
2026-10-01 23:39:10,888 [ERROR] LogOutputStream:75 - [STDERR_REDIRECT] [Fatal Error] :1:1: Premature end of file.
2026-10-01 23:39:10,888 [ERROR] LogOutputStream:75 - [STDERR_REDIRECT] 
2026-10-01 23:39:11,889 [ERROR] LogOutputStream:75 - [STDERR_REDIRECT] [Fatal Error] :1:1: Premature end of file.
2026-10-01 23:39:11,890 [ERROR] LogOutputStream:75 - [STDERR_REDIRECT] 
2026-10-01 23:39:12,887 [ERROR] LogOutputStream:75 - [STDERR_REDIRECT] [Fatal Error] :1:1: Premature end of file.
2026-10-01 23:39:12,887 [ERROR] LogOutputStream:75 - [STDERR_REDIRECT] 
2026-10-01 23:39:13,890 [ERROR] LogOutputStream:75 - [STDERR_REDIRECT] [Fatal Error] :1:1: Premature end of file.
2026-10-01 23:39:13,890 [ERROR] LogOutputStream:75 - [STDERR_REDIRECT] 
2026-10-01 23:39:14,885 [ERROR] LogOutputStream:75 - [STDERR_REDIRECT] [Fatal Error] :1:1: Premature end of file.
2026-10-01 23:39:14,886 [ERROR] LogOutputStream:75 - [STDERR_REDIRECT] 
2026-10-01 23:39:15,886 [ERROR] LogOutputStream:75 - [STDERR_REDIRECT] [Fatal Error] :1:1: Premature end of file.
2026-10-01 23:39:15,886 [ERROR] LogOutputStream:75 - [STDERR_REDIRECT] 
2026-10-01 23:39:16,889 [ERROR] LogOutputStream:75 - [STDERR_REDIRECT] [Fatal Error] :1:1: Premature end of file.
2026-10-01 23:39:16,889 [ERROR] LogOutputStream:75 - [STDERR_REDIRECT] 
2026-10-01 23:39:17,907 [ERROR] LogOutputStream:75 - [STDERR_REDIRECT] [Fatal Error] :1:1: Premature end of file.
2026-10-01 23:39:17,908 [ERROR] LogOutputStream:75 - [STDERR_REDIRECT] 
2026-10-01 23:39:18,887 [ERROR] LogOutputStream:75 - [STDERR_REDIRECT] [Fatal Error] :1:1: Premature end of file.
2026-10-01 23:39:18,887 [ERROR] LogOutputStream:75 - [STDERR_REDIRECT] 
2026-10-01 23:39:19,890 [ERROR] LogOutputStream:75 - [STDERR_REDIRECT] [Fatal Error] :1:1: Premature end of file.
2026-10-01 23:39:19,890 [ERROR] LogOutputStream:75 - [STDERR_REDIRECT] 
2026-10-01 23:39:20,877 [ERROR] LogOutputStream:75 - [STDERR_REDIRECT] [Fatal Error] :1:1: Premature end of file.
2026-10-01 23:39:20,877 [ERROR] LogOutputStream:75 - [STDERR_REDIRECT] 
2026-10-01 23:39:21,886 [ERROR] LogOutputStream:75 - [STDERR_REDIRECT] [Fatal Error] :1:1: Premature end of file.
2026-10-01 23:39:21,886 [ERROR] LogOutputStream:75 - [STDERR_REDIRECT] 
2026-10-01 23:39:22,887 [ERROR] LogOutputStream:75 - [STDERR_REDIRECT] [Fatal Error] :1:1: Premature end of file.
2026-10-01 23:39:22,887 [ERROR] LogOutputStream:75 - [STDERR_REDIRECT] 
2026-10-01 23:39:23,886 [ERROR] LogOutputStream:75 - [STDERR_REDIRECT] [Fatal Error] :1:1: Premature end of file.
2026-10-01 23:39:23,886 [ERROR] LogOutputStream:75 - [STDERR_REDIRECT] 
2026-10-01 23:39:24,886 [ERROR] LogOutputStream:75 - [STDERR_REDIRECT] [Fatal Error] :1:1: Premature end of file.
2026-10-01 23:39:24,886 [ERROR] LogOutputStream:75 - [STDERR_REDIRECT] 
2026-10-01 23:39:25,884 [ERROR] LogOutputStream:75 - [STDERR_REDIRECT] [Fatal Error] :1:1: Premature end of file.
2026-10-01 23:39:25,884 [ERROR] LogOutputStream:75 - [STDERR_REDIRECT] 
2026-10-01 23:39:26,884 [ERROR] LogOutputStream:75 - [STDERR_REDIRECT] [Fatal Error] :1:1: Premature end of file.
2026-10-01 23:39:26,885 [ERROR] LogOutputStream:75 - [STDERR_REDIRECT] 
2026-10-01 23:39:27,891 [ERROR] LogOutputStream:75 - [STDERR_REDIRECT] [Fatal Error] :1:1: Premature end of file.
2026-10-01 23:39:27,891 [ERROR] LogOutputStream:75 - [STDERR_REDIRECT] 
2026-10-01 23:39:28,885 [ERROR] LogOutputStream:75 - [STDERR_REDIRECT] [Fatal Error] :1:1: Premature end of file.
2026-10-01 23:39:28,885 [ERROR] LogOutputStream:75 - [STDERR_REDIRECT] 
2026-10-01 23:39:29,886 [ERROR] LogOutputStream:75 - [STDERR_REDIRECT] [Fatal Error] :1:1: Premature end of file.
2026-10-01 23:39:29,886 [ERROR] LogOutputStream:75 - [STDERR_REDIRECT] 
2026-10-01 23:39:30,915 [ERROR] LogOutputStream:75 - [STDERR_REDIRECT] [Fatal Error] :1:1: Premature end of file.
2026-10-01 23:39:30,915 [ERROR] LogOutputStream:75 - [STDERR_REDIRECT] 
2026-10-01 23:39:31,903 [ERROR] LogOutputStream:75 - [STDERR_REDIRECT] [Fatal Error] :1:1: Premature end of file.
2026-10-01 23:39:31,903 [ERROR] LogOutputStream:75 - [STDERR_REDIRECT] 
2026-10-01 23:39:32,885 [ERROR] LogOutputStream:75 - [STDERR_REDIRECT] [Fatal Error] :1:1: Premature end of file.
2026-10-01 23:39:32,885 [ERROR] LogOutputStream:75 - [STDERR_REDIRECT] 
2026-10-01 23:39:33,894 [ERROR] LogOutputStream:75 - [STDERR_REDIRECT] [Fatal Error] :1:1: Premature end of file.
2026-10-01 23:39:33,894 [ERROR] LogOutputStream:75 - [STDERR_REDIRECT] 
2026-10-01 23:39:34,880 [ERROR] LogOutputStream:75 - [STDERR_REDIRECT] [Fatal Error] :1:1: Premature end of file.
2026-10-01 23:39:34,880 [ERROR] LogOutputStream:75 - [STDERR_REDIRECT] 
2026-10-01 23:39:35,903 [ERROR] LogOutputStream:75 - [STDERR_REDIRECT] [Fatal Error] :1:1: Premature end of file.
2026-10-01 23:39:35,903 [ERROR] LogOutputStream:75 - [STDERR_REDIRECT] 
2026-10-01 23:39:36,893 [ERROR] LogOutputStream:75 - [STDERR_REDIRECT] [Fatal Error] :1:1: Premature end of file.
2026-10-01 23:39:36,896 [ERROR] LogOutputStream:75 - [STDERR_REDIRECT] 
2026-10-01 23:39:37,895 [ERROR] LogOutputStream:75 - [STDERR_REDIRECT] [Fatal Error] :1:1: Premature end of file.
2026-10-01 23:39:37,895 [ERROR] LogOutputStream:75 - [STDERR_REDIRECT] 
2026-10-01 23:39:38,882 [ERROR] LogOutputStream:75 - [STDERR_REDIRECT] [Fatal Error] :1:1: Premature end of file.
2026-10-01 23:39:38,882 [ERROR] LogOutputStream:75 - [STDERR_REDIRECT] 
2026-10-01 23:39:39,900 [ERROR] LogOutputStream:75 - [STDERR_REDIRECT] [Fatal Error] :1:1: Premature end of file.
2026-10-01 23:39:39,900 [ERROR] LogOutputStream:75 - [STDERR_REDIRECT] 
2026-10-01 23:39:40,881 [ERROR] LogOutputStream:75 - [STDERR_REDIRECT] [Fatal Error] :1:1: Premature end of file.
2026-10-01 23:39:40,881 [ERROR] LogOutputStream:75 - [STDERR_REDIRECT] 
2026-10-01 23:39:41,917 [ERROR] LogOutputStream:75 - [STDERR_REDIRECT] [Fatal Error] :1:1: Premature end of file.
2026-10-01 23:39:41,917 [ERROR] LogOutputStream:75 - [STDERR_REDIRECT] 
2026-10-01 23:39:42,883 [ERROR] LogOutputStream:75 - [STDERR_REDIRECT] [Fatal Error] :1:1: Premature end of file.
2026-10-01 23:39:42,883 [ERROR] LogOutputStream:75 - [STDERR_REDIRECT] 
2026-10-01 23:39:43,900 [ERROR] LogOutputStream:75 - [STDERR_REDIRECT] [Fatal Error] :1:1: Premature end of file.
2026-10-01 23:39:43,900 [ERROR] LogOutputStream:75 - [STDERR_REDIRECT] 
2026-10-01 23:39:44,895 [ERROR] LogOutputStream:75 - [STDERR_REDIRECT] [Fatal Error] :1:1: Premature end of file.
2026-10-01 23:39:44,895 [ERROR] LogOutputStream:75 - [STDERR_REDIRECT] 
2026-10-01 23:39:45,888 [ERROR] LogOutputStream:75 - [STDERR_REDIRECT] [Fatal Error] :1:1: Premature end of file.
2026-10-01 23:39:45,888 [ERROR] LogOutputStream:75 - [STDERR_REDIRECT] 
2026-10-01 23:39:46,896 [ERROR] LogOutputStream:75 - [STDERR_REDIRECT] [Fatal Error] :1:1: Premature end of file.
2026-10-01 23:39:46,900 [ERROR] LogOutputStream:75 - [STDERR_REDIRECT] 
2026-10-01 23:39:47,887 [ERROR] LogOutputStream:75 - [STDERR_REDIRECT] [Fatal Error] :1:1: Premature end of file.
2026-10-01 23:39:47,894 [ERROR] LogOutputStream:75 - [STDERR_REDIRECT] 
2026-10-01 23:39:48,893 [ERROR] LogOutputStream:75 - [STDERR_REDIRECT] [Fatal Error] :1:1: Premature end of file.
2026-10-01 23:39:48,893 [ERROR] LogOutputStream:75 - [STDERR_REDIRECT] 
2026-10-01 23:39:49,901 [ERROR] LogOutputStream:75 - [STDERR_REDIRECT] [Fatal Error] :1:1: Premature end of file.
2026-10-01 23:39:49,902 [ERROR] LogOutputStream:75 - [STDERR_REDIRECT] 
2026-10-01 23:39:50,896 [ERROR] LogOutputStream:75 - [STDERR_REDIRECT] [Fatal Error] :1:1: Premature end of file.
2026-10-01 23:39:50,897 [ERROR] LogOutputStream:75 - [STDERR_REDIRECT] 
2026-10-01 23:39:51,892 [ERROR] LogOutputStream:75 - [STDERR_REDIRECT] [Fatal Error] :1:1: Premature end of file.
2026-10-01 23:39:51,892 [ERROR] LogOutputStream:75 - [STDERR_REDIRECT] 
2026-10-01 23:39:52,889 [ERROR] LogOutputStream:75 - [STDERR_REDIRECT] [Fatal Error] :1:1: Premature end of file.
2026-10-01 23:39:52,889 [ERROR] LogOutputStream:75 - [STDERR_REDIRECT] 
2026-10-01 23:39:53,884 [ERROR] LogOutputStream:75 - [STDERR_REDIRECT] [Fatal Error] :1:1: Premature end of file.
2026-10-01 23:39:53,884 [ERROR] LogOutputStream:75 - [STDERR_REDIRECT] 
2026-10-01 23:39:54,898 [ERROR] LogOutputStream:75 - [STDERR_REDIRECT] [Fatal Error] :1:1: Premature end of file.
2026-10-01 23:39:54,898 [ERROR] LogOutputStream:75 - [STDERR_REDIRECT] 
2026-10-01 23:39:55,902 [ERROR] LogOutputStream:75 - [STDERR_REDIRECT] [Fatal Error] :1:1: Premature end of file.
2026-10-01 23:39:55,902 [ERROR] LogOutputStream:75 - [STDERR_REDIRECT] 
2026-10-01 23:39:56,892 [ERROR] LogOutputStream:75 - [STDERR_REDIRECT] [Fatal Error] :1:1: Premature end of file.
2026-10-01 23:39:56,892 [ERROR] LogOutputStream:75 - [STDERR_REDIRECT] 
2026-10-01 23:39:57,884 [ERROR] LogOutputStream:75 - [STDERR_REDIRECT] [Fatal Error] :1:1: Premature end of file.
2026-10-01 23:39:57,884 [ERROR] LogOutputStream:75 - [STDERR_REDIRECT] 
2026-10-01 23:39:58,901 [ERROR] LogOutputStream:75 - [STDERR_REDIRECT] [Fatal Error] :1:1: Premature end of file.
2026-10-01 23:39:58,901 [ERROR] LogOutputStream:75 - [STDERR_REDIRECT] 
2026-10-01 23:39:59,884 [ERROR] LogOutputStream:75 - [STDERR_REDIRECT] [Fatal Error] :1:1: Premature end of file.
2026-10-01 23:39:59,884 [ERROR] LogOutputStream:75 - [STDERR_REDIRECT] 
2026-10-01 23:40:00,882 [ERROR] LogOutputStream:75 - [STDERR_REDIRECT] [Fatal Error] :1:1: Premature end of file.
2026-10-01 23:40:00,882 [ERROR] LogOutputStream:75 - [STDERR_REDIRECT] 
2026-10-01 23:40:01,888 [ERROR] LogOutputStream:75 - [STDERR_REDIRECT] [Fatal Error] :1:1: Premature end of file.
2026-10-01 23:40:01,888 [ERROR] LogOutputStream:75 - [STDERR_REDIRECT] 
2026-10-01 23:40:02,886 [ERROR] LogOutputStream:75 - [STDERR_REDIRECT] [Fatal Error] :1:1: Premature end of file.
2026-10-01 23:40:02,889 [ERROR] LogOutputStream:75 - [STDERR_REDIRECT] 
2026-10-01 23:40:03,897 [ERROR] LogOutputStream:75 - [STDERR_REDIRECT] [Fatal Error] :1:1: Premature end of file.
2026-10-01 23:40:03,905 [ERROR] LogOutputStream:75 - [STDERR_REDIRECT] 
2026-10-01 23:40:04,878 [ERROR] LogOutputStream:75 - [STDERR_REDIRECT] [Fatal Error] :1:1: Premature end of file.
2026-10-01 23:40:04,878 [ERROR] LogOutputStream:75 - [STDERR_REDIRECT] 
2026-10-01 23:40:05,897 [ERROR] LogOutputStream:75 - [STDERR_REDIRECT] [Fatal Error] :1:1: Premature end of file.
2026-10-01 23:40:05,897 [ERROR] LogOutputStream:75 - [STDERR_REDIRECT] 
2026-10-01 23:40:06,890 [ERROR] LogOutputStream:75 - [STDERR_REDIRECT] [Fatal Error] :1:1: Premature end of file.
2026-10-01 23:40:06,890 [ERROR] LogOutputStream:75 - [STDERR_REDIRECT] 
2026-10-01 23:40:07,878 [ERROR] LogOutputStream:75 - [STDERR_REDIRECT] [Fatal Error] :1:1: Premature end of file.
2026-10-01 23:40:07,878 [ERROR] LogOutputStream:75 - [STDERR_REDIRECT] 
2026-10-01 23:40:08,895 [ERROR] LogOutputStream:75 - [STDERR_REDIRECT] [Fatal Error] :1:1: Premature end of file.
2026-10-01 23:40:08,895 [ERROR] LogOutputStream:75 - [STDERR_REDIRECT] 
2026-10-01 23:40:09,900 [ERROR] LogOutputStream:75 - [STDERR_REDIRECT] [Fatal Error] :1:1: Premature end of file.
2026-10-01 23:40:09,900 [ERROR] LogOutputStream:75 - [STDERR_REDIRECT] 
2026-10-01 23:40:10,890 [ERROR] LogOutputStream:75 - [STDERR_REDIRECT] [Fatal Error] :1:1: Premature end of file.
2026-10-01 23:40:10,890 [ERROR] LogOutputStream:75 - [STDERR_REDIRECT] 
2026-10-01 23:40:11,894 [ERROR] LogOutputStream:75 - [STDERR_REDIRECT] [Fatal Error] :1:1: Premature end of file.
2026-10-01 23:40:11,894 [ERROR] LogOutputStream:75 - [STDERR_REDIRECT] 
2026-10-01 23:40:12,901 [ERROR] LogOutputStream:75 - [STDERR_REDIRECT] [Fatal Error] :1:1: Premature end of file.
2026-10-01 23:40:12,901 [ERROR] LogOutputStream:75 - [STDERR_REDIRECT] 
2026-10-01 23:40:13,889 [ERROR] LogOutputStream:75 - [STDERR_REDIRECT] [Fatal Error] :1:1: Premature end of file.
2026-10-01 23:40:13,889 [ERROR] LogOutputStream:75 - [STDERR_REDIRECT] 
2026-10-01 23:40:14,887 [ERROR] LogOutputStream:75 - [STDERR_REDIRECT] [Fatal Error] :1:1: Premature end of file.
2026-10-01 23:40:14,887 [ERROR] LogOutputStream:75 - [STDERR_REDIRECT] 
2026-10-01 23:40:15,888 [ERROR] LogOutputStream:75 - [STDERR_REDIRECT] [Fatal Error] :1:1: Premature end of file.
2026-10-01 23:40:15,888 [ERROR] LogOutputStream:75 - [STDERR_REDIRECT] 
2026-10-01 23:40:16,890 [ERROR] LogOutputStream:75 - [STDERR_REDIRECT] [Fatal Error] :1:1: Premature end of file.
2026-10-01 23:40:16,890 [ERROR] LogOutputStream:75 - [STDERR_REDIRECT] 
2026-10-01 23:40:17,890 [ERROR] LogOutputStream:75 - [STDERR_REDIRECT] [Fatal Error] :1:1: Premature end of file.
2026-10-01 23:40:17,890 [ERROR] LogOutputStream:75 - [STDERR_REDIRECT] 
2026-10-01 23:40:18,898 [ERROR] LogOutputStream:75 - [STDERR_REDIRECT] [Fatal Error] :1:1: Premature end of file.
2026-10-01 23:40:18,898 [ERROR] LogOutputStream:75 - [STDERR_REDIRECT] 
2026-10-01 23:40:20,008 [ERROR] LogOutputStream:75 - [STDERR_REDIRECT] [Fatal Error] :1:1: Premature end of file.
2026-10-01 23:40:20,008 [ERROR] LogOutputStream:75 - [STDERR_REDIRECT] 
2026-10-01 23:40:20,885 [ERROR] LogOutputStream:75 - [STDERR_REDIRECT] [Fatal Error] :1:1: Premature end of file.
2026-10-01 23:40:20,885 [ERROR] LogOutputStream:75 - [STDERR_REDIRECT] 
2026-10-01 23:40:21,876 [ERROR] LogOutputStream:75 - [STDERR_REDIRECT] [Fatal Error] :1:1: Premature end of file.
2026-10-01 23:40:21,876 [ERROR] LogOutputStream:75 - [STDERR_REDIRECT] 
2026-10-01 23:40:22,895 [ERROR] LogOutputStream:75 - [STDERR_REDIRECT] [Fatal Error] :1:1: Premature end of file.
2026-10-01 23:40:22,895 [ERROR] LogOutputStream:75 - [STDERR_REDIRECT] 
2026-10-01 23:40:23,887 [ERROR] LogOutputStream:75 - [STDERR_REDIRECT] [Fatal Error] :1:1: Premature end of file.
2026-10-01 23:40:23,887 [ERROR] LogOutputStream:75 - [STDERR_REDIRECT] 
2026-10-01 23:40:24,893 [ERROR] LogOutputStream:75 - [STDERR_REDIRECT] [Fatal Error] :1:1: Premature end of file.
2026-10-01 23:40:24,893 [ERROR] LogOutputStream:75 - [STDERR_REDIRECT] 
2026-10-01 23:40:25,896 [ERROR] LogOutputStream:75 - [STDERR_REDIRECT] [Fatal Error] :1:1: Premature end of file.
2026-10-01 23:40:25,898 [ERROR] LogOutputStream:75 - [STDERR_REDIRECT] 
2026-10-01 23:40:26,898 [ERROR] LogOutputStream:75 - [STDERR_REDIRECT] [Fatal Error] :1:1: Premature end of file.
2026-10-01 23:40:26,898 [ERROR] LogOutputStream:75 - [STDERR_REDIRECT] 
2026-10-01 23:40:27,894 [ERROR] LogOutputStream:75 - [STDERR_REDIRECT] [Fatal Error] :1:1: Premature end of file.
2026-10-01 23:40:27,894 [ERROR] LogOutputStream:75 - [STDERR_REDIRECT] 
2026-10-01 23:40:28,901 [ERROR] LogOutputStream:75 - [STDERR_REDIRECT] [Fatal Error] :1:1: Premature end of file.
2026-10-01 23:40:28,901 [ERROR] LogOutputStream:75 - [STDERR_REDIRECT] 
2026-10-01 23:40:29,886 [ERROR] LogOutputStream:75 - [STDERR_REDIRECT] [Fatal Error] :1:1: Premature end of file.
2026-10-01 23:40:29,886 [ERROR] LogOutputStream:75 - [STDERR_REDIRECT] 
2026-10-01 23:40:30,902 [ERROR] LogOutputStream:75 - [STDERR_REDIRECT] [Fatal Error] :1:1: Premature end of file.
2026-10-01 23:40:30,902 [ERROR] LogOutputStream:75 - [STDERR_REDIRECT] 
2026-10-01 23:40:31,892 [ERROR] LogOutputStream:75 - [STDERR_REDIRECT] [Fatal Error] :1:1: Premature end of file.
2026-10-01 23:40:31,892 [ERROR] LogOutputStream:75 - [STDERR_REDIRECT] 
2026-10-01 23:40:32,900 [ERROR] LogOutputStream:75 - [STDERR_REDIRECT] [Fatal Error] :1:1: Premature end of file.
2026-10-01 23:40:32,901 [ERROR] LogOutputStream:75 - [STDERR_REDIRECT] 
2026-10-01 23:40:33,897 [ERROR] LogOutputStream:75 - [STDERR_REDIRECT] [Fatal Error] :1:1: Premature end of file.
2026-10-01 23:40:33,897 [ERROR] LogOutputStream:75 - [STDERR_REDIRECT] 
2026-10-01 23:40:34,898 [ERROR] LogOutputStream:75 - [STDERR_REDIRECT] [Fatal Error] :1:1: Premature end of file.
2026-10-01 23:40:34,898 [ERROR] LogOutputStream:75 - [STDERR_REDIRECT] 
2026-10-01 23:40:35,898 [ERROR] LogOutputStream:75 - [STDERR_REDIRECT] [Fatal Error] :1:1: Premature end of file.
2026-10-01 23:40:35,905 [ERROR] LogOutputStream:75 - [STDERR_REDIRECT] 
2026-10-01 23:40:36,896 [ERROR] LogOutputStream:75 - [STDERR_REDIRECT] [Fatal Error] :1:1: Premature end of file.
2026-10-01 23:40:36,897 [ERROR] LogOutputStream:75 - [STDERR_REDIRECT] 
2026-10-01 23:40:37,902 [ERROR] LogOutputStream:75 - [STDERR_REDIRECT] [Fatal Error] :1:1: Premature end of file.
2026-10-01 23:40:37,902 [ERROR] LogOutputStream:75 - [STDERR_REDIRECT] 
2026-10-01 23:40:38,904 [ERROR] LogOutputStream:75 - [STDERR_REDIRECT] [Fatal Error] :1:1: Premature end of file.
2026-10-01 23:40:38,904 [ERROR] LogOutputStream:75 - [STDERR_REDIRECT] 
2026-10-01 23:40:39,896 [ERROR] LogOutputStream:75 - [STDERR_REDIRECT] [Fatal Error] :1:1: Premature end of file.
2026-10-01 23:40:39,896 [ERROR] LogOutputStream:75 - [STDERR_REDIRECT] 
2026-10-01 23:40:40,894 [ERROR] LogOutputStream:75 - [STDERR_REDIRECT] [Fatal Error] :1:1: Premature end of file.
2026-10-01 23:40:40,894 [ERROR] LogOutputStream:75 - [STDERR_REDIRECT] 
2026-10-01 23:40:41,893 [ERROR] LogOutputStream:75 - [STDERR_REDIRECT] [Fatal Error] :1:1: Premature end of file.
2026-10-01 23:40:41,894 [ERROR] LogOutputStream:75 - [STDERR_REDIRECT] 
2026-10-01 23:40:42,896 [ERROR] LogOutputStream:75 - [STDERR_REDIRECT] [Fatal Error] :1:1: Premature end of file.
2026-10-01 23:40:42,896 [ERROR] LogOutputStream:75 - [STDERR_REDIRECT] 
2026-10-01 23:40:43,901 [ERROR] LogOutputStream:75 - [STDERR_REDIRECT] [Fatal Error] :1:1: Premature end of file.
2026-10-01 23:40:43,901 [ERROR] LogOutputStream:75 - [STDERR_REDIRECT] 
2026-10-01 23:40:44,896 [ERROR] LogOutputStream:75 - [STDERR_REDIRECT] [Fatal Error] :1:1: Premature end of file.
2026-10-01 23:40:44,896 [ERROR] LogOutputStream:75 - [STDERR_REDIRECT] 
2026-10-01 23:40:45,894 [ERROR] LogOutputStream:75 - [STDERR_REDIRECT] [Fatal Error] :1:1: Premature end of file.
2026-10-01 23:40:45,894 [ERROR] LogOutputStream:75 - [STDERR_REDIRECT] 
2026-10-01 23:40:46,888 [ERROR] LogOutputStream:75 - [STDERR_REDIRECT] [Fatal Error] :1:1: Premature end of file.
2026-10-01 23:40:46,888 [ERROR] LogOutputStream:75 - [STDERR_REDIRECT] 
2026-10-01 23:40:47,890 [ERROR] LogOutputStream:75 - [STDERR_REDIRECT] [Fatal Error] :1:1: Premature end of file.
2026-10-01 23:40:47,890 [ERROR] LogOutputStream:75 - [STDERR_REDIRECT] 
2026-10-01 23:40:48,892 [ERROR] LogOutputStream:75 - [STDERR_REDIRECT] [Fatal Error] :1:1: Premature end of file.
2026-10-01 23:40:48,892 [ERROR] LogOutputStream:75 - [STDERR_REDIRECT] 
2026-10-01 23:40:49,883 [ERROR] LogOutputStream:75 - [STDERR_REDIRECT] [Fatal Error] :1:1: Premature end of file.
2026-10-01 23:40:49,883 [ERROR] LogOutputStream:75 - [STDERR_REDIRECT] 
2026-10-01 23:40:50,885 [ERROR] LogOutputStream:75 - [STDERR_REDIRECT] [Fatal Error] :1:1: Premature end of file.
2026-10-01 23:40:50,885 [ERROR] LogOutputStream:75 - [STDERR_REDIRECT] 
2026-10-01 23:40:51,898 [ERROR] LogOutputStream:75 - [STDERR_REDIRECT] [Fatal Error] :1:1: Premature end of file.
2026-10-01 23:40:51,898 [ERROR] LogOutputStream:75 - [STDERR_REDIRECT] 
2026-10-01 23:40:52,902 [ERROR] LogOutputStream:75 - [STDERR_REDIRECT] [Fatal Error] :1:1: Premature end of file.
2026-10-01 23:40:52,902 [ERROR] LogOutputStream:75 - [STDERR_REDIRECT] 
2026-10-01 23:40:53,898 [ERROR] LogOutputStream:75 - [STDERR_REDIRECT] [Fatal Error] :1:1: Premature end of file.
2026-10-01 23:40:53,898 [ERROR] LogOutputStream:75 - [STDERR_REDIRECT] 
2026-10-01 23:40:54,896 [ERROR] LogOutputStream:75 - [STDERR_REDIRECT] [Fatal Error] :1:1: Premature end of file.
2026-10-01 23:40:54,896 [ERROR] LogOutputStream:75 - [STDERR_REDIRECT] 
2026-10-01 23:40:55,899 [ERROR] LogOutputStream:75 - [STDERR_REDIRECT] [Fatal Error] :1:1: Premature end of file.
2026-10-01 23:40:55,899 [ERROR] LogOutputStream:75 - [STDERR_REDIRECT] 
2026-10-01 23:40:56,897 [ERROR] LogOutputStream:75 - [STDERR_REDIRECT] [Fatal Error] :1:1: Premature end of file.
2026-10-01 23:40:56,897 [ERROR] LogOutputStream:75 - [STDERR_REDIRECT] 
2026-10-01 23:40:57,881 [ERROR] LogOutputStream:75 - [STDERR_REDIRECT] [Fatal Error] :1:1: Premature end of file.
2026-10-01 23:40:57,881 [ERROR] LogOutputStream:75 - [STDERR_REDIRECT] 
2026-10-01 23:40:58,887 [ERROR] LogOutputStream:75 - [STDERR_REDIRECT] [Fatal Error] :1:1: Premature end of file.
2026-10-01 23:40:58,887 [ERROR] LogOutputStream:75 - [STDERR_REDIRECT] 
2026-10-01 23:40:59,886 [ERROR] LogOutputStream:75 - [STDERR_REDIRECT] [Fatal Error] :1:1: Premature end of file.
2026-10-01 23:40:59,886 [ERROR] LogOutputStream:75 - [STDERR_REDIRECT] 
2026-10-01 23:41:00,886 [ERROR] LogOutputStream:75 - [STDERR_REDIRECT] [Fatal Error] :1:1: Premature end of file.
2026-10-01 23:41:00,886 [ERROR] LogOutputStream:75 - [STDERR_REDIRECT] 
2026-10-01 23:41:01,888 [ERROR] LogOutputStream:75 - [STDERR_REDIRECT] [Fatal Error] :1:1: Premature end of file.
2026-10-01 23:41:01,888 [ERROR] LogOutputStream:75 - [STDERR_REDIRECT] 
2026-10-01 23:41:02,889 [ERROR] LogOutputStream:75 - [STDERR_REDIRECT] [Fatal Error] :1:1: Premature end of file.
2026-10-01 23:41:02,889 [ERROR] LogOutputStream:75 - [STDERR_REDIRECT] 
2026-10-01 23:41:03,890 [ERROR] LogOutputStream:75 - [STDERR_REDIRECT] [Fatal Error] :1:1: Premature end of file.
2026-10-01 23:41:03,890 [ERROR] LogOutputStream:75 - [STDERR_REDIRECT] 
2026-10-01 23:41:04,889 [ERROR] LogOutputStream:75 - [STDERR_REDIRECT] [Fatal Error] :1:1: Premature end of file.
2026-10-01 23:41:04,890 [ERROR] LogOutputStream:75 - [STDERR_REDIRECT] 
2026-10-01 23:41:05,886 [ERROR] LogOutputStream:75 - [STDERR_REDIRECT] [Fatal Error] :1:1: Premature end of file.
2026-10-01 23:41:05,886 [ERROR] LogOutputStream:75 - [STDERR_REDIRECT] 
2026-10-01 23:41:06,886 [ERROR] LogOutputStream:75 - [STDERR_REDIRECT] [Fatal Error] :1:1: Premature end of file.
2026-10-01 23:41:06,886 [ERROR] LogOutputStream:75 - [STDERR_REDIRECT] 
2026-10-01 23:41:07,885 [ERROR] LogOutputStream:75 - [STDERR_REDIRECT] [Fatal Error] :1:1: Premature end of file.
2026-10-01 23:41:07,885 [ERROR] LogOutputStream:75 - [STDERR_REDIRECT] 
2026-10-01 23:41:08,883 [ERROR] LogOutputStream:75 - [STDERR_REDIRECT] [Fatal Error] :1:1: Premature end of file.
2026-10-01 23:41:08,883 [ERROR] LogOutputStream:75 - [STDERR_REDIRECT] 
2026-10-01 23:41:09,888 [ERROR] LogOutputStream:75 - [STDERR_REDIRECT] [Fatal Error] :1:1: Premature end of file.
2026-10-01 23:41:09,888 [ERROR] LogOutputStream:75 - [STDERR_REDIRECT] 
2026-10-01 23:41:10,876 [ERROR] LogOutputStream:75 - [STDERR_REDIRECT] [Fatal Error] :1:1: Premature end of file.
2026-10-01 23:41:10,876 [ERROR] LogOutputStream:75 - [STDERR_REDIRECT] 
2026-10-01 23:41:11,894 [ERROR] LogOutputStream:75 - [STDERR_REDIRECT] [Fatal Error] :1:1: Premature end of file.
2026-10-01 23:41:11,894 [ERROR] LogOutputStream:75 - [STDERR_REDIRECT] 
2026-10-01 23:41:12,898 [ERROR] LogOutputStream:75 - [STDERR_REDIRECT] [Fatal Error] :1:1: Premature end of file.
2026-10-01 23:41:12,899 [ERROR] LogOutputStream:75 - [STDERR_REDIRECT] 
2026-10-01 23:41:13,890 [ERROR] LogOutputStream:75 - [STDERR_REDIRECT] [Fatal Error] :1:1: Premature end of file.
2026-10-01 23:41:13,890 [ERROR] LogOutputStream:75 - [STDERR_REDIRECT] 
2026-10-01 23:41:14,894 [ERROR] LogOutputStream:75 - [STDERR_REDIRECT] [Fatal Error] :1:1: Premature end of file.
2026-10-01 23:41:14,894 [ERROR] LogOutputStream:75 - [STDERR_REDIRECT] 
2026-10-01 23:41:15,890 [ERROR] LogOutputStream:75 - [STDERR_REDIRECT] [Fatal Error] :1:1: Premature end of file.
2026-10-01 23:41:15,890 [ERROR] LogOutputStream:75 - [STDERR_REDIRECT] 
2026-10-01 23:41:16,903 [ERROR] LogOutputStream:75 - [STDERR_REDIRECT] [Fatal Error] :1:1: Premature end of file.
2026-10-01 23:41:16,903 [ERROR] LogOutputStream:75 - [STDERR_REDIRECT] 
2026-10-01 23:41:17,925 [ERROR] LogOutputStream:75 - [STDERR_REDIRECT] [Fatal Error] :1:1: Premature end of file.
2026-10-01 23:41:17,926 [ERROR] LogOutputStream:75 - [STDERR_REDIRECT] 
2026-10-01 23:41:18,905 [ERROR] LogOutputStream:75 - [STDERR_REDIRECT] [Fatal Error] :1:1: Premature end of file.
2026-10-01 23:41:18,906 [ERROR] LogOutputStream:75 - [STDERR_REDIRECT] 
2026-10-01 23:41:19,906 [ERROR] LogOutputStream:75 - [STDERR_REDIRECT] [Fatal Error] :1:1: Premature end of file.
2026-10-01 23:41:19,906 [ERROR] LogOutputStream:75 - [STDERR_REDIRECT] 
2026-10-01 23:41:20,882 [ERROR] LogOutputStream:75 - [STDERR_REDIRECT] [Fatal Error] :1:1: Premature end of file.
2026-10-01 23:41:20,882 [ERROR] LogOutputStream:75 - [STDERR_REDIRECT] 
2026-10-01 23:41:21,888 [ERROR] LogOutputStream:75 - [STDERR_REDIRECT] [Fatal Error] :1:1: Premature end of file.
2026-10-01 23:41:21,888 [ERROR] LogOutputStream:75 - [STDERR_REDIRECT] 
2026-10-01 23:41:22,901 [ERROR] LogOutputStream:75 - [STDERR_REDIRECT] [Fatal Error] :1:1: Premature end of file.
2026-10-01 23:41:22,901 [ERROR] LogOutputStream:75 - [STDERR_REDIRECT] 
2026-10-01 23:41:23,898 [ERROR] LogOutputStream:75 - [STDERR_REDIRECT] [Fatal Error] :1:1: Premature end of file.
2026-10-01 23:41:23,898 [ERROR] LogOutputStream:75 - [STDERR_REDIRECT] 
2026-10-01 23:41:24,888 [ERROR] LogOutputStream:75 - [STDERR_REDIRECT] [Fatal Error] :1:1: Premature end of file.
2026-10-01 23:41:24,888 [ERROR] LogOutputStream:75 - [STDERR_REDIRECT] 
2026-10-01 23:41:25,887 [ERROR] LogOutputStream:75 - [STDERR_REDIRECT] [Fatal Error] :1:1: Premature end of file.
2026-10-01 23:41:25,887 [ERROR] LogOutputStream:75 - [STDERR_REDIRECT] 
2026-10-01 23:41:26,892 [ERROR] LogOutputStream:75 - [STDERR_REDIRECT] [Fatal Error] :1:1: Premature end of file.
2026-10-01 23:41:26,892 [ERROR] LogOutputStream:75 - [STDERR_REDIRECT] 
2026-10-01 23:41:27,891 [ERROR] LogOutputStream:75 - [STDERR_REDIRECT] [Fatal Error] :1:1: Premature end of file.
2026-10-01 23:41:27,892 [ERROR] LogOutputStream:75 - [STDERR_REDIRECT] 
2026-10-01 23:41:28,886 [ERROR] LogOutputStream:75 - [STDERR_REDIRECT] [Fatal Error] :1:1: Premature end of file.
2026-10-01 23:41:28,887 [ERROR] LogOutputStream:75 - [STDERR_REDIRECT] 
2026-10-01 23:41:29,879 [ERROR] LogOutputStream:75 - [STDERR_REDIRECT] [Fatal Error] :1:1: Premature end of file.
2026-10-01 23:41:29,880 [ERROR] LogOutputStream:75 - [STDERR_REDIRECT] 
2026-10-01 23:41:30,888 [ERROR] LogOutputStream:75 - [STDERR_REDIRECT] [Fatal Error] :1:1: Premature end of file.
2026-10-01 23:41:30,889 [ERROR] LogOutputStream:75 - [STDERR_REDIRECT] 
2026-10-01 23:41:31,891 [ERROR] LogOutputStream:75 - [STDERR_REDIRECT] [Fatal Error] :1:1: Premature end of file.
2026-10-01 23:41:31,891 [ERROR] LogOutputStream:75 - [STDERR_REDIRECT] 
2026-10-01 23:41:32,888 [ERROR] LogOutputStream:75 - [STDERR_REDIRECT] [Fatal Error] :1:1: Premature end of file.
2026-10-01 23:41:32,888 [ERROR] LogOutputStream:75 - [STDERR_REDIRECT] 
2026-10-01 23:41:33,925 [ERROR] LogOutputStream:75 - [STDERR_REDIRECT] [Fatal Error] :1:1: Premature end of file.
2026-10-01 23:41:33,925 [ERROR] LogOutputStream:75 - [STDERR_REDIRECT] 
2026-10-01 23:41:34,896 [ERROR] LogOutputStream:75 - [STDERR_REDIRECT] [Fatal Error] :1:1: Premature end of file.
2026-10-01 23:41:34,896 [ERROR] LogOutputStream:75 - [STDERR_REDIRECT] 
2026-10-01 23:41:35,896 [ERROR] LogOutputStream:75 - [STDERR_REDIRECT] [Fatal Error] :1:1: Premature end of file.
2026-10-01 23:41:35,896 [ERROR] LogOutputStream:75 - [STDERR_REDIRECT] 
2026-10-01 23:41:36,897 [ERROR] LogOutputStream:75 - [STDERR_REDIRECT] [Fatal Error] :1:1: Premature end of file.
2026-10-01 23:41:36,897 [ERROR] LogOutputStream:75 - [STDERR_REDIRECT] 
2026-10-01 23:41:37,897 [ERROR] LogOutputStream:75 - [STDERR_REDIRECT] [Fatal Error] :1:1: Premature end of file.
2026-10-01 23:41:37,897 [ERROR] LogOutputStream:75 - [STDERR_REDIRECT] 
2026-10-01 23:41:38,889 [ERROR] LogOutputStream:75 - [STDERR_REDIRECT] [Fatal Error] :1:1: Premature end of file.
2026-10-01 23:41:38,889 [ERROR] LogOutputStream:75 - [STDERR_REDIRECT] 
2026-10-01 23:41:39,895 [ERROR] LogOutputStream:75 - [STDERR_REDIRECT] [Fatal Error] :1:1: Premature end of file.
2026-10-01 23:41:39,895 [ERROR] LogOutputStream:75 - [STDERR_REDIRECT] 
2026-10-01 23:41:40,907 [ERROR] LogOutputStream:75 - [STDERR_REDIRECT] [Fatal Error] :1:1: Premature end of file.
2026-10-01 23:41:40,907 [ERROR] LogOutputStream:75 - [STDERR_REDIRECT] 
2026-10-01 23:41:41,893 [ERROR] LogOutputStream:75 - [STDERR_REDIRECT] [Fatal Error] :1:1: Premature end of file.
2026-10-01 23:41:41,893 [ERROR] LogOutputStream:75 - [STDERR_REDIRECT] 
2026-10-01 23:41:42,883 [ERROR] LogOutputStream:75 - [STDERR_REDIRECT] [Fatal Error] :1:1: Premature end of file.
2026-10-01 23:41:42,883 [ERROR] LogOutputStream:75 - [STDERR_REDIRECT] 
2026-10-01 23:41:43,892 [ERROR] LogOutputStream:75 - [STDERR_REDIRECT] [Fatal Error] :1:1: Premature end of file.
2026-10-01 23:41:43,892 [ERROR] LogOutputStream:75 - [STDERR_REDIRECT] 
2026-10-01 23:41:44,892 [ERROR] LogOutputStream:75 - [STDERR_REDIRECT] [Fatal Error] :1:1: Premature end of file.
2026-10-01 23:41:44,892 [ERROR] LogOutputStream:75 - [STDERR_REDIRECT] 
2026-10-01 23:41:45,897 [ERROR] LogOutputStream:75 - [STDERR_REDIRECT] [Fatal Error] :1:1: Premature end of file.
2026-10-01 23:41:45,897 [ERROR] LogOutputStream:75 - [STDERR_REDIRECT] 
2026-10-01 23:41:46,896 [ERROR] LogOutputStream:75 - [STDERR_REDIRECT] [Fatal Error] :1:1: Premature end of file.
2026-10-01 23:41:46,896 [ERROR] LogOutputStream:75 - [STDERR_REDIRECT] 
2026-10-01 23:41:47,959 [ERROR] LogOutputStream:75 - [STDERR_REDIRECT] [Fatal Error] :1:1: Premature end of file.
2026-10-01 23:41:47,959 [ERROR] LogOutputStream:75 - [STDERR_REDIRECT] 
2026-10-01 23:41:48,888 [ERROR] LogOutputStream:75 - [STDERR_REDIRECT] [Fatal Error] :1:1: Premature end of file.
2026-10-01 23:41:48,888 [ERROR] LogOutputStream:75 - [STDERR_REDIRECT] 
2026-10-01 23:41:49,898 [ERROR] LogOutputStream:75 - [STDERR_REDIRECT] [Fatal Error] :1:1: Premature end of file.
2026-10-01 23:41:49,898 [ERROR] LogOutputStream:75 - [STDERR_REDIRECT] 
2026-10-01 23:41:50,890 [ERROR] LogOutputStream:75 - [STDERR_REDIRECT] [Fatal Error] :1:1: Premature end of file.
2026-10-01 23:41:50,890 [ERROR] LogOutputStream:75 - [STDERR_REDIRECT] 
2026-10-01 23:41:51,883 [ERROR] LogOutputStream:75 - [STDERR_REDIRECT] [Fatal Error] :1:1: Premature end of file.
2026-10-01 23:41:51,883 [ERROR] LogOutputStream:75 - [STDERR_REDIRECT] 
2026-10-01 23:41:52,880 [ERROR] LogOutputStream:75 - [STDERR_REDIRECT] [Fatal Error] :1:1: Premature end of file.
2026-10-01 23:41:52,880 [ERROR] LogOutputStream:75 - [STDERR_REDIRECT] 
2026-10-01 23:41:53,888 [ERROR] LogOutputStream:75 - [STDERR_REDIRECT] [Fatal Error] :1:1: Premature end of file.
2026-10-01 23:41:53,888 [ERROR] LogOutputStream:75 - [STDERR_REDIRECT] 
2026-10-01 23:41:54,917 [ERROR] LogOutputStream:75 - [STDERR_REDIRECT] [Fatal Error] :1:1: Premature end of file.
2026-10-01 23:41:54,917 [ERROR] LogOutputStream:75 - [STDERR_REDIRECT] 
2026-10-01 23:41:55,909 [ERROR] LogOutputStream:75 - [STDERR_REDIRECT] [Fatal Error] :1:1: Premature end of file.
2026-10-01 23:41:55,909 [ERROR] LogOutputStream:75 - [STDERR_REDIRECT] 
2026-10-01 23:41:56,914 [ERROR] LogOutputStream:75 - [STDERR_REDIRECT] [Fatal Error] :1:1: Premature end of file.
2026-10-01 23:41:56,914 [ERROR] LogOutputStream:75 - [STDERR_REDIRECT] 
2026-10-01 23:41:57,888 [ERROR] LogOutputStream:75 - [STDERR_REDIRECT] [Fatal Error] :1:1: Premature end of file.
2026-10-01 23:41:57,888 [ERROR] LogOutputStream:75 - [STDERR_REDIRECT] 
2026-10-01 23:41:58,897 [ERROR] LogOutputStream:75 - [STDERR_REDIRECT] [Fatal Error] :1:1: Premature end of file.
2026-10-01 23:41:58,897 [ERROR] LogOutputStream:75 - [STDERR_REDIRECT] 
2026-10-01 23:41:59,903 [ERROR] LogOutputStream:75 - [STDERR_REDIRECT] [Fatal Error] :1:1: Premature end of file.
2026-10-01 23:41:59,903 [ERROR] LogOutputStream:75 - [STDERR_REDIRECT] 
2026-10-01 23:42:00,895 [ERROR] LogOutputStream:75 - [STDERR_REDIRECT] [Fatal Error] :1:1: Premature end of file.
2026-10-01 23:42:00,895 [ERROR] LogOutputStream:75 - [STDERR_REDIRECT] 
2026-10-01 23:42:01,893 [ERROR] LogOutputStream:75 - [STDERR_REDIRECT] [Fatal Error] :1:1: Premature end of file.
2026-10-01 23:42:01,893 [ERROR] LogOutputStream:75 - [STDERR_REDIRECT] 
2026-10-01 23:42:02,900 [ERROR] LogOutputStream:75 - [STDERR_REDIRECT] [Fatal Error] :1:1: Premature end of file.
2026-10-01 23:42:02,900 [ERROR] LogOutputStream:75 - [STDERR_REDIRECT] 
2026-10-01 23:42:03,905 [ERROR] LogOutputStream:75 - [STDERR_REDIRECT] [Fatal Error] :1:1: Premature end of file.
2026-10-01 23:42:03,905 [ERROR] LogOutputStream:75 - [STDERR_REDIRECT] 
2026-10-01 23:42:05,170 [ERROR] LogOutputStream:75 - [STDERR_REDIRECT] [Fatal Error] :1:1: Premature end of file.
2026-10-01 23:42:05,170 [ERROR] LogOutputStream:75 - [STDERR_REDIRECT] 
2026-10-01 23:42:05,877 [ERROR] LogOutputStream:75 - [STDERR_REDIRECT] [Fatal Error] :1:1: Premature end of file.
2026-10-01 23:42:05,877 [ERROR] LogOutputStream:75 - [STDERR_REDIRECT] 
2026-10-01 23:42:06,896 [ERROR] LogOutputStream:75 - [STDERR_REDIRECT] [Fatal Error] :1:1: Premature end of file.
2026-10-01 23:42:06,896 [ERROR] LogOutputStream:75 - [STDERR_REDIRECT] 
2026-10-01 23:42:07,895 [ERROR] LogOutputStream:75 - [STDERR_REDIRECT] [Fatal Error] :1:1: Premature end of file.
2026-10-01 23:42:07,895 [ERROR] LogOutputStream:75 - [STDERR_REDIRECT] 
2026-10-01 23:42:08,900 [ERROR] LogOutputStream:75 - [STDERR_REDIRECT] [Fatal Error] :1:1: Premature end of file.
2026-10-01 23:42:08,900 [ERROR] LogOutputStream:75 - [STDERR_REDIRECT] 
2026-10-01 23:42:09,901 [ERROR] LogOutputStream:75 - [STDERR_REDIRECT] [Fatal Error] :1:1: Premature end of file.
2026-10-01 23:42:09,901 [ERROR] LogOutputStream:75 - [STDERR_REDIRECT] 
2026-10-01 23:42:10,901 [ERROR] LogOutputStream:75 - [STDERR_REDIRECT] [Fatal Error] :1:1: Premature end of file.
2026-10-01 23:42:10,902 [ERROR] LogOutputStream:75 - [STDERR_REDIRECT] 
2026-10-01 23:42:11,914 [ERROR] LogOutputStream:75 - [STDERR_REDIRECT] [Fatal Error] :1:1: Premature end of file.
2026-10-01 23:42:11,914 [ERROR] LogOutputStream:75 - [STDERR_REDIRECT] 
2026-10-01 23:42:12,885 [ERROR] LogOutputStream:75 - [STDERR_REDIRECT] [Fatal Error] :1:1: Premature end of file.
2026-10-01 23:42:12,888 [ERROR] LogOutputStream:75 - [STDERR_REDIRECT] 
2026-10-01 23:42:13,905 [ERROR] LogOutputStream:75 - [STDERR_REDIRECT] [Fatal Error] :1:1: Premature end of file.
2026-10-01 23:42:13,905 [ERROR] LogOutputStream:75 - [STDERR_REDIRECT] 
2026-10-01 23:42:14,891 [ERROR] LogOutputStream:75 - [STDERR_REDIRECT] [Fatal Error] :1:1: Premature end of file.
2026-10-01 23:42:14,891 [ERROR] LogOutputStream:75 - [STDERR_REDIRECT] 
2026-10-01 23:42:15,885 [ERROR] LogOutputStream:75 - [STDERR_REDIRECT] [Fatal Error] :1:1: Premature end of file.
2026-10-01 23:42:15,885 [ERROR] LogOutputStream:75 - [STDERR_REDIRECT] 
2026-10-01 23:42:16,880 [ERROR] LogOutputStream:75 - [STDERR_REDIRECT] [Fatal Error] :1:1: Premature end of file.
2026-10-01 23:42:16,880 [ERROR] LogOutputStream:75 - [STDERR_REDIRECT] 
2026-10-01 23:42:17,883 [ERROR] LogOutputStream:75 - [STDERR_REDIRECT] [Fatal Error] :1:1: Premature end of file.
2026-10-01 23:42:17,883 [ERROR] LogOutputStream:75 - [STDERR_REDIRECT] 
2026-10-01 23:42:18,932 [ERROR] LogOutputStream:75 - [STDERR_REDIRECT] [Fatal Error] :1:1: Premature end of file.
2026-10-01 23:42:18,932 [ERROR] LogOutputStream:75 - [STDERR_REDIRECT] 
2026-10-01 23:42:19,882 [ERROR] LogOutputStream:75 - [STDERR_REDIRECT] [Fatal Error] :1:1: Premature end of file.
2026-10-01 23:42:19,882 [ERROR] LogOutputStream:75 - [STDERR_REDIRECT] 
2026-10-01 23:42:20,891 [ERROR] LogOutputStream:75 - [STDERR_REDIRECT] [Fatal Error] :1:1: Premature end of file.
2026-10-01 23:42:20,891 [ERROR] LogOutputStream:75 - [STDERR_REDIRECT] 
2026-10-01 23:42:21,999 [ERROR] LogOutputStream:75 - [STDERR_REDIRECT] [Fatal Error] :1:1: Premature end of file.
2026-10-01 23:42:21,999 [ERROR] LogOutputStream:75 - [STDERR_REDIRECT] 
2026-10-01 23:42:22,890 [ERROR] LogOutputStream:75 - [STDERR_REDIRECT] [Fatal Error] :1:1: Premature end of file.
2026-10-01 23:42:22,890 [ERROR] LogOutputStream:75 - [STDERR_REDIRECT] 
2026-10-01 23:42:23,892 [ERROR] LogOutputStream:75 - [STDERR_REDIRECT] [Fatal Error] :1:1: Premature end of file.
2026-10-01 23:42:23,892 [ERROR] LogOutputStream:75 - [STDERR_REDIRECT] 
2026-10-01 23:42:24,890 [ERROR] LogOutputStream:75 - [STDERR_REDIRECT] [Fatal Error] :1:1: Premature end of file.
2026-10-01 23:42:24,890 [ERROR] LogOutputStream:75 - [STDERR_REDIRECT] 
2026-10-01 23:42:25,885 [ERROR] LogOutputStream:75 - [STDERR_REDIRECT] [Fatal Error] :1:1: Premature end of file.
2026-10-01 23:42:25,886 [ERROR] LogOutputStream:75 - [STDERR_REDIRECT] 
2026-10-01 23:42:26,892 [ERROR] LogOutputStream:75 - [STDERR_REDIRECT] [Fatal Error] :1:1: Premature end of file.
2026-10-01 23:42:26,892 [ERROR] LogOutputStream:75 - [STDERR_REDIRECT] 
2026-10-01 23:42:27,886 [ERROR] LogOutputStream:75 - [STDERR_REDIRECT] [Fatal Error] :1:1: Premature end of file.
2026-10-01 23:42:27,886 [ERROR] LogOutputStream:75 - [STDERR_REDIRECT] 
2026-10-01 23:42:28,887 [ERROR] LogOutputStream:75 - [STDERR_REDIRECT] [Fatal Error] :1:1: Premature end of file.
2026-10-01 23:42:28,887 [ERROR] LogOutputStream:75 - [STDERR_REDIRECT] 
2026-10-01 23:42:29,885 [ERROR] LogOutputStream:75 - [STDERR_REDIRECT] [Fatal Error] :1:1: Premature end of file.
2026-10-01 23:42:29,886 [ERROR] LogOutputStream:75 - [STDERR_REDIRECT] 
2026-10-01 23:42:31,110 [ERROR] LogOutputStream:75 - [STDERR_REDIRECT] [Fatal Error] :1:1: Premature end of file.
2026-10-01 23:42:31,112 [ERROR] LogOutputStream:75 - [STDERR_REDIRECT] 
2026-10-01 23:42:31,911 [ERROR] LogOutputStream:75 - [STDERR_REDIRECT] [Fatal Error] :1:1: Premature end of file.
2026-10-01 23:42:31,911 [ERROR] LogOutputStream:75 - [STDERR_REDIRECT] 
2026-10-01 23:42:32,907 [ERROR] LogOutputStream:75 - [STDERR_REDIRECT] [Fatal Error] :1:1: Premature end of file.
2026-10-01 23:42:32,907 [ERROR] LogOutputStream:75 - [STDERR_REDIRECT] 
2026-10-01 23:42:33,891 [ERROR] LogOutputStream:75 - [STDERR_REDIRECT] [Fatal Error] :1:1: Premature end of file.
2026-10-01 23:42:33,891 [ERROR] LogOutputStream:75 - [STDERR_REDIRECT] 
2026-10-01 23:42:34,897 [ERROR] LogOutputStream:75 - [STDERR_REDIRECT] [Fatal Error] :1:1: Premature end of file.
2026-10-01 23:42:34,897 [ERROR] LogOutputStream:75 - [STDERR_REDIRECT] 
2026-10-01 23:42:35,889 [ERROR] LogOutputStream:75 - [STDERR_REDIRECT] [Fatal Error] :1:1: Premature end of file.
2026-10-01 23:42:35,889 [ERROR] LogOutputStream:75 - [STDERR_REDIRECT] 
2026-10-01 23:42:36,894 [ERROR] LogOutputStream:75 - [STDERR_REDIRECT] [Fatal Error] :1:1: Premature end of file.
2026-10-01 23:42:36,894 [ERROR] LogOutputStream:75 - [STDERR_REDIRECT] 
2026-10-01 23:42:37,887 [ERROR] LogOutputStream:75 - [STDERR_REDIRECT] [Fatal Error] :1:1: Premature end of file.
2026-10-01 23:42:37,887 [ERROR] LogOutputStream:75 - [STDERR_REDIRECT] 
2026-10-01 23:42:38,886 [ERROR] LogOutputStream:75 - [STDERR_REDIRECT] [Fatal Error] :1:1: Premature end of file.
2026-10-01 23:42:38,887 [ERROR] LogOutputStream:75 - [STDERR_REDIRECT] 
2026-10-01 23:42:39,887 [ERROR] LogOutputStream:75 - [STDERR_REDIRECT] [Fatal Error] :1:1: Premature end of file.
2026-10-01 23:42:39,887 [ERROR] LogOutputStream:75 - [STDERR_REDIRECT] 
2026-10-01 23:42:40,890 [ERROR] LogOutputStream:75 - [STDERR_REDIRECT] [Fatal Error] :1:1: Premature end of file.
2026-10-01 23:42:40,890 [ERROR] LogOutputStream:75 - [STDERR_REDIRECT] 
2026-10-01 23:42:41,884 [ERROR] LogOutputStream:75 - [STDERR_REDIRECT] [Fatal Error] :1:1: Premature end of file.
2026-10-01 23:42:41,884 [ERROR] LogOutputStream:75 - [STDERR_REDIRECT] 
2026-10-01 23:42:42,891 [ERROR] LogOutputStream:75 - [STDERR_REDIRECT] [Fatal Error] :1:1: Premature end of file.
2026-10-01 23:42:42,891 [ERROR] LogOutputStream:75 - [STDERR_REDIRECT] 
2026-10-01 23:42:43,895 [ERROR] LogOutputStream:75 - [STDERR_REDIRECT] [Fatal Error] :1:1: Premature end of file.
2026-10-01 23:42:43,895 [ERROR] LogOutputStream:75 - [STDERR_REDIRECT] 
2026-10-01 23:42:44,903 [ERROR] LogOutputStream:75 - [STDERR_REDIRECT] [Fatal Error] :1:1: Premature end of file.
2026-10-01 23:42:44,903 [ERROR] LogOutputStream:75 - [STDERR_REDIRECT] 
2026-10-01 23:42:45,890 [ERROR] LogOutputStream:75 - [STDERR_REDIRECT] [Fatal Error] :1:1: Premature end of file.
2026-10-01 23:42:45,891 [ERROR] LogOutputStream:75 - [STDERR_REDIRECT] 
2026-10-01 23:42:46,869 [ERROR] LogOutputStream:75 - [STDERR_REDIRECT] [Fatal Error] :1:1: Premature end of file.
2026-10-01 23:42:46,869 [ERROR] LogOutputStream:75 - [STDERR_REDIRECT] 
2026-10-01 23:42:47,891 [ERROR] LogOutputStream:75 - [STDERR_REDIRECT] [Fatal Error] :1:1: Premature end of file.
2026-10-01 23:42:47,891 [ERROR] LogOutputStream:75 - [STDERR_REDIRECT] 
2026-10-01 23:42:48,893 [ERROR] LogOutputStream:75 - [STDERR_REDIRECT] [Fatal Error] :1:1: Premature end of file.
2026-10-01 23:42:48,893 [ERROR] LogOutputStream:75 - [STDERR_REDIRECT] 
2026-10-01 23:42:49,886 [ERROR] LogOutputStream:75 - [STDERR_REDIRECT] [Fatal Error] :1:1: Premature end of file.
2026-10-01 23:42:49,886 [ERROR] LogOutputStream:75 - [STDERR_REDIRECT] 
2026-10-01 23:42:50,894 [ERROR] LogOutputStream:75 - [STDERR_REDIRECT] [Fatal Error] :1:1: Premature end of file.
2026-10-01 23:42:50,894 [ERROR] LogOutputStream:75 - [STDERR_REDIRECT] 
2026-10-01 23:42:51,885 [ERROR] LogOutputStream:75 - [STDERR_REDIRECT] [Fatal Error] :1:1: Premature end of file.
2026-10-01 23:42:51,885 [ERROR] LogOutputStream:75 - [STDERR_REDIRECT] 
2026-10-01 23:42:52,886 [ERROR] LogOutputStream:75 - [STDERR_REDIRECT] [Fatal Error] :1:1: Premature end of file.
2026-10-01 23:42:52,886 [ERROR] LogOutputStream:75 - [STDERR_REDIRECT] 
2026-10-01 23:42:53,887 [ERROR] LogOutputStream:75 - [STDERR_REDIRECT] [Fatal Error] :1:1: Premature end of file.
2026-10-01 23:42:53,887 [ERROR] LogOutputStream:75 - [STDERR_REDIRECT] 
2026-10-01 23:42:54,887 [ERROR] LogOutputStream:75 - [STDERR_REDIRECT] [Fatal Error] :1:1: Premature end of file.
2026-10-01 23:42:54,887 [ERROR] LogOutputStream:75 - [STDERR_REDIRECT] 
2026-10-01 23:42:55,891 [ERROR] LogOutputStream:75 - [STDERR_REDIRECT] [Fatal Error] :1:1: Premature end of file.
2026-10-01 23:42:55,891 [ERROR] LogOutputStream:75 - [STDERR_REDIRECT] 
2026-10-01 23:42:56,889 [ERROR] LogOutputStream:75 - [STDERR_REDIRECT] [Fatal Error] :1:1: Premature end of file.
2026-10-01 23:42:56,890 [ERROR] LogOutputStream:75 - [STDERR_REDIRECT] 
2026-10-01 23:42:57,892 [ERROR] LogOutputStream:75 - [STDERR_REDIRECT] [Fatal Error] :1:1: Premature end of file.
2026-10-01 23:42:57,892 [ERROR] LogOutputStream:75 - [STDERR_REDIRECT] 
2026-10-01 23:42:58,893 [ERROR] LogOutputStream:75 - [STDERR_REDIRECT] [Fatal Error] :1:1: Premature end of file.
2026-10-01 23:42:58,893 [ERROR] LogOutputStream:75 - [STDERR_REDIRECT] 
2026-10-01 23:42:59,891 [ERROR] LogOutputStream:75 - [STDERR_REDIRECT] [Fatal Error] :1:1: Premature end of file.
2026-10-01 23:42:59,891 [ERROR] LogOutputStream:75 - [STDERR_REDIRECT] 
2026-10-01 23:43:00,892 [ERROR] LogOutputStream:75 - [STDERR_REDIRECT] [Fatal Error] :1:1: Premature end of file.
2026-10-01 23:43:00,892 [ERROR] LogOutputStream:75 - [STDERR_REDIRECT] 
2026-10-01 23:43:01,883 [ERROR] LogOutputStream:75 - [STDERR_REDIRECT] [Fatal Error] :1:1: Premature end of file.
2026-10-01 23:43:01,884 [ERROR] LogOutputStream:75 - [STDERR_REDIRECT] 
2026-10-01 23:43:02,895 [ERROR] LogOutputStream:75 - [STDERR_REDIRECT] [Fatal Error] :1:1: Premature end of file.
2026-10-01 23:43:02,895 [ERROR] LogOutputStream:75 - [STDERR_REDIRECT] 
2026-10-01 23:43:03,890 [ERROR] LogOutputStream:75 - [STDERR_REDIRECT] [Fatal Error] :1:1: Premature end of file.
2026-10-01 23:43:03,890 [ERROR] LogOutputStream:75 - [STDERR_REDIRECT] 
2026-10-01 23:43:04,891 [ERROR] LogOutputStream:75 - [STDERR_REDIRECT] [Fatal Error] :1:1: Premature end of file.
2026-10-01 23:43:04,891 [ERROR] LogOutputStream:75 - [STDERR_REDIRECT] 
2026-10-01 23:43:05,886 [ERROR] LogOutputStream:75 - [STDERR_REDIRECT] [Fatal Error] :1:1: Premature end of file.
2026-10-01 23:43:05,886 [ERROR] LogOutputStream:75 - [STDERR_REDIRECT] 
2026-10-01 23:43:06,885 [ERROR] LogOutputStream:75 - [STDERR_REDIRECT] [Fatal Error] :1:1: Premature end of file.
2026-10-01 23:43:06,885 [ERROR] LogOutputStream:75 - [STDERR_REDIRECT] 
2026-10-01 23:43:07,895 [ERROR] LogOutputStream:75 - [STDERR_REDIRECT] [Fatal Error] :1:1: Premature end of file.
2026-10-01 23:43:07,895 [ERROR] LogOutputStream:75 - [STDERR_REDIRECT] 
2026-10-01 23:43:08,882 [ERROR] LogOutputStream:75 - [STDERR_REDIRECT] [Fatal Error] :1:1: Premature end of file.
2026-10-01 23:43:08,882 [ERROR] LogOutputStream:75 - [STDERR_REDIRECT] 
2026-10-01 23:43:09,883 [ERROR] LogOutputStream:75 - [STDERR_REDIRECT] [Fatal Error] :1:1: Premature end of file.
2026-10-01 23:43:09,884 [ERROR] LogOutputStream:75 - [STDERR_REDIRECT] 
2026-10-01 23:43:10,892 [ERROR] LogOutputStream:75 - [STDERR_REDIRECT] [Fatal Error] :1:1: Premature end of file.
2026-10-01 23:43:10,892 [ERROR] LogOutputStream:75 - [STDERR_REDIRECT] 
2026-10-01 23:43:11,908 [ERROR] LogOutputStream:75 - [STDERR_REDIRECT] [Fatal Error] :1:1: Premature end of file.
2026-10-01 23:43:11,908 [ERROR] LogOutputStream:75 - [STDERR_REDIRECT] 
2026-10-01 23:43:12,903 [ERROR] LogOutputStream:75 - [STDERR_REDIRECT] [Fatal Error] :1:1: Premature end of file.
2026-10-01 23:43:12,903 [ERROR] LogOutputStream:75 - [STDERR_REDIRECT] 
2026-10-01 23:43:13,886 [ERROR] LogOutputStream:75 - [STDERR_REDIRECT] [Fatal Error] :1:1: Premature end of file.
2026-10-01 23:43:13,886 [ERROR] LogOutputStream:75 - [STDERR_REDIRECT] 
2026-10-01 23:43:14,878 [ERROR] LogOutputStream:75 - [STDERR_REDIRECT] [Fatal Error] :1:1: Premature end of file.
2026-10-01 23:43:14,878 [ERROR] LogOutputStream:75 - [STDERR_REDIRECT] 
2026-10-01 23:43:15,894 [ERROR] LogOutputStream:75 - [STDERR_REDIRECT] [Fatal Error] :1:1: Premature end of file.
2026-10-01 23:43:15,894 [ERROR] LogOutputStream:75 - [STDERR_REDIRECT] 
2026-10-01 23:43:16,884 [ERROR] LogOutputStream:75 - [STDERR_REDIRECT] [Fatal Error] :1:1: Premature end of file.
2026-10-01 23:43:16,884 [ERROR] LogOutputStream:75 - [STDERR_REDIRECT] 
2026-10-01 23:43:17,889 [ERROR] LogOutputStream:75 - [STDERR_REDIRECT] [Fatal Error] :1:1: Premature end of file.
2026-10-01 23:43:17,889 [ERROR] LogOutputStream:75 - [STDERR_REDIRECT] 
2026-10-01 23:43:18,901 [ERROR] LogOutputStream:75 - [STDERR_REDIRECT] [Fatal Error] :1:1: Premature end of file.
2026-10-01 23:43:18,901 [ERROR] LogOutputStream:75 - [STDERR_REDIRECT] 
2026-10-01 23:43:19,890 [ERROR] LogOutputStream:75 - [STDERR_REDIRECT] [Fatal Error] :1:1: Premature end of file.
2026-10-01 23:43:19,890 [ERROR] LogOutputStream:75 - [STDERR_REDIRECT] 
2026-10-01 23:43:20,907 [ERROR] LogOutputStream:75 - [STDERR_REDIRECT] [Fatal Error] :1:1: Premature end of file.
2026-10-01 23:43:20,908 [ERROR] LogOutputStream:75 - [STDERR_REDIRECT] 
2026-10-01 23:43:21,890 [ERROR] LogOutputStream:75 - [STDERR_REDIRECT] [Fatal Error] :1:1: Premature end of file.
2026-10-01 23:43:21,890 [ERROR] LogOutputStream:75 - [STDERR_REDIRECT] 
2026-10-01 23:43:22,891 [ERROR] LogOutputStream:75 - [STDERR_REDIRECT] [Fatal Error] :1:1: Premature end of file.
2026-10-01 23:43:22,892 [ERROR] LogOutputStream:75 - [STDERR_REDIRECT] 
2026-10-01 23:43:23,888 [ERROR] LogOutputStream:75 - [STDERR_REDIRECT] [Fatal Error] :1:1: Premature end of file.
2026-10-01 23:43:23,889 [ERROR] LogOutputStream:75 - [STDERR_REDIRECT] 
2026-10-01 23:43:24,891 [ERROR] LogOutputStream:75 - [STDERR_REDIRECT] [Fatal Error] :1:1: Premature end of file.
2026-10-01 23:43:24,891 [ERROR] LogOutputStream:75 - [STDERR_REDIRECT] 
2026-10-01 23:43:25,891 [ERROR] LogOutputStream:75 - [STDERR_REDIRECT] [Fatal Error] :1:1: Premature end of file.
2026-10-01 23:43:25,891 [ERROR] LogOutputStream:75 - [STDERR_REDIRECT] 
2026-10-01 23:43:26,890 [ERROR] LogOutputStream:75 - [STDERR_REDIRECT] [Fatal Error] :1:1: Premature end of file.
2026-10-01 23:43:26,890 [ERROR] LogOutputStream:75 - [STDERR_REDIRECT] 
2026-10-01 23:43:27,888 [ERROR] LogOutputStream:75 - [STDERR_REDIRECT] [Fatal Error] :1:1: Premature end of file.
2026-10-01 23:43:27,889 [ERROR] LogOutputStream:75 - [STDERR_REDIRECT] 
2026-10-01 23:43:28,890 [ERROR] LogOutputStream:75 - [STDERR_REDIRECT] [Fatal Error] :1:1: Premature end of file.
2026-10-01 23:43:28,890 [ERROR] LogOutputStream:75 - [STDERR_REDIRECT] 
2026-10-01 23:43:29,877 [ERROR] LogOutputStream:75 - [STDERR_REDIRECT] [Fatal Error] :1:1: Premature end of file.
2026-10-01 23:43:29,877 [ERROR] LogOutputStream:75 - [STDERR_REDIRECT] 
2026-10-01 23:43:30,888 [ERROR] LogOutputStream:75 - [STDERR_REDIRECT] [Fatal Error] :1:1: Premature end of file.
2026-10-01 23:43:30,888 [ERROR] LogOutputStream:75 - [STDERR_REDIRECT] 
2026-10-01 23:43:31,890 [ERROR] LogOutputStream:75 - [STDERR_REDIRECT] [Fatal Error] :1:1: Premature end of file.
2026-10-01 23:43:31,890 [ERROR] LogOutputStream:75 - [STDERR_REDIRECT] 
2026-10-01 23:43:32,887 [ERROR] LogOutputStream:75 - [STDERR_REDIRECT] [Fatal Error] :1:1: Premature end of file.
2026-10-01 23:43:32,887 [ERROR] LogOutputStream:75 - [STDERR_REDIRECT] 
2026-10-01 23:43:33,890 [ERROR] LogOutputStream:75 - [STDERR_REDIRECT] [Fatal Error] :1:1: Premature end of file.
2026-10-01 23:43:33,890 [ERROR] LogOutputStream:75 - [STDERR_REDIRECT] 
2026-10-01 23:43:34,887 [ERROR] LogOutputStream:75 - [STDERR_REDIRECT] [Fatal Error] :1:1: Premature end of file.
2026-10-01 23:43:34,887 [ERROR] LogOutputStream:75 - [STDERR_REDIRECT] 
2026-10-01 23:43:35,890 [ERROR] LogOutputStream:75 - [STDERR_REDIRECT] [Fatal Error] :1:1: Premature end of file.
2026-10-01 23:43:35,890 [ERROR] LogOutputStream:75 - [STDERR_REDIRECT] 
2026-10-01 23:43:36,889 [ERROR] LogOutputStream:75 - [STDERR_REDIRECT] [Fatal Error] :1:1: Premature end of file.
2026-10-01 23:43:36,890 [ERROR] LogOutputStream:75 - [STDERR_REDIRECT] 
2026-10-01 23:43:37,891 [ERROR] LogOutputStream:75 - [STDERR_REDIRECT] [Fatal Error] :1:1: Premature end of file.
2026-10-01 23:43:37,891 [ERROR] LogOutputStream:75 - [STDERR_REDIRECT] 
2026-10-01 23:43:38,882 [ERROR] LogOutputStream:75 - [STDERR_REDIRECT] [Fatal Error] :1:1: Premature end of file.
2026-10-01 23:43:38,882 [ERROR] LogOutputStream:75 - [STDERR_REDIRECT] 
2026-10-01 23:43:39,890 [ERROR] LogOutputStream:75 - [STDERR_REDIRECT] [Fatal Error] :1:1: Premature end of file.
2026-10-01 23:43:39,891 [ERROR] LogOutputStream:75 - [STDERR_REDIRECT] 
2026-10-01 23:43:40,892 [ERROR] LogOutputStream:75 - [STDERR_REDIRECT] [Fatal Error] :1:1: Premature end of file.
2026-10-01 23:43:40,892 [ERROR] LogOutputStream:75 - [STDERR_REDIRECT] 
2026-10-01 23:43:41,891 [ERROR] LogOutputStream:75 - [STDERR_REDIRECT] [Fatal Error] :1:1: Premature end of file.
2026-10-01 23:43:41,891 [ERROR] LogOutputStream:75 - [STDERR_REDIRECT] 
2026-10-01 23:43:42,882 [ERROR] LogOutputStream:75 - [STDERR_REDIRECT] [Fatal Error] :1:1: Premature end of file.
2026-10-01 23:43:42,882 [ERROR] LogOutputStream:75 - [STDERR_REDIRECT] 
2026-10-01 23:43:43,895 [ERROR] LogOutputStream:75 - [STDERR_REDIRECT] [Fatal Error] :1:1: Premature end of file.
2026-10-01 23:43:43,895 [ERROR] LogOutputStream:75 - [STDERR_REDIRECT] 
2026-10-01 23:43:44,890 [ERROR] LogOutputStream:75 - [STDERR_REDIRECT] [Fatal Error] :1:1: Premature end of file.
2026-10-01 23:43:44,890 [ERROR] LogOutputStream:75 - [STDERR_REDIRECT] 
2026-10-01 23:43:45,891 [ERROR] LogOutputStream:75 - [STDERR_REDIRECT] [Fatal Error] :1:1: Premature end of file.
2026-10-01 23:43:45,891 [ERROR] LogOutputStream:75 - [STDERR_REDIRECT] 
2026-10-01 23:43:46,893 [ERROR] LogOutputStream:75 - [STDERR_REDIRECT] [Fatal Error] :1:1: Premature end of file.
2026-10-01 23:43:46,893 [ERROR] LogOutputStream:75 - [STDERR_REDIRECT] 
2026-10-01 23:43:47,889 [ERROR] LogOutputStream:75 - [STDERR_REDIRECT] [Fatal Error] :1:1: Premature end of file.
2026-10-01 23:43:47,889 [ERROR] LogOutputStream:75 - [STDERR_REDIRECT] 
2026-10-01 23:43:48,889 [ERROR] LogOutputStream:75 - [STDERR_REDIRECT] [Fatal Error] :1:1: Premature end of file.
2026-10-01 23:43:48,889 [ERROR] LogOutputStream:75 - [STDERR_REDIRECT] 
2026-10-01 23:43:49,883 [ERROR] LogOutputStream:75 - [STDERR_REDIRECT] [Fatal Error] :1:1: Premature end of file.
2026-10-01 23:43:49,883 [ERROR] LogOutputStream:75 - [STDERR_REDIRECT] 
2026-10-01 23:43:50,883 [ERROR] LogOutputStream:75 - [STDERR_REDIRECT] [Fatal Error] :1:1: Premature end of file.
2026-10-01 23:43:50,883 [ERROR] LogOutputStream:75 - [STDERR_REDIRECT] 
2026-10-01 23:43:51,966 [ERROR] LogOutputStream:75 - [STDERR_REDIRECT] [Fatal Error] :1:1: Premature end of file.
2026-10-01 23:43:51,966 [ERROR] LogOutputStream:75 - [STDERR_REDIRECT] 
2026-10-01 23:43:52,892 [ERROR] LogOutputStream:75 - [STDERR_REDIRECT] [Fatal Error] :1:1: Premature end of file.
2026-10-01 23:43:52,892 [ERROR] LogOutputStream:75 - [STDERR_REDIRECT] 
2026-10-01 23:43:53,883 [ERROR] LogOutputStream:75 - [STDERR_REDIRECT] [Fatal Error] :1:1: Premature end of file.
2026-10-01 23:43:53,883 [ERROR] LogOutputStream:75 - [STDERR_REDIRECT] 
2026-10-01 23:43:54,877 [ERROR] LogOutputStream:75 - [STDERR_REDIRECT] [Fatal Error] :1:1: Premature end of file.
2026-10-01 23:43:54,877 [ERROR] LogOutputStream:75 - [STDERR_REDIRECT] 
2026-10-01 23:43:55,882 [ERROR] LogOutputStream:75 - [STDERR_REDIRECT] [Fatal Error] :1:1: Premature end of file.
2026-10-01 23:43:55,883 [ERROR] LogOutputStream:75 - [STDERR_REDIRECT] 
2026-10-01 23:43:56,893 [ERROR] LogOutputStream:75 - [STDERR_REDIRECT] [Fatal Error] :1:1: Premature end of file.
2026-10-01 23:43:56,893 [ERROR] LogOutputStream:75 - [STDERR_REDIRECT] 
2026-10-01 23:43:57,895 [ERROR] LogOutputStream:75 - [STDERR_REDIRECT] [Fatal Error] :1:1: Premature end of file.
2026-10-01 23:43:57,895 [ERROR] LogOutputStream:75 - [STDERR_REDIRECT] 
2026-10-01 23:43:58,906 [ERROR] LogOutputStream:75 - [STDERR_REDIRECT] [Fatal Error] :1:1: Premature end of file.
2026-10-01 23:43:58,907 [ERROR] LogOutputStream:75 - [STDERR_REDIRECT] 
2026-10-01 23:43:59,893 [ERROR] LogOutputStream:75 - [STDERR_REDIRECT] [Fatal Error] :1:1: Premature end of file.
2026-10-01 23:43:59,893 [ERROR] LogOutputStream:75 - [STDERR_REDIRECT] 
2026-10-01 23:44:00,882 [ERROR] LogOutputStream:75 - [STDERR_REDIRECT] [Fatal Error] :1:1: Premature end of file.
2026-10-01 23:44:00,882 [ERROR] LogOutputStream:75 - [STDERR_REDIRECT] 
2026-10-01 23:44:01,901 [ERROR] LogOutputStream:75 - [STDERR_REDIRECT] [Fatal Error] :1:1: Premature end of file.
2026-10-01 23:44:01,901 [ERROR] LogOutputStream:75 - [STDERR_REDIRECT] 
2026-10-01 23:44:02,879 [ERROR] LogOutputStream:75 - [STDERR_REDIRECT] [Fatal Error] :1:1: Premature end of file.
2026-10-01 23:44:02,879 [ERROR] LogOutputStream:75 - [STDERR_REDIRECT] 
2026-10-01 23:44:03,907 [ERROR] LogOutputStream:75 - [STDERR_REDIRECT] [Fatal Error] :1:1: Premature end of file.
2026-10-01 23:44:03,908 [ERROR] LogOutputStream:75 - [STDERR_REDIRECT] 
2026-10-01 23:44:04,884 [ERROR] LogOutputStream:75 - [STDERR_REDIRECT] [Fatal Error] :1:1: Premature end of file.
2026-10-01 23:44:04,884 [ERROR] LogOutputStream:75 - [STDERR_REDIRECT] 
2026-10-01 23:44:05,887 [ERROR] LogOutputStream:75 - [STDERR_REDIRECT] [Fatal Error] :1:1: Premature end of file.
2026-10-01 23:44:05,888 [ERROR] LogOutputStream:75 - [STDERR_REDIRECT] 
2026-10-01 23:44:06,893 [ERROR] LogOutputStream:75 - [STDERR_REDIRECT] [Fatal Error] :1:1: Premature end of file.
2026-10-01 23:44:06,893 [ERROR] LogOutputStream:75 - [STDERR_REDIRECT] 
2026-10-01 23:44:07,900 [ERROR] LogOutputStream:75 - [STDERR_REDIRECT] [Fatal Error] :1:1: Premature end of file.
2026-10-01 23:44:07,901 [ERROR] LogOutputStream:75 - [STDERR_REDIRECT] 
2026-10-01 23:44:08,950 [ERROR] LogOutputStream:75 - [STDERR_REDIRECT] [Fatal Error] :1:1: Premature end of file.
2026-10-01 23:44:08,950 [ERROR] LogOutputStream:75 - [STDERR_REDIRECT] 
2026-10-01 23:44:09,884 [ERROR] LogOutputStream:75 - [STDERR_REDIRECT] [Fatal Error] :1:1: Premature end of file.
2026-10-01 23:44:09,884 [ERROR] LogOutputStream:75 - [STDERR_REDIRECT] 
2026-10-01 23:44:10,886 [ERROR] LogOutputStream:75 - [STDERR_REDIRECT] [Fatal Error] :1:1: Premature end of file.
2026-10-01 23:44:10,886 [ERROR] LogOutputStream:75 - [STDERR_REDIRECT] 
2026-10-01 23:44:11,881 [ERROR] LogOutputStream:75 - [STDERR_REDIRECT] [Fatal Error] :1:1: Premature end of file.
2026-10-01 23:44:11,881 [ERROR] LogOutputStream:75 - [STDERR_REDIRECT] 
2026-10-01 23:44:12,885 [ERROR] LogOutputStream:75 - [STDERR_REDIRECT] [Fatal Error] :1:1: Premature end of file.
2026-10-01 23:44:12,885 [ERROR] LogOutputStream:75 - [STDERR_REDIRECT] 
2026-10-01 23:44:13,896 [ERROR] LogOutputStream:75 - [STDERR_REDIRECT] [Fatal Error] :1:1: Premature end of file.
2026-10-01 23:44:13,897 [ERROR] LogOutputStream:75 - [STDERR_REDIRECT] 
2026-10-01 23:44:14,888 [ERROR] LogOutputStream:75 - [STDERR_REDIRECT] [Fatal Error] :1:1: Premature end of file.
2026-10-01 23:44:14,888 [ERROR] LogOutputStream:75 - [STDERR_REDIRECT] 
2026-10-01 23:44:15,889 [ERROR] LogOutputStream:75 - [STDERR_REDIRECT] [Fatal Error] :1:1: Premature end of file.
2026-10-01 23:44:15,889 [ERROR] LogOutputStream:75 - [STDERR_REDIRECT] 
2026-10-01 23:44:16,890 [ERROR] LogOutputStream:75 - [STDERR_REDIRECT] [Fatal Error] :1:1: Premature end of file.
2026-10-01 23:44:16,891 [ERROR] LogOutputStream:75 - [STDERR_REDIRECT] 
2026-10-01 23:44:17,888 [ERROR] LogOutputStream:75 - [STDERR_REDIRECT] [Fatal Error] :1:1: Premature end of file.
2026-10-01 23:44:17,888 [ERROR] LogOutputStream:75 - [STDERR_REDIRECT] 
2026-10-01 23:44:18,887 [ERROR] LogOutputStream:75 - [STDERR_REDIRECT] [Fatal Error] :1:1: Premature end of file.
2026-10-01 23:44:18,887 [ERROR] LogOutputStream:75 - [STDERR_REDIRECT] 
2026-10-01 23:44:19,971 [ERROR] LogOutputStream:75 - [STDERR_REDIRECT] [Fatal Error] :1:1: Premature end of file.
2026-10-01 23:44:19,972 [ERROR] LogOutputStream:75 - [STDERR_REDIRECT] 
2026-10-01 23:44:20,890 [ERROR] LogOutputStream:75 - [STDERR_REDIRECT] [Fatal Error] :1:1: Premature end of file.
2026-10-01 23:44:20,890 [ERROR] LogOutputStream:75 - [STDERR_REDIRECT] 
2026-10-01 23:44:22,303 [ERROR] LogOutputStream:75 - [STDERR_REDIRECT] [Fatal Error] :1:1: Premature end of file.
2026-10-01 23:44:22,303 [ERROR] LogOutputStream:75 - [STDERR_REDIRECT] 
2026-10-01 23:44:23,395 [ERROR] LogOutputStream:75 - [STDERR_REDIRECT] [Fatal Error] :1:1: Premature end of file.
2026-10-01 23:44:23,395 [ERROR] LogOutputStream:75 - [STDERR_REDIRECT] 
2026-10-01 23:44:24,158 [ERROR] LogOutputStream:75 - [STDERR_REDIRECT] [Fatal Error] :1:1: Premature end of file.
2026-10-01 23:44:24,158 [ERROR] LogOutputStream:75 - [STDERR_REDIRECT] 
2026-10-01 23:44:24,904 [ERROR] LogOutputStream:75 - [STDERR_REDIRECT] [Fatal Error] :1:1: Premature end of file.
2026-10-01 23:44:24,904 [ERROR] LogOutputStream:75 - [STDERR_REDIRECT] 
2026-10-01 23:44:25,904 [ERROR] LogOutputStream:75 - [STDERR_REDIRECT] [Fatal Error] :1:1: Premature end of file.
2026-10-01 23:44:25,904 [ERROR] LogOutputStream:75 - [STDERR_REDIRECT] 
2026-10-01 23:44:26,893 [ERROR] LogOutputStream:75 - [STDERR_REDIRECT] [Fatal Error] :1:1: Premature end of file.
2026-10-01 23:44:26,893 [ERROR] LogOutputStream:75 - [STDERR_REDIRECT] 
2026-10-01 23:44:27,872 [ERROR] LogOutputStream:75 - [STDERR_REDIRECT] [Fatal Error] :1:1: Premature end of file.
2026-10-01 23:44:27,872 [ERROR] LogOutputStream:75 - [STDERR_REDIRECT] 
2026-10-01 23:44:28,926 [ERROR] LogOutputStream:75 - [STDERR_REDIRECT] [Fatal Error] :1:1: Premature end of file.
2026-10-01 23:44:28,927 [ERROR] LogOutputStream:75 - [STDERR_REDIRECT] 
2026-10-01 23:44:29,888 [ERROR] LogOutputStream:75 - [STDERR_REDIRECT] [Fatal Error] :1:1: Premature end of file.
2026-10-01 23:44:29,888 [ERROR] LogOutputStream:75 - [STDERR_REDIRECT] 
2026-10-01 23:44:30,878 [ERROR] LogOutputStream:75 - [STDERR_REDIRECT] [Fatal Error] :1:1: Premature end of file.
2026-10-01 23:44:30,878 [ERROR] LogOutputStream:75 - [STDERR_REDIRECT] 
2026-10-01 23:44:31,882 [ERROR] LogOutputStream:75 - [STDERR_REDIRECT] [Fatal Error] :1:1: Premature end of file.
2026-10-01 23:44:31,883 [ERROR] LogOutputStream:75 - [STDERR_REDIRECT] 
2026-10-01 23:44:32,908 [ERROR] LogOutputStream:75 - [STDERR_REDIRECT] [Fatal Error] :1:1: Premature end of file.
2026-10-01 23:44:32,909 [ERROR] LogOutputStream:75 - [STDERR_REDIRECT] 
2026-10-01 23:44:33,885 [ERROR] LogOutputStream:75 - [STDERR_REDIRECT] [Fatal Error] :1:1: Premature end of file.
2026-10-01 23:44:33,885 [ERROR] LogOutputStream:75 - [STDERR_REDIRECT] 
2026-10-01 23:44:34,893 [ERROR] LogOutputStream:75 - [STDERR_REDIRECT] [Fatal Error] :1:1: Premature end of file.
2026-10-01 23:44:34,893 [ERROR] LogOutputStream:75 - [STDERR_REDIRECT] 
2026-10-01 23:44:35,892 [ERROR] LogOutputStream:75 - [STDERR_REDIRECT] [Fatal Error] :1:1: Premature end of file.
2026-10-01 23:44:35,892 [ERROR] LogOutputStream:75 - [STDERR_REDIRECT] 
2026-10-01 23:44:36,926 [ERROR] LogOutputStream:75 - [STDERR_REDIRECT] [Fatal Error] :1:1: Premature end of file.
2026-10-01 23:44:36,926 [ERROR] LogOutputStream:75 - [STDERR_REDIRECT] 
2026-10-01 23:44:37,892 [ERROR] LogOutputStream:75 - [STDERR_REDIRECT] [Fatal Error] :1:1: Premature end of file.
2026-10-01 23:44:37,892 [ERROR] LogOutputStream:75 - [STDERR_REDIRECT] 
2026-10-01 23:44:38,914 [ERROR] LogOutputStream:75 - [STDERR_REDIRECT] [Fatal Error] :1:1: Premature end of file.
2026-10-01 23:44:38,914 [ERROR] LogOutputStream:75 - [STDERR_REDIRECT] 
2026-10-01 23:44:39,887 [ERROR] LogOutputStream:75 - [STDERR_REDIRECT] [Fatal Error] :1:1: Premature end of file.
2026-10-01 23:44:39,887 [ERROR] LogOutputStream:75 - [STDERR_REDIRECT] 
2026-10-01 23:44:40,904 [ERROR] LogOutputStream:75 - [STDERR_REDIRECT] [Fatal Error] :1:1: Premature end of file.
2026-10-01 23:44:40,904 [ERROR] LogOutputStream:75 - [STDERR_REDIRECT] 
2026-10-01 23:44:41,900 [ERROR] LogOutputStream:75 - [STDERR_REDIRECT] [Fatal Error] :1:1: Premature end of file.
2026-10-01 23:44:41,900 [ERROR] LogOutputStream:75 - [STDERR_REDIRECT] 
2026-10-01 23:44:42,888 [ERROR] LogOutputStream:75 - [STDERR_REDIRECT] [Fatal Error] :1:1: Premature end of file.
2026-10-01 23:44:42,888 [ERROR] LogOutputStream:75 - [STDERR_REDIRECT] 
2026-10-01 23:44:43,894 [ERROR] LogOutputStream:75 - [STDERR_REDIRECT] [Fatal Error] :1:1: Premature end of file.
2026-10-01 23:44:43,894 [ERROR] LogOutputStream:75 - [STDERR_REDIRECT] 
2026-10-01 23:44:44,887 [ERROR] LogOutputStream:75 - [STDERR_REDIRECT] [Fatal Error] :1:1: Premature end of file.
2026-10-01 23:44:44,887 [ERROR] LogOutputStream:75 - [STDERR_REDIRECT] 
2026-10-01 23:44:45,874 [ERROR] LogOutputStream:75 - [STDERR_REDIRECT] [Fatal Error] :1:1: Premature end of file.
2026-10-01 23:44:45,874 [ERROR] LogOutputStream:75 - [STDERR_REDIRECT] 
2026-10-01 23:44:46,919 [ERROR] LogOutputStream:75 - [STDERR_REDIRECT] [Fatal Error] :1:1: Premature end of file.
2026-10-01 23:44:46,919 [ERROR] LogOutputStream:75 - [STDERR_REDIRECT] 
2026-10-01 23:44:47,888 [ERROR] LogOutputStream:75 - [STDERR_REDIRECT] [Fatal Error] :1:1: Premature end of file.
2026-10-01 23:44:47,888 [ERROR] LogOutputStream:75 - [STDERR_REDIRECT] 
2026-10-01 23:44:48,915 [ERROR] LogOutputStream:75 - [STDERR_REDIRECT] [Fatal Error] :1:1: Premature end of file.
2026-10-01 23:44:48,916 [ERROR] LogOutputStream:75 - [STDERR_REDIRECT] 
2026-10-01 23:44:49,879 [ERROR] LogOutputStream:75 - [STDERR_REDIRECT] [Fatal Error] :1:1: Premature end of file.
2026-10-01 23:44:49,879 [ERROR] LogOutputStream:75 - [STDERR_REDIRECT] 
2026-10-01 23:44:50,893 [ERROR] LogOutputStream:75 - [STDERR_REDIRECT] [Fatal Error] :1:1: Premature end of file.
2026-10-01 23:44:50,893 [ERROR] LogOutputStream:75 - [STDERR_REDIRECT] 
2026-10-01 23:44:51,892 [ERROR] LogOutputStream:75 - [STDERR_REDIRECT] [Fatal Error] :1:1: Premature end of file.
2026-10-01 23:44:51,892 [ERROR] LogOutputStream:75 - [STDERR_REDIRECT] 
2026-10-01 23:44:52,878 [ERROR] LogOutputStream:75 - [STDERR_REDIRECT] [Fatal Error] :1:1: Premature end of file.
2026-10-01 23:44:52,878 [ERROR] LogOutputStream:75 - [STDERR_REDIRECT] 
2026-10-01 23:44:53,910 [ERROR] LogOutputStream:75 - [STDERR_REDIRECT] [Fatal Error] :1:1: Premature end of file.
2026-10-01 23:44:53,910 [ERROR] LogOutputStream:75 - [STDERR_REDIRECT] 
2026-10-01 23:44:54,890 [ERROR] LogOutputStream:75 - [STDERR_REDIRECT] [Fatal Error] :1:1: Premature end of file.
2026-10-01 23:44:54,890 [ERROR] LogOutputStream:75 - [STDERR_REDIRECT] 
2026-10-01 23:44:55,896 [ERROR] LogOutputStream:75 - [STDERR_REDIRECT] [Fatal Error] :1:1: Premature end of file.
2026-10-01 23:44:55,896 [ERROR] LogOutputStream:75 - [STDERR_REDIRECT] 
2026-10-01 23:44:56,884 [ERROR] LogOutputStream:75 - [STDERR_REDIRECT] [Fatal Error] :1:1: Premature end of file.
2026-10-01 23:44:56,884 [ERROR] LogOutputStream:75 - [STDERR_REDIRECT] 
2026-10-01 23:44:57,890 [ERROR] LogOutputStream:75 - [STDERR_REDIRECT] [Fatal Error] :1:1: Premature end of file.
2026-10-01 23:44:57,890 [ERROR] LogOutputStream:75 - [STDERR_REDIRECT] 
2026-10-01 23:44:58,894 [ERROR] LogOutputStream:75 - [STDERR_REDIRECT] [Fatal Error] :1:1: Premature end of file.
2026-10-01 23:44:58,895 [ERROR] LogOutputStream:75 - [STDERR_REDIRECT] 
2026-10-01 23:44:59,892 [ERROR] LogOutputStream:75 - [STDERR_REDIRECT] [Fatal Error] :1:1: Premature end of file.
2026-10-01 23:44:59,892 [ERROR] LogOutputStream:75 - [STDERR_REDIRECT] 
2026-10-01 23:45:00,892 [ERROR] LogOutputStream:75 - [STDERR_REDIRECT] [Fatal Error] :1:1: Premature end of file.
2026-10-01 23:45:00,892 [ERROR] LogOutputStream:75 - [STDERR_REDIRECT] 
2026-10-01 23:45:01,893 [ERROR] LogOutputStream:75 - [STDERR_REDIRECT] [Fatal Error] :1:1: Premature end of file.
2026-10-01 23:45:01,893 [ERROR] LogOutputStream:75 - [STDERR_REDIRECT] 
2026-10-01 23:45:02,888 [ERROR] LogOutputStream:75 - [STDERR_REDIRECT] [Fatal Error] :1:1: Premature end of file.
2026-10-01 23:45:02,888 [ERROR] LogOutputStream:75 - [STDERR_REDIRECT] 
2026-10-01 23:45:03,887 [ERROR] LogOutputStream:75 - [STDERR_REDIRECT] [Fatal Error] :1:1: Premature end of file.
2026-10-01 23:45:03,887 [ERROR] LogOutputStream:75 - [STDERR_REDIRECT] 
2026-10-01 23:45:04,880 [ERROR] LogOutputStream:75 - [STDERR_REDIRECT] [Fatal Error] :1:1: Premature end of file.
2026-10-01 23:45:04,881 [ERROR] LogOutputStream:75 - [STDERR_REDIRECT] 
2026-10-01 23:45:05,899 [ERROR] LogOutputStream:75 - [STDERR_REDIRECT] [Fatal Error] :1:1: Premature end of file.
2026-10-01 23:45:05,899 [ERROR] LogOutputStream:75 - [STDERR_REDIRECT] 
2026-10-01 23:45:06,887 [ERROR] LogOutputStream:75 - [STDERR_REDIRECT] [Fatal Error] :1:1: Premature end of file.
2026-10-01 23:45:06,887 [ERROR] LogOutputStream:75 - [STDERR_REDIRECT] 
2026-10-01 23:45:07,889 [ERROR] LogOutputStream:75 - [STDERR_REDIRECT] [Fatal Error] :1:1: Premature end of file.
2026-10-01 23:45:07,890 [ERROR] LogOutputStream:75 - [STDERR_REDIRECT] 
2026-10-01 23:45:08,934 [ERROR] LogOutputStream:75 - [STDERR_REDIRECT] [Fatal Error] :1:1: Premature end of file.
2026-10-01 23:45:08,934 [ERROR] LogOutputStream:75 - [STDERR_REDIRECT] 
2026-10-01 23:45:09,885 [ERROR] LogOutputStream:75 - [STDERR_REDIRECT] [Fatal Error] :1:1: Premature end of file.
2026-10-01 23:45:09,885 [ERROR] LogOutputStream:75 - [STDERR_REDIRECT] 
2026-10-01 23:45:10,892 [ERROR] LogOutputStream:75 - [STDERR_REDIRECT] [Fatal Error] :1:1: Premature end of file.
2026-10-01 23:45:10,892 [ERROR] LogOutputStream:75 - [STDERR_REDIRECT] 
2026-10-01 23:45:11,897 [ERROR] LogOutputStream:75 - [STDERR_REDIRECT] [Fatal Error] :1:1: Premature end of file.
2026-10-01 23:45:11,897 [ERROR] LogOutputStream:75 - [STDERR_REDIRECT] 
2026-10-01 23:45:12,988 [ERROR] LogOutputStream:75 - [STDERR_REDIRECT] [Fatal Error] :1:1: Premature end of file.
2026-10-01 23:45:12,989 [ERROR] LogOutputStream:75 - [STDERR_REDIRECT] 
2026-10-01 23:45:13,905 [ERROR] LogOutputStream:75 - [STDERR_REDIRECT] [Fatal Error] :1:1: Premature end of file.
2026-10-01 23:45:13,905 [ERROR] LogOutputStream:75 - [STDERR_REDIRECT] 
2026-10-01 23:45:14,890 [ERROR] LogOutputStream:75 - [STDERR_REDIRECT] [Fatal Error] :1:1: Premature end of file.
2026-10-01 23:45:14,890 [ERROR] LogOutputStream:75 - [STDERR_REDIRECT] 
2026-10-01 23:45:15,893 [ERROR] LogOutputStream:75 - [STDERR_REDIRECT] [Fatal Error] :1:1: Premature end of file.
2026-10-01 23:45:15,894 [ERROR] LogOutputStream:75 - [STDERR_REDIRECT] 
2026-10-01 23:45:16,890 [ERROR] LogOutputStream:75 - [STDERR_REDIRECT] [Fatal Error] :1:1: Premature end of file.
2026-10-01 23:45:16,890 [ERROR] LogOutputStream:75 - [STDERR_REDIRECT] 
2026-10-01 23:45:17,909 [ERROR] LogOutputStream:75 - [STDERR_REDIRECT] [Fatal Error] :1:1: Premature end of file.
2026-10-01 23:45:17,909 [ERROR] LogOutputStream:75 - [STDERR_REDIRECT] 
2026-10-01 23:45:18,895 [ERROR] LogOutputStream:75 - [STDERR_REDIRECT] [Fatal Error] :1:1: Premature end of file.
2026-10-01 23:45:18,895 [ERROR] LogOutputStream:75 - [STDERR_REDIRECT] 
2026-10-01 23:45:19,905 [ERROR] LogOutputStream:75 - [STDERR_REDIRECT] [Fatal Error] :1:1: Premature end of file.
2026-10-01 23:45:19,905 [ERROR] LogOutputStream:75 - [STDERR_REDIRECT] 
2026-10-01 23:45:20,890 [ERROR] LogOutputStream:75 - [STDERR_REDIRECT] [Fatal Error] :1:1: Premature end of file.
2026-10-01 23:45:20,890 [ERROR] LogOutputStream:75 - [STDERR_REDIRECT] 
2026-10-01 23:45:21,901 [ERROR] LogOutputStream:75 - [STDERR_REDIRECT] [Fatal Error] :1:1: Premature end of file.
2026-10-01 23:45:21,901 [ERROR] LogOutputStream:75 - [STDERR_REDIRECT] 
2026-10-01 23:45:22,906 [ERROR] LogOutputStream:75 - [STDERR_REDIRECT] [Fatal Error] :1:1: Premature end of file.
2026-10-01 23:45:22,906 [ERROR] LogOutputStream:75 - [STDERR_REDIRECT] 
2026-10-01 23:45:23,894 [ERROR] LogOutputStream:75 - [STDERR_REDIRECT] [Fatal Error] :1:1: Premature end of file.
2026-10-01 23:45:23,894 [ERROR] LogOutputStream:75 - [STDERR_REDIRECT] 
2026-10-01 23:45:24,876 [ERROR] LogOutputStream:75 - [STDERR_REDIRECT] [Fatal Error] :1:1: Premature end of file.
2026-10-01 23:45:24,876 [ERROR] LogOutputStream:75 - [STDERR_REDIRECT] 
2026-10-01 23:45:25,967 [ERROR] LogOutputStream:75 - [STDERR_REDIRECT] [Fatal Error] :1:1: Premature end of file.
2026-10-01 23:45:25,967 [ERROR] LogOutputStream:75 - [STDERR_REDIRECT] 
2026-10-01 23:45:26,889 [ERROR] LogOutputStream:75 - [STDERR_REDIRECT] [Fatal Error] :1:1: Premature end of file.
2026-10-01 23:45:26,890 [ERROR] LogOutputStream:75 - [STDERR_REDIRECT] 
2026-10-01 23:45:27,892 [ERROR] LogOutputStream:75 - [STDERR_REDIRECT] [Fatal Error] :1:1: Premature end of file.
2026-10-01 23:45:27,892 [ERROR] LogOutputStream:75 - [STDERR_REDIRECT] 
2026-10-01 23:45:28,914 [ERROR] LogOutputStream:75 - [STDERR_REDIRECT] [Fatal Error] :1:1: Premature end of file.
2026-10-01 23:45:28,914 [ERROR] LogOutputStream:75 - [STDERR_REDIRECT] 
2026-10-01 23:45:29,905 [ERROR] LogOutputStream:75 - [STDERR_REDIRECT] [Fatal Error] :1:1: Premature end of file.
2026-10-01 23:45:29,905 [ERROR] LogOutputStream:75 - [STDERR_REDIRECT] 
2026-10-01 23:45:30,902 [ERROR] LogOutputStream:75 - [STDERR_REDIRECT] [Fatal Error] :1:1: Premature end of file.
2026-10-01 23:45:30,902 [ERROR] LogOutputStream:75 - [STDERR_REDIRECT] 
2026-10-01 23:45:31,894 [ERROR] LogOutputStream:75 - [STDERR_REDIRECT] [Fatal Error] :1:1: Premature end of file.
2026-10-01 23:45:31,894 [ERROR] LogOutputStream:75 - [STDERR_REDIRECT] 
2026-10-01 23:45:32,891 [ERROR] LogOutputStream:75 - [STDERR_REDIRECT] [Fatal Error] :1:1: Premature end of file.
2026-10-01 23:45:32,891 [ERROR] LogOutputStream:75 - [STDERR_REDIRECT] 
2026-10-01 23:45:33,878 [ERROR] LogOutputStream:75 - [STDERR_REDIRECT] [Fatal Error] :1:1: Premature end of file.
2026-10-01 23:45:33,878 [ERROR] LogOutputStream:75 - [STDERR_REDIRECT] 
2026-10-01 23:45:34,886 [ERROR] LogOutputStream:75 - [STDERR_REDIRECT] [Fatal Error] :1:1: Premature end of file.
2026-10-01 23:45:34,886 [ERROR] LogOutputStream:75 - [STDERR_REDIRECT] 
2026-10-01 23:45:35,960 [ERROR] LogOutputStream:75 - [STDERR_REDIRECT] [Fatal Error] :1:1: Premature end of file.
2026-10-01 23:45:35,961 [ERROR] LogOutputStream:75 - [STDERR_REDIRECT] 
2026-10-01 23:45:36,891 [ERROR] LogOutputStream:75 - [STDERR_REDIRECT] [Fatal Error] :1:1: Premature end of file.
2026-10-01 23:45:36,891 [ERROR] LogOutputStream:75 - [STDERR_REDIRECT] 
2026-10-01 23:45:37,905 [ERROR] LogOutputStream:75 - [STDERR_REDIRECT] [Fatal Error] :1:1: Premature end of file.
2026-10-01 23:45:37,905 [ERROR] LogOutputStream:75 - [STDERR_REDIRECT] 
2026-10-01 23:45:38,888 [ERROR] LogOutputStream:75 - [STDERR_REDIRECT] [Fatal Error] :1:1: Premature end of file.
2026-10-01 23:45:38,888 [ERROR] LogOutputStream:75 - [STDERR_REDIRECT] 
2026-10-01 23:45:39,889 [ERROR] LogOutputStream:75 - [STDERR_REDIRECT] [Fatal Error] :1:1: Premature end of file.
2026-10-01 23:45:39,890 [ERROR] LogOutputStream:75 - [STDERR_REDIRECT] 
2026-10-01 23:45:40,891 [ERROR] LogOutputStream:75 - [STDERR_REDIRECT] [Fatal Error] :1:1: Premature end of file.
2026-10-01 23:45:40,892 [ERROR] LogOutputStream:75 - [STDERR_REDIRECT] 
2026-10-01 23:45:41,888 [ERROR] LogOutputStream:75 - [STDERR_REDIRECT] [Fatal Error] :1:1: Premature end of file.
2026-10-01 23:45:41,888 [ERROR] LogOutputStream:75 - [STDERR_REDIRECT] 
2026-10-01 23:45:42,910 [ERROR] LogOutputStream:75 - [STDERR_REDIRECT] [Fatal Error] :1:1: Premature end of file.
2026-10-01 23:45:42,910 [ERROR] LogOutputStream:75 - [STDERR_REDIRECT] 
2026-10-01 23:45:43,905 [ERROR] LogOutputStream:75 - [STDERR_REDIRECT] [Fatal Error] :1:1: Premature end of file.
2026-10-01 23:45:43,905 [ERROR] LogOutputStream:75 - [STDERR_REDIRECT] 
2026-10-01 23:45:44,903 [ERROR] LogOutputStream:75 - [STDERR_REDIRECT] [Fatal Error] :1:1: Premature end of file.
2026-10-01 23:45:44,903 [ERROR] LogOutputStream:75 - [STDERR_REDIRECT] 
2026-10-01 23:45:45,882 [ERROR] LogOutputStream:75 - [STDERR_REDIRECT] [Fatal Error] :1:1: Premature end of file.
2026-10-01 23:45:45,883 [ERROR] LogOutputStream:75 - [STDERR_REDIRECT] 
2026-10-01 23:45:46,889 [ERROR] LogOutputStream:75 - [STDERR_REDIRECT] [Fatal Error] :1:1: Premature end of file.
2026-10-01 23:45:46,889 [ERROR] LogOutputStream:75 - [STDERR_REDIRECT] 
2026-10-01 23:45:47,890 [ERROR] LogOutputStream:75 - [STDERR_REDIRECT] [Fatal Error] :1:1: Premature end of file.
2026-10-01 23:45:47,891 [ERROR] LogOutputStream:75 - [STDERR_REDIRECT] 
2026-10-01 23:45:48,881 [ERROR] LogOutputStream:75 - [STDERR_REDIRECT] [Fatal Error] :1:1: Premature end of file.
2026-10-01 23:45:48,881 [ERROR] LogOutputStream:75 - [STDERR_REDIRECT] 
2026-10-01 23:45:49,878 [ERROR] LogOutputStream:75 - [STDERR_REDIRECT] [Fatal Error] :1:1: Premature end of file.
2026-10-01 23:45:49,878 [ERROR] LogOutputStream:75 - [STDERR_REDIRECT] 
2026-10-01 23:45:50,887 [ERROR] LogOutputStream:75 - [STDERR_REDIRECT] [Fatal Error] :1:1: Premature end of file.
2026-10-01 23:45:50,889 [ERROR] LogOutputStream:75 - [STDERR_REDIRECT] 
2026-10-01 23:45:51,909 [ERROR] LogOutputStream:75 - [STDERR_REDIRECT] [Fatal Error] :1:1: Premature end of file.
2026-10-01 23:45:51,909 [ERROR] LogOutputStream:75 - [STDERR_REDIRECT] 
2026-10-01 23:45:52,895 [ERROR] LogOutputStream:75 - [STDERR_REDIRECT] [Fatal Error] :1:1: Premature end of file.
2026-10-01 23:45:52,895 [ERROR] LogOutputStream:75 - [STDERR_REDIRECT] 
2026-10-01 23:45:53,888 [ERROR] LogOutputStream:75 - [STDERR_REDIRECT] [Fatal Error] :1:1: Premature end of file.
2026-10-01 23:45:53,889 [ERROR] LogOutputStream:75 - [STDERR_REDIRECT] 
2026-10-01 23:45:54,893 [ERROR] LogOutputStream:75 - [STDERR_REDIRECT] [Fatal Error] :1:1: Premature end of file.
2026-10-01 23:45:54,893 [ERROR] LogOutputStream:75 - [STDERR_REDIRECT] 
2026-10-01 23:45:55,886 [ERROR] LogOutputStream:75 - [STDERR_REDIRECT] [Fatal Error] :1:1: Premature end of file.
2026-10-01 23:45:55,886 [ERROR] LogOutputStream:75 - [STDERR_REDIRECT] 
2026-10-01 23:45:56,888 [ERROR] LogOutputStream:75 - [STDERR_REDIRECT] [Fatal Error] :1:1: Premature end of file.
2026-10-01 23:45:56,888 [ERROR] LogOutputStream:75 - [STDERR_REDIRECT] 
2026-10-01 23:45:57,893 [ERROR] LogOutputStream:75 - [STDERR_REDIRECT] [Fatal Error] :1:1: Premature end of file.
2026-10-01 23:45:57,893 [ERROR] LogOutputStream:75 - [STDERR_REDIRECT] 
2026-10-01 23:45:58,890 [ERROR] LogOutputStream:75 - [STDERR_REDIRECT] [Fatal Error] :1:1: Premature end of file.
2026-10-01 23:45:58,890 [ERROR] LogOutputStream:75 - [STDERR_REDIRECT] 
2026-10-01 23:45:59,878 [ERROR] LogOutputStream:75 - [STDERR_REDIRECT] [Fatal Error] :1:1: Premature end of file.
2026-10-01 23:45:59,878 [ERROR] LogOutputStream:75 - [STDERR_REDIRECT] 
2026-10-01 23:46:00,889 [ERROR] LogOutputStream:75 - [STDERR_REDIRECT] [Fatal Error] :1:1: Premature end of file.
2026-10-01 23:46:00,889 [ERROR] LogOutputStream:75 - [STDERR_REDIRECT] 
2026-10-01 23:46:01,893 [ERROR] LogOutputStream:75 - [STDERR_REDIRECT] [Fatal Error] :1:1: Premature end of file.
2026-10-01 23:46:01,893 [ERROR] LogOutputStream:75 - [STDERR_REDIRECT] 
2026-10-01 23:46:02,893 [ERROR] LogOutputStream:75 - [STDERR_REDIRECT] [Fatal Error] :1:1: Premature end of file.
2026-10-01 23:46:02,893 [ERROR] LogOutputStream:75 - [STDERR_REDIRECT] 
2026-10-01 23:46:03,894 [ERROR] LogOutputStream:75 - [STDERR_REDIRECT] [Fatal Error] :1:1: Premature end of file.
2026-10-01 23:46:03,894 [ERROR] LogOutputStream:75 - [STDERR_REDIRECT] 
2026-10-01 23:46:04,891 [ERROR] LogOutputStream:75 - [STDERR_REDIRECT] [Fatal Error] :1:1: Premature end of file.
2026-10-01 23:46:04,891 [ERROR] LogOutputStream:75 - [STDERR_REDIRECT] 
2026-10-01 23:46:06,190 [ERROR] LogOutputStream:75 - [STDERR_REDIRECT] [Fatal Error] :1:1: Premature end of file.
2026-10-01 23:46:06,190 [ERROR] LogOutputStream:75 - [STDERR_REDIRECT] 
2026-10-01 23:46:06,900 [ERROR] LogOutputStream:75 - [STDERR_REDIRECT] [Fatal Error] :1:1: Premature end of file.
2026-10-01 23:46:06,900 [ERROR] LogOutputStream:75 - [STDERR_REDIRECT] 
2026-10-01 23:46:07,898 [ERROR] LogOutputStream:75 - [STDERR_REDIRECT] [Fatal Error] :1:1: Premature end of file.
2026-10-01 23:46:07,898 [ERROR] LogOutputStream:75 - [STDERR_REDIRECT] 
2026-10-01 23:46:08,889 [ERROR] LogOutputStream:75 - [STDERR_REDIRECT] [Fatal Error] :1:1: Premature end of file.
2026-10-01 23:46:08,889 [ERROR] LogOutputStream:75 - [STDERR_REDIRECT] 
2026-10-01 23:46:09,887 [ERROR] LogOutputStream:75 - [STDERR_REDIRECT] [Fatal Error] :1:1: Premature end of file.
2026-10-01 23:46:09,887 [ERROR] LogOutputStream:75 - [STDERR_REDIRECT] 
2026-10-01 23:46:10,889 [ERROR] LogOutputStream:75 - [STDERR_REDIRECT] [Fatal Error] :1:1: Premature end of file.
2026-10-01 23:46:10,889 [ERROR] LogOutputStream:75 - [STDERR_REDIRECT] 
2026-10-01 23:46:11,885 [ERROR] LogOutputStream:75 - [STDERR_REDIRECT] [Fatal Error] :1:1: Premature end of file.
2026-10-01 23:46:11,886 [ERROR] LogOutputStream:75 - [STDERR_REDIRECT] 
2026-10-01 23:46:12,883 [ERROR] LogOutputStream:75 - [STDERR_REDIRECT] [Fatal Error] :1:1: Premature end of file.
2026-10-01 23:46:12,883 [ERROR] LogOutputStream:75 - [STDERR_REDIRECT] 
2026-10-01 23:46:13,888 [ERROR] LogOutputStream:75 - [STDERR_REDIRECT] [Fatal Error] :1:1: Premature end of file.
2026-10-01 23:46:13,888 [ERROR] LogOutputStream:75 - [STDERR_REDIRECT] 
2026-10-01 23:46:14,888 [ERROR] LogOutputStream:75 - [STDERR_REDIRECT] [Fatal Error] :1:1: Premature end of file.
2026-10-01 23:46:14,888 [ERROR] LogOutputStream:75 - [STDERR_REDIRECT] 
2026-10-01 23:46:15,889 [ERROR] LogOutputStream:75 - [STDERR_REDIRECT] [Fatal Error] :1:1: Premature end of file.
2026-10-01 23:46:15,889 [ERROR] LogOutputStream:75 - [STDERR_REDIRECT] 
2026-10-01 23:46:16,888 [ERROR] LogOutputStream:75 - [STDERR_REDIRECT] [Fatal Error] :1:1: Premature end of file.
2026-10-01 23:46:16,888 [ERROR] LogOutputStream:75 - [STDERR_REDIRECT] 
2026-10-01 23:46:17,891 [ERROR] LogOutputStream:75 - [STDERR_REDIRECT] [Fatal Error] :1:1: Premature end of file.
2026-10-01 23:46:17,891 [ERROR] LogOutputStream:75 - [STDERR_REDIRECT] 
2026-10-01 23:46:18,891 [ERROR] LogOutputStream:75 - [STDERR_REDIRECT] [Fatal Error] :1:1: Premature end of file.
2026-10-01 23:46:18,891 [ERROR] LogOutputStream:75 - [STDERR_REDIRECT] 
2026-10-01 23:46:19,889 [ERROR] LogOutputStream:75 - [STDERR_REDIRECT] [Fatal Error] :1:1: Premature end of file.
2026-10-01 23:46:19,889 [ERROR] LogOutputStream:75 - [STDERR_REDIRECT] 
2026-10-01 23:46:20,891 [ERROR] LogOutputStream:75 - [STDERR_REDIRECT] [Fatal Error] :1:1: Premature end of file.
2026-10-01 23:46:20,891 [ERROR] LogOutputStream:75 - [STDERR_REDIRECT] 
2026-10-01 23:46:21,883 [ERROR] LogOutputStream:75 - [STDERR_REDIRECT] [Fatal Error] :1:1: Premature end of file.
2026-10-01 23:46:21,883 [ERROR] LogOutputStream:75 - [STDERR_REDIRECT] 
2026-10-01 23:46:22,891 [ERROR] LogOutputStream:75 - [STDERR_REDIRECT] [Fatal Error] :1:1: Premature end of file.
2026-10-01 23:46:22,891 [ERROR] LogOutputStream:75 - [STDERR_REDIRECT] 
2026-10-01 23:46:23,889 [ERROR] LogOutputStream:75 - [STDERR_REDIRECT] [Fatal Error] :1:1: Premature end of file.
2026-10-01 23:46:23,889 [ERROR] LogOutputStream:75 - [STDERR_REDIRECT] 
2026-10-01 23:46:24,886 [ERROR] LogOutputStream:75 - [STDERR_REDIRECT] [Fatal Error] :1:1: Premature end of file.
2026-10-01 23:46:24,886 [ERROR] LogOutputStream:75 - [STDERR_REDIRECT] 
2026-10-01 23:46:25,873 [ERROR] LogOutputStream:75 - [STDERR_REDIRECT] [Fatal Error] :1:1: Premature end of file.
2026-10-01 23:46:25,873 [ERROR] LogOutputStream:75 - [STDERR_REDIRECT] 
2026-10-01 23:46:26,890 [ERROR] LogOutputStream:75 - [STDERR_REDIRECT] [Fatal Error] :1:1: Premature end of file.
2026-10-01 23:46:26,890 [ERROR] LogOutputStream:75 - [STDERR_REDIRECT] 
2026-10-01 23:46:27,927 [ERROR] LogOutputStream:75 - [STDERR_REDIRECT] [Fatal Error] :1:1: Premature end of file.
2026-10-01 23:46:27,927 [ERROR] LogOutputStream:75 - [STDERR_REDIRECT] 
2026-10-01 23:46:28,888 [ERROR] LogOutputStream:75 - [STDERR_REDIRECT] [Fatal Error] :1:1: Premature end of file.
2026-10-01 23:46:28,889 [ERROR] LogOutputStream:75 - [STDERR_REDIRECT] 
2026-10-01 23:46:29,888 [ERROR] LogOutputStream:75 - [STDERR_REDIRECT] [Fatal Error] :1:1: Premature end of file.
2026-10-01 23:46:29,888 [ERROR] LogOutputStream:75 - [STDERR_REDIRECT] 
2026-10-01 23:46:30,883 [ERROR] LogOutputStream:75 - [STDERR_REDIRECT] [Fatal Error] :1:1: Premature end of file.
2026-10-01 23:46:30,883 [ERROR] LogOutputStream:75 - [STDERR_REDIRECT] 
2026-10-01 23:46:31,888 [ERROR] LogOutputStream:75 - [STDERR_REDIRECT] [Fatal Error] :1:1: Premature end of file.
2026-10-01 23:46:31,888 [ERROR] LogOutputStream:75 - [STDERR_REDIRECT] 
2026-10-01 23:46:32,885 [ERROR] LogOutputStream:75 - [STDERR_REDIRECT] [Fatal Error] :1:1: Premature end of file.
2026-10-01 23:46:32,885 [ERROR] LogOutputStream:75 - [STDERR_REDIRECT] 
2026-10-01 23:46:33,872 [ERROR] LogOutputStream:75 - [STDERR_REDIRECT] [Fatal Error] :1:1: Premature end of file.
2026-10-01 23:46:33,873 [ERROR] LogOutputStream:75 - [STDERR_REDIRECT] 
2026-10-01 23:46:34,888 [ERROR] LogOutputStream:75 - [STDERR_REDIRECT] [Fatal Error] :1:1: Premature end of file.
2026-10-01 23:46:34,888 [ERROR] LogOutputStream:75 - [STDERR_REDIRECT] 
2026-10-01 23:46:35,885 [ERROR] LogOutputStream:75 - [STDERR_REDIRECT] [Fatal Error] :1:1: Premature end of file.
2026-10-01 23:46:35,885 [ERROR] LogOutputStream:75 - [STDERR_REDIRECT] 
2026-10-01 23:46:36,887 [ERROR] LogOutputStream:75 - [STDERR_REDIRECT] [Fatal Error] :1:1: Premature end of file.
2026-10-01 23:46:36,887 [ERROR] LogOutputStream:75 - [STDERR_REDIRECT] 
2026-10-01 23:46:37,880 [ERROR] LogOutputStream:75 - [STDERR_REDIRECT] [Fatal Error] :1:1: Premature end of file.
2026-10-01 23:46:37,880 [ERROR] LogOutputStream:75 - [STDERR_REDIRECT] 
2026-10-01 23:46:38,892 [ERROR] LogOutputStream:75 - [STDERR_REDIRECT] [Fatal Error] :1:1: Premature end of file.
2026-10-01 23:46:38,892 [ERROR] LogOutputStream:75 - [STDERR_REDIRECT] 
2026-10-01 23:46:39,890 [ERROR] LogOutputStream:75 - [STDERR_REDIRECT] [Fatal Error] :1:1: Premature end of file.
2026-10-01 23:46:39,890 [ERROR] LogOutputStream:75 - [STDERR_REDIRECT] 
2026-10-01 23:46:40,888 [ERROR] LogOutputStream:75 - [STDERR_REDIRECT] [Fatal Error] :1:1: Premature end of file.
2026-10-01 23:46:40,888 [ERROR] LogOutputStream:75 - [STDERR_REDIRECT] 
2026-10-01 23:46:41,886 [ERROR] LogOutputStream:75 - [STDERR_REDIRECT] [Fatal Error] :1:1: Premature end of file.
2026-10-01 23:46:41,886 [ERROR] LogOutputStream:75 - [STDERR_REDIRECT] 
2026-10-01 23:46:42,889 [ERROR] LogOutputStream:75 - [STDERR_REDIRECT] [Fatal Error] :1:1: Premature end of file.
2026-10-01 23:46:42,889 [ERROR] LogOutputStream:75 - [STDERR_REDIRECT] 
2026-10-01 23:46:43,890 [ERROR] LogOutputStream:75 - [STDERR_REDIRECT] [Fatal Error] :1:1: Premature end of file.
2026-10-01 23:46:43,891 [ERROR] LogOutputStream:75 - [STDERR_REDIRECT] 
2026-10-01 23:46:44,881 [ERROR] LogOutputStream:75 - [STDERR_REDIRECT] [Fatal Error] :1:1: Premature end of file.
2026-10-01 23:46:44,883 [ERROR] LogOutputStream:75 - [STDERR_REDIRECT] 
2026-10-01 23:46:45,889 [ERROR] LogOutputStream:75 - [STDERR_REDIRECT] [Fatal Error] :1:1: Premature end of file.
2026-10-01 23:46:45,890 [ERROR] LogOutputStream:75 - [STDERR_REDIRECT] 
2026-10-01 23:46:46,886 [ERROR] LogOutputStream:75 - [STDERR_REDIRECT] [Fatal Error] :1:1: Premature end of file.
2026-10-01 23:46:46,886 [ERROR] LogOutputStream:75 - [STDERR_REDIRECT] 
2026-10-01 23:46:47,886 [ERROR] LogOutputStream:75 - [STDERR_REDIRECT] [Fatal Error] :1:1: Premature end of file.
2026-10-01 23:46:47,886 [ERROR] LogOutputStream:75 - [STDERR_REDIRECT] 
2026-10-01 23:46:48,891 [ERROR] LogOutputStream:75 - [STDERR_REDIRECT] [Fatal Error] :1:1: Premature end of file.
2026-10-01 23:46:48,891 [ERROR] LogOutputStream:75 - [STDERR_REDIRECT] 
2026-10-01 23:46:49,900 [ERROR] LogOutputStream:75 - [STDERR_REDIRECT] [Fatal Error] :1:1: Premature end of file.
2026-10-01 23:46:49,900 [ERROR] LogOutputStream:75 - [STDERR_REDIRECT] 
2026-10-01 23:46:50,960 [ERROR] LogOutputStream:75 - [STDERR_REDIRECT] [Fatal Error] :1:1: Premature end of file.
2026-10-01 23:46:50,960 [ERROR] LogOutputStream:75 - [STDERR_REDIRECT] 
2026-10-01 23:46:51,880 [ERROR] LogOutputStream:75 - [STDERR_REDIRECT] [Fatal Error] :1:1: Premature end of file.
2026-10-01 23:46:51,880 [ERROR] LogOutputStream:75 - [STDERR_REDIRECT] 
2026-10-01 23:46:52,874 [ERROR] LogOutputStream:75 - [STDERR_REDIRECT] [Fatal Error] :1:1: Premature end of file.
2026-10-01 23:46:52,889 [ERROR] LogOutputStream:75 - [STDERR_REDIRECT] 
2026-10-01 23:46:53,877 [ERROR] LogOutputStream:75 - [STDERR_REDIRECT] [Fatal Error] :1:1: Premature end of file.
2026-10-01 23:46:53,877 [ERROR] LogOutputStream:75 - [STDERR_REDIRECT] 
2026-10-01 23:46:54,895 [ERROR] LogOutputStream:75 - [STDERR_REDIRECT] [Fatal Error] :1:1: Premature end of file.
2026-10-01 23:46:54,895 [ERROR] LogOutputStream:75 - [STDERR_REDIRECT] 
2026-10-01 23:46:55,892 [ERROR] LogOutputStream:75 - [STDERR_REDIRECT] [Fatal Error] :1:1: Premature end of file.
2026-10-01 23:46:55,892 [ERROR] LogOutputStream:75 - [STDERR_REDIRECT] 
2026-10-01 23:46:56,893 [ERROR] LogOutputStream:75 - [STDERR_REDIRECT] [Fatal Error] :1:1: Premature end of file.
2026-10-01 23:46:56,893 [ERROR] LogOutputStream:75 - [STDERR_REDIRECT] 
2026-10-01 23:46:57,886 [ERROR] LogOutputStream:75 - [STDERR_REDIRECT] [Fatal Error] :1:1: Premature end of file.
2026-10-01 23:46:57,886 [ERROR] LogOutputStream:75 - [STDERR_REDIRECT] 
2026-10-01 23:46:58,890 [ERROR] LogOutputStream:75 - [STDERR_REDIRECT] [Fatal Error] :1:1: Premature end of file.
2026-10-01 23:46:58,890 [ERROR] LogOutputStream:75 - [STDERR_REDIRECT] 
2026-10-01 23:46:59,889 [ERROR] LogOutputStream:75 - [STDERR_REDIRECT] [Fatal Error] :1:1: Premature end of file.
2026-10-01 23:46:59,889 [ERROR] LogOutputStream:75 - [STDERR_REDIRECT] 
2026-10-01 23:47:00,890 [ERROR] LogOutputStream:75 - [STDERR_REDIRECT] [Fatal Error] :1:1: Premature end of file.
2026-10-01 23:47:00,890 [ERROR] LogOutputStream:75 - [STDERR_REDIRECT] 
2026-10-01 23:47:01,883 [ERROR] LogOutputStream:75 - [STDERR_REDIRECT] [Fatal Error] :1:1: Premature end of file.
2026-10-01 23:47:01,883 [ERROR] LogOutputStream:75 - [STDERR_REDIRECT] 
2026-10-01 23:47:02,901 [ERROR] LogOutputStream:75 - [STDERR_REDIRECT] [Fatal Error] :1:1: Premature end of file.
2026-10-01 23:47:02,901 [ERROR] LogOutputStream:75 - [STDERR_REDIRECT] 
2026-10-01 23:47:03,890 [ERROR] LogOutputStream:75 - [STDERR_REDIRECT] [Fatal Error] :1:1: Premature end of file.
2026-10-01 23:47:03,890 [ERROR] LogOutputStream:75 - [STDERR_REDIRECT] 
2026-10-01 23:47:04,878 [ERROR] LogOutputStream:75 - [STDERR_REDIRECT] [Fatal Error] :1:1: Premature end of file.
2026-10-01 23:47:04,878 [ERROR] LogOutputStream:75 - [STDERR_REDIRECT] 
2026-10-01 23:47:05,903 [ERROR] LogOutputStream:75 - [STDERR_REDIRECT] [Fatal Error] :1:1: Premature end of file.
2026-10-01 23:47:05,903 [ERROR] LogOutputStream:75 - [STDERR_REDIRECT] 
2026-10-01 23:47:06,878 [ERROR] LogOutputStream:75 - [STDERR_REDIRECT] [Fatal Error] :1:1: Premature end of file.
2026-10-01 23:47:06,878 [ERROR] LogOutputStream:75 - [STDERR_REDIRECT] 
2026-10-01 23:47:07,880 [ERROR] LogOutputStream:75 - [STDERR_REDIRECT] [Fatal Error] :1:1: Premature end of file.
2026-10-01 23:47:07,880 [ERROR] LogOutputStream:75 - [STDERR_REDIRECT] 
2026-10-01 23:47:08,887 [ERROR] LogOutputStream:75 - [STDERR_REDIRECT] [Fatal Error] :1:1: Premature end of file.
2026-10-01 23:47:08,887 [ERROR] LogOutputStream:75 - [STDERR_REDIRECT] 
2026-10-01 23:47:09,884 [ERROR] LogOutputStream:75 - [STDERR_REDIRECT] [Fatal Error] :1:1: Premature end of file.
2026-10-01 23:47:09,884 [ERROR] LogOutputStream:75 - [STDERR_REDIRECT] 
2026-10-01 23:47:10,890 [ERROR] LogOutputStream:75 - [STDERR_REDIRECT] [Fatal Error] :1:1: Premature end of file.
2026-10-01 23:47:10,890 [ERROR] LogOutputStream:75 - [STDERR_REDIRECT] 
2026-10-01 23:47:11,877 [ERROR] LogOutputStream:75 - [STDERR_REDIRECT] [Fatal Error] :1:1: Premature end of file.
2026-10-01 23:47:11,877 [ERROR] LogOutputStream:75 - [STDERR_REDIRECT] 
2026-10-01 23:47:12,939 [ERROR] LogOutputStream:75 - [STDERR_REDIRECT] [Fatal Error] :1:1: Premature end of file.
2026-10-01 23:47:12,939 [ERROR] LogOutputStream:75 - [STDERR_REDIRECT] 
2026-10-01 23:47:13,907 [ERROR] LogOutputStream:75 - [STDERR_REDIRECT] [Fatal Error] :1:1: Premature end of file.
2026-10-01 23:47:13,907 [ERROR] LogOutputStream:75 - [STDERR_REDIRECT] 
2026-10-01 23:47:14,879 [ERROR] LogOutputStream:75 - [STDERR_REDIRECT] [Fatal Error] :1:1: Premature end of file.
2026-10-01 23:47:14,879 [ERROR] LogOutputStream:75 - [STDERR_REDIRECT] 
2026-10-01 23:47:15,876 [ERROR] LogOutputStream:75 - [STDERR_REDIRECT] [Fatal Error] :1:1: Premature end of file.
2026-10-01 23:47:15,876 [ERROR] LogOutputStream:75 - [STDERR_REDIRECT] 
2026-10-01 23:47:16,881 [ERROR] LogOutputStream:75 - [STDERR_REDIRECT] [Fatal Error] :1:1: Premature end of file.
2026-10-01 23:47:16,881 [ERROR] LogOutputStream:75 - [STDERR_REDIRECT] 
2026-10-01 23:47:17,906 [ERROR] LogOutputStream:75 - [STDERR_REDIRECT] [Fatal Error] :1:1: Premature end of file.
2026-10-01 23:47:17,906 [ERROR] LogOutputStream:75 - [STDERR_REDIRECT] 
2026-10-01 23:47:18,886 [ERROR] LogOutputStream:75 - [STDERR_REDIRECT] [Fatal Error] :1:1: Premature end of file.
2026-10-01 23:47:18,886 [ERROR] LogOutputStream:75 - [STDERR_REDIRECT] 
2026-10-01 23:47:19,894 [ERROR] LogOutputStream:75 - [STDERR_REDIRECT] [Fatal Error] :1:1: Premature end of file.
2026-10-01 23:47:19,894 [ERROR] LogOutputStream:75 - [STDERR_REDIRECT] 
2026-10-01 23:47:20,958 [ERROR] LogOutputStream:75 - [STDERR_REDIRECT] [Fatal Error] :1:1: Premature end of file.
2026-10-01 23:47:20,958 [ERROR] LogOutputStream:75 - [STDERR_REDIRECT] 
2026-10-01 23:47:21,880 [ERROR] LogOutputStream:75 - [STDERR_REDIRECT] [Fatal Error] :1:1: Premature end of file.
2026-10-01 23:47:21,880 [ERROR] LogOutputStream:75 - [STDERR_REDIRECT] 
2026-10-01 23:47:22,896 [ERROR] LogOutputStream:75 - [STDERR_REDIRECT] [Fatal Error] :1:1: Premature end of file.
2026-10-01 23:47:22,896 [ERROR] LogOutputStream:75 - [STDERR_REDIRECT] 
2026-10-01 23:47:23,879 [ERROR] LogOutputStream:75 - [STDERR_REDIRECT] [Fatal Error] :1:1: Premature end of file.
2026-10-01 23:47:23,879 [ERROR] LogOutputStream:75 - [STDERR_REDIRECT] 
2026-10-01 23:47:24,879 [ERROR] LogOutputStream:75 - [STDERR_REDIRECT] [Fatal Error] :1:1: Premature end of file.
2026-10-01 23:47:24,879 [ERROR] LogOutputStream:75 - [STDERR_REDIRECT] 
2026-10-01 23:47:25,895 [ERROR] LogOutputStream:75 - [STDERR_REDIRECT] [Fatal Error] :1:1: Premature end of file.
2026-10-01 23:47:25,895 [ERROR] LogOutputStream:75 - [STDERR_REDIRECT] 
2026-10-01 23:47:26,890 [ERROR] LogOutputStream:75 - [STDERR_REDIRECT] [Fatal Error] :1:1: Premature end of file.
2026-10-01 23:47:26,890 [ERROR] LogOutputStream:75 - [STDERR_REDIRECT] 
2026-10-01 23:47:27,895 [ERROR] LogOutputStream:75 - [STDERR_REDIRECT] [Fatal Error] :1:1: Premature end of file.
2026-10-01 23:47:27,895 [ERROR] LogOutputStream:75 - [STDERR_REDIRECT] 
2026-10-01 23:47:28,900 [ERROR] LogOutputStream:75 - [STDERR_REDIRECT] [Fatal Error] :1:1: Premature end of file.
2026-10-01 23:47:28,900 [ERROR] LogOutputStream:75 - [STDERR_REDIRECT] 
2026-10-01 23:47:29,902 [ERROR] LogOutputStream:75 - [STDERR_REDIRECT] [Fatal Error] :1:1: Premature end of file.
2026-10-01 23:47:29,902 [ERROR] LogOutputStream:75 - [STDERR_REDIRECT] 
2026-10-01 23:47:30,876 [ERROR] LogOutputStream:75 - [STDERR_REDIRECT] [Fatal Error] :1:1: Premature end of file.
2026-10-01 23:47:30,876 [ERROR] LogOutputStream:75 - [STDERR_REDIRECT] 
2026-10-01 23:47:31,891 [ERROR] LogOutputStream:75 - [STDERR_REDIRECT] [Fatal Error] :1:1: Premature end of file.
2026-10-01 23:47:31,891 [ERROR] LogOutputStream:75 - [STDERR_REDIRECT] 
2026-10-01 23:47:32,888 [ERROR] LogOutputStream:75 - [STDERR_REDIRECT] [Fatal Error] :1:1: Premature end of file.
2026-10-01 23:47:32,888 [ERROR] LogOutputStream:75 - [STDERR_REDIRECT] 
2026-10-01 23:47:33,878 [ERROR] LogOutputStream:75 - [STDERR_REDIRECT] [Fatal Error] :1:1: Premature end of file.
2026-10-01 23:47:33,878 [ERROR] LogOutputStream:75 - [STDERR_REDIRECT] 
2026-10-01 23:47:34,891 [ERROR] LogOutputStream:75 - [STDERR_REDIRECT] [Fatal Error] :1:1: Premature end of file.
2026-10-01 23:47:34,891 [ERROR] LogOutputStream:75 - [STDERR_REDIRECT] 
2026-10-01 23:47:35,906 [ERROR] LogOutputStream:75 - [STDERR_REDIRECT] [Fatal Error] :1:1: Premature end of file.
2026-10-01 23:47:35,906 [ERROR] LogOutputStream:75 - [STDERR_REDIRECT] 
2026-10-01 23:47:36,904 [ERROR] LogOutputStream:75 - [STDERR_REDIRECT] [Fatal Error] :1:1: Premature end of file.
2026-10-01 23:47:36,904 [ERROR] LogOutputStream:75 - [STDERR_REDIRECT] 
2026-10-01 23:47:37,889 [ERROR] LogOutputStream:75 - [STDERR_REDIRECT] [Fatal Error] :1:1: Premature end of file.
2026-10-01 23:47:37,889 [ERROR] LogOutputStream:75 - [STDERR_REDIRECT] 
2026-10-01 23:47:38,892 [ERROR] LogOutputStream:75 - [STDERR_REDIRECT] [Fatal Error] :1:1: Premature end of file.
2026-10-01 23:47:38,892 [ERROR] LogOutputStream:75 - [STDERR_REDIRECT] 
2026-10-01 23:47:39,898 [ERROR] LogOutputStream:75 - [STDERR_REDIRECT] [Fatal Error] :1:1: Premature end of file.
2026-10-01 23:47:39,898 [ERROR] LogOutputStream:75 - [STDERR_REDIRECT] 
2026-10-01 23:47:40,899 [ERROR] LogOutputStream:75 - [STDERR_REDIRECT] [Fatal Error] :1:1: Premature end of file.
2026-10-01 23:47:40,899 [ERROR] LogOutputStream:75 - [STDERR_REDIRECT] 
2026-10-01 23:47:41,882 [ERROR] LogOutputStream:75 - [STDERR_REDIRECT] [Fatal Error] :1:1: Premature end of file.
2026-10-01 23:47:41,882 [ERROR] LogOutputStream:75 - [STDERR_REDIRECT] 
2026-10-01 23:47:42,904 [ERROR] LogOutputStream:75 - [STDERR_REDIRECT] [Fatal Error] :1:1: Premature end of file.
2026-10-01 23:47:42,904 [ERROR] LogOutputStream:75 - [STDERR_REDIRECT] 
2026-10-01 23:47:43,892 [ERROR] LogOutputStream:75 - [STDERR_REDIRECT] [Fatal Error] :1:1: Premature end of file.
2026-10-01 23:47:43,896 [ERROR] LogOutputStream:75 - [STDERR_REDIRECT] 
2026-10-01 23:47:44,895 [ERROR] LogOutputStream:75 - [STDERR_REDIRECT] [Fatal Error] :1:1: Premature end of file.
2026-10-01 23:47:44,895 [ERROR] LogOutputStream:75 - [STDERR_REDIRECT] 
2026-10-01 23:47:45,901 [ERROR] LogOutputStream:75 - [STDERR_REDIRECT] [Fatal Error] :1:1: Premature end of file.
2026-10-01 23:47:45,901 [ERROR] LogOutputStream:75 - [STDERR_REDIRECT] 
2026-10-01 23:47:46,902 [ERROR] LogOutputStream:75 - [STDERR_REDIRECT] [Fatal Error] :1:1: Premature end of file.
2026-10-01 23:47:46,902 [ERROR] LogOutputStream:75 - [STDERR_REDIRECT] 
2026-10-01 23:47:47,897 [ERROR] LogOutputStream:75 - [STDERR_REDIRECT] [Fatal Error] :1:1: Premature end of file.
2026-10-01 23:47:47,897 [ERROR] LogOutputStream:75 - [STDERR_REDIRECT] 
2026-10-01 23:47:48,892 [ERROR] LogOutputStream:75 - [STDERR_REDIRECT] [Fatal Error] :1:1: Premature end of file.
2026-10-01 23:47:48,892 [ERROR] LogOutputStream:75 - [STDERR_REDIRECT] 
2026-10-01 23:47:49,881 [ERROR] LogOutputStream:75 - [STDERR_REDIRECT] [Fatal Error] :1:1: Premature end of file.
2026-10-01 23:47:49,881 [ERROR] LogOutputStream:75 - [STDERR_REDIRECT] 
2026-10-01 23:47:50,892 [ERROR] LogOutputStream:75 - [STDERR_REDIRECT] [Fatal Error] :1:1: Premature end of file.
2026-10-01 23:47:50,892 [ERROR] LogOutputStream:75 - [STDERR_REDIRECT] 
2026-10-01 23:47:51,891 [ERROR] LogOutputStream:75 - [STDERR_REDIRECT] [Fatal Error] :1:1: Premature end of file.
2026-10-01 23:47:51,891 [ERROR] LogOutputStream:75 - [STDERR_REDIRECT] 
2026-10-01 23:47:52,901 [ERROR] LogOutputStream:75 - [STDERR_REDIRECT] [Fatal Error] :1:1: Premature end of file.
2026-10-01 23:47:52,901 [ERROR] LogOutputStream:75 - [STDERR_REDIRECT] 
2026-10-01 23:47:53,890 [ERROR] LogOutputStream:75 - [STDERR_REDIRECT] [Fatal Error] :1:1: Premature end of file.
2026-10-01 23:47:53,890 [ERROR] LogOutputStream:75 - [STDERR_REDIRECT] 
2026-10-01 23:47:54,893 [ERROR] LogOutputStream:75 - [STDERR_REDIRECT] [Fatal Error] :1:1: Premature end of file.
2026-10-01 23:47:54,893 [ERROR] LogOutputStream:75 - [STDERR_REDIRECT] 
2026-10-01 23:47:55,892 [ERROR] LogOutputStream:75 - [STDERR_REDIRECT] [Fatal Error] :1:1: Premature end of file.
2026-10-01 23:47:55,892 [ERROR] LogOutputStream:75 - [STDERR_REDIRECT] 
2026-10-01 23:47:56,886 [ERROR] LogOutputStream:75 - [STDERR_REDIRECT] [Fatal Error] :1:1: Premature end of file.
2026-10-01 23:47:56,886 [ERROR] LogOutputStream:75 - [STDERR_REDIRECT] 
2026-10-01 23:47:57,897 [ERROR] LogOutputStream:75 - [STDERR_REDIRECT] [Fatal Error] :1:1: Premature end of file.
2026-10-01 23:47:57,897 [ERROR] LogOutputStream:75 - [STDERR_REDIRECT] 
2026-10-01 23:47:58,885 [ERROR] LogOutputStream:75 - [STDERR_REDIRECT] [Fatal Error] :1:1: Premature end of file.
2026-10-01 23:47:58,885 [ERROR] LogOutputStream:75 - [STDERR_REDIRECT] 
2026-10-01 23:47:59,896 [ERROR] LogOutputStream:75 - [STDERR_REDIRECT] [Fatal Error] :1:1: Premature end of file.
2026-10-01 23:47:59,897 [ERROR] LogOutputStream:75 - [STDERR_REDIRECT] 
2026-10-01 23:48:00,899 [ERROR] LogOutputStream:75 - [STDERR_REDIRECT] [Fatal Error] :1:1: Premature end of file.
2026-10-01 23:48:00,899 [ERROR] LogOutputStream:75 - [STDERR_REDIRECT] 
2026-10-01 23:48:01,899 [ERROR] LogOutputStream:75 - [STDERR_REDIRECT] [Fatal Error] :1:1: Premature end of file.
2026-10-01 23:48:01,899 [ERROR] LogOutputStream:75 - [STDERR_REDIRECT] 
2026-10-01 23:48:02,898 [ERROR] LogOutputStream:75 - [STDERR_REDIRECT] [Fatal Error] :1:1: Premature end of file.
2026-10-01 23:48:02,898 [ERROR] LogOutputStream:75 - [STDERR_REDIRECT] 
2026-10-01 23:48:03,901 [ERROR] LogOutputStream:75 - [STDERR_REDIRECT] [Fatal Error] :1:1: Premature end of file.
2026-10-01 23:48:03,901 [ERROR] LogOutputStream:75 - [STDERR_REDIRECT] 
2026-10-01 23:48:04,886 [ERROR] LogOutputStream:75 - [STDERR_REDIRECT] [Fatal Error] :1:1: Premature end of file.
2026-10-01 23:48:04,886 [ERROR] LogOutputStream:75 - [STDERR_REDIRECT] 
2026-10-01 23:48:05,905 [ERROR] LogOutputStream:75 - [STDERR_REDIRECT] [Fatal Error] :1:1: Premature end of file.
2026-10-01 23:48:05,905 [ERROR] LogOutputStream:75 - [STDERR_REDIRECT] 
2026-10-01 23:48:06,895 [ERROR] LogOutputStream:75 - [STDERR_REDIRECT] [Fatal Error] :1:1: Premature end of file.
2026-10-01 23:48:06,895 [ERROR] LogOutputStream:75 - [STDERR_REDIRECT] 
2026-10-01 23:48:07,883 [ERROR] LogOutputStream:75 - [STDERR_REDIRECT] [Fatal Error] :1:1: Premature end of file.
2026-10-01 23:48:07,883 [ERROR] LogOutputStream:75 - [STDERR_REDIRECT] 
2026-10-01 23:48:08,892 [ERROR] LogOutputStream:75 - [STDERR_REDIRECT] [Fatal Error] :1:1: Premature end of file.
2026-10-01 23:48:08,892 [ERROR] LogOutputStream:75 - [STDERR_REDIRECT] 
2026-10-01 23:48:09,892 [ERROR] LogOutputStream:75 - [STDERR_REDIRECT] [Fatal Error] :1:1: Premature end of file.
2026-10-01 23:48:09,892 [ERROR] LogOutputStream:75 - [STDERR_REDIRECT] 
2026-10-01 23:48:10,877 [ERROR] LogOutputStream:75 - [STDERR_REDIRECT] [Fatal Error] :1:1: Premature end of file.
2026-10-01 23:48:10,877 [ERROR] LogOutputStream:75 - [STDERR_REDIRECT] 
2026-10-01 23:48:11,876 [ERROR] LogOutputStream:75 - [STDERR_REDIRECT] [Fatal Error] :1:1: Premature end of file.
2026-10-01 23:48:11,876 [ERROR] LogOutputStream:75 - [STDERR_REDIRECT] 
2026-10-01 23:48:12,894 [ERROR] LogOutputStream:75 - [STDERR_REDIRECT] [Fatal Error] :1:1: Premature end of file.
2026-10-01 23:48:12,894 [ERROR] LogOutputStream:75 - [STDERR_REDIRECT] 
2026-10-01 23:48:13,884 [ERROR] LogOutputStream:75 - [STDERR_REDIRECT] [Fatal Error] :1:1: Premature end of file.
2026-10-01 23:48:13,884 [ERROR] LogOutputStream:75 - [STDERR_REDIRECT] 
2026-10-01 23:48:14,893 [ERROR] LogOutputStream:75 - [STDERR_REDIRECT] [Fatal Error] :1:1: Premature end of file.
2026-10-01 23:48:14,893 [ERROR] LogOutputStream:75 - [STDERR_REDIRECT] 
2026-10-01 23:48:15,887 [ERROR] LogOutputStream:75 - [STDERR_REDIRECT] [Fatal Error] :1:1: Premature end of file.
2026-10-01 23:48:15,887 [ERROR] LogOutputStream:75 - [STDERR_REDIRECT] 
2026-10-01 23:48:16,891 [ERROR] LogOutputStream:75 - [STDERR_REDIRECT] [Fatal Error] :1:1: Premature end of file.
2026-10-01 23:48:16,891 [ERROR] LogOutputStream:75 - [STDERR_REDIRECT] 
2026-10-01 23:48:17,897 [ERROR] LogOutputStream:75 - [STDERR_REDIRECT] [Fatal Error] :1:1: Premature end of file.
2026-10-01 23:48:17,897 [ERROR] LogOutputStream:75 - [STDERR_REDIRECT] 
2026-10-01 23:48:18,891 [ERROR] LogOutputStream:75 - [STDERR_REDIRECT] [Fatal Error] :1:1: Premature end of file.
2026-10-01 23:48:18,891 [ERROR] LogOutputStream:75 - [STDERR_REDIRECT] 
2026-10-01 23:48:19,897 [ERROR] LogOutputStream:75 - [STDERR_REDIRECT] [Fatal Error] :1:1: Premature end of file.
2026-10-01 23:48:19,897 [ERROR] LogOutputStream:75 - [STDERR_REDIRECT] 
2026-10-01 23:48:20,903 [ERROR] LogOutputStream:75 - [STDERR_REDIRECT] [Fatal Error] :1:1: Premature end of file.
2026-10-01 23:48:20,903 [ERROR] LogOutputStream:75 - [STDERR_REDIRECT] 
2026-10-01 23:48:21,903 [ERROR] LogOutputStream:75 - [STDERR_REDIRECT] [Fatal Error] :1:1: Premature end of file.
2026-10-01 23:48:21,903 [ERROR] LogOutputStream:75 - [STDERR_REDIRECT] 
2026-10-01 23:48:22,890 [ERROR] LogOutputStream:75 - [STDERR_REDIRECT] [Fatal Error] :1:1: Premature end of file.
2026-10-01 23:48:22,890 [ERROR] LogOutputStream:75 - [STDERR_REDIRECT] 
2026-10-01 23:48:23,905 [ERROR] LogOutputStream:75 - [STDERR_REDIRECT] [Fatal Error] :1:1: Premature end of file.
2026-10-01 23:48:23,905 [ERROR] LogOutputStream:75 - [STDERR_REDIRECT] 
2026-10-01 23:48:24,904 [ERROR] LogOutputStream:75 - [STDERR_REDIRECT] [Fatal Error] :1:1: Premature end of file.
2026-10-01 23:48:24,904 [ERROR] LogOutputStream:75 - [STDERR_REDIRECT] 
2026-10-01 23:48:25,905 [ERROR] LogOutputStream:75 - [STDERR_REDIRECT] [Fatal Error] :1:1: Premature end of file.
2026-10-01 23:48:25,905 [ERROR] LogOutputStream:75 - [STDERR_REDIRECT] 
2026-10-01 23:48:26,903 [ERROR] LogOutputStream:75 - [STDERR_REDIRECT] [Fatal Error] :1:1: Premature end of file.
2026-10-01 23:48:26,903 [ERROR] LogOutputStream:75 - [STDERR_REDIRECT] 
2026-10-01 23:48:27,888 [ERROR] LogOutputStream:75 - [STDERR_REDIRECT] [Fatal Error] :1:1: Premature end of file.
2026-10-01 23:48:27,888 [ERROR] LogOutputStream:75 - [STDERR_REDIRECT] 
2026-10-01 23:48:28,882 [ERROR] LogOutputStream:75 - [STDERR_REDIRECT] [Fatal Error] :1:1: Premature end of file.
2026-10-01 23:48:28,882 [ERROR] LogOutputStream:75 - [STDERR_REDIRECT] 
2026-10-01 23:48:29,888 [ERROR] LogOutputStream:75 - [STDERR_REDIRECT] [Fatal Error] :1:1: Premature end of file.
2026-10-01 23:48:29,888 [ERROR] LogOutputStream:75 - [STDERR_REDIRECT] 
2026-10-01 23:48:30,890 [ERROR] LogOutputStream:75 - [STDERR_REDIRECT] [Fatal Error] :1:1: Premature end of file.
2026-10-01 23:48:30,890 [ERROR] LogOutputStream:75 - [STDERR_REDIRECT] 
2026-10-01 23:48:31,877 [ERROR] LogOutputStream:75 - [STDERR_REDIRECT] [Fatal Error] :1:1: Premature end of file.
2026-10-01 23:48:31,877 [ERROR] LogOutputStream:75 - [STDERR_REDIRECT] 
2026-10-01 23:48:32,890 [ERROR] LogOutputStream:75 - [STDERR_REDIRECT] [Fatal Error] :1:1: Premature end of file.
2026-10-01 23:48:32,890 [ERROR] LogOutputStream:75 - [STDERR_REDIRECT] 
2026-10-01 23:48:33,894 [ERROR] LogOutputStream:75 - [STDERR_REDIRECT] [Fatal Error] :1:1: Premature end of file.
2026-10-01 23:48:33,894 [ERROR] LogOutputStream:75 - [STDERR_REDIRECT] 
2026-10-01 23:48:34,889 [ERROR] LogOutputStream:75 - [STDERR_REDIRECT] [Fatal Error] :1:1: Premature end of file.
2026-10-01 23:48:34,889 [ERROR] LogOutputStream:75 - [STDERR_REDIRECT] 
2026-10-01 23:48:35,900 [ERROR] LogOutputStream:75 - [STDERR_REDIRECT] [Fatal Error] :1:1: Premature end of file.
2026-10-01 23:48:35,900 [ERROR] LogOutputStream:75 - [STDERR_REDIRECT] 
2026-10-01 23:48:36,886 [ERROR] LogOutputStream:75 - [STDERR_REDIRECT] [Fatal Error] :1:1: Premature end of file.
2026-10-01 23:48:36,886 [ERROR] LogOutputStream:75 - [STDERR_REDIRECT] 
2026-10-01 23:48:37,886 [ERROR] LogOutputStream:75 - [STDERR_REDIRECT] [Fatal Error] :1:1: Premature end of file.
2026-10-01 23:48:37,886 [ERROR] LogOutputStream:75 - [STDERR_REDIRECT] 
2026-10-01 23:48:38,891 [ERROR] LogOutputStream:75 - [STDERR_REDIRECT] [Fatal Error] :1:1: Premature end of file.
2026-10-01 23:48:38,891 [ERROR] LogOutputStream:75 - [STDERR_REDIRECT] 
2026-10-01 23:48:39,903 [ERROR] LogOutputStream:75 - [STDERR_REDIRECT] [Fatal Error] :1:1: Premature end of file.
2026-10-01 23:48:39,903 [ERROR] LogOutputStream:75 - [STDERR_REDIRECT] 
2026-10-01 23:48:40,887 [ERROR] LogOutputStream:75 - [STDERR_REDIRECT] [Fatal Error] :1:1: Premature end of file.
2026-10-01 23:48:40,887 [ERROR] LogOutputStream:75 - [STDERR_REDIRECT] 
2026-10-01 23:48:41,898 [ERROR] LogOutputStream:75 - [STDERR_REDIRECT] [Fatal Error] :1:1: Premature end of file.
2026-10-01 23:48:41,898 [ERROR] LogOutputStream:75 - [STDERR_REDIRECT] 
2026-10-01 23:48:42,898 [ERROR] LogOutputStream:75 - [STDERR_REDIRECT] [Fatal Error] :1:1: Premature end of file.
2026-10-01 23:48:42,898 [ERROR] LogOutputStream:75 - [STDERR_REDIRECT] 
2026-10-01 23:48:43,889 [ERROR] LogOutputStream:75 - [STDERR_REDIRECT] [Fatal Error] :1:1: Premature end of file.
2026-10-01 23:48:43,889 [ERROR] LogOutputStream:75 - [STDERR_REDIRECT] 
2026-10-01 23:48:44,902 [ERROR] LogOutputStream:75 - [STDERR_REDIRECT] [Fatal Error] :1:1: Premature end of file.
2026-10-01 23:48:44,902 [ERROR] LogOutputStream:75 - [STDERR_REDIRECT] 
2026-10-01 23:48:45,885 [ERROR] LogOutputStream:75 - [STDERR_REDIRECT] [Fatal Error] :1:1: Premature end of file.
2026-10-01 23:48:45,885 [ERROR] LogOutputStream:75 - [STDERR_REDIRECT] 
2026-10-01 23:48:46,895 [ERROR] LogOutputStream:75 - [STDERR_REDIRECT] [Fatal Error] :1:1: Premature end of file.
2026-10-01 23:48:46,895 [ERROR] LogOutputStream:75 - [STDERR_REDIRECT] 
2026-10-01 23:48:47,903 [ERROR] LogOutputStream:75 - [STDERR_REDIRECT] [Fatal Error] :1:1: Premature end of file.
2026-10-01 23:48:47,903 [ERROR] LogOutputStream:75 - [STDERR_REDIRECT] 
2026-10-01 23:48:48,917 [ERROR] LogOutputStream:75 - [STDERR_REDIRECT] [Fatal Error] :1:1: Premature end of file.
2026-10-01 23:48:48,917 [ERROR] LogOutputStream:75 - [STDERR_REDIRECT] 
2026-10-01 23:48:49,890 [ERROR] LogOutputStream:75 - [STDERR_REDIRECT] [Fatal Error] :1:1: Premature end of file.
2026-10-01 23:48:49,891 [ERROR] LogOutputStream:75 - [STDERR_REDIRECT] 
2026-10-01 23:48:50,894 [ERROR] LogOutputStream:75 - [STDERR_REDIRECT] [Fatal Error] :1:1: Premature end of file.
2026-10-01 23:48:50,894 [ERROR] LogOutputStream:75 - [STDERR_REDIRECT] 
2026-10-01 23:48:51,904 [ERROR] LogOutputStream:75 - [STDERR_REDIRECT] [Fatal Error] :1:1: Premature end of file.
2026-10-01 23:48:51,904 [ERROR] LogOutputStream:75 - [STDERR_REDIRECT] 
2026-10-01 23:48:52,897 [ERROR] LogOutputStream:75 - [STDERR_REDIRECT] [Fatal Error] :1:1: Premature end of file.
2026-10-01 23:48:52,897 [ERROR] LogOutputStream:75 - [STDERR_REDIRECT] 
2026-10-01 23:48:53,881 [ERROR] LogOutputStream:75 - [STDERR_REDIRECT] [Fatal Error] :1:1: Premature end of file.
2026-10-01 23:48:53,881 [ERROR] LogOutputStream:75 - [STDERR_REDIRECT] 
2026-10-01 23:48:54,893 [ERROR] LogOutputStream:75 - [STDERR_REDIRECT] [Fatal Error] :1:1: Premature end of file.
2026-10-01 23:48:54,893 [ERROR] LogOutputStream:75 - [STDERR_REDIRECT] 
2026-10-01 23:48:55,883 [ERROR] LogOutputStream:75 - [STDERR_REDIRECT] [Fatal Error] :1:1: Premature end of file.
2026-10-01 23:48:55,883 [ERROR] LogOutputStream:75 - [STDERR_REDIRECT] 
2026-10-01 23:48:56,895 [ERROR] LogOutputStream:75 - [STDERR_REDIRECT] [Fatal Error] :1:1: Premature end of file.
2026-10-01 23:48:56,895 [ERROR] LogOutputStream:75 - [STDERR_REDIRECT] 
2026-10-01 23:48:57,889 [ERROR] LogOutputStream:75 - [STDERR_REDIRECT] [Fatal Error] :1:1: Premature end of file.
2026-10-01 23:48:57,889 [ERROR] LogOutputStream:75 - [STDERR_REDIRECT] 
2026-10-01 23:48:58,971 [ERROR] LogOutputStream:75 - [STDERR_REDIRECT] [Fatal Error] :1:1: Premature end of file.
2026-10-01 23:48:58,971 [ERROR] LogOutputStream:75 - [STDERR_REDIRECT] 
2026-10-01 23:48:59,888 [ERROR] LogOutputStream:75 - [STDERR_REDIRECT] [Fatal Error] :1:1: Premature end of file.
2026-10-01 23:48:59,888 [ERROR] LogOutputStream:75 - [STDERR_REDIRECT] 
2026-10-01 23:49:00,883 [ERROR] LogOutputStream:75 - [STDERR_REDIRECT] [Fatal Error] :1:1: Premature end of file.
2026-10-01 23:49:00,883 [ERROR] LogOutputStream:75 - [STDERR_REDIRECT] 
2026-10-01 23:49:01,896 [ERROR] LogOutputStream:75 - [STDERR_REDIRECT] [Fatal Error] :1:1: Premature end of file.
2026-10-01 23:49:01,896 [ERROR] LogOutputStream:75 - [STDERR_REDIRECT] 
2026-10-01 23:49:02,890 [ERROR] LogOutputStream:75 - [STDERR_REDIRECT] [Fatal Error] :1:1: Premature end of file.
2026-10-01 23:49:02,890 [ERROR] LogOutputStream:75 - [STDERR_REDIRECT] 
2026-10-01 23:49:03,905 [ERROR] LogOutputStream:75 - [STDERR_REDIRECT] [Fatal Error] :1:1: Premature end of file.
2026-10-01 23:49:03,905 [ERROR] LogOutputStream:75 - [STDERR_REDIRECT] 
2026-10-01 23:49:04,885 [ERROR] LogOutputStream:75 - [STDERR_REDIRECT] [Fatal Error] :1:1: Premature end of file.
2026-10-01 23:49:04,885 [ERROR] LogOutputStream:75 - [STDERR_REDIRECT] 
2026-10-01 23:49:05,881 [ERROR] LogOutputStream:75 - [STDERR_REDIRECT] [Fatal Error] :1:1: Premature end of file.
2026-10-01 23:49:05,881 [ERROR] LogOutputStream:75 - [STDERR_REDIRECT] 
2026-10-01 23:49:06,891 [ERROR] LogOutputStream:75 - [STDERR_REDIRECT] [Fatal Error] :1:1: Premature end of file.
2026-10-01 23:49:06,891 [ERROR] LogOutputStream:75 - [STDERR_REDIRECT] 
2026-10-01 23:49:07,897 [ERROR] LogOutputStream:75 - [STDERR_REDIRECT] [Fatal Error] :1:1: Premature end of file.
2026-10-01 23:49:07,897 [ERROR] LogOutputStream:75 - [STDERR_REDIRECT] 
2026-10-01 23:49:08,897 [ERROR] LogOutputStream:75 - [STDERR_REDIRECT] [Fatal Error] :1:1: Premature end of file.
2026-10-01 23:49:08,897 [ERROR] LogOutputStream:75 - [STDERR_REDIRECT] 
2026-10-01 23:49:09,893 [ERROR] LogOutputStream:75 - [STDERR_REDIRECT] [Fatal Error] :1:1: Premature end of file.
2026-10-01 23:49:09,893 [ERROR] LogOutputStream:75 - [STDERR_REDIRECT] 
2026-10-01 23:49:10,882 [ERROR] LogOutputStream:75 - [STDERR_REDIRECT] [Fatal Error] :1:1: Premature end of file.
2026-10-01 23:49:10,882 [ERROR] LogOutputStream:75 - [STDERR_REDIRECT] 
2026-10-01 23:49:11,896 [ERROR] LogOutputStream:75 - [STDERR_REDIRECT] [Fatal Error] :1:1: Premature end of file.
2026-10-01 23:49:11,896 [ERROR] LogOutputStream:75 - [STDERR_REDIRECT] 
2026-10-01 23:49:12,893 [ERROR] LogOutputStream:75 - [STDERR_REDIRECT] [Fatal Error] :1:1: Premature end of file.
2026-10-01 23:49:12,893 [ERROR] LogOutputStream:75 - [STDERR_REDIRECT] 
2026-10-01 23:49:13,892 [ERROR] LogOutputStream:75 - [STDERR_REDIRECT] [Fatal Error] :1:1: Premature end of file.
2026-10-01 23:49:13,892 [ERROR] LogOutputStream:75 - [STDERR_REDIRECT] 
2026-10-01 23:49:14,888 [ERROR] LogOutputStream:75 - [STDERR_REDIRECT] [Fatal Error] :1:1: Premature end of file.
2026-10-01 23:49:14,888 [ERROR] LogOutputStream:75 - [STDERR_REDIRECT] 
2026-10-01 23:49:15,893 [ERROR] LogOutputStream:75 - [STDERR_REDIRECT] [Fatal Error] :1:1: Premature end of file.
2026-10-01 23:49:15,893 [ERROR] LogOutputStream:75 - [STDERR_REDIRECT] 
2026-10-01 23:49:16,890 [ERROR] LogOutputStream:75 - [STDERR_REDIRECT] [Fatal Error] :1:1: Premature end of file.
2026-10-01 23:49:16,892 [ERROR] LogOutputStream:75 - [STDERR_REDIRECT] 
2026-10-01 23:49:17,886 [ERROR] LogOutputStream:75 - [STDERR_REDIRECT] [Fatal Error] :1:1: Premature end of file.
2026-10-01 23:49:17,886 [ERROR] LogOutputStream:75 - [STDERR_REDIRECT] 
2026-10-01 23:49:18,893 [ERROR] LogOutputStream:75 - [STDERR_REDIRECT] [Fatal Error] :1:1: Premature end of file.
2026-10-01 23:49:18,893 [ERROR] LogOutputStream:75 - [STDERR_REDIRECT] 
2026-10-01 23:49:19,886 [ERROR] LogOutputStream:75 - [STDERR_REDIRECT] [Fatal Error] :1:1: Premature end of file.
2026-10-01 23:49:19,886 [ERROR] LogOutputStream:75 - [STDERR_REDIRECT] 
2026-10-01 23:49:20,887 [ERROR] LogOutputStream:75 - [STDERR_REDIRECT] [Fatal Error] :1:1: Premature end of file.
2026-10-01 23:49:20,887 [ERROR] LogOutputStream:75 - [STDERR_REDIRECT] 
2026-10-01 23:49:21,885 [ERROR] LogOutputStream:75 - [STDERR_REDIRECT] [Fatal Error] :1:1: Premature end of file.
2026-10-01 23:49:21,885 [ERROR] LogOutputStream:75 - [STDERR_REDIRECT] 
2026-10-01 23:49:22,894 [ERROR] LogOutputStream:75 - [STDERR_REDIRECT] [Fatal Error] :1:1: Premature end of file.
2026-10-01 23:49:22,894 [ERROR] LogOutputStream:75 - [STDERR_REDIRECT] 
2026-10-01 23:49:23,891 [ERROR] LogOutputStream:75 - [STDERR_REDIRECT] [Fatal Error] :1:1: Premature end of file.
2026-10-01 23:49:23,891 [ERROR] LogOutputStream:75 - [STDERR_REDIRECT] 
2026-10-01 23:49:24,888 [ERROR] LogOutputStream:75 - [STDERR_REDIRECT] [Fatal Error] :1:1: Premature end of file.
2026-10-01 23:49:24,888 [ERROR] LogOutputStream:75 - [STDERR_REDIRECT] 
2026-10-01 23:49:25,881 [ERROR] LogOutputStream:75 - [STDERR_REDIRECT] [Fatal Error] :1:1: Premature end of file.
2026-10-01 23:49:25,883 [ERROR] LogOutputStream:75 - [STDERR_REDIRECT] 
2026-10-01 23:49:26,902 [ERROR] LogOutputStream:75 - [STDERR_REDIRECT] [Fatal Error] :1:1: Premature end of file.
2026-10-01 23:49:26,902 [ERROR] LogOutputStream:75 - [STDERR_REDIRECT] 
2026-10-01 23:49:27,886 [ERROR] LogOutputStream:75 - [STDERR_REDIRECT] [Fatal Error] :1:1: Premature end of file.
2026-10-01 23:49:27,886 [ERROR] LogOutputStream:75 - [STDERR_REDIRECT] 
2026-10-01 23:49:28,900 [ERROR] LogOutputStream:75 - [STDERR_REDIRECT] [Fatal Error] :1:1: Premature end of file.
2026-10-01 23:49:28,900 [ERROR] LogOutputStream:75 - [STDERR_REDIRECT] 
2026-10-01 23:49:29,899 [ERROR] LogOutputStream:75 - [STDERR_REDIRECT] [Fatal Error] :1:1: Premature end of file.
2026-10-01 23:49:29,899 [ERROR] LogOutputStream:75 - [STDERR_REDIRECT] 
2026-10-01 23:49:30,908 [ERROR] LogOutputStream:75 - [STDERR_REDIRECT] [Fatal Error] :1:1: Premature end of file.
2026-10-01 23:49:30,908 [ERROR] LogOutputStream:75 - [STDERR_REDIRECT] 
2026-10-01 23:49:31,897 [ERROR] LogOutputStream:75 - [STDERR_REDIRECT] [Fatal Error] :1:1: Premature end of file.
2026-10-01 23:49:31,897 [ERROR] LogOutputStream:75 - [STDERR_REDIRECT] 
2026-10-01 23:49:32,894 [ERROR] LogOutputStream:75 - [STDERR_REDIRECT] [Fatal Error] :1:1: Premature end of file.
2026-10-01 23:49:32,894 [ERROR] LogOutputStream:75 - [STDERR_REDIRECT] 
2026-10-01 23:49:33,906 [ERROR] LogOutputStream:75 - [STDERR_REDIRECT] [Fatal Error] :1:1: Premature end of file.
2026-10-01 23:49:33,906 [ERROR] LogOutputStream:75 - [STDERR_REDIRECT] 
2026-10-01 23:49:34,888 [ERROR] LogOutputStream:75 - [STDERR_REDIRECT] [Fatal Error] :1:1: Premature end of file.
2026-10-01 23:49:34,888 [ERROR] LogOutputStream:75 - [STDERR_REDIRECT] 
2026-10-01 23:49:35,895 [ERROR] LogOutputStream:75 - [STDERR_REDIRECT] [Fatal Error] :1:1: Premature end of file.
2026-10-01 23:49:35,896 [ERROR] LogOutputStream:75 - [STDERR_REDIRECT] 
2026-10-01 23:49:36,900 [ERROR] LogOutputStream:75 - [STDERR_REDIRECT] [Fatal Error] :1:1: Premature end of file.
2026-10-01 23:49:36,900 [ERROR] LogOutputStream:75 - [STDERR_REDIRECT] 
2026-10-01 23:49:37,887 [ERROR] LogOutputStream:75 - [STDERR_REDIRECT] [Fatal Error] :1:1: Premature end of file.
2026-10-01 23:49:37,887 [ERROR] LogOutputStream:75 - [STDERR_REDIRECT] 
2026-10-01 23:49:38,904 [ERROR] LogOutputStream:75 - [STDERR_REDIRECT] [Fatal Error] :1:1: Premature end of file.
2026-10-01 23:49:38,904 [ERROR] LogOutputStream:75 - [STDERR_REDIRECT] 
2026-10-01 23:49:39,892 [ERROR] LogOutputStream:75 - [STDERR_REDIRECT] [Fatal Error] :1:1: Premature end of file.
2026-10-01 23:49:39,892 [ERROR] LogOutputStream:75 - [STDERR_REDIRECT] 
2026-10-01 23:49:40,901 [ERROR] LogOutputStream:75 - [STDERR_REDIRECT] [Fatal Error] :1:1: Premature end of file.
2026-10-01 23:49:40,901 [ERROR] LogOutputStream:75 - [STDERR_REDIRECT] 
2026-10-01 23:49:41,884 [ERROR] LogOutputStream:75 - [STDERR_REDIRECT] [Fatal Error] :1:1: Premature end of file.
2026-10-01 23:49:41,884 [ERROR] LogOutputStream:75 - [STDERR_REDIRECT] 
2026-10-01 23:49:42,887 [ERROR] LogOutputStream:75 - [STDERR_REDIRECT] [Fatal Error] :1:1: Premature end of file.
2026-10-01 23:49:42,887 [ERROR] LogOutputStream:75 - [STDERR_REDIRECT] 
2026-10-01 23:49:43,898 [ERROR] LogOutputStream:75 - [STDERR_REDIRECT] [Fatal Error] :1:1: Premature end of file.
2026-10-01 23:49:43,898 [ERROR] LogOutputStream:75 - [STDERR_REDIRECT] 
2026-10-01 23:49:44,892 [ERROR] LogOutputStream:75 - [STDERR_REDIRECT] [Fatal Error] :1:1: Premature end of file.
2026-10-01 23:49:44,892 [ERROR] LogOutputStream:75 - [STDERR_REDIRECT] 
2026-10-01 23:49:45,885 [ERROR] LogOutputStream:75 - [STDERR_REDIRECT] [Fatal Error] :1:1: Premature end of file.
2026-10-01 23:49:45,885 [ERROR] LogOutputStream:75 - [STDERR_REDIRECT] 
2026-10-01 23:49:46,899 [ERROR] LogOutputStream:75 - [STDERR_REDIRECT] [Fatal Error] :1:1: Premature end of file.
2026-10-01 23:49:46,901 [ERROR] LogOutputStream:75 - [STDERR_REDIRECT] 
2026-10-01 23:49:47,895 [ERROR] LogOutputStream:75 - [STDERR_REDIRECT] [Fatal Error] :1:1: Premature end of file.
2026-10-01 23:49:47,895 [ERROR] LogOutputStream:75 - [STDERR_REDIRECT] 
2026-10-01 23:49:48,900 [ERROR] LogOutputStream:75 - [STDERR_REDIRECT] [Fatal Error] :1:1: Premature end of file.
2026-10-01 23:49:48,900 [ERROR] LogOutputStream:75 - [STDERR_REDIRECT] 
2026-10-01 23:49:49,897 [ERROR] LogOutputStream:75 - [STDERR_REDIRECT] [Fatal Error] :1:1: Premature end of file.
2026-10-01 23:49:49,897 [ERROR] LogOutputStream:75 - [STDERR_REDIRECT] 
2026-10-01 23:49:50,892 [ERROR] LogOutputStream:75 - [STDERR_REDIRECT] [Fatal Error] :1:1: Premature end of file.
2026-10-01 23:49:50,898 [ERROR] LogOutputStream:75 - [STDERR_REDIRECT] 
2026-10-01 23:49:51,898 [ERROR] LogOutputStream:75 - [STDERR_REDIRECT] [Fatal Error] :1:1: Premature end of file.
2026-10-01 23:49:51,898 [ERROR] LogOutputStream:75 - [STDERR_REDIRECT] 
2026-10-01 23:49:52,907 [ERROR] LogOutputStream:75 - [STDERR_REDIRECT] [Fatal Error] :1:1: Premature end of file.
2026-10-01 23:49:52,907 [ERROR] LogOutputStream:75 - [STDERR_REDIRECT] 
2026-10-01 23:49:53,890 [ERROR] LogOutputStream:75 - [STDERR_REDIRECT] [Fatal Error] :1:1: Premature end of file.
2026-10-01 23:49:53,897 [ERROR] LogOutputStream:75 - [STDERR_REDIRECT] 
2026-10-01 23:49:54,914 [ERROR] LogOutputStream:75 - [STDERR_REDIRECT] [Fatal Error] :1:1: Premature end of file.
2026-10-01 23:49:54,914 [ERROR] LogOutputStream:75 - [STDERR_REDIRECT] 
2026-10-01 23:49:55,902 [ERROR] LogOutputStream:75 - [STDERR_REDIRECT] [Fatal Error] :1:1: Premature end of file.
2026-10-01 23:49:55,902 [ERROR] LogOutputStream:75 - [STDERR_REDIRECT] 
2026-10-01 23:49:56,882 [ERROR] LogOutputStream:75 - [STDERR_REDIRECT] [Fatal Error] :1:1: Premature end of file.
2026-10-01 23:49:56,882 [ERROR] LogOutputStream:75 - [STDERR_REDIRECT] 
2026-10-01 23:49:57,888 [ERROR] LogOutputStream:75 - [STDERR_REDIRECT] [Fatal Error] :1:1: Premature end of file.
2026-10-01 23:49:57,888 [ERROR] LogOutputStream:75 - [STDERR_REDIRECT] 
2026-10-01 23:49:58,922 [ERROR] LogOutputStream:75 - [STDERR_REDIRECT] [Fatal Error] :1:1: Premature end of file.
2026-10-01 23:49:58,922 [ERROR] LogOutputStream:75 - [STDERR_REDIRECT] 
2026-10-01 23:49:59,910 [ERROR] LogOutputStream:75 - [STDERR_REDIRECT] [Fatal Error] :1:1: Premature end of file.
2026-10-01 23:49:59,910 [ERROR] LogOutputStream:75 - [STDERR_REDIRECT] 
2026-10-01 23:50:00,885 [ERROR] LogOutputStream:75 - [STDERR_REDIRECT] [Fatal Error] :1:1: Premature end of file.
2026-10-01 23:50:00,890 [ERROR] LogOutputStream:75 - [STDERR_REDIRECT] 
2026-10-01 23:50:01,906 [ERROR] LogOutputStream:75 - [STDERR_REDIRECT] [Fatal Error] :1:1: Premature end of file.
2026-10-01 23:50:01,906 [ERROR] LogOutputStream:75 - [STDERR_REDIRECT] 
2026-10-01 23:50:02,923 [ERROR] LogOutputStream:75 - [STDERR_REDIRECT] [Fatal Error] :1:1: Premature end of file.
2026-10-01 23:50:02,923 [ERROR] LogOutputStream:75 - [STDERR_REDIRECT] 
2026-10-01 23:50:03,885 [ERROR] LogOutputStream:75 - [STDERR_REDIRECT] [Fatal Error] :1:1: Premature end of file.
2026-10-01 23:50:03,885 [ERROR] LogOutputStream:75 - [STDERR_REDIRECT] 
2026-10-01 23:50:04,884 [ERROR] LogOutputStream:75 - [STDERR_REDIRECT] [Fatal Error] :1:1: Premature end of file.
2026-10-01 23:50:04,884 [ERROR] LogOutputStream:75 - [STDERR_REDIRECT] 
2026-10-01 23:50:05,975 [ERROR] LogOutputStream:75 - [STDERR_REDIRECT] [Fatal Error] :1:1: Premature end of file.
2026-10-01 23:50:05,992 [ERROR] LogOutputStream:75 - [STDERR_REDIRECT] 
2026-10-01 23:50:06,886 [ERROR] LogOutputStream:75 - [STDERR_REDIRECT] [Fatal Error] :1:1: Premature end of file.
2026-10-01 23:50:06,886 [ERROR] LogOutputStream:75 - [STDERR_REDIRECT] 
2026-10-01 23:50:07,903 [ERROR] LogOutputStream:75 - [STDERR_REDIRECT] [Fatal Error] :1:1: Premature end of file.
2026-10-01 23:50:07,903 [ERROR] LogOutputStream:75 - [STDERR_REDIRECT] 
2026-10-01 23:50:08,881 [ERROR] LogOutputStream:75 - [STDERR_REDIRECT] [Fatal Error] :1:1: Premature end of file.
2026-10-01 23:50:08,881 [ERROR] LogOutputStream:75 - [STDERR_REDIRECT] 
2026-10-01 23:50:09,895 [ERROR] LogOutputStream:75 - [STDERR_REDIRECT] [Fatal Error] :1:1: Premature end of file.
2026-10-01 23:50:09,895 [ERROR] LogOutputStream:75 - [STDERR_REDIRECT] 
2026-10-01 23:50:10,897 [ERROR] LogOutputStream:75 - [STDERR_REDIRECT] [Fatal Error] :1:1: Premature end of file.
2026-10-01 23:50:10,897 [ERROR] LogOutputStream:75 - [STDERR_REDIRECT] 
2026-10-01 23:50:11,894 [ERROR] LogOutputStream:75 - [STDERR_REDIRECT] [Fatal Error] :1:1: Premature end of file.
2026-10-01 23:50:11,894 [ERROR] LogOutputStream:75 - [STDERR_REDIRECT] 
2026-10-01 23:50:12,891 [ERROR] LogOutputStream:75 - [STDERR_REDIRECT] [Fatal Error] :1:1: Premature end of file.
2026-10-01 23:50:12,893 [ERROR] LogOutputStream:75 - [STDERR_REDIRECT] 
2026-10-01 23:50:13,885 [ERROR] LogOutputStream:75 - [STDERR_REDIRECT] [Fatal Error] :1:1: Premature end of file.
2026-10-01 23:50:13,889 [ERROR] LogOutputStream:75 - [STDERR_REDIRECT] 
2026-10-01 23:50:14,890 [ERROR] LogOutputStream:75 - [STDERR_REDIRECT] [Fatal Error] :1:1: Premature end of file.
2026-10-01 23:50:14,890 [ERROR] LogOutputStream:75 - [STDERR_REDIRECT] 
2026-10-01 23:50:15,897 [ERROR] LogOutputStream:75 - [STDERR_REDIRECT] [Fatal Error] :1:1: Premature end of file.
2026-10-01 23:50:15,897 [ERROR] LogOutputStream:75 - [STDERR_REDIRECT] 
2026-10-01 23:50:16,881 [ERROR] LogOutputStream:75 - [STDERR_REDIRECT] [Fatal Error] :1:1: Premature end of file.
2026-10-01 23:50:16,881 [ERROR] LogOutputStream:75 - [STDERR_REDIRECT] 
2026-10-01 23:50:17,885 [ERROR] LogOutputStream:75 - [STDERR_REDIRECT] [Fatal Error] :1:1: Premature end of file.
2026-10-01 23:50:17,885 [ERROR] LogOutputStream:75 - [STDERR_REDIRECT] 
2026-10-01 23:50:18,893 [ERROR] LogOutputStream:75 - [STDERR_REDIRECT] [Fatal Error] :1:1: Premature end of file.
2026-10-01 23:50:18,893 [ERROR] LogOutputStream:75 - [STDERR_REDIRECT] 
2026-10-01 23:50:19,895 [ERROR] LogOutputStream:75 - [STDERR_REDIRECT] [Fatal Error] :1:1: Premature end of file.
2026-10-01 23:50:19,895 [ERROR] LogOutputStream:75 - [STDERR_REDIRECT] 
2026-10-01 23:50:20,906 [ERROR] LogOutputStream:75 - [STDERR_REDIRECT] [Fatal Error] :1:1: Premature end of file.
2026-10-01 23:50:20,906 [ERROR] LogOutputStream:75 - [STDERR_REDIRECT] 
2026-10-01 23:50:21,892 [ERROR] LogOutputStream:75 - [STDERR_REDIRECT] [Fatal Error] :1:1: Premature end of file.
2026-10-01 23:50:21,892 [ERROR] LogOutputStream:75 - [STDERR_REDIRECT] 
2026-10-01 23:50:22,892 [ERROR] LogOutputStream:75 - [STDERR_REDIRECT] [Fatal Error] :1:1: Premature end of file.
2026-10-01 23:50:22,892 [ERROR] LogOutputStream:75 - [STDERR_REDIRECT] 
2026-10-01 23:50:23,894 [ERROR] LogOutputStream:75 - [STDERR_REDIRECT] [Fatal Error] :1:1: Premature end of file.
2026-10-01 23:50:23,894 [ERROR] LogOutputStream:75 - [STDERR_REDIRECT] 
2026-10-01 23:50:24,892 [ERROR] LogOutputStream:75 - [STDERR_REDIRECT] [Fatal Error] :1:1: Premature end of file.
2026-10-01 23:50:24,892 [ERROR] LogOutputStream:75 - [STDERR_REDIRECT] 
2026-10-01 23:50:25,897 [ERROR] LogOutputStream:75 - [STDERR_REDIRECT] [Fatal Error] :1:1: Premature end of file.
2026-10-01 23:50:25,897 [ERROR] LogOutputStream:75 - [STDERR_REDIRECT] 
2026-10-01 23:50:26,886 [ERROR] LogOutputStream:75 - [STDERR_REDIRECT] [Fatal Error] :1:1: Premature end of file.
2026-10-01 23:50:26,892 [ERROR] LogOutputStream:75 - [STDERR_REDIRECT] 
2026-10-01 23:50:27,889 [ERROR] LogOutputStream:75 - [STDERR_REDIRECT] [Fatal Error] :1:1: Premature end of file.
2026-10-01 23:50:27,889 [ERROR] LogOutputStream:75 - [STDERR_REDIRECT] 
2026-10-01 23:50:28,899 [ERROR] LogOutputStream:75 - [STDERR_REDIRECT] [Fatal Error] :1:1: Premature end of file.
2026-10-01 23:50:28,899 [ERROR] LogOutputStream:75 - [STDERR_REDIRECT] 
2026-10-01 23:50:29,887 [ERROR] LogOutputStream:75 - [STDERR_REDIRECT] [Fatal Error] :1:1: Premature end of file.
2026-10-01 23:50:29,887 [ERROR] LogOutputStream:75 - [STDERR_REDIRECT] 
2026-10-01 23:50:30,876 [ERROR] LogOutputStream:75 - [STDERR_REDIRECT] [Fatal Error] :1:1: Premature end of file.
2026-10-01 23:50:30,876 [ERROR] LogOutputStream:75 - [STDERR_REDIRECT] 
2026-10-01 23:50:31,902 [ERROR] LogOutputStream:75 - [STDERR_REDIRECT] [Fatal Error] :1:1: Premature end of file.
2026-10-01 23:50:31,903 [ERROR] LogOutputStream:75 - [STDERR_REDIRECT] 
2026-10-01 23:50:32,897 [ERROR] LogOutputStream:75 - [STDERR_REDIRECT] [Fatal Error] :1:1: Premature end of file.
2026-10-01 23:50:32,897 [ERROR] LogOutputStream:75 - [STDERR_REDIRECT] 
2026-10-01 23:50:33,890 [ERROR] LogOutputStream:75 - [STDERR_REDIRECT] [Fatal Error] :1:1: Premature end of file.
2026-10-01 23:50:33,890 [ERROR] LogOutputStream:75 - [STDERR_REDIRECT] 
2026-10-01 23:50:34,898 [ERROR] LogOutputStream:75 - [STDERR_REDIRECT] [Fatal Error] :1:1: Premature end of file.
2026-10-01 23:50:34,898 [ERROR] LogOutputStream:75 - [STDERR_REDIRECT] 
2026-10-01 23:50:35,901 [ERROR] LogOutputStream:75 - [STDERR_REDIRECT] [Fatal Error] :1:1: Premature end of file.
2026-10-01 23:50:35,901 [ERROR] LogOutputStream:75 - [STDERR_REDIRECT] 
2026-10-01 23:50:36,969 [ERROR] LogOutputStream:75 - [STDERR_REDIRECT] [Fatal Error] :1:1: Premature end of file.
2026-10-01 23:50:36,969 [ERROR] LogOutputStream:75 - [STDERR_REDIRECT] 
2026-10-01 23:50:37,874 [ERROR] LogOutputStream:75 - [STDERR_REDIRECT] [Fatal Error] :1:1: Premature end of file.
2026-10-01 23:50:37,874 [ERROR] LogOutputStream:75 - [STDERR_REDIRECT] 
2026-10-01 23:50:38,903 [ERROR] LogOutputStream:75 - [STDERR_REDIRECT] [Fatal Error] :1:1: Premature end of file.
2026-10-01 23:50:38,903 [ERROR] LogOutputStream:75 - [STDERR_REDIRECT] 
2026-10-01 23:50:39,905 [ERROR] LogOutputStream:75 - [STDERR_REDIRECT] [Fatal Error] :1:1: Premature end of file.
2026-10-01 23:50:39,905 [ERROR] LogOutputStream:75 - [STDERR_REDIRECT] 
2026-10-01 23:50:40,876 [ERROR] LogOutputStream:75 - [STDERR_REDIRECT] [Fatal Error] :1:1: Premature end of file.
2026-10-01 23:50:40,876 [ERROR] LogOutputStream:75 - [STDERR_REDIRECT] 
2026-10-01 23:50:41,897 [ERROR] LogOutputStream:75 - [STDERR_REDIRECT] [Fatal Error] :1:1: Premature end of file.
2026-10-01 23:50:41,897 [ERROR] LogOutputStream:75 - [STDERR_REDIRECT] 
2026-10-01 23:50:42,899 [ERROR] LogOutputStream:75 - [STDERR_REDIRECT] [Fatal Error] :1:1: Premature end of file.
2026-10-01 23:50:42,899 [ERROR] LogOutputStream:75 - [STDERR_REDIRECT] 
2026-10-01 23:50:43,903 [ERROR] LogOutputStream:75 - [STDERR_REDIRECT] [Fatal Error] :1:1: Premature end of file.
2026-10-01 23:50:43,903 [ERROR] LogOutputStream:75 - [STDERR_REDIRECT] 
2026-10-01 23:50:44,898 [ERROR] LogOutputStream:75 - [STDERR_REDIRECT] [Fatal Error] :1:1: Premature end of file.
2026-10-01 23:50:44,898 [ERROR] LogOutputStream:75 - [STDERR_REDIRECT] 
2026-10-01 23:50:45,897 [ERROR] LogOutputStream:75 - [STDERR_REDIRECT] [Fatal Error] :1:1: Premature end of file.
2026-10-01 23:50:45,897 [ERROR] LogOutputStream:75 - [STDERR_REDIRECT] 
2026-10-01 23:50:46,887 [ERROR] LogOutputStream:75 - [STDERR_REDIRECT] [Fatal Error] :1:1: Premature end of file.
2026-10-01 23:50:46,887 [ERROR] LogOutputStream:75 - [STDERR_REDIRECT] 
2026-10-01 23:50:47,885 [ERROR] LogOutputStream:75 - [STDERR_REDIRECT] [Fatal Error] :1:1: Premature end of file.
2026-10-01 23:50:47,885 [ERROR] LogOutputStream:75 - [STDERR_REDIRECT] 
2026-10-01 23:50:48,902 [ERROR] LogOutputStream:75 - [STDERR_REDIRECT] [Fatal Error] :1:1: Premature end of file.
2026-10-01 23:50:48,902 [ERROR] LogOutputStream:75 - [STDERR_REDIRECT] 
2026-10-01 23:50:49,888 [ERROR] LogOutputStream:75 - [STDERR_REDIRECT] [Fatal Error] :1:1: Premature end of file.
2026-10-01 23:50:49,888 [ERROR] LogOutputStream:75 - [STDERR_REDIRECT] 
2026-10-01 23:50:50,893 [ERROR] LogOutputStream:75 - [STDERR_REDIRECT] [Fatal Error] :1:1: Premature end of file.
2026-10-01 23:50:50,893 [ERROR] LogOutputStream:75 - [STDERR_REDIRECT] 
2026-10-01 23:50:51,901 [ERROR] LogOutputStream:75 - [STDERR_REDIRECT] [Fatal Error] :1:1: Premature end of file.
2026-10-01 23:50:51,901 [ERROR] LogOutputStream:75 - [STDERR_REDIRECT] 
2026-10-01 23:50:52,881 [ERROR] LogOutputStream:75 - [STDERR_REDIRECT] [Fatal Error] :1:1: Premature end of file.
2026-10-01 23:50:52,881 [ERROR] LogOutputStream:75 - [STDERR_REDIRECT] 
2026-10-01 23:50:53,896 [ERROR] LogOutputStream:75 - [STDERR_REDIRECT] [Fatal Error] :1:1: Premature end of file.
2026-10-01 23:50:53,896 [ERROR] LogOutputStream:75 - [STDERR_REDIRECT] 
2026-10-01 23:50:54,895 [ERROR] LogOutputStream:75 - [STDERR_REDIRECT] [Fatal Error] :1:1: Premature end of file.
2026-10-01 23:50:54,896 [ERROR] LogOutputStream:75 - [STDERR_REDIRECT] 
2026-10-01 23:50:55,890 [ERROR] LogOutputStream:75 - [STDERR_REDIRECT] [Fatal Error] :1:1: Premature end of file.
2026-10-01 23:50:55,890 [ERROR] LogOutputStream:75 - [STDERR_REDIRECT] 
2026-10-01 23:50:56,888 [ERROR] LogOutputStream:75 - [STDERR_REDIRECT] [Fatal Error] :1:1: Premature end of file.
2026-10-01 23:50:56,888 [ERROR] LogOutputStream:75 - [STDERR_REDIRECT] 
2026-10-01 23:50:57,900 [ERROR] LogOutputStream:75 - [STDERR_REDIRECT] [Fatal Error] :1:1: Premature end of file.
2026-10-01 23:50:57,900 [ERROR] LogOutputStream:75 - [STDERR_REDIRECT] 
2026-10-01 23:50:59,293 [ERROR] LogOutputStream:75 - [STDERR_REDIRECT] [Fatal Error] :1:1: Premature end of file.
2026-10-01 23:50:59,293 [ERROR] LogOutputStream:75 - [STDERR_REDIRECT] 
2026-10-01 23:50:59,885 [ERROR] LogOutputStream:75 - [STDERR_REDIRECT] [Fatal Error] :1:1: Premature end of file.
2026-10-01 23:50:59,887 [ERROR] LogOutputStream:75 - [STDERR_REDIRECT] 
2026-10-01 23:51:00,900 [ERROR] LogOutputStream:75 - [STDERR_REDIRECT] [Fatal Error] :1:1: Premature end of file.
2026-10-01 23:51:00,901 [ERROR] LogOutputStream:75 - [STDERR_REDIRECT] 
2026-10-01 23:51:01,884 [ERROR] LogOutputStream:75 - [STDERR_REDIRECT] [Fatal Error] :1:1: Premature end of file.
2026-10-01 23:51:01,884 [ERROR] LogOutputStream:75 - [STDERR_REDIRECT] 
2026-10-01 23:51:02,891 [ERROR] LogOutputStream:75 - [STDERR_REDIRECT] [Fatal Error] :1:1: Premature end of file.
2026-10-01 23:51:02,891 [ERROR] LogOutputStream:75 - [STDERR_REDIRECT] 
2026-10-01 23:51:03,899 [ERROR] LogOutputStream:75 - [STDERR_REDIRECT] [Fatal Error] :1:1: Premature end of file.
2026-10-01 23:51:03,899 [ERROR] LogOutputStream:75 - [STDERR_REDIRECT] 
2026-10-01 23:51:04,899 [ERROR] LogOutputStream:75 - [STDERR_REDIRECT] [Fatal Error] :1:1: Premature end of file.
2026-10-01 23:51:04,899 [ERROR] LogOutputStream:75 - [STDERR_REDIRECT] 
2026-10-01 23:51:05,881 [ERROR] LogOutputStream:75 - [STDERR_REDIRECT] [Fatal Error] :1:1: Premature end of file.
2026-10-01 23:51:05,881 [ERROR] LogOutputStream:75 - [STDERR_REDIRECT] 
2026-10-01 23:51:06,884 [ERROR] LogOutputStream:75 - [STDERR_REDIRECT] [Fatal Error] :1:1: Premature end of file.
2026-10-01 23:51:06,884 [ERROR] LogOutputStream:75 - [STDERR_REDIRECT] 
2026-10-01 23:51:07,901 [ERROR] LogOutputStream:75 - [STDERR_REDIRECT] [Fatal Error] :1:1: Premature end of file.
2026-10-01 23:51:07,901 [ERROR] LogOutputStream:75 - [STDERR_REDIRECT] 
2026-10-01 23:51:08,877 [ERROR] LogOutputStream:75 - [STDERR_REDIRECT] [Fatal Error] :1:1: Premature end of file.
2026-10-01 23:51:08,879 [ERROR] LogOutputStream:75 - [STDERR_REDIRECT] 
2026-10-01 23:51:09,923 [ERROR] LogOutputStream:75 - [STDERR_REDIRECT] [Fatal Error] :1:1: Premature end of file.
2026-10-01 23:51:09,925 [ERROR] LogOutputStream:75 - [STDERR_REDIRECT] 
2026-10-01 23:51:10,902 [ERROR] LogOutputStream:75 - [STDERR_REDIRECT] [Fatal Error] :1:1: Premature end of file.
2026-10-01 23:51:10,902 [ERROR] LogOutputStream:75 - [STDERR_REDIRECT] 
2026-10-01 23:51:12,006 [ERROR] LogOutputStream:75 - [STDERR_REDIRECT] [Fatal Error] :1:1: Premature end of file.
2026-10-01 23:51:12,006 [ERROR] LogOutputStream:75 - [STDERR_REDIRECT] 
2026-10-01 23:51:12,890 [ERROR] LogOutputStream:75 - [STDERR_REDIRECT] [Fatal Error] :1:1: Premature end of file.
2026-10-01 23:51:12,890 [ERROR] LogOutputStream:75 - [STDERR_REDIRECT] 
2026-10-01 23:51:13,886 [ERROR] LogOutputStream:75 - [STDERR_REDIRECT] [Fatal Error] :1:1: Premature end of file.
2026-10-01 23:51:13,886 [ERROR] LogOutputStream:75 - [STDERR_REDIRECT] 
2026-10-01 23:51:14,882 [ERROR] LogOutputStream:75 - [STDERR_REDIRECT] [Fatal Error] :1:1: Premature end of file.
2026-10-01 23:51:14,882 [ERROR] LogOutputStream:75 - [STDERR_REDIRECT] 
2026-10-01 23:51:15,878 [ERROR] LogOutputStream:75 - [STDERR_REDIRECT] [Fatal Error] :1:1: Premature end of file.
2026-10-01 23:51:15,878 [ERROR] LogOutputStream:75 - [STDERR_REDIRECT] 
2026-10-01 23:51:16,885 [ERROR] LogOutputStream:75 - [STDERR_REDIRECT] [Fatal Error] :1:1: Premature end of file.
2026-10-01 23:51:16,885 [ERROR] LogOutputStream:75 - [STDERR_REDIRECT] 
2026-10-01 23:51:17,888 [ERROR] LogOutputStream:75 - [STDERR_REDIRECT] [Fatal Error] :1:1: Premature end of file.
2026-10-01 23:51:17,888 [ERROR] LogOutputStream:75 - [STDERR_REDIRECT] 
2026-10-01 23:51:18,881 [ERROR] LogOutputStream:75 - [STDERR_REDIRECT] [Fatal Error] :1:1: Premature end of file.
2026-10-01 23:51:18,881 [ERROR] LogOutputStream:75 - [STDERR_REDIRECT] 
2026-10-01 23:51:19,891 [ERROR] LogOutputStream:75 - [STDERR_REDIRECT] [Fatal Error] :1:1: Premature end of file.
2026-10-01 23:51:19,891 [ERROR] LogOutputStream:75 - [STDERR_REDIRECT] 
2026-10-01 23:51:20,884 [ERROR] LogOutputStream:75 - [STDERR_REDIRECT] [Fatal Error] :1:1: Premature end of file.
2026-10-01 23:51:20,884 [ERROR] LogOutputStream:75 - [STDERR_REDIRECT] 
2026-10-01 23:51:21,888 [ERROR] LogOutputStream:75 - [STDERR_REDIRECT] [Fatal Error] :1:1: Premature end of file.
2026-10-01 23:51:21,888 [ERROR] LogOutputStream:75 - [STDERR_REDIRECT] 
2026-10-01 23:51:22,894 [ERROR] LogOutputStream:75 - [STDERR_REDIRECT] [Fatal Error] :1:1: Premature end of file.
2026-10-01 23:51:22,894 [ERROR] LogOutputStream:75 - [STDERR_REDIRECT] 
2026-10-01 23:51:23,890 [ERROR] LogOutputStream:75 - [STDERR_REDIRECT] [Fatal Error] :1:1: Premature end of file.
2026-10-01 23:51:23,890 [ERROR] LogOutputStream:75 - [STDERR_REDIRECT] 
2026-10-01 23:51:24,891 [ERROR] LogOutputStream:75 - [STDERR_REDIRECT] [Fatal Error] :1:1: Premature end of file.
2026-10-01 23:51:24,891 [ERROR] LogOutputStream:75 - [STDERR_REDIRECT] 
2026-10-01 23:51:25,913 [ERROR] LogOutputStream:75 - [STDERR_REDIRECT] [Fatal Error] :1:1: Premature end of file.
2026-10-01 23:51:25,913 [ERROR] LogOutputStream:75 - [STDERR_REDIRECT] 
2026-10-01 23:51:26,889 [ERROR] LogOutputStream:75 - [STDERR_REDIRECT] [Fatal Error] :1:1: Premature end of file.
2026-10-01 23:51:26,889 [ERROR] LogOutputStream:75 - [STDERR_REDIRECT] 
2026-10-01 23:51:27,882 [ERROR] LogOutputStream:75 - [STDERR_REDIRECT] [Fatal Error] :1:1: Premature end of file.
2026-10-01 23:51:27,882 [ERROR] LogOutputStream:75 - [STDERR_REDIRECT] 
2026-10-01 23:51:28,892 [ERROR] LogOutputStream:75 - [STDERR_REDIRECT] [Fatal Error] :1:1: Premature end of file.
2026-10-01 23:51:28,892 [ERROR] LogOutputStream:75 - [STDERR_REDIRECT] 
2026-10-01 23:51:29,885 [ERROR] LogOutputStream:75 - [STDERR_REDIRECT] [Fatal Error] :1:1: Premature end of file.
2026-10-01 23:51:29,886 [ERROR] LogOutputStream:75 - [STDERR_REDIRECT] 
2026-10-01 23:51:30,881 [ERROR] LogOutputStream:75 - [STDERR_REDIRECT] [Fatal Error] :1:1: Premature end of file.
2026-10-01 23:51:30,881 [ERROR] LogOutputStream:75 - [STDERR_REDIRECT] 
2026-10-01 23:51:31,905 [ERROR] LogOutputStream:75 - [STDERR_REDIRECT] [Fatal Error] :1:1: Premature end of file.
2026-10-01 23:51:31,905 [ERROR] LogOutputStream:75 - [STDERR_REDIRECT] 
2026-10-01 23:51:32,888 [ERROR] LogOutputStream:75 - [STDERR_REDIRECT] [Fatal Error] :1:1: Premature end of file.
2026-10-01 23:51:32,888 [ERROR] LogOutputStream:75 - [STDERR_REDIRECT] 
2026-10-01 23:51:33,887 [ERROR] LogOutputStream:75 - [STDERR_REDIRECT] [Fatal Error] :1:1: Premature end of file.
2026-10-01 23:51:33,887 [ERROR] LogOutputStream:75 - [STDERR_REDIRECT] 
2026-10-01 23:51:34,887 [ERROR] LogOutputStream:75 - [STDERR_REDIRECT] [Fatal Error] :1:1: Premature end of file.
2026-10-01 23:51:34,887 [ERROR] LogOutputStream:75 - [STDERR_REDIRECT] 
2026-10-01 23:51:35,883 [ERROR] LogOutputStream:75 - [STDERR_REDIRECT] [Fatal Error] :1:1: Premature end of file.
2026-10-01 23:51:35,883 [ERROR] LogOutputStream:75 - [STDERR_REDIRECT] 
2026-10-01 23:51:36,878 [ERROR] LogOutputStream:75 - [STDERR_REDIRECT] [Fatal Error] :1:1: Premature end of file.
2026-10-01 23:51:36,878 [ERROR] LogOutputStream:75 - [STDERR_REDIRECT] 
2026-10-01 23:51:37,882 [ERROR] LogOutputStream:75 - [STDERR_REDIRECT] [Fatal Error] :1:1: Premature end of file.
2026-10-01 23:51:37,882 [ERROR] LogOutputStream:75 - [STDERR_REDIRECT] 
2026-10-01 23:51:38,890 [ERROR] LogOutputStream:75 - [STDERR_REDIRECT] [Fatal Error] :1:1: Premature end of file.
2026-10-01 23:51:38,890 [ERROR] LogOutputStream:75 - [STDERR_REDIRECT] 
2026-10-01 23:51:39,887 [ERROR] LogOutputStream:75 - [STDERR_REDIRECT] [Fatal Error] :1:1: Premature end of file.
2026-10-01 23:51:39,887 [ERROR] LogOutputStream:75 - [STDERR_REDIRECT] 
2026-10-01 23:51:40,889 [ERROR] LogOutputStream:75 - [STDERR_REDIRECT] [Fatal Error] :1:1: Premature end of file.
2026-10-01 23:51:40,889 [ERROR] LogOutputStream:75 - [STDERR_REDIRECT] 
2026-10-01 23:51:41,889 [ERROR] LogOutputStream:75 - [STDERR_REDIRECT] [Fatal Error] :1:1: Premature end of file.
2026-10-01 23:51:41,889 [ERROR] LogOutputStream:75 - [STDERR_REDIRECT] 
2026-10-01 23:51:42,887 [ERROR] LogOutputStream:75 - [STDERR_REDIRECT] [Fatal Error] :1:1: Premature end of file.
2026-10-01 23:51:42,887 [ERROR] LogOutputStream:75 - [STDERR_REDIRECT] 
2026-10-01 23:51:43,887 [ERROR] LogOutputStream:75 - [STDERR_REDIRECT] [Fatal Error] :1:1: Premature end of file.
2026-10-01 23:51:43,887 [ERROR] LogOutputStream:75 - [STDERR_REDIRECT] 
2026-10-01 23:51:44,885 [ERROR] LogOutputStream:75 - [STDERR_REDIRECT] [Fatal Error] :1:1: Premature end of file.
2026-10-01 23:51:44,885 [ERROR] LogOutputStream:75 - [STDERR_REDIRECT] 
2026-10-01 23:51:45,879 [ERROR] LogOutputStream:75 - [STDERR_REDIRECT] [Fatal Error] :1:1: Premature end of file.
2026-10-01 23:51:45,880 [ERROR] LogOutputStream:75 - [STDERR_REDIRECT] 
2026-10-01 23:51:46,890 [ERROR] LogOutputStream:75 - [STDERR_REDIRECT] [Fatal Error] :1:1: Premature end of file.
2026-10-01 23:51:46,890 [ERROR] LogOutputStream:75 - [STDERR_REDIRECT] 
2026-10-01 23:51:47,891 [ERROR] LogOutputStream:75 - [STDERR_REDIRECT] [Fatal Error] :1:1: Premature end of file.
2026-10-01 23:51:47,891 [ERROR] LogOutputStream:75 - [STDERR_REDIRECT] 
2026-10-01 23:51:48,889 [ERROR] LogOutputStream:75 - [STDERR_REDIRECT] [Fatal Error] :1:1: Premature end of file.
2026-10-01 23:51:48,889 [ERROR] LogOutputStream:75 - [STDERR_REDIRECT] 
2026-10-01 23:51:49,889 [ERROR] LogOutputStream:75 - [STDERR_REDIRECT] [Fatal Error] :1:1: Premature end of file.
2026-10-01 23:51:49,889 [ERROR] LogOutputStream:75 - [STDERR_REDIRECT] 
2026-10-01 23:51:50,890 [ERROR] LogOutputStream:75 - [STDERR_REDIRECT] [Fatal Error] :1:1: Premature end of file.
2026-10-01 23:51:50,890 [ERROR] LogOutputStream:75 - [STDERR_REDIRECT] 
2026-10-01 23:51:51,888 [ERROR] LogOutputStream:75 - [STDERR_REDIRECT] [Fatal Error] :1:1: Premature end of file.
2026-10-01 23:51:51,888 [ERROR] LogOutputStream:75 - [STDERR_REDIRECT] 
2026-10-01 23:51:52,889 [ERROR] LogOutputStream:75 - [STDERR_REDIRECT] [Fatal Error] :1:1: Premature end of file.
2026-10-01 23:51:52,889 [ERROR] LogOutputStream:75 - [STDERR_REDIRECT] 
2026-10-01 23:51:53,884 [ERROR] LogOutputStream:75 - [STDERR_REDIRECT] [Fatal Error] :1:1: Premature end of file.
2026-10-01 23:51:53,884 [ERROR] LogOutputStream:75 - [STDERR_REDIRECT] 
2026-10-01 23:51:54,887 [ERROR] LogOutputStream:75 - [STDERR_REDIRECT] [Fatal Error] :1:1: Premature end of file.
2026-10-01 23:51:54,887 [ERROR] LogOutputStream:75 - [STDERR_REDIRECT] 
2026-10-01 23:51:55,884 [ERROR] LogOutputStream:75 - [STDERR_REDIRECT] [Fatal Error] :1:1: Premature end of file.
2026-10-01 23:51:55,884 [ERROR] LogOutputStream:75 - [STDERR_REDIRECT] 
2026-10-01 23:51:56,887 [ERROR] LogOutputStream:75 - [STDERR_REDIRECT] [Fatal Error] :1:1: Premature end of file.
2026-10-01 23:51:56,887 [ERROR] LogOutputStream:75 - [STDERR_REDIRECT] 
2026-10-01 23:51:57,888 [ERROR] LogOutputStream:75 - [STDERR_REDIRECT] [Fatal Error] :1:1: Premature end of file.
2026-10-01 23:51:57,888 [ERROR] LogOutputStream:75 - [STDERR_REDIRECT] 
2026-10-01 23:51:58,887 [ERROR] LogOutputStream:75 - [STDERR_REDIRECT] [Fatal Error] :1:1: Premature end of file.
2026-10-01 23:51:58,888 [ERROR] LogOutputStream:75 - [STDERR_REDIRECT] 
2026-10-01 23:51:59,886 [ERROR] LogOutputStream:75 - [STDERR_REDIRECT] [Fatal Error] :1:1: Premature end of file.
2026-10-01 23:51:59,886 [ERROR] LogOutputStream:75 - [STDERR_REDIRECT] 
2026-10-01 23:52:01,001 [ERROR] LogOutputStream:75 - [STDERR_REDIRECT] [Fatal Error] :1:1: Premature end of file.
2026-10-01 23:52:01,002 [ERROR] LogOutputStream:75 - [STDERR_REDIRECT] 
2026-10-01 23:52:01,891 [ERROR] LogOutputStream:75 - [STDERR_REDIRECT] [Fatal Error] :1:1: Premature end of file.
2026-10-01 23:52:01,891 [ERROR] LogOutputStream:75 - [STDERR_REDIRECT] 
2026-10-01 23:52:02,892 [ERROR] LogOutputStream:75 - [STDERR_REDIRECT] [Fatal Error] :1:1: Premature end of file.
2026-10-01 23:52:02,892 [ERROR] LogOutputStream:75 - [STDERR_REDIRECT] 
2026-10-01 23:52:03,906 [ERROR] LogOutputStream:75 - [STDERR_REDIRECT] [Fatal Error] :1:1: Premature end of file.
2026-10-01 23:52:03,906 [ERROR] LogOutputStream:75 - [STDERR_REDIRECT] 
2026-10-01 23:52:04,899 [ERROR] LogOutputStream:75 - [STDERR_REDIRECT] [Fatal Error] :1:1: Premature end of file.
2026-10-01 23:52:04,899 [ERROR] LogOutputStream:75 - [STDERR_REDIRECT] 
2026-10-01 23:52:05,888 [ERROR] LogOutputStream:75 - [STDERR_REDIRECT] [Fatal Error] :1:1: Premature end of file.
2026-10-01 23:52:05,888 [ERROR] LogOutputStream:75 - [STDERR_REDIRECT] 
2026-10-01 23:52:06,896 [ERROR] LogOutputStream:75 - [STDERR_REDIRECT] [Fatal Error] :1:1: Premature end of file.
2026-10-01 23:52:06,896 [ERROR] LogOutputStream:75 - [STDERR_REDIRECT] 
2026-10-01 23:52:07,900 [ERROR] LogOutputStream:75 - [STDERR_REDIRECT] [Fatal Error] :1:1: Premature end of file.
2026-10-01 23:52:07,900 [ERROR] LogOutputStream:75 - [STDERR_REDIRECT] 
2026-10-01 23:52:08,900 [ERROR] LogOutputStream:75 - [STDERR_REDIRECT] [Fatal Error] :1:1: Premature end of file.
2026-10-01 23:52:08,901 [ERROR] LogOutputStream:75 - [STDERR_REDIRECT] 
2026-10-01 23:52:09,892 [ERROR] LogOutputStream:75 - [STDERR_REDIRECT] [Fatal Error] :1:1: Premature end of file.
2026-10-01 23:52:09,892 [ERROR] LogOutputStream:75 - [STDERR_REDIRECT] 
2026-10-01 23:52:10,884 [ERROR] LogOutputStream:75 - [STDERR_REDIRECT] [Fatal Error] :1:1: Premature end of file.
2026-10-01 23:52:10,884 [ERROR] LogOutputStream:75 - [STDERR_REDIRECT] 
2026-10-01 23:52:11,883 [ERROR] LogOutputStream:75 - [STDERR_REDIRECT] [Fatal Error] :1:1: Premature end of file.
2026-10-01 23:52:11,883 [ERROR] LogOutputStream:75 - [STDERR_REDIRECT] 
2026-10-01 23:52:12,884 [ERROR] LogOutputStream:75 - [STDERR_REDIRECT] [Fatal Error] :1:1: Premature end of file.
2026-10-01 23:52:12,884 [ERROR] LogOutputStream:75 - [STDERR_REDIRECT] 
2026-10-01 23:52:13,885 [ERROR] LogOutputStream:75 - [STDERR_REDIRECT] [Fatal Error] :1:1: Premature end of file.
2026-10-01 23:52:13,885 [ERROR] LogOutputStream:75 - [STDERR_REDIRECT] 
2026-10-01 23:52:14,886 [ERROR] LogOutputStream:75 - [STDERR_REDIRECT] [Fatal Error] :1:1: Premature end of file.
2026-10-01 23:52:14,886 [ERROR] LogOutputStream:75 - [STDERR_REDIRECT] 
2026-10-01 23:52:15,890 [ERROR] LogOutputStream:75 - [STDERR_REDIRECT] [Fatal Error] :1:1: Premature end of file.
2026-10-01 23:52:15,890 [ERROR] LogOutputStream:75 - [STDERR_REDIRECT] 
2026-10-01 23:52:16,887 [ERROR] LogOutputStream:75 - [STDERR_REDIRECT] [Fatal Error] :1:1: Premature end of file.
2026-10-01 23:52:16,887 [ERROR] LogOutputStream:75 - [STDERR_REDIRECT] 
2026-10-01 23:52:17,895 [ERROR] LogOutputStream:75 - [STDERR_REDIRECT] [Fatal Error] :1:1: Premature end of file.
2026-10-01 23:52:17,895 [ERROR] LogOutputStream:75 - [STDERR_REDIRECT] 
2026-10-01 23:52:18,892 [ERROR] LogOutputStream:75 - [STDERR_REDIRECT] [Fatal Error] :1:1: Premature end of file.
2026-10-01 23:52:18,892 [ERROR] LogOutputStream:75 - [STDERR_REDIRECT] 
2026-10-01 23:52:19,888 [ERROR] LogOutputStream:75 - [STDERR_REDIRECT] [Fatal Error] :1:1: Premature end of file.
2026-10-01 23:52:19,888 [ERROR] LogOutputStream:75 - [STDERR_REDIRECT] 
2026-10-01 23:52:20,879 [ERROR] LogOutputStream:75 - [STDERR_REDIRECT] [Fatal Error] :1:1: Premature end of file.
2026-10-01 23:52:20,879 [ERROR] LogOutputStream:75 - [STDERR_REDIRECT] 
2026-10-01 23:52:21,891 [ERROR] LogOutputStream:75 - [STDERR_REDIRECT] [Fatal Error] :1:1: Premature end of file.
2026-10-01 23:52:21,891 [ERROR] LogOutputStream:75 - [STDERR_REDIRECT] 
2026-10-01 23:52:22,891 [ERROR] LogOutputStream:75 - [STDERR_REDIRECT] [Fatal Error] :1:1: Premature end of file.
2026-10-01 23:52:22,891 [ERROR] LogOutputStream:75 - [STDERR_REDIRECT] 
2026-10-01 23:52:23,896 [ERROR] LogOutputStream:75 - [STDERR_REDIRECT] [Fatal Error] :1:1: Premature end of file.
2026-10-01 23:52:23,896 [ERROR] LogOutputStream:75 - [STDERR_REDIRECT] 
2026-10-01 23:52:24,907 [ERROR] LogOutputStream:75 - [STDERR_REDIRECT] [Fatal Error] :1:1: Premature end of file.
2026-10-01 23:52:24,907 [ERROR] LogOutputStream:75 - [STDERR_REDIRECT] 
2026-10-01 23:52:26,001 [ERROR] LogOutputStream:75 - [STDERR_REDIRECT] [Fatal Error] :1:1: Premature end of file.
2026-10-01 23:52:26,001 [ERROR] LogOutputStream:75 - [STDERR_REDIRECT] 
2026-10-01 23:52:26,898 [ERROR] LogOutputStream:75 - [STDERR_REDIRECT] [Fatal Error] :1:1: Premature end of file.
2026-10-01 23:52:26,898 [ERROR] LogOutputStream:75 - [STDERR_REDIRECT] 
2026-10-01 23:52:27,880 [ERROR] LogOutputStream:75 - [STDERR_REDIRECT] [Fatal Error] :1:1: Premature end of file.
2026-10-01 23:52:27,880 [ERROR] LogOutputStream:75 - [STDERR_REDIRECT] 
2026-10-01 23:52:28,896 [ERROR] LogOutputStream:75 - [STDERR_REDIRECT] [Fatal Error] :1:1: Premature end of file.
2026-10-01 23:52:28,896 [ERROR] LogOutputStream:75 - [STDERR_REDIRECT] 
2026-10-01 23:52:29,901 [ERROR] LogOutputStream:75 - [STDERR_REDIRECT] [Fatal Error] :1:1: Premature end of file.
2026-10-01 23:52:29,901 [ERROR] LogOutputStream:75 - [STDERR_REDIRECT] 
2026-10-01 23:52:30,903 [ERROR] LogOutputStream:75 - [STDERR_REDIRECT] [Fatal Error] :1:1: Premature end of file.
2026-10-01 23:52:30,903 [ERROR] LogOutputStream:75 - [STDERR_REDIRECT] 
2026-10-01 23:52:31,884 [ERROR] LogOutputStream:75 - [STDERR_REDIRECT] [Fatal Error] :1:1: Premature end of file.
2026-10-01 23:52:31,884 [ERROR] LogOutputStream:75 - [STDERR_REDIRECT] 
2026-10-01 23:52:32,949 [ERROR] LogOutputStream:75 - [STDERR_REDIRECT] [Fatal Error] :1:1: Premature end of file.
2026-10-01 23:52:32,949 [ERROR] LogOutputStream:75 - [STDERR_REDIRECT] 
2026-10-01 23:52:33,910 [ERROR] LogOutputStream:75 - [STDERR_REDIRECT] [Fatal Error] :1:1: Premature end of file.
2026-10-01 23:52:33,910 [ERROR] LogOutputStream:75 - [STDERR_REDIRECT] 
2026-10-01 23:52:34,897 [ERROR] LogOutputStream:75 - [STDERR_REDIRECT] [Fatal Error] :1:1: Premature end of file.
2026-10-01 23:52:34,897 [ERROR] LogOutputStream:75 - [STDERR_REDIRECT] 
2026-10-01 23:52:35,902 [ERROR] LogOutputStream:75 - [STDERR_REDIRECT] [Fatal Error] :1:1: Premature end of file.
2026-10-01 23:52:35,902 [ERROR] LogOutputStream:75 - [STDERR_REDIRECT] 
2026-10-01 23:52:36,930 [ERROR] LogOutputStream:75 - [STDERR_REDIRECT] [Fatal Error] :1:1: Premature end of file.
2026-10-01 23:52:36,930 [ERROR] LogOutputStream:75 - [STDERR_REDIRECT] 
2026-10-01 23:52:37,893 [ERROR] LogOutputStream:75 - [STDERR_REDIRECT] [Fatal Error] :1:1: Premature end of file.
2026-10-01 23:52:37,893 [ERROR] LogOutputStream:75 - [STDERR_REDIRECT] 
2026-10-01 23:52:38,890 [ERROR] LogOutputStream:75 - [STDERR_REDIRECT] [Fatal Error] :1:1: Premature end of file.
2026-10-01 23:52:38,890 [ERROR] LogOutputStream:75 - [STDERR_REDIRECT] 
2026-10-01 23:52:39,889 [ERROR] LogOutputStream:75 - [STDERR_REDIRECT] [Fatal Error] :1:1: Premature end of file.
2026-10-01 23:52:39,889 [ERROR] LogOutputStream:75 - [STDERR_REDIRECT] 
2026-10-01 23:52:40,889 [ERROR] LogOutputStream:75 - [STDERR_REDIRECT] [Fatal Error] :1:1: Premature end of file.
2026-10-01 23:52:40,889 [ERROR] LogOutputStream:75 - [STDERR_REDIRECT] 
2026-10-01 23:52:41,891 [ERROR] LogOutputStream:75 - [STDERR_REDIRECT] [Fatal Error] :1:1: Premature end of file.
2026-10-01 23:52:41,891 [ERROR] LogOutputStream:75 - [STDERR_REDIRECT] 
2026-10-01 23:52:42,940 [ERROR] LogOutputStream:75 - [STDERR_REDIRECT] [Fatal Error] :1:1: Premature end of file.
2026-10-01 23:52:42,940 [ERROR] LogOutputStream:75 - [STDERR_REDIRECT] 
2026-10-01 23:52:43,958 [ERROR] LogOutputStream:75 - [STDERR_REDIRECT] [Fatal Error] :1:1: Premature end of file.
2026-10-01 23:52:43,958 [ERROR] LogOutputStream:75 - [STDERR_REDIRECT] 
2026-10-01 23:52:44,883 [ERROR] LogOutputStream:75 - [STDERR_REDIRECT] [Fatal Error] :1:1: Premature end of file.
2026-10-01 23:52:44,883 [ERROR] LogOutputStream:75 - [STDERR_REDIRECT] 
2026-10-01 23:52:45,885 [ERROR] LogOutputStream:75 - [STDERR_REDIRECT] [Fatal Error] :1:1: Premature end of file.
2026-10-01 23:52:45,885 [ERROR] LogOutputStream:75 - [STDERR_REDIRECT] 
2026-10-01 23:52:46,889 [ERROR] LogOutputStream:75 - [STDERR_REDIRECT] [Fatal Error] :1:1: Premature end of file.
2026-10-01 23:52:46,889 [ERROR] LogOutputStream:75 - [STDERR_REDIRECT] 
2026-10-01 23:52:47,886 [ERROR] LogOutputStream:75 - [STDERR_REDIRECT] [Fatal Error] :1:1: Premature end of file.
2026-10-01 23:52:47,886 [ERROR] LogOutputStream:75 - [STDERR_REDIRECT] 
2026-10-01 23:52:48,882 [ERROR] LogOutputStream:75 - [STDERR_REDIRECT] [Fatal Error] :1:1: Premature end of file.
2026-10-01 23:52:48,883 [ERROR] LogOutputStream:75 - [STDERR_REDIRECT] 
2026-10-01 23:52:49,884 [ERROR] LogOutputStream:75 - [STDERR_REDIRECT] [Fatal Error] :1:1: Premature end of file.
2026-10-01 23:52:49,884 [ERROR] LogOutputStream:75 - [STDERR_REDIRECT] 
2026-10-01 23:52:50,891 [ERROR] LogOutputStream:75 - [STDERR_REDIRECT] [Fatal Error] :1:1: Premature end of file.
2026-10-01 23:52:50,891 [ERROR] LogOutputStream:75 - [STDERR_REDIRECT] 
2026-10-01 23:52:51,889 [ERROR] LogOutputStream:75 - [STDERR_REDIRECT] [Fatal Error] :1:1: Premature end of file.
2026-10-01 23:52:51,889 [ERROR] LogOutputStream:75 - [STDERR_REDIRECT] 
2026-10-01 23:52:52,891 [ERROR] LogOutputStream:75 - [STDERR_REDIRECT] [Fatal Error] :1:1: Premature end of file.
2026-10-01 23:52:52,891 [ERROR] LogOutputStream:75 - [STDERR_REDIRECT] 
2026-10-01 23:52:53,886 [ERROR] LogOutputStream:75 - [STDERR_REDIRECT] [Fatal Error] :1:1: Premature end of file.
2026-10-01 23:52:53,886 [ERROR] LogOutputStream:75 - [STDERR_REDIRECT] 
2026-10-01 23:52:54,886 [ERROR] LogOutputStream:75 - [STDERR_REDIRECT] [Fatal Error] :1:1: Premature end of file.
2026-10-01 23:52:54,886 [ERROR] LogOutputStream:75 - [STDERR_REDIRECT] 
2026-10-01 23:52:55,886 [ERROR] LogOutputStream:75 - [STDERR_REDIRECT] [Fatal Error] :1:1: Premature end of file.
2026-10-01 23:52:55,886 [ERROR] LogOutputStream:75 - [STDERR_REDIRECT] 
2026-10-01 23:52:56,885 [ERROR] LogOutputStream:75 - [STDERR_REDIRECT] [Fatal Error] :1:1: Premature end of file.
2026-10-01 23:52:56,886 [ERROR] LogOutputStream:75 - [STDERR_REDIRECT] 
2026-10-01 23:52:57,878 [ERROR] LogOutputStream:75 - [STDERR_REDIRECT] [Fatal Error] :1:1: Premature end of file.
2026-10-01 23:52:57,878 [ERROR] LogOutputStream:75 - [STDERR_REDIRECT] 
2026-10-01 23:52:58,885 [ERROR] LogOutputStream:75 - [STDERR_REDIRECT] [Fatal Error] :1:1: Premature end of file.
2026-10-01 23:52:58,885 [ERROR] LogOutputStream:75 - [STDERR_REDIRECT] 
2026-10-01 23:52:59,881 [ERROR] LogOutputStream:75 - [STDERR_REDIRECT] [Fatal Error] :1:1: Premature end of file.
2026-10-01 23:52:59,881 [ERROR] LogOutputStream:75 - [STDERR_REDIRECT] 
2026-10-01 23:53:00,885 [ERROR] LogOutputStream:75 - [STDERR_REDIRECT] [Fatal Error] :1:1: Premature end of file.
2026-10-01 23:53:00,885 [ERROR] LogOutputStream:75 - [STDERR_REDIRECT] 
2026-10-01 23:53:01,886 [ERROR] LogOutputStream:75 - [STDERR_REDIRECT] [Fatal Error] :1:1: Premature end of file.
2026-10-01 23:53:01,887 [ERROR] LogOutputStream:75 - [STDERR_REDIRECT] 
2026-10-01 23:53:02,886 [ERROR] LogOutputStream:75 - [STDERR_REDIRECT] [Fatal Error] :1:1: Premature end of file.
2026-10-01 23:53:02,886 [ERROR] LogOutputStream:75 - [STDERR_REDIRECT] 
2026-10-01 23:53:03,893 [ERROR] LogOutputStream:75 - [STDERR_REDIRECT] [Fatal Error] :1:1: Premature end of file.
2026-10-01 23:53:03,893 [ERROR] LogOutputStream:75 - [STDERR_REDIRECT] 
2026-10-01 23:53:04,890 [ERROR] LogOutputStream:75 - [STDERR_REDIRECT] [Fatal Error] :1:1: Premature end of file.
2026-10-01 23:53:04,890 [ERROR] LogOutputStream:75 - [STDERR_REDIRECT] 
2026-10-01 23:53:05,885 [ERROR] LogOutputStream:75 - [STDERR_REDIRECT] [Fatal Error] :1:1: Premature end of file.
2026-10-01 23:53:05,885 [ERROR] LogOutputStream:75 - [STDERR_REDIRECT] 
2026-10-01 23:53:07,066 [ERROR] LogOutputStream:75 - [STDERR_REDIRECT] [Fatal Error] :1:1: Premature end of file.
2026-10-01 23:53:07,066 [ERROR] LogOutputStream:75 - [STDERR_REDIRECT] 
2026-10-01 23:53:07,901 [ERROR] LogOutputStream:75 - [STDERR_REDIRECT] [Fatal Error] :1:1: Premature end of file.
2026-10-01 23:53:07,901 [ERROR] LogOutputStream:75 - [STDERR_REDIRECT] 
2026-10-01 23:53:08,889 [ERROR] LogOutputStream:75 - [STDERR_REDIRECT] [Fatal Error] :1:1: Premature end of file.
2026-10-01 23:53:08,889 [ERROR] LogOutputStream:75 - [STDERR_REDIRECT] 
2026-10-01 23:53:09,906 [ERROR] LogOutputStream:75 - [STDERR_REDIRECT] [Fatal Error] :1:1: Premature end of file.
2026-10-01 23:53:09,906 [ERROR] LogOutputStream:75 - [STDERR_REDIRECT] 
2026-10-01 23:53:10,895 [ERROR] LogOutputStream:75 - [STDERR_REDIRECT] [Fatal Error] :1:1: Premature end of file.
2026-10-01 23:53:10,895 [ERROR] LogOutputStream:75 - [STDERR_REDIRECT] 
2026-10-01 23:53:11,894 [ERROR] LogOutputStream:75 - [STDERR_REDIRECT] [Fatal Error] :1:1: Premature end of file.
2026-10-01 23:53:11,894 [ERROR] LogOutputStream:75 - [STDERR_REDIRECT] 
2026-10-01 23:53:12,894 [ERROR] LogOutputStream:75 - [STDERR_REDIRECT] [Fatal Error] :1:1: Premature end of file.
2026-10-01 23:53:12,894 [ERROR] LogOutputStream:75 - [STDERR_REDIRECT] 
2026-10-01 23:53:13,902 [ERROR] LogOutputStream:75 - [STDERR_REDIRECT] [Fatal Error] :1:1: Premature end of file.
2026-10-01 23:53:13,902 [ERROR] LogOutputStream:75 - [STDERR_REDIRECT] 
2026-10-01 23:53:14,893 [ERROR] LogOutputStream:75 - [STDERR_REDIRECT] [Fatal Error] :1:1: Premature end of file.
2026-10-01 23:53:14,893 [ERROR] LogOutputStream:75 - [STDERR_REDIRECT] 
2026-10-01 23:53:15,911 [ERROR] LogOutputStream:75 - [STDERR_REDIRECT] [Fatal Error] :1:1: Premature end of file.
2026-10-01 23:53:15,911 [ERROR] LogOutputStream:75 - [STDERR_REDIRECT] 
2026-10-01 23:53:16,939 [ERROR] LogOutputStream:75 - [STDERR_REDIRECT] [Fatal Error] :1:1: Premature end of file.
2026-10-01 23:53:16,939 [ERROR] LogOutputStream:75 - [STDERR_REDIRECT] 
2026-10-01 23:53:17,879 [ERROR] LogOutputStream:75 - [STDERR_REDIRECT] [Fatal Error] :1:1: Premature end of file.
2026-10-01 23:53:17,879 [ERROR] LogOutputStream:75 - [STDERR_REDIRECT] 
2026-10-01 23:53:18,893 [ERROR] LogOutputStream:75 - [STDERR_REDIRECT] [Fatal Error] :1:1: Premature end of file.
2026-10-01 23:53:18,893 [ERROR] LogOutputStream:75 - [STDERR_REDIRECT] 
2026-10-01 23:53:19,892 [ERROR] LogOutputStream:75 - [STDERR_REDIRECT] [Fatal Error] :1:1: Premature end of file.
2026-10-01 23:53:19,892 [ERROR] LogOutputStream:75 - [STDERR_REDIRECT] 
2026-10-01 23:53:20,897 [ERROR] LogOutputStream:75 - [STDERR_REDIRECT] [Fatal Error] :1:1: Premature end of file.
2026-10-01 23:53:20,897 [ERROR] LogOutputStream:75 - [STDERR_REDIRECT] 
2026-10-01 23:53:21,887 [ERROR] LogOutputStream:75 - [STDERR_REDIRECT] [Fatal Error] :1:1: Premature end of file.
2026-10-01 23:53:21,887 [ERROR] LogOutputStream:75 - [STDERR_REDIRECT] 
2026-10-01 23:53:22,895 [ERROR] LogOutputStream:75 - [STDERR_REDIRECT] [Fatal Error] :1:1: Premature end of file.
2026-10-01 23:53:22,895 [ERROR] LogOutputStream:75 - [STDERR_REDIRECT] 
2026-10-01 23:53:23,923 [ERROR] LogOutputStream:75 - [STDERR_REDIRECT] [Fatal Error] :1:1: Premature end of file.
2026-10-01 23:53:23,923 [ERROR] LogOutputStream:75 - [STDERR_REDIRECT] 
2026-10-01 23:53:24,889 [ERROR] LogOutputStream:75 - [STDERR_REDIRECT] [Fatal Error] :1:1: Premature end of file.
2026-10-01 23:53:24,889 [ERROR] LogOutputStream:75 - [STDERR_REDIRECT] 
2026-10-01 23:53:25,880 [ERROR] LogOutputStream:75 - [STDERR_REDIRECT] [Fatal Error] :1:1: Premature end of file.
2026-10-01 23:53:25,880 [ERROR] LogOutputStream:75 - [STDERR_REDIRECT] 
2026-10-01 23:53:26,888 [ERROR] LogOutputStream:75 - [STDERR_REDIRECT] [Fatal Error] :1:1: Premature end of file.
2026-10-01 23:53:26,888 [ERROR] LogOutputStream:75 - [STDERR_REDIRECT] 
2026-10-01 23:53:27,897 [ERROR] LogOutputStream:75 - [STDERR_REDIRECT] [Fatal Error] :1:1: Premature end of file.
2026-10-01 23:53:27,897 [ERROR] LogOutputStream:75 - [STDERR_REDIRECT] 
2026-10-01 23:53:28,890 [ERROR] LogOutputStream:75 - [STDERR_REDIRECT] [Fatal Error] :1:1: Premature end of file.
2026-10-01 23:53:28,890 [ERROR] LogOutputStream:75 - [STDERR_REDIRECT] 
2026-10-01 23:53:29,888 [ERROR] LogOutputStream:75 - [STDERR_REDIRECT] [Fatal Error] :1:1: Premature end of file.
2026-10-01 23:53:29,888 [ERROR] LogOutputStream:75 - [STDERR_REDIRECT] 
2026-10-01 23:53:30,889 [ERROR] LogOutputStream:75 - [STDERR_REDIRECT] [Fatal Error] :1:1: Premature end of file.
2026-10-01 23:53:30,889 [ERROR] LogOutputStream:75 - [STDERR_REDIRECT] 
2026-10-01 23:53:31,878 [ERROR] LogOutputStream:75 - [STDERR_REDIRECT] [Fatal Error] :1:1: Premature end of file.
2026-10-01 23:53:31,878 [ERROR] LogOutputStream:75 - [STDERR_REDIRECT] 
2026-10-01 23:53:32,883 [ERROR] LogOutputStream:75 - [STDERR_REDIRECT] [Fatal Error] :1:1: Premature end of file.
2026-10-01 23:53:32,883 [ERROR] LogOutputStream:75 - [STDERR_REDIRECT] 
2026-10-01 23:53:33,884 [ERROR] LogOutputStream:75 - [STDERR_REDIRECT] [Fatal Error] :1:1: Premature end of file.
2026-10-01 23:53:33,884 [ERROR] LogOutputStream:75 - [STDERR_REDIRECT] 
2026-10-01 23:53:34,886 [ERROR] LogOutputStream:75 - [STDERR_REDIRECT] [Fatal Error] :1:1: Premature end of file.
2026-10-01 23:53:34,886 [ERROR] LogOutputStream:75 - [STDERR_REDIRECT] 
2026-10-01 23:53:35,889 [ERROR] LogOutputStream:75 - [STDERR_REDIRECT] [Fatal Error] :1:1: Premature end of file.
2026-10-01 23:53:35,889 [ERROR] LogOutputStream:75 - [STDERR_REDIRECT] 
2026-10-01 23:53:36,887 [ERROR] LogOutputStream:75 - [STDERR_REDIRECT] [Fatal Error] :1:1: Premature end of file.
2026-10-01 23:53:36,887 [ERROR] LogOutputStream:75 - [STDERR_REDIRECT] 
2026-10-01 23:53:37,888 [ERROR] LogOutputStream:75 - [STDERR_REDIRECT] [Fatal Error] :1:1: Premature end of file.
2026-10-01 23:53:37,888 [ERROR] LogOutputStream:75 - [STDERR_REDIRECT] 
2026-10-01 23:53:38,887 [ERROR] LogOutputStream:75 - [STDERR_REDIRECT] [Fatal Error] :1:1: Premature end of file.
2026-10-01 23:53:38,887 [ERROR] LogOutputStream:75 - [STDERR_REDIRECT] 
2026-10-01 23:53:39,886 [ERROR] LogOutputStream:75 - [STDERR_REDIRECT] [Fatal Error] :1:1: Premature end of file.
2026-10-01 23:53:39,886 [ERROR] LogOutputStream:75 - [STDERR_REDIRECT] 
2026-10-01 23:53:40,889 [ERROR] LogOutputStream:75 - [STDERR_REDIRECT] [Fatal Error] :1:1: Premature end of file.
2026-10-01 23:53:40,889 [ERROR] LogOutputStream:75 - [STDERR_REDIRECT] 
2026-10-01 23:53:41,887 [ERROR] LogOutputStream:75 - [STDERR_REDIRECT] [Fatal Error] :1:1: Premature end of file.
2026-10-01 23:53:41,887 [ERROR] LogOutputStream:75 - [STDERR_REDIRECT] 
2026-10-01 23:53:42,890 [ERROR] LogOutputStream:75 - [STDERR_REDIRECT] [Fatal Error] :1:1: Premature end of file.
2026-10-01 23:53:42,890 [ERROR] LogOutputStream:75 - [STDERR_REDIRECT] 
2026-10-01 23:53:43,887 [ERROR] LogOutputStream:75 - [STDERR_REDIRECT] [Fatal Error] :1:1: Premature end of file.
2026-10-01 23:53:43,887 [ERROR] LogOutputStream:75 - [STDERR_REDIRECT] 
2026-10-01 23:53:44,894 [ERROR] LogOutputStream:75 - [STDERR_REDIRECT] [Fatal Error] :1:1: Premature end of file.
2026-10-01 23:53:44,894 [ERROR] LogOutputStream:75 - [STDERR_REDIRECT] 
2026-10-01 23:53:45,887 [ERROR] LogOutputStream:75 - [STDERR_REDIRECT] [Fatal Error] :1:1: Premature end of file.
2026-10-01 23:53:45,888 [ERROR] LogOutputStream:75 - [STDERR_REDIRECT] 
2026-10-01 23:53:46,878 [ERROR] LogOutputStream:75 - [STDERR_REDIRECT] [Fatal Error] :1:1: Premature end of file.
2026-10-01 23:53:46,878 [ERROR] LogOutputStream:75 - [STDERR_REDIRECT] 
2026-10-01 23:53:47,891 [ERROR] LogOutputStream:75 - [STDERR_REDIRECT] [Fatal Error] :1:1: Premature end of file.
2026-10-01 23:53:47,891 [ERROR] LogOutputStream:75 - [STDERR_REDIRECT] 
2026-10-01 23:53:48,892 [ERROR] LogOutputStream:75 - [STDERR_REDIRECT] [Fatal Error] :1:1: Premature end of file.
2026-10-01 23:53:48,892 [ERROR] LogOutputStream:75 - [STDERR_REDIRECT] 
2026-10-01 23:53:49,892 [ERROR] LogOutputStream:75 - [STDERR_REDIRECT] [Fatal Error] :1:1: Premature end of file.
2026-10-01 23:53:49,892 [ERROR] LogOutputStream:75 - [STDERR_REDIRECT] 
2026-10-01 23:53:50,887 [ERROR] LogOutputStream:75 - [STDERR_REDIRECT] [Fatal Error] :1:1: Premature end of file.
2026-10-01 23:53:50,887 [ERROR] LogOutputStream:75 - [STDERR_REDIRECT] 
2026-10-01 23:53:51,884 [ERROR] LogOutputStream:75 - [STDERR_REDIRECT] [Fatal Error] :1:1: Premature end of file.
2026-10-01 23:53:51,885 [ERROR] LogOutputStream:75 - [STDERR_REDIRECT] 
2026-10-01 23:53:52,890 [ERROR] LogOutputStream:75 - [STDERR_REDIRECT] [Fatal Error] :1:1: Premature end of file.
2026-10-01 23:53:52,890 [ERROR] LogOutputStream:75 - [STDERR_REDIRECT] 
2026-10-01 23:53:53,894 [ERROR] LogOutputStream:75 - [STDERR_REDIRECT] [Fatal Error] :1:1: Premature end of file.
2026-10-01 23:53:53,894 [ERROR] LogOutputStream:75 - [STDERR_REDIRECT] 
2026-10-01 23:53:54,887 [ERROR] LogOutputStream:75 - [STDERR_REDIRECT] [Fatal Error] :1:1: Premature end of file.
2026-10-01 23:53:54,887 [ERROR] LogOutputStream:75 - [STDERR_REDIRECT] 
2026-10-01 23:53:55,879 [ERROR] LogOutputStream:75 - [STDERR_REDIRECT] [Fatal Error] :1:1: Premature end of file.
2026-10-01 23:53:55,879 [ERROR] LogOutputStream:75 - [STDERR_REDIRECT] 
2026-10-01 23:53:56,885 [ERROR] LogOutputStream:75 - [STDERR_REDIRECT] [Fatal Error] :1:1: Premature end of file.
2026-10-01 23:53:56,885 [ERROR] LogOutputStream:75 - [STDERR_REDIRECT] 
2026-10-01 23:53:57,878 [ERROR] LogOutputStream:75 - [STDERR_REDIRECT] [Fatal Error] :1:1: Premature end of file.
2026-10-01 23:53:57,878 [ERROR] LogOutputStream:75 - [STDERR_REDIRECT] 
2026-10-01 23:53:58,890 [ERROR] LogOutputStream:75 - [STDERR_REDIRECT] [Fatal Error] :1:1: Premature end of file.
2026-10-01 23:53:58,890 [ERROR] LogOutputStream:75 - [STDERR_REDIRECT] 
2026-10-01 23:53:59,895 [ERROR] LogOutputStream:75 - [STDERR_REDIRECT] [Fatal Error] :1:1: Premature end of file.
2026-10-01 23:53:59,895 [ERROR] LogOutputStream:75 - [STDERR_REDIRECT] 
2026-10-01 23:54:00,888 [ERROR] LogOutputStream:75 - [STDERR_REDIRECT] [Fatal Error] :1:1: Premature end of file.
2026-10-01 23:54:00,889 [ERROR] LogOutputStream:75 - [STDERR_REDIRECT] 
2026-10-01 23:54:01,885 [ERROR] LogOutputStream:75 - [STDERR_REDIRECT] [Fatal Error] :1:1: Premature end of file.
2026-10-01 23:54:01,886 [ERROR] LogOutputStream:75 - [STDERR_REDIRECT] 
2026-10-01 23:54:02,889 [ERROR] LogOutputStream:75 - [STDERR_REDIRECT] [Fatal Error] :1:1: Premature end of file.
2026-10-01 23:54:02,890 [ERROR] LogOutputStream:75 - [STDERR_REDIRECT] 
2026-10-01 23:54:03,886 [ERROR] LogOutputStream:75 - [STDERR_REDIRECT] [Fatal Error] :1:1: Premature end of file.
2026-10-01 23:54:03,886 [ERROR] LogOutputStream:75 - [STDERR_REDIRECT] 
2026-10-01 23:54:04,890 [ERROR] LogOutputStream:75 - [STDERR_REDIRECT] [Fatal Error] :1:1: Premature end of file.
2026-10-01 23:54:04,890 [ERROR] LogOutputStream:75 - [STDERR_REDIRECT] 
2026-10-01 23:54:05,886 [ERROR] LogOutputStream:75 - [STDERR_REDIRECT] [Fatal Error] :1:1: Premature end of file.
2026-10-01 23:54:05,886 [ERROR] LogOutputStream:75 - [STDERR_REDIRECT] 
2026-10-01 23:54:06,889 [ERROR] LogOutputStream:75 - [STDERR_REDIRECT] [Fatal Error] :1:1: Premature end of file.
2026-10-01 23:54:06,889 [ERROR] LogOutputStream:75 - [STDERR_REDIRECT] 
2026-10-01 23:54:07,878 [ERROR] LogOutputStream:75 - [STDERR_REDIRECT] [Fatal Error] :1:1: Premature end of file.
2026-10-01 23:54:07,878 [ERROR] LogOutputStream:75 - [STDERR_REDIRECT] 
2026-10-01 23:54:08,889 [ERROR] LogOutputStream:75 - [STDERR_REDIRECT] [Fatal Error] :1:1: Premature end of file.
2026-10-01 23:54:08,889 [ERROR] LogOutputStream:75 - [STDERR_REDIRECT] 
2026-10-01 23:54:09,890 [ERROR] LogOutputStream:75 - [STDERR_REDIRECT] [Fatal Error] :1:1: Premature end of file.
2026-10-01 23:54:09,890 [ERROR] LogOutputStream:75 - [STDERR_REDIRECT] 
2026-10-01 23:54:10,888 [ERROR] LogOutputStream:75 - [STDERR_REDIRECT] [Fatal Error] :1:1: Premature end of file.
2026-10-01 23:54:10,888 [ERROR] LogOutputStream:75 - [STDERR_REDIRECT] 
2026-10-01 23:54:11,886 [ERROR] LogOutputStream:75 - [STDERR_REDIRECT] [Fatal Error] :1:1: Premature end of file.
2026-10-01 23:54:11,886 [ERROR] LogOutputStream:75 - [STDERR_REDIRECT] 
2026-10-01 23:54:12,881 [ERROR] LogOutputStream:75 - [STDERR_REDIRECT] [Fatal Error] :1:1: Premature end of file.
2026-10-01 23:54:12,881 [ERROR] LogOutputStream:75 - [STDERR_REDIRECT] 
2026-10-01 23:54:13,891 [ERROR] LogOutputStream:75 - [STDERR_REDIRECT] [Fatal Error] :1:1: Premature end of file.
2026-10-01 23:54:13,891 [ERROR] LogOutputStream:75 - [STDERR_REDIRECT] 
2026-10-01 23:54:14,887 [ERROR] LogOutputStream:75 - [STDERR_REDIRECT] [Fatal Error] :1:1: Premature end of file.
2026-10-01 23:54:14,887 [ERROR] LogOutputStream:75 - [STDERR_REDIRECT] 
2026-10-01 23:54:15,888 [ERROR] LogOutputStream:75 - [STDERR_REDIRECT] [Fatal Error] :1:1: Premature end of file.
2026-10-01 23:54:15,888 [ERROR] LogOutputStream:75 - [STDERR_REDIRECT] 
2026-10-01 23:54:16,885 [ERROR] LogOutputStream:75 - [STDERR_REDIRECT] [Fatal Error] :1:1: Premature end of file.
2026-10-01 23:54:16,885 [ERROR] LogOutputStream:75 - [STDERR_REDIRECT] 
2026-10-01 23:54:17,886 [ERROR] LogOutputStream:75 - [STDERR_REDIRECT] [Fatal Error] :1:1: Premature end of file.
2026-10-01 23:54:17,886 [ERROR] LogOutputStream:75 - [STDERR_REDIRECT] 
2026-10-01 23:54:18,886 [ERROR] LogOutputStream:75 - [STDERR_REDIRECT] [Fatal Error] :1:1: Premature end of file.
2026-10-01 23:54:18,886 [ERROR] LogOutputStream:75 - [STDERR_REDIRECT] 
2026-10-01 23:54:19,889 [ERROR] LogOutputStream:75 - [STDERR_REDIRECT] [Fatal Error] :1:1: Premature end of file.
2026-10-01 23:54:19,889 [ERROR] LogOutputStream:75 - [STDERR_REDIRECT] 
2026-10-01 23:54:20,884 [ERROR] LogOutputStream:75 - [STDERR_REDIRECT] [Fatal Error] :1:1: Premature end of file.
2026-10-01 23:54:20,884 [ERROR] LogOutputStream:75 - [STDERR_REDIRECT] 
2026-10-01 23:54:22,027 [ERROR] LogOutputStream:75 - [STDERR_REDIRECT] [Fatal Error] :1:1: Premature end of file.
2026-10-01 23:54:22,028 [ERROR] LogOutputStream:75 - [STDERR_REDIRECT] 
2026-10-01 23:54:23,173 [ERROR] LogOutputStream:75 - [STDERR_REDIRECT] [Fatal Error] :1:1: Premature end of file.
2026-10-01 23:54:23,174 [ERROR] LogOutputStream:75 - [STDERR_REDIRECT] 
2026-10-01 23:54:23,890 [ERROR] LogOutputStream:75 - [STDERR_REDIRECT] [Fatal Error] :1:1: Premature end of file.
2026-10-01 23:54:23,890 [ERROR] LogOutputStream:75 - [STDERR_REDIRECT] 
2026-10-01 23:54:24,886 [ERROR] LogOutputStream:75 - [STDERR_REDIRECT] [Fatal Error] :1:1: Premature end of file.
2026-10-01 23:54:24,886 [ERROR] LogOutputStream:75 - [STDERR_REDIRECT] 
2026-10-01 23:54:25,888 [ERROR] LogOutputStream:75 - [STDERR_REDIRECT] [Fatal Error] :1:1: Premature end of file.
2026-10-01 23:54:25,888 [ERROR] LogOutputStream:75 - [STDERR_REDIRECT] 
2026-10-01 23:54:26,889 [ERROR] LogOutputStream:75 - [STDERR_REDIRECT] [Fatal Error] :1:1: Premature end of file.
2026-10-01 23:54:26,889 [ERROR] LogOutputStream:75 - [STDERR_REDIRECT] 
2026-10-01 23:54:27,888 [ERROR] LogOutputStream:75 - [STDERR_REDIRECT] [Fatal Error] :1:1: Premature end of file.
2026-10-01 23:54:27,889 [ERROR] LogOutputStream:75 - [STDERR_REDIRECT] 
2026-10-01 23:54:28,879 [ERROR] LogOutputStream:75 - [STDERR_REDIRECT] [Fatal Error] :1:1: Premature end of file.
2026-10-01 23:54:28,879 [ERROR] LogOutputStream:75 - [STDERR_REDIRECT] 
2026-10-01 23:54:29,890 [ERROR] LogOutputStream:75 - [STDERR_REDIRECT] [Fatal Error] :1:1: Premature end of file.
2026-10-01 23:54:29,890 [ERROR] LogOutputStream:75 - [STDERR_REDIRECT] 
2026-10-01 23:54:30,888 [ERROR] LogOutputStream:75 - [STDERR_REDIRECT] [Fatal Error] :1:1: Premature end of file.
2026-10-01 23:54:30,888 [ERROR] LogOutputStream:75 - [STDERR_REDIRECT] 
2026-10-01 23:54:31,886 [ERROR] LogOutputStream:75 - [STDERR_REDIRECT] [Fatal Error] :1:1: Premature end of file.
2026-10-01 23:54:31,887 [ERROR] LogOutputStream:75 - [STDERR_REDIRECT] 
2026-10-01 23:54:32,887 [ERROR] LogOutputStream:75 - [STDERR_REDIRECT] [Fatal Error] :1:1: Premature end of file.
2026-10-01 23:54:32,887 [ERROR] LogOutputStream:75 - [STDERR_REDIRECT] 
2026-10-01 23:54:33,880 [ERROR] LogOutputStream:75 - [STDERR_REDIRECT] [Fatal Error] :1:1: Premature end of file.
2026-10-01 23:54:33,880 [ERROR] LogOutputStream:75 - [STDERR_REDIRECT] 
2026-10-01 23:54:34,891 [ERROR] LogOutputStream:75 - [STDERR_REDIRECT] [Fatal Error] :1:1: Premature end of file.
2026-10-01 23:54:34,891 [ERROR] LogOutputStream:75 - [STDERR_REDIRECT] 
2026-10-01 23:54:35,889 [ERROR] LogOutputStream:75 - [STDERR_REDIRECT] [Fatal Error] :1:1: Premature end of file.
2026-10-01 23:54:35,900 [ERROR] LogOutputStream:75 - [STDERR_REDIRECT] 
2026-10-01 23:54:36,887 [ERROR] LogOutputStream:75 - [STDERR_REDIRECT] [Fatal Error] :1:1: Premature end of file.
2026-10-01 23:54:36,887 [ERROR] LogOutputStream:75 - [STDERR_REDIRECT] 
2026-10-01 23:54:38,016 [ERROR] LogOutputStream:75 - [STDERR_REDIRECT] [Fatal Error] :1:1: Premature end of file.
2026-10-01 23:54:38,016 [ERROR] LogOutputStream:75 - [STDERR_REDIRECT] 
2026-10-01 23:54:38,885 [ERROR] LogOutputStream:75 - [STDERR_REDIRECT] [Fatal Error] :1:1: Premature end of file.
2026-10-01 23:54:38,885 [ERROR] LogOutputStream:75 - [STDERR_REDIRECT] 
2026-10-01 23:54:39,886 [ERROR] LogOutputStream:75 - [STDERR_REDIRECT] [Fatal Error] :1:1: Premature end of file.
2026-10-01 23:54:39,886 [ERROR] LogOutputStream:75 - [STDERR_REDIRECT] 
2026-10-01 23:54:40,885 [ERROR] LogOutputStream:75 - [STDERR_REDIRECT] [Fatal Error] :1:1: Premature end of file.
2026-10-01 23:54:40,885 [ERROR] LogOutputStream:75 - [STDERR_REDIRECT] 
2026-10-01 23:54:41,882 [ERROR] LogOutputStream:75 - [STDERR_REDIRECT] [Fatal Error] :1:1: Premature end of file.
2026-10-01 23:54:41,882 [ERROR] LogOutputStream:75 - [STDERR_REDIRECT] 
2026-10-01 23:54:42,885 [ERROR] LogOutputStream:75 - [STDERR_REDIRECT] [Fatal Error] :1:1: Premature end of file.
2026-10-01 23:54:42,885 [ERROR] LogOutputStream:75 - [STDERR_REDIRECT] 
2026-10-01 23:54:43,885 [ERROR] LogOutputStream:75 - [STDERR_REDIRECT] [Fatal Error] :1:1: Premature end of file.
2026-10-01 23:54:43,885 [ERROR] LogOutputStream:75 - [STDERR_REDIRECT] 
2026-10-01 23:54:44,889 [ERROR] LogOutputStream:75 - [STDERR_REDIRECT] [Fatal Error] :1:1: Premature end of file.
2026-10-01 23:54:44,890 [ERROR] LogOutputStream:75 - [STDERR_REDIRECT] 
2026-10-01 23:54:45,887 [ERROR] LogOutputStream:75 - [STDERR_REDIRECT] [Fatal Error] :1:1: Premature end of file.
2026-10-01 23:54:45,887 [ERROR] LogOutputStream:75 - [STDERR_REDIRECT] 
2026-10-01 23:54:46,890 [ERROR] LogOutputStream:75 - [STDERR_REDIRECT] [Fatal Error] :1:1: Premature end of file.
2026-10-01 23:54:46,890 [ERROR] LogOutputStream:75 - [STDERR_REDIRECT] 
2026-10-01 23:54:47,887 [ERROR] LogOutputStream:75 - [STDERR_REDIRECT] [Fatal Error] :1:1: Premature end of file.
2026-10-01 23:54:47,887 [ERROR] LogOutputStream:75 - [STDERR_REDIRECT] 
2026-10-01 23:54:48,887 [ERROR] LogOutputStream:75 - [STDERR_REDIRECT] [Fatal Error] :1:1: Premature end of file.
2026-10-01 23:54:48,887 [ERROR] LogOutputStream:75 - [STDERR_REDIRECT] 
2026-10-01 23:54:49,882 [ERROR] LogOutputStream:75 - [STDERR_REDIRECT] [Fatal Error] :1:1: Premature end of file.
2026-10-01 23:54:49,882 [ERROR] LogOutputStream:75 - [STDERR_REDIRECT] 
2026-10-01 23:54:50,870 [ERROR] LogOutputStream:75 - [STDERR_REDIRECT] [Fatal Error] :1:1: Premature end of file.
2026-10-01 23:54:50,870 [ERROR] LogOutputStream:75 - [STDERR_REDIRECT] 
2026-10-01 23:54:51,892 [ERROR] LogOutputStream:75 - [STDERR_REDIRECT] [Fatal Error] :1:1: Premature end of file.
2026-10-01 23:54:51,893 [ERROR] LogOutputStream:75 - [STDERR_REDIRECT] 
2026-10-01 23:54:52,884 [ERROR] LogOutputStream:75 - [STDERR_REDIRECT] [Fatal Error] :1:1: Premature end of file.
2026-10-01 23:54:52,884 [ERROR] LogOutputStream:75 - [STDERR_REDIRECT] 
2026-10-01 23:54:53,880 [ERROR] LogOutputStream:75 - [STDERR_REDIRECT] [Fatal Error] :1:1: Premature end of file.
2026-10-01 23:54:53,880 [ERROR] LogOutputStream:75 - [STDERR_REDIRECT] 
2026-10-01 23:54:54,863 [ERROR] LogOutputStream:75 - [STDERR_REDIRECT] [Fatal Error] :1:1: Premature end of file.
2026-10-01 23:54:54,863 [ERROR] LogOutputStream:75 - [STDERR_REDIRECT] 
2026-10-01 23:54:55,896 [ERROR] LogOutputStream:75 - [STDERR_REDIRECT] [Fatal Error] :1:1: Premature end of file.
2026-10-01 23:54:55,896 [ERROR] LogOutputStream:75 - [STDERR_REDIRECT] 
2026-10-01 23:54:57,471 [ERROR] LogOutputStream:75 - [STDERR_REDIRECT] [Fatal Error] :1:1: Premature end of file.
2026-10-01 23:54:57,471 [ERROR] LogOutputStream:75 - [STDERR_REDIRECT] 
2026-10-01 23:54:57,886 [ERROR] LogOutputStream:75 - [STDERR_REDIRECT] [Fatal Error] :1:1: Premature end of file.
2026-10-01 23:54:57,886 [ERROR] LogOutputStream:75 - [STDERR_REDIRECT] 
2026-10-01 23:54:58,891 [ERROR] LogOutputStream:75 - [STDERR_REDIRECT] [Fatal Error] :1:1: Premature end of file.
2026-10-01 23:54:58,891 [ERROR] LogOutputStream:75 - [STDERR_REDIRECT] 
2026-10-01 23:54:59,867 [ERROR] LogOutputStream:75 - [STDERR_REDIRECT] [Fatal Error] :1:1: Premature end of file.
2026-10-01 23:54:59,867 [ERROR] LogOutputStream:75 - [STDERR_REDIRECT] 
2026-10-01 23:55:00,888 [ERROR] LogOutputStream:75 - [STDERR_REDIRECT] [Fatal Error] :1:1: Premature end of file.
2026-10-01 23:55:00,888 [ERROR] LogOutputStream:75 - [STDERR_REDIRECT] 
2026-10-01 23:55:01,899 [ERROR] LogOutputStream:75 - [STDERR_REDIRECT] [Fatal Error] :1:1: Premature end of file.
2026-10-01 23:55:01,899 [ERROR] LogOutputStream:75 - [STDERR_REDIRECT] 
2026-10-01 23:55:03,003 [ERROR] LogOutputStream:75 - [STDERR_REDIRECT] [Fatal Error] :1:1: Premature end of file.
2026-10-01 23:55:03,003 [ERROR] LogOutputStream:75 - [STDERR_REDIRECT] 
2026-10-01 23:55:03,895 [ERROR] LogOutputStream:75 - [STDERR_REDIRECT] [Fatal Error] :1:1: Premature end of file.
2026-10-01 23:55:03,895 [ERROR] LogOutputStream:75 - [STDERR_REDIRECT] 
2026-10-01 23:55:04,884 [ERROR] LogOutputStream:75 - [STDERR_REDIRECT] [Fatal Error] :1:1: Premature end of file.
2026-10-01 23:55:04,893 [ERROR] LogOutputStream:75 - [STDERR_REDIRECT] 
2026-10-01 23:55:05,890 [ERROR] LogOutputStream:75 - [STDERR_REDIRECT] [Fatal Error] :1:1: Premature end of file.
2026-10-01 23:55:05,890 [ERROR] LogOutputStream:75 - [STDERR_REDIRECT] 
2026-10-01 23:55:06,896 [ERROR] LogOutputStream:75 - [STDERR_REDIRECT] [Fatal Error] :1:1: Premature end of file.
2026-10-01 23:55:06,896 [ERROR] LogOutputStream:75 - [STDERR_REDIRECT] 
2026-10-01 23:55:07,878 [ERROR] LogOutputStream:75 - [STDERR_REDIRECT] [Fatal Error] :1:1: Premature end of file.
2026-10-01 23:55:07,878 [ERROR] LogOutputStream:75 - [STDERR_REDIRECT] 
2026-10-01 23:55:08,898 [ERROR] LogOutputStream:75 - [STDERR_REDIRECT] [Fatal Error] :1:1: Premature end of file.
2026-10-01 23:55:08,898 [ERROR] LogOutputStream:75 - [STDERR_REDIRECT] 
2026-10-01 23:55:09,895 [ERROR] LogOutputStream:75 - [STDERR_REDIRECT] [Fatal Error] :1:1: Premature end of file.
2026-10-01 23:55:09,895 [ERROR] LogOutputStream:75 - [STDERR_REDIRECT] 
2026-10-01 23:55:10,891 [ERROR] LogOutputStream:75 - [STDERR_REDIRECT] [Fatal Error] :1:1: Premature end of file.
2026-10-01 23:55:10,891 [ERROR] LogOutputStream:75 - [STDERR_REDIRECT] 
2026-10-01 23:55:11,895 [ERROR] LogOutputStream:75 - [STDERR_REDIRECT] [Fatal Error] :1:1: Premature end of file.
2026-10-01 23:55:11,895 [ERROR] LogOutputStream:75 - [STDERR_REDIRECT] 
2026-10-01 23:55:12,890 [ERROR] LogOutputStream:75 - [STDERR_REDIRECT] [Fatal Error] :1:1: Premature end of file.
2026-10-01 23:55:12,890 [ERROR] LogOutputStream:75 - [STDERR_REDIRECT] 
2026-10-01 23:55:13,889 [ERROR] LogOutputStream:75 - [STDERR_REDIRECT] [Fatal Error] :1:1: Premature end of file.
2026-10-01 23:55:13,889 [ERROR] LogOutputStream:75 - [STDERR_REDIRECT] 
2026-10-01 23:55:14,936 [ERROR] LogOutputStream:75 - [STDERR_REDIRECT] [Fatal Error] :1:1: Premature end of file.
2026-10-01 23:55:14,937 [ERROR] LogOutputStream:75 - [STDERR_REDIRECT] 
2026-10-01 23:55:15,902 [ERROR] LogOutputStream:75 - [STDERR_REDIRECT] [Fatal Error] :1:1: Premature end of file.
2026-10-01 23:55:15,902 [ERROR] LogOutputStream:75 - [STDERR_REDIRECT] 
2026-10-01 23:55:16,876 [ERROR] LogOutputStream:75 - [STDERR_REDIRECT] [Fatal Error] :1:1: Premature end of file.
2026-10-01 23:55:16,876 [ERROR] LogOutputStream:75 - [STDERR_REDIRECT] 
2026-10-01 23:55:17,876 [ERROR] LogOutputStream:75 - [STDERR_REDIRECT] [Fatal Error] :1:1: Premature end of file.
2026-10-01 23:55:17,876 [ERROR] LogOutputStream:75 - [STDERR_REDIRECT] 
2026-10-01 23:55:18,887 [ERROR] LogOutputStream:75 - [STDERR_REDIRECT] [Fatal Error] :1:1: Premature end of file.
2026-10-01 23:55:18,887 [ERROR] LogOutputStream:75 - [STDERR_REDIRECT] 
2026-10-01 23:55:19,888 [ERROR] LogOutputStream:75 - [STDERR_REDIRECT] [Fatal Error] :1:1: Premature end of file.
2026-10-01 23:55:19,889 [ERROR] LogOutputStream:75 - [STDERR_REDIRECT] 
2026-10-01 23:55:20,884 [ERROR] LogOutputStream:75 - [STDERR_REDIRECT] [Fatal Error] :1:1: Premature end of file.
2026-10-01 23:55:20,885 [ERROR] LogOutputStream:75 - [STDERR_REDIRECT] 
2026-10-01 23:55:21,881 [ERROR] LogOutputStream:75 - [STDERR_REDIRECT] [Fatal Error] :1:1: Premature end of file.
2026-10-01 23:55:21,881 [ERROR] LogOutputStream:75 - [STDERR_REDIRECT] 
2026-10-01 23:55:22,886 [ERROR] LogOutputStream:75 - [STDERR_REDIRECT] [Fatal Error] :1:1: Premature end of file.
2026-10-01 23:55:22,886 [ERROR] LogOutputStream:75 - [STDERR_REDIRECT] 
2026-10-01 23:55:23,888 [ERROR] LogOutputStream:75 - [STDERR_REDIRECT] [Fatal Error] :1:1: Premature end of file.
2026-10-01 23:55:23,889 [ERROR] LogOutputStream:75 - [STDERR_REDIRECT] 
2026-10-01 23:55:24,888 [ERROR] LogOutputStream:75 - [STDERR_REDIRECT] [Fatal Error] :1:1: Premature end of file.
2026-10-01 23:55:24,888 [ERROR] LogOutputStream:75 - [STDERR_REDIRECT] 
2026-10-01 23:55:25,887 [ERROR] LogOutputStream:75 - [STDERR_REDIRECT] [Fatal Error] :1:1: Premature end of file.
2026-10-01 23:55:25,887 [ERROR] LogOutputStream:75 - [STDERR_REDIRECT] 
2026-10-01 23:55:26,888 [ERROR] LogOutputStream:75 - [STDERR_REDIRECT] [Fatal Error] :1:1: Premature end of file.
2026-10-01 23:55:26,888 [ERROR] LogOutputStream:75 - [STDERR_REDIRECT] 
2026-10-01 23:55:27,894 [ERROR] LogOutputStream:75 - [STDERR_REDIRECT] [Fatal Error] :1:1: Premature end of file.
2026-10-01 23:55:27,894 [ERROR] LogOutputStream:75 - [STDERR_REDIRECT] 
2026-10-01 23:55:28,889 [ERROR] LogOutputStream:75 - [STDERR_REDIRECT] [Fatal Error] :1:1: Premature end of file.
2026-10-01 23:55:28,889 [ERROR] LogOutputStream:75 - [STDERR_REDIRECT] 
2026-10-01 23:55:29,885 [ERROR] LogOutputStream:75 - [STDERR_REDIRECT] [Fatal Error] :1:1: Premature end of file.
2026-10-01 23:55:29,885 [ERROR] LogOutputStream:75 - [STDERR_REDIRECT] 
2026-10-01 23:55:30,889 [ERROR] LogOutputStream:75 - [STDERR_REDIRECT] [Fatal Error] :1:1: Premature end of file.
2026-10-01 23:55:30,889 [ERROR] LogOutputStream:75 - [STDERR_REDIRECT] 
2026-10-01 23:55:31,888 [ERROR] LogOutputStream:75 - [STDERR_REDIRECT] [Fatal Error] :1:1: Premature end of file.
2026-10-01 23:55:31,888 [ERROR] LogOutputStream:75 - [STDERR_REDIRECT] 
2026-10-01 23:55:32,882 [ERROR] LogOutputStream:75 - [STDERR_REDIRECT] [Fatal Error] :1:1: Premature end of file.
2026-10-01 23:55:32,882 [ERROR] LogOutputStream:75 - [STDERR_REDIRECT] 
2026-10-01 23:55:33,887 [ERROR] LogOutputStream:75 - [STDERR_REDIRECT] [Fatal Error] :1:1: Premature end of file.
2026-10-01 23:55:33,887 [ERROR] LogOutputStream:75 - [STDERR_REDIRECT] 
2026-10-01 23:55:34,892 [ERROR] LogOutputStream:75 - [STDERR_REDIRECT] [Fatal Error] :1:1: Premature end of file.
2026-10-01 23:55:34,892 [ERROR] LogOutputStream:75 - [STDERR_REDIRECT] 
2026-10-01 23:55:35,886 [ERROR] LogOutputStream:75 - [STDERR_REDIRECT] [Fatal Error] :1:1: Premature end of file.
2026-10-01 23:55:35,886 [ERROR] LogOutputStream:75 - [STDERR_REDIRECT] 
2026-10-01 23:55:36,886 [ERROR] LogOutputStream:75 - [STDERR_REDIRECT] [Fatal Error] :1:1: Premature end of file.
2026-10-01 23:55:36,886 [ERROR] LogOutputStream:75 - [STDERR_REDIRECT] 
2026-10-01 23:55:37,885 [ERROR] LogOutputStream:75 - [STDERR_REDIRECT] [Fatal Error] :1:1: Premature end of file.
2026-10-01 23:55:37,885 [ERROR] LogOutputStream:75 - [STDERR_REDIRECT] 
2026-10-01 23:55:38,883 [ERROR] LogOutputStream:75 - [STDERR_REDIRECT] [Fatal Error] :1:1: Premature end of file.
2026-10-01 23:55:38,883 [ERROR] LogOutputStream:75 - [STDERR_REDIRECT] 
2026-10-01 23:55:39,885 [ERROR] LogOutputStream:75 - [STDERR_REDIRECT] [Fatal Error] :1:1: Premature end of file.
2026-10-01 23:55:39,885 [ERROR] LogOutputStream:75 - [STDERR_REDIRECT] 
2026-10-01 23:55:40,891 [ERROR] LogOutputStream:75 - [STDERR_REDIRECT] [Fatal Error] :1:1: Premature end of file.
2026-10-01 23:55:40,891 [ERROR] LogOutputStream:75 - [STDERR_REDIRECT] 
2026-10-01 23:55:41,884 [ERROR] LogOutputStream:75 - [STDERR_REDIRECT] [Fatal Error] :1:1: Premature end of file.
2026-10-01 23:55:41,884 [ERROR] LogOutputStream:75 - [STDERR_REDIRECT] 
2026-10-01 23:55:42,881 [ERROR] LogOutputStream:75 - [STDERR_REDIRECT] [Fatal Error] :1:1: Premature end of file.
2026-10-01 23:55:42,881 [ERROR] LogOutputStream:75 - [STDERR_REDIRECT] 
2026-10-01 23:55:43,887 [ERROR] LogOutputStream:75 - [STDERR_REDIRECT] [Fatal Error] :1:1: Premature end of file.
2026-10-01 23:55:43,888 [ERROR] LogOutputStream:75 - [STDERR_REDIRECT] 
2026-10-01 23:55:44,892 [ERROR] LogOutputStream:75 - [STDERR_REDIRECT] [Fatal Error] :1:1: Premature end of file.
2026-10-01 23:55:44,892 [ERROR] LogOutputStream:75 - [STDERR_REDIRECT] 
2026-10-01 23:55:45,888 [ERROR] LogOutputStream:75 - [STDERR_REDIRECT] [Fatal Error] :1:1: Premature end of file.
2026-10-01 23:55:45,888 [ERROR] LogOutputStream:75 - [STDERR_REDIRECT] 
2026-10-01 23:55:46,879 [ERROR] LogOutputStream:75 - [STDERR_REDIRECT] [Fatal Error] :1:1: Premature end of file.
2026-10-01 23:55:46,880 [ERROR] LogOutputStream:75 - [STDERR_REDIRECT] 
2026-10-01 23:55:47,889 [ERROR] LogOutputStream:75 - [STDERR_REDIRECT] [Fatal Error] :1:1: Premature end of file.
2026-10-01 23:55:47,889 [ERROR] LogOutputStream:75 - [STDERR_REDIRECT] 
2026-10-01 23:55:48,889 [ERROR] LogOutputStream:75 - [STDERR_REDIRECT] [Fatal Error] :1:1: Premature end of file.
2026-10-01 23:55:48,889 [ERROR] LogOutputStream:75 - [STDERR_REDIRECT] 
2026-10-01 23:55:49,885 [ERROR] LogOutputStream:75 - [STDERR_REDIRECT] [Fatal Error] :1:1: Premature end of file.
2026-10-01 23:55:49,886 [ERROR] LogOutputStream:75 - [STDERR_REDIRECT] 
2026-10-01 23:55:50,887 [ERROR] LogOutputStream:75 - [STDERR_REDIRECT] [Fatal Error] :1:1: Premature end of file.
2026-10-01 23:55:50,887 [ERROR] LogOutputStream:75 - [STDERR_REDIRECT] 
2026-10-01 23:55:51,888 [ERROR] LogOutputStream:75 - [STDERR_REDIRECT] [Fatal Error] :1:1: Premature end of file.
2026-10-01 23:55:51,888 [ERROR] LogOutputStream:75 - [STDERR_REDIRECT] 
2026-10-01 23:55:52,886 [ERROR] LogOutputStream:75 - [STDERR_REDIRECT] [Fatal Error] :1:1: Premature end of file.
2026-10-01 23:55:52,886 [ERROR] LogOutputStream:75 - [STDERR_REDIRECT] 
2026-10-01 23:55:53,891 [ERROR] LogOutputStream:75 - [STDERR_REDIRECT] [Fatal Error] :1:1: Premature end of file.
2026-10-01 23:55:53,891 [ERROR] LogOutputStream:75 - [STDERR_REDIRECT] 
2026-10-01 23:55:54,886 [ERROR] LogOutputStream:75 - [STDERR_REDIRECT] [Fatal Error] :1:1: Premature end of file.
2026-10-01 23:55:54,887 [ERROR] LogOutputStream:75 - [STDERR_REDIRECT] 
2026-10-01 23:55:55,881 [ERROR] LogOutputStream:75 - [STDERR_REDIRECT] [Fatal Error] :1:1: Premature end of file.
2026-10-01 23:55:55,881 [ERROR] LogOutputStream:75 - [STDERR_REDIRECT] 
2026-10-01 23:55:56,874 [ERROR] LogOutputStream:75 - [STDERR_REDIRECT] [Fatal Error] :1:1: Premature end of file.
2026-10-01 23:55:56,874 [ERROR] LogOutputStream:75 - [STDERR_REDIRECT] 
2026-10-01 23:55:57,887 [ERROR] LogOutputStream:75 - [STDERR_REDIRECT] [Fatal Error] :1:1: Premature end of file.
2026-10-01 23:55:57,887 [ERROR] LogOutputStream:75 - [STDERR_REDIRECT] 
2026-10-01 23:55:58,872 [ERROR] LogOutputStream:75 - [STDERR_REDIRECT] [Fatal Error] :1:1: Premature end of file.
2026-10-01 23:55:58,872 [ERROR] LogOutputStream:75 - [STDERR_REDIRECT] 
2026-10-01 23:55:59,887 [ERROR] LogOutputStream:75 - [STDERR_REDIRECT] [Fatal Error] :1:1: Premature end of file.
2026-10-01 23:55:59,887 [ERROR] LogOutputStream:75 - [STDERR_REDIRECT] 
2026-10-01 23:56:00,886 [ERROR] LogOutputStream:75 - [STDERR_REDIRECT] [Fatal Error] :1:1: Premature end of file.
2026-10-01 23:56:00,886 [ERROR] LogOutputStream:75 - [STDERR_REDIRECT] 
2026-10-01 23:56:01,887 [ERROR] LogOutputStream:75 - [STDERR_REDIRECT] [Fatal Error] :1:1: Premature end of file.
2026-10-01 23:56:01,887 [ERROR] LogOutputStream:75 - [STDERR_REDIRECT] 
2026-10-01 23:56:02,889 [ERROR] LogOutputStream:75 - [STDERR_REDIRECT] [Fatal Error] :1:1: Premature end of file.
2026-10-01 23:56:02,890 [ERROR] LogOutputStream:75 - [STDERR_REDIRECT] 
2026-10-01 23:56:03,886 [ERROR] LogOutputStream:75 - [STDERR_REDIRECT] [Fatal Error] :1:1: Premature end of file.
2026-10-01 23:56:03,886 [ERROR] LogOutputStream:75 - [STDERR_REDIRECT] 
2026-10-01 23:56:04,889 [ERROR] LogOutputStream:75 - [STDERR_REDIRECT] [Fatal Error] :1:1: Premature end of file.
2026-10-01 23:56:04,889 [ERROR] LogOutputStream:75 - [STDERR_REDIRECT] 
2026-10-01 23:56:05,885 [ERROR] LogOutputStream:75 - [STDERR_REDIRECT] [Fatal Error] :1:1: Premature end of file.
2026-10-01 23:56:05,885 [ERROR] LogOutputStream:75 - [STDERR_REDIRECT] 
2026-10-01 23:56:06,888 [ERROR] LogOutputStream:75 - [STDERR_REDIRECT] [Fatal Error] :1:1: Premature end of file.
2026-10-01 23:56:06,888 [ERROR] LogOutputStream:75 - [STDERR_REDIRECT] 
2026-10-01 23:56:07,889 [ERROR] LogOutputStream:75 - [STDERR_REDIRECT] [Fatal Error] :1:1: Premature end of file.
2026-10-01 23:56:07,889 [ERROR] LogOutputStream:75 - [STDERR_REDIRECT] 
2026-10-01 23:56:08,890 [ERROR] LogOutputStream:75 - [STDERR_REDIRECT] [Fatal Error] :1:1: Premature end of file.
2026-10-01 23:56:08,891 [ERROR] LogOutputStream:75 - [STDERR_REDIRECT] 
2026-10-01 23:56:09,888 [ERROR] LogOutputStream:75 - [STDERR_REDIRECT] [Fatal Error] :1:1: Premature end of file.
2026-10-01 23:56:09,888 [ERROR] LogOutputStream:75 - [STDERR_REDIRECT] 
2026-10-01 23:56:10,885 [ERROR] LogOutputStream:75 - [STDERR_REDIRECT] [Fatal Error] :1:1: Premature end of file.
2026-10-01 23:56:10,885 [ERROR] LogOutputStream:75 - [STDERR_REDIRECT] 
2026-10-01 23:56:11,885 [ERROR] LogOutputStream:75 - [STDERR_REDIRECT] [Fatal Error] :1:1: Premature end of file.
2026-10-01 23:56:11,885 [ERROR] LogOutputStream:75 - [STDERR_REDIRECT] 
2026-10-01 23:56:12,890 [ERROR] LogOutputStream:75 - [STDERR_REDIRECT] [Fatal Error] :1:1: Premature end of file.
2026-10-01 23:56:12,890 [ERROR] LogOutputStream:75 - [STDERR_REDIRECT] 
2026-10-01 23:56:13,888 [ERROR] LogOutputStream:75 - [STDERR_REDIRECT] [Fatal Error] :1:1: Premature end of file.
2026-10-01 23:56:13,888 [ERROR] LogOutputStream:75 - [STDERR_REDIRECT] 
2026-10-01 23:56:14,889 [ERROR] LogOutputStream:75 - [STDERR_REDIRECT] [Fatal Error] :1:1: Premature end of file.
2026-10-01 23:56:14,889 [ERROR] LogOutputStream:75 - [STDERR_REDIRECT] 
2026-10-01 23:56:15,889 [ERROR] LogOutputStream:75 - [STDERR_REDIRECT] [Fatal Error] :1:1: Premature end of file.
2026-10-01 23:56:15,889 [ERROR] LogOutputStream:75 - [STDERR_REDIRECT] 
2026-10-01 23:56:16,888 [ERROR] LogOutputStream:75 - [STDERR_REDIRECT] [Fatal Error] :1:1: Premature end of file.
2026-10-01 23:56:16,888 [ERROR] LogOutputStream:75 - [STDERR_REDIRECT] 
2026-10-01 23:56:17,890 [ERROR] LogOutputStream:75 - [STDERR_REDIRECT] [Fatal Error] :1:1: Premature end of file.
2026-10-01 23:56:17,891 [ERROR] LogOutputStream:75 - [STDERR_REDIRECT] 
2026-10-01 23:56:18,887 [ERROR] LogOutputStream:75 - [STDERR_REDIRECT] [Fatal Error] :1:1: Premature end of file.
2026-10-01 23:56:18,887 [ERROR] LogOutputStream:75 - [STDERR_REDIRECT] 
2026-10-01 23:56:19,886 [ERROR] LogOutputStream:75 - [STDERR_REDIRECT] [Fatal Error] :1:1: Premature end of file.
2026-10-01 23:56:19,886 [ERROR] LogOutputStream:75 - [STDERR_REDIRECT] 
2026-10-01 23:56:20,880 [ERROR] LogOutputStream:75 - [STDERR_REDIRECT] [Fatal Error] :1:1: Premature end of file.
2026-10-01 23:56:20,880 [ERROR] LogOutputStream:75 - [STDERR_REDIRECT] 
2026-10-01 23:56:21,890 [ERROR] LogOutputStream:75 - [STDERR_REDIRECT] [Fatal Error] :1:1: Premature end of file.
2026-10-01 23:56:21,890 [ERROR] LogOutputStream:75 - [STDERR_REDIRECT] 
2026-10-01 23:56:22,887 [ERROR] LogOutputStream:75 - [STDERR_REDIRECT] [Fatal Error] :1:1: Premature end of file.
2026-10-01 23:56:22,888 [ERROR] LogOutputStream:75 - [STDERR_REDIRECT] 
2026-10-01 23:56:23,885 [ERROR] LogOutputStream:75 - [STDERR_REDIRECT] [Fatal Error] :1:1: Premature end of file.
2026-10-01 23:56:23,886 [ERROR] LogOutputStream:75 - [STDERR_REDIRECT] 
2026-10-01 23:56:24,888 [ERROR] LogOutputStream:75 - [STDERR_REDIRECT] [Fatal Error] :1:1: Premature end of file.
2026-10-01 23:56:24,888 [ERROR] LogOutputStream:75 - [STDERR_REDIRECT] 
2026-10-01 23:56:25,886 [ERROR] LogOutputStream:75 - [STDERR_REDIRECT] [Fatal Error] :1:1: Premature end of file.
2026-10-01 23:56:25,886 [ERROR] LogOutputStream:75 - [STDERR_REDIRECT] 
2026-10-01 23:56:26,889 [ERROR] LogOutputStream:75 - [STDERR_REDIRECT] [Fatal Error] :1:1: Premature end of file.
2026-10-01 23:56:26,889 [ERROR] LogOutputStream:75 - [STDERR_REDIRECT] 
2026-10-01 23:56:27,887 [ERROR] LogOutputStream:75 - [STDERR_REDIRECT] [Fatal Error] :1:1: Premature end of file.
2026-10-01 23:56:27,888 [ERROR] LogOutputStream:75 - [STDERR_REDIRECT] 
2026-10-01 23:56:28,887 [ERROR] LogOutputStream:75 - [STDERR_REDIRECT] [Fatal Error] :1:1: Premature end of file.
2026-10-01 23:56:28,887 [ERROR] LogOutputStream:75 - [STDERR_REDIRECT] 
2026-10-01 23:56:29,889 [ERROR] LogOutputStream:75 - [STDERR_REDIRECT] [Fatal Error] :1:1: Premature end of file.
2026-10-01 23:56:29,889 [ERROR] LogOutputStream:75 - [STDERR_REDIRECT] 
2026-10-01 23:56:30,884 [ERROR] LogOutputStream:75 - [STDERR_REDIRECT] [Fatal Error] :1:1: Premature end of file.
2026-10-01 23:56:30,885 [ERROR] LogOutputStream:75 - [STDERR_REDIRECT] 
2026-10-01 23:56:31,888 [ERROR] LogOutputStream:75 - [STDERR_REDIRECT] [Fatal Error] :1:1: Premature end of file.
2026-10-01 23:56:31,888 [ERROR] LogOutputStream:75 - [STDERR_REDIRECT] 
2026-10-01 23:56:32,892 [ERROR] LogOutputStream:75 - [STDERR_REDIRECT] [Fatal Error] :1:1: Premature end of file.
2026-10-01 23:56:32,892 [ERROR] LogOutputStream:75 - [STDERR_REDIRECT] 
2026-10-01 23:56:33,883 [ERROR] LogOutputStream:75 - [STDERR_REDIRECT] [Fatal Error] :1:1: Premature end of file.
2026-10-01 23:56:33,883 [ERROR] LogOutputStream:75 - [STDERR_REDIRECT] 
2026-10-01 23:56:34,887 [ERROR] LogOutputStream:75 - [STDERR_REDIRECT] [Fatal Error] :1:1: Premature end of file.
2026-10-01 23:56:34,887 [ERROR] LogOutputStream:75 - [STDERR_REDIRECT] 
2026-10-01 23:56:35,890 [ERROR] LogOutputStream:75 - [STDERR_REDIRECT] [Fatal Error] :1:1: Premature end of file.
2026-10-01 23:56:35,890 [ERROR] LogOutputStream:75 - [STDERR_REDIRECT] 
2026-10-01 23:56:36,886 [ERROR] LogOutputStream:75 - [STDERR_REDIRECT] [Fatal Error] :1:1: Premature end of file.
2026-10-01 23:56:36,886 [ERROR] LogOutputStream:75 - [STDERR_REDIRECT] 
2026-10-01 23:56:37,881 [ERROR] LogOutputStream:75 - [STDERR_REDIRECT] [Fatal Error] :1:1: Premature end of file.
2026-10-01 23:56:37,881 [ERROR] LogOutputStream:75 - [STDERR_REDIRECT] 
2026-10-01 23:56:38,887 [ERROR] LogOutputStream:75 - [STDERR_REDIRECT] [Fatal Error] :1:1: Premature end of file.
2026-10-01 23:56:38,887 [ERROR] LogOutputStream:75 - [STDERR_REDIRECT] 
2026-10-01 23:56:39,884 [ERROR] LogOutputStream:75 - [STDERR_REDIRECT] [Fatal Error] :1:1: Premature end of file.
2026-10-01 23:56:39,884 [ERROR] LogOutputStream:75 - [STDERR_REDIRECT] 
2026-10-01 23:56:40,887 [ERROR] LogOutputStream:75 - [STDERR_REDIRECT] [Fatal Error] :1:1: Premature end of file.
2026-10-01 23:56:40,887 [ERROR] LogOutputStream:75 - [STDERR_REDIRECT] 
2026-10-01 23:56:41,885 [ERROR] LogOutputStream:75 - [STDERR_REDIRECT] [Fatal Error] :1:1: Premature end of file.
2026-10-01 23:56:41,885 [ERROR] LogOutputStream:75 - [STDERR_REDIRECT] 
2026-10-01 23:56:42,889 [ERROR] LogOutputStream:75 - [STDERR_REDIRECT] [Fatal Error] :1:1: Premature end of file.
2026-10-01 23:56:42,889 [ERROR] LogOutputStream:75 - [STDERR_REDIRECT] 
2026-10-01 23:56:43,890 [ERROR] LogOutputStream:75 - [STDERR_REDIRECT] [Fatal Error] :1:1: Premature end of file.
2026-10-01 23:56:43,890 [ERROR] LogOutputStream:75 - [STDERR_REDIRECT] 
2026-10-01 23:56:44,888 [ERROR] LogOutputStream:75 - [STDERR_REDIRECT] [Fatal Error] :1:1: Premature end of file.
2026-10-01 23:56:44,888 [ERROR] LogOutputStream:75 - [STDERR_REDIRECT] 
2026-10-01 23:56:45,886 [ERROR] LogOutputStream:75 - [STDERR_REDIRECT] [Fatal Error] :1:1: Premature end of file.
2026-10-01 23:56:45,887 [ERROR] LogOutputStream:75 - [STDERR_REDIRECT] 
2026-10-01 23:56:46,886 [ERROR] LogOutputStream:75 - [STDERR_REDIRECT] [Fatal Error] :1:1: Premature end of file.
2026-10-01 23:56:46,886 [ERROR] LogOutputStream:75 - [STDERR_REDIRECT] 
2026-10-01 23:56:47,881 [ERROR] LogOutputStream:75 - [STDERR_REDIRECT] [Fatal Error] :1:1: Premature end of file.
2026-10-01 23:56:47,881 [ERROR] LogOutputStream:75 - [STDERR_REDIRECT] 
2026-10-01 23:56:48,888 [ERROR] LogOutputStream:75 - [STDERR_REDIRECT] [Fatal Error] :1:1: Premature end of file.
2026-10-01 23:56:48,888 [ERROR] LogOutputStream:75 - [STDERR_REDIRECT] 
2026-10-01 23:56:49,886 [ERROR] LogOutputStream:75 - [STDERR_REDIRECT] [Fatal Error] :1:1: Premature end of file.
2026-10-01 23:56:49,886 [ERROR] LogOutputStream:75 - [STDERR_REDIRECT] 
2026-10-01 23:56:50,885 [ERROR] LogOutputStream:75 - [STDERR_REDIRECT] [Fatal Error] :1:1: Premature end of file.
2026-10-01 23:56:50,885 [ERROR] LogOutputStream:75 - [STDERR_REDIRECT] 
2026-10-01 23:56:51,886 [ERROR] LogOutputStream:75 - [STDERR_REDIRECT] [Fatal Error] :1:1: Premature end of file.
2026-10-01 23:56:51,886 [ERROR] LogOutputStream:75 - [STDERR_REDIRECT] 
2026-10-01 23:56:52,889 [ERROR] LogOutputStream:75 - [STDERR_REDIRECT] [Fatal Error] :1:1: Premature end of file.
2026-10-01 23:56:52,890 [ERROR] LogOutputStream:75 - [STDERR_REDIRECT] 
2026-10-01 23:56:53,893 [ERROR] LogOutputStream:75 - [STDERR_REDIRECT] [Fatal Error] :1:1: Premature end of file.
2026-10-01 23:56:53,893 [ERROR] LogOutputStream:75 - [STDERR_REDIRECT] 
2026-10-01 23:56:54,883 [ERROR] LogOutputStream:75 - [STDERR_REDIRECT] [Fatal Error] :1:1: Premature end of file.
2026-10-01 23:56:54,883 [ERROR] LogOutputStream:75 - [STDERR_REDIRECT] 
2026-10-01 23:56:55,890 [ERROR] LogOutputStream:75 - [STDERR_REDIRECT] [Fatal Error] :1:1: Premature end of file.
2026-10-01 23:56:55,890 [ERROR] LogOutputStream:75 - [STDERR_REDIRECT] 
2026-10-01 23:56:56,888 [ERROR] LogOutputStream:75 - [STDERR_REDIRECT] [Fatal Error] :1:1: Premature end of file.
2026-10-01 23:56:56,888 [ERROR] LogOutputStream:75 - [STDERR_REDIRECT] 
2026-10-01 23:56:57,889 [ERROR] LogOutputStream:75 - [STDERR_REDIRECT] [Fatal Error] :1:1: Premature end of file.
2026-10-01 23:56:57,889 [ERROR] LogOutputStream:75 - [STDERR_REDIRECT] 
2026-10-01 23:56:58,886 [ERROR] LogOutputStream:75 - [STDERR_REDIRECT] [Fatal Error] :1:1: Premature end of file.
2026-10-01 23:56:58,886 [ERROR] LogOutputStream:75 - [STDERR_REDIRECT] 
2026-10-01 23:56:59,885 [ERROR] LogOutputStream:75 - [STDERR_REDIRECT] [Fatal Error] :1:1: Premature end of file.
2026-10-01 23:56:59,885 [ERROR] LogOutputStream:75 - [STDERR_REDIRECT] 
2026-10-01 23:57:00,885 [ERROR] LogOutputStream:75 - [STDERR_REDIRECT] [Fatal Error] :1:1: Premature end of file.
2026-10-01 23:57:00,885 [ERROR] LogOutputStream:75 - [STDERR_REDIRECT] 
2026-10-01 23:57:01,886 [ERROR] LogOutputStream:75 - [STDERR_REDIRECT] [Fatal Error] :1:1: Premature end of file.
2026-10-01 23:57:01,887 [ERROR] LogOutputStream:75 - [STDERR_REDIRECT] 
2026-10-01 23:57:02,877 [ERROR] LogOutputStream:75 - [STDERR_REDIRECT] [Fatal Error] :1:1: Premature end of file.
2026-10-01 23:57:02,877 [ERROR] LogOutputStream:75 - [STDERR_REDIRECT] 
2026-10-01 23:57:03,885 [ERROR] LogOutputStream:75 - [STDERR_REDIRECT] [Fatal Error] :1:1: Premature end of file.
2026-10-01 23:57:03,885 [ERROR] LogOutputStream:75 - [STDERR_REDIRECT] 
2026-10-01 23:57:04,888 [ERROR] LogOutputStream:75 - [STDERR_REDIRECT] [Fatal Error] :1:1: Premature end of file.
2026-10-01 23:57:04,888 [ERROR] LogOutputStream:75 - [STDERR_REDIRECT] 
2026-10-01 23:57:05,890 [ERROR] LogOutputStream:75 - [STDERR_REDIRECT] [Fatal Error] :1:1: Premature end of file.
2026-10-01 23:57:05,890 [ERROR] LogOutputStream:75 - [STDERR_REDIRECT] 
2026-10-01 23:57:06,883 [ERROR] LogOutputStream:75 - [STDERR_REDIRECT] [Fatal Error] :1:1: Premature end of file.
2026-10-01 23:57:06,883 [ERROR] LogOutputStream:75 - [STDERR_REDIRECT] 
2026-10-01 23:57:07,872 [ERROR] LogOutputStream:75 - [STDERR_REDIRECT] [Fatal Error] :1:1: Premature end of file.
2026-10-01 23:57:07,872 [ERROR] LogOutputStream:75 - [STDERR_REDIRECT] 
2026-10-01 23:57:08,890 [ERROR] LogOutputStream:75 - [STDERR_REDIRECT] [Fatal Error] :1:1: Premature end of file.
2026-10-01 23:57:08,890 [ERROR] LogOutputStream:75 - [STDERR_REDIRECT] 
2026-10-01 23:57:09,887 [ERROR] LogOutputStream:75 - [STDERR_REDIRECT] [Fatal Error] :1:1: Premature end of file.
2026-10-01 23:57:09,887 [ERROR] LogOutputStream:75 - [STDERR_REDIRECT] 
2026-10-01 23:57:10,889 [ERROR] LogOutputStream:75 - [STDERR_REDIRECT] [Fatal Error] :1:1: Premature end of file.
2026-10-01 23:57:10,889 [ERROR] LogOutputStream:75 - [STDERR_REDIRECT] 
2026-10-01 23:57:11,889 [ERROR] LogOutputStream:75 - [STDERR_REDIRECT] [Fatal Error] :1:1: Premature end of file.
2026-10-01 23:57:11,889 [ERROR] LogOutputStream:75 - [STDERR_REDIRECT] 
2026-10-01 23:57:12,887 [ERROR] LogOutputStream:75 - [STDERR_REDIRECT] [Fatal Error] :1:1: Premature end of file.
2026-10-01 23:57:12,887 [ERROR] LogOutputStream:75 - [STDERR_REDIRECT] 
2026-10-01 23:57:13,888 [ERROR] LogOutputStream:75 - [STDERR_REDIRECT] [Fatal Error] :1:1: Premature end of file.
2026-10-01 23:57:13,888 [ERROR] LogOutputStream:75 - [STDERR_REDIRECT] 
2026-10-01 23:57:14,889 [ERROR] LogOutputStream:75 - [STDERR_REDIRECT] [Fatal Error] :1:1: Premature end of file.
2026-10-01 23:57:14,889 [ERROR] LogOutputStream:75 - [STDERR_REDIRECT] 
2026-10-01 23:57:15,887 [ERROR] LogOutputStream:75 - [STDERR_REDIRECT] [Fatal Error] :1:1: Premature end of file.
2026-10-01 23:57:15,887 [ERROR] LogOutputStream:75 - [STDERR_REDIRECT] 
2026-10-01 23:57:16,892 [ERROR] LogOutputStream:75 - [STDERR_REDIRECT] [Fatal Error] :1:1: Premature end of file.
2026-10-01 23:57:16,892 [ERROR] LogOutputStream:75 - [STDERR_REDIRECT] 
2026-10-01 23:57:17,885 [ERROR] LogOutputStream:75 - [STDERR_REDIRECT] [Fatal Error] :1:1: Premature end of file.
2026-10-01 23:57:17,885 [ERROR] LogOutputStream:75 - [STDERR_REDIRECT] 
2026-10-01 23:57:18,885 [ERROR] LogOutputStream:75 - [STDERR_REDIRECT] [Fatal Error] :1:1: Premature end of file.
2026-10-01 23:57:18,885 [ERROR] LogOutputStream:75 - [STDERR_REDIRECT] 
2026-10-01 23:57:19,888 [ERROR] LogOutputStream:75 - [STDERR_REDIRECT] [Fatal Error] :1:1: Premature end of file.
2026-10-01 23:57:19,888 [ERROR] LogOutputStream:75 - [STDERR_REDIRECT] 
2026-10-01 23:57:20,890 [ERROR] LogOutputStream:75 - [STDERR_REDIRECT] [Fatal Error] :1:1: Premature end of file.
2026-10-01 23:57:20,890 [ERROR] LogOutputStream:75 - [STDERR_REDIRECT] 
2026-10-01 23:57:21,878 [ERROR] LogOutputStream:75 - [STDERR_REDIRECT] [Fatal Error] :1:1: Premature end of file.
2026-10-01 23:57:21,878 [ERROR] LogOutputStream:75 - [STDERR_REDIRECT] 
2026-10-01 23:57:22,885 [ERROR] LogOutputStream:75 - [STDERR_REDIRECT] [Fatal Error] :1:1: Premature end of file.
2026-10-01 23:57:22,885 [ERROR] LogOutputStream:75 - [STDERR_REDIRECT] 
2026-10-01 23:57:23,885 [ERROR] LogOutputStream:75 - [STDERR_REDIRECT] [Fatal Error] :1:1: Premature end of file.
2026-10-01 23:57:23,885 [ERROR] LogOutputStream:75 - [STDERR_REDIRECT] 
2026-10-01 23:57:24,884 [ERROR] LogOutputStream:75 - [STDERR_REDIRECT] [Fatal Error] :1:1: Premature end of file.
2026-10-01 23:57:24,885 [ERROR] LogOutputStream:75 - [STDERR_REDIRECT] 
2026-10-01 23:57:25,888 [ERROR] LogOutputStream:75 - [STDERR_REDIRECT] [Fatal Error] :1:1: Premature end of file.
2026-10-01 23:57:25,888 [ERROR] LogOutputStream:75 - [STDERR_REDIRECT] 
2026-10-01 23:57:26,889 [ERROR] LogOutputStream:75 - [STDERR_REDIRECT] [Fatal Error] :1:1: Premature end of file.
2026-10-01 23:57:26,890 [ERROR] LogOutputStream:75 - [STDERR_REDIRECT] 
2026-10-01 23:57:27,877 [ERROR] LogOutputStream:75 - [STDERR_REDIRECT] [Fatal Error] :1:1: Premature end of file.
2026-10-01 23:57:27,877 [ERROR] LogOutputStream:75 - [STDERR_REDIRECT] 
2026-10-01 23:57:28,891 [ERROR] LogOutputStream:75 - [STDERR_REDIRECT] [Fatal Error] :1:1: Premature end of file.
2026-10-01 23:57:28,891 [ERROR] LogOutputStream:75 - [STDERR_REDIRECT] 
2026-10-01 23:57:29,887 [ERROR] LogOutputStream:75 - [STDERR_REDIRECT] [Fatal Error] :1:1: Premature end of file.
2026-10-01 23:57:29,887 [ERROR] LogOutputStream:75 - [STDERR_REDIRECT] 
2026-10-01 23:57:30,886 [ERROR] LogOutputStream:75 - [STDERR_REDIRECT] [Fatal Error] :1:1: Premature end of file.
2026-10-01 23:57:30,886 [ERROR] LogOutputStream:75 - [STDERR_REDIRECT] 
2026-10-01 23:57:31,885 [ERROR] LogOutputStream:75 - [STDERR_REDIRECT] [Fatal Error] :1:1: Premature end of file.
2026-10-01 23:57:31,885 [ERROR] LogOutputStream:75 - [STDERR_REDIRECT] 
2026-10-01 23:57:32,883 [ERROR] LogOutputStream:75 - [STDERR_REDIRECT] [Fatal Error] :1:1: Premature end of file.
2026-10-01 23:57:32,883 [ERROR] LogOutputStream:75 - [STDERR_REDIRECT] 
2026-10-01 23:57:33,881 [ERROR] LogOutputStream:75 - [STDERR_REDIRECT] [Fatal Error] :1:1: Premature end of file.
2026-10-01 23:57:33,881 [ERROR] LogOutputStream:75 - [STDERR_REDIRECT] 
2026-10-01 23:57:34,886 [ERROR] LogOutputStream:75 - [STDERR_REDIRECT] [Fatal Error] :1:1: Premature end of file.
2026-10-01 23:57:34,886 [ERROR] LogOutputStream:75 - [STDERR_REDIRECT] 
2026-10-01 23:57:35,884 [ERROR] LogOutputStream:75 - [STDERR_REDIRECT] [Fatal Error] :1:1: Premature end of file.
2026-10-01 23:57:35,885 [ERROR] LogOutputStream:75 - [STDERR_REDIRECT] 
2026-10-01 23:57:36,887 [ERROR] LogOutputStream:75 - [STDERR_REDIRECT] [Fatal Error] :1:1: Premature end of file.
2026-10-01 23:57:36,887 [ERROR] LogOutputStream:75 - [STDERR_REDIRECT] 
2026-10-01 23:57:37,885 [ERROR] LogOutputStream:75 - [STDERR_REDIRECT] [Fatal Error] :1:1: Premature end of file.
2026-10-01 23:57:37,885 [ERROR] LogOutputStream:75 - [STDERR_REDIRECT] 
2026-10-01 23:57:38,888 [ERROR] LogOutputStream:75 - [STDERR_REDIRECT] [Fatal Error] :1:1: Premature end of file.
2026-10-01 23:57:38,888 [ERROR] LogOutputStream:75 - [STDERR_REDIRECT] 
2026-10-01 23:57:39,884 [ERROR] LogOutputStream:75 - [STDERR_REDIRECT] [Fatal Error] :1:1: Premature end of file.
2026-10-01 23:57:39,884 [ERROR] LogOutputStream:75 - [STDERR_REDIRECT] 
2026-10-01 23:57:40,882 [ERROR] LogOutputStream:75 - [STDERR_REDIRECT] [Fatal Error] :1:1: Premature end of file.
2026-10-01 23:57:40,882 [ERROR] LogOutputStream:75 - [STDERR_REDIRECT] 
2026-10-01 23:57:41,884 [ERROR] LogOutputStream:75 - [STDERR_REDIRECT] [Fatal Error] :1:1: Premature end of file.
2026-10-01 23:57:41,884 [ERROR] LogOutputStream:75 - [STDERR_REDIRECT] 
2026-10-01 23:57:42,885 [ERROR] LogOutputStream:75 - [STDERR_REDIRECT] [Fatal Error] :1:1: Premature end of file.
2026-10-01 23:57:42,885 [ERROR] LogOutputStream:75 - [STDERR_REDIRECT] 
2026-10-01 23:57:43,881 [ERROR] LogOutputStream:75 - [STDERR_REDIRECT] [Fatal Error] :1:1: Premature end of file.
2026-10-01 23:57:43,881 [ERROR] LogOutputStream:75 - [STDERR_REDIRECT] 
2026-10-01 23:57:44,884 [ERROR] LogOutputStream:75 - [STDERR_REDIRECT] [Fatal Error] :1:1: Premature end of file.
2026-10-01 23:57:44,884 [ERROR] LogOutputStream:75 - [STDERR_REDIRECT] 
2026-10-01 23:57:45,891 [ERROR] LogOutputStream:75 - [STDERR_REDIRECT] [Fatal Error] :1:1: Premature end of file.
2026-10-01 23:57:45,891 [ERROR] LogOutputStream:75 - [STDERR_REDIRECT] 
2026-10-01 23:57:46,889 [ERROR] LogOutputStream:75 - [STDERR_REDIRECT] [Fatal Error] :1:1: Premature end of file.
2026-10-01 23:57:46,889 [ERROR] LogOutputStream:75 - [STDERR_REDIRECT] 
2026-10-01 23:57:47,892 [ERROR] LogOutputStream:75 - [STDERR_REDIRECT] [Fatal Error] :1:1: Premature end of file.
2026-10-01 23:57:47,892 [ERROR] LogOutputStream:75 - [STDERR_REDIRECT] 
2026-10-01 23:57:48,890 [ERROR] LogOutputStream:75 - [STDERR_REDIRECT] [Fatal Error] :1:1: Premature end of file.
2026-10-01 23:57:48,891 [ERROR] LogOutputStream:75 - [STDERR_REDIRECT] 
2026-10-01 23:57:49,889 [ERROR] LogOutputStream:75 - [STDERR_REDIRECT] [Fatal Error] :1:1: Premature end of file.
2026-10-01 23:57:49,889 [ERROR] LogOutputStream:75 - [STDERR_REDIRECT] 
2026-10-01 23:57:50,888 [ERROR] LogOutputStream:75 - [STDERR_REDIRECT] [Fatal Error] :1:1: Premature end of file.
2026-10-01 23:57:50,888 [ERROR] LogOutputStream:75 - [STDERR_REDIRECT] 
2026-10-01 23:57:51,887 [ERROR] LogOutputStream:75 - [STDERR_REDIRECT] [Fatal Error] :1:1: Premature end of file.
2026-10-01 23:57:51,887 [ERROR] LogOutputStream:75 - [STDERR_REDIRECT] 
2026-10-01 23:57:52,892 [ERROR] LogOutputStream:75 - [STDERR_REDIRECT] [Fatal Error] :1:1: Premature end of file.
2026-10-01 23:57:52,892 [ERROR] LogOutputStream:75 - [STDERR_REDIRECT] 
2026-10-01 23:57:53,889 [ERROR] LogOutputStream:75 - [STDERR_REDIRECT] [Fatal Error] :1:1: Premature end of file.
2026-10-01 23:57:53,889 [ERROR] LogOutputStream:75 - [STDERR_REDIRECT] 
2026-10-01 23:57:54,891 [ERROR] LogOutputStream:75 - [STDERR_REDIRECT] [Fatal Error] :1:1: Premature end of file.
2026-10-01 23:57:54,891 [ERROR] LogOutputStream:75 - [STDERR_REDIRECT] 
2026-10-01 23:57:55,884 [ERROR] LogOutputStream:75 - [STDERR_REDIRECT] [Fatal Error] :1:1: Premature end of file.
2026-10-01 23:57:55,884 [ERROR] LogOutputStream:75 - [STDERR_REDIRECT] 
2026-10-01 23:57:56,887 [ERROR] LogOutputStream:75 - [STDERR_REDIRECT] [Fatal Error] :1:1: Premature end of file.
2026-10-01 23:57:56,888 [ERROR] LogOutputStream:75 - [STDERR_REDIRECT] 
2026-10-01 23:57:57,885 [ERROR] LogOutputStream:75 - [STDERR_REDIRECT] [Fatal Error] :1:1: Premature end of file.
2026-10-01 23:57:57,885 [ERROR] LogOutputStream:75 - [STDERR_REDIRECT] 
2026-10-01 23:57:58,882 [ERROR] LogOutputStream:75 - [STDERR_REDIRECT] [Fatal Error] :1:1: Premature end of file.
2026-10-01 23:57:58,882 [ERROR] LogOutputStream:75 - [STDERR_REDIRECT] 
2026-10-01 23:57:59,885 [ERROR] LogOutputStream:75 - [STDERR_REDIRECT] [Fatal Error] :1:1: Premature end of file.
2026-10-01 23:57:59,885 [ERROR] LogOutputStream:75 - [STDERR_REDIRECT] 
2026-10-01 23:58:00,885 [ERROR] LogOutputStream:75 - [STDERR_REDIRECT] [Fatal Error] :1:1: Premature end of file.
2026-10-01 23:58:00,885 [ERROR] LogOutputStream:75 - [STDERR_REDIRECT] 
2026-10-01 23:58:01,885 [ERROR] LogOutputStream:75 - [STDERR_REDIRECT] [Fatal Error] :1:1: Premature end of file.
2026-10-01 23:58:01,885 [ERROR] LogOutputStream:75 - [STDERR_REDIRECT] 
2026-10-01 23:58:02,889 [ERROR] LogOutputStream:75 - [STDERR_REDIRECT] [Fatal Error] :1:1: Premature end of file.
2026-10-01 23:58:02,889 [ERROR] LogOutputStream:75 - [STDERR_REDIRECT] 
2026-10-01 23:58:03,892 [ERROR] LogOutputStream:75 - [STDERR_REDIRECT] [Fatal Error] :1:1: Premature end of file.
2026-10-01 23:58:03,893 [ERROR] LogOutputStream:75 - [STDERR_REDIRECT] 
2026-10-01 23:58:04,885 [ERROR] LogOutputStream:75 - [STDERR_REDIRECT] [Fatal Error] :1:1: Premature end of file.
2026-10-01 23:58:04,885 [ERROR] LogOutputStream:75 - [STDERR_REDIRECT] 
2026-10-01 23:58:05,881 [ERROR] LogOutputStream:75 - [STDERR_REDIRECT] [Fatal Error] :1:1: Premature end of file.
2026-10-01 23:58:05,881 [ERROR] LogOutputStream:75 - [STDERR_REDIRECT] 
2026-10-01 23:58:06,891 [ERROR] LogOutputStream:75 - [STDERR_REDIRECT] [Fatal Error] :1:1: Premature end of file.
2026-10-01 23:58:06,891 [ERROR] LogOutputStream:75 - [STDERR_REDIRECT] 
2026-10-01 23:58:07,891 [ERROR] LogOutputStream:75 - [STDERR_REDIRECT] [Fatal Error] :1:1: Premature end of file.
2026-10-01 23:58:07,891 [ERROR] LogOutputStream:75 - [STDERR_REDIRECT] 
2026-10-01 23:58:08,892 [ERROR] LogOutputStream:75 - [STDERR_REDIRECT] [Fatal Error] :1:1: Premature end of file.
2026-10-01 23:58:08,892 [ERROR] LogOutputStream:75 - [STDERR_REDIRECT] 
2026-10-01 23:58:09,890 [ERROR] LogOutputStream:75 - [STDERR_REDIRECT] [Fatal Error] :1:1: Premature end of file.
2026-10-01 23:58:09,890 [ERROR] LogOutputStream:75 - [STDERR_REDIRECT] 
2026-10-01 23:58:10,887 [ERROR] LogOutputStream:75 - [STDERR_REDIRECT] [Fatal Error] :1:1: Premature end of file.
2026-10-01 23:58:10,887 [ERROR] LogOutputStream:75 - [STDERR_REDIRECT] 
2026-10-01 23:58:11,891 [ERROR] LogOutputStream:75 - [STDERR_REDIRECT] [Fatal Error] :1:1: Premature end of file.
2026-10-01 23:58:11,891 [ERROR] LogOutputStream:75 - [STDERR_REDIRECT] 
2026-10-01 23:58:12,889 [ERROR] LogOutputStream:75 - [STDERR_REDIRECT] [Fatal Error] :1:1: Premature end of file.
2026-10-01 23:58:12,889 [ERROR] LogOutputStream:75 - [STDERR_REDIRECT] 
2026-10-01 23:58:13,888 [ERROR] LogOutputStream:75 - [STDERR_REDIRECT] [Fatal Error] :1:1: Premature end of file.
2026-10-01 23:58:13,888 [ERROR] LogOutputStream:75 - [STDERR_REDIRECT] 
2026-10-01 23:58:14,888 [ERROR] LogOutputStream:75 - [STDERR_REDIRECT] [Fatal Error] :1:1: Premature end of file.
2026-10-01 23:58:14,888 [ERROR] LogOutputStream:75 - [STDERR_REDIRECT] 
2026-10-01 23:58:15,889 [ERROR] LogOutputStream:75 - [STDERR_REDIRECT] [Fatal Error] :1:1: Premature end of file.
2026-10-01 23:58:15,889 [ERROR] LogOutputStream:75 - [STDERR_REDIRECT] 
2026-10-01 23:58:16,882 [ERROR] LogOutputStream:75 - [STDERR_REDIRECT] [Fatal Error] :1:1: Premature end of file.
2026-10-01 23:58:16,882 [ERROR] LogOutputStream:75 - [STDERR_REDIRECT] 
2026-10-01 23:58:17,888 [ERROR] LogOutputStream:75 - [STDERR_REDIRECT] [Fatal Error] :1:1: Premature end of file.
2026-10-01 23:58:17,888 [ERROR] LogOutputStream:75 - [STDERR_REDIRECT] 
2026-10-01 23:58:18,888 [ERROR] LogOutputStream:75 - [STDERR_REDIRECT] [Fatal Error] :1:1: Premature end of file.
2026-10-01 23:58:18,889 [ERROR] LogOutputStream:75 - [STDERR_REDIRECT] 
2026-10-01 23:58:19,888 [ERROR] LogOutputStream:75 - [STDERR_REDIRECT] [Fatal Error] :1:1: Premature end of file.
2026-10-01 23:58:19,888 [ERROR] LogOutputStream:75 - [STDERR_REDIRECT] 
2026-10-01 23:58:20,882 [ERROR] LogOutputStream:75 - [STDERR_REDIRECT] [Fatal Error] :1:1: Premature end of file.
2026-10-01 23:58:20,882 [ERROR] LogOutputStream:75 - [STDERR_REDIRECT] 
2026-10-01 23:58:21,890 [ERROR] LogOutputStream:75 - [STDERR_REDIRECT] [Fatal Error] :1:1: Premature end of file.
2026-10-01 23:58:21,890 [ERROR] LogOutputStream:75 - [STDERR_REDIRECT] 
2026-10-01 23:58:22,886 [ERROR] LogOutputStream:75 - [STDERR_REDIRECT] [Fatal Error] :1:1: Premature end of file.
2026-10-01 23:58:22,886 [ERROR] LogOutputStream:75 - [STDERR_REDIRECT] 
2026-10-01 23:58:23,888 [ERROR] LogOutputStream:75 - [STDERR_REDIRECT] [Fatal Error] :1:1: Premature end of file.
2026-10-01 23:58:23,888 [ERROR] LogOutputStream:75 - [STDERR_REDIRECT] 
2026-10-01 23:58:24,887 [ERROR] LogOutputStream:75 - [STDERR_REDIRECT] [Fatal Error] :1:1: Premature end of file.
2026-10-01 23:58:24,898 [ERROR] LogOutputStream:75 - [STDERR_REDIRECT] 
2026-10-01 23:58:25,877 [ERROR] LogOutputStream:75 - [STDERR_REDIRECT] [Fatal Error] :1:1: Premature end of file.
2026-10-01 23:58:25,878 [ERROR] LogOutputStream:75 - [STDERR_REDIRECT] 
2026-10-01 23:58:26,889 [ERROR] LogOutputStream:75 - [STDERR_REDIRECT] [Fatal Error] :1:1: Premature end of file.
2026-10-01 23:58:26,889 [ERROR] LogOutputStream:75 - [STDERR_REDIRECT] 
2026-10-01 23:58:27,893 [ERROR] LogOutputStream:75 - [STDERR_REDIRECT] [Fatal Error] :1:1: Premature end of file.
2026-10-01 23:58:27,893 [ERROR] LogOutputStream:75 - [STDERR_REDIRECT] 
2026-10-01 23:58:28,887 [ERROR] LogOutputStream:75 - [STDERR_REDIRECT] [Fatal Error] :1:1: Premature end of file.
2026-10-01 23:58:28,887 [ERROR] LogOutputStream:75 - [STDERR_REDIRECT] 
2026-10-01 23:58:29,890 [ERROR] LogOutputStream:75 - [STDERR_REDIRECT] [Fatal Error] :1:1: Premature end of file.
2026-10-01 23:58:29,891 [ERROR] LogOutputStream:75 - [STDERR_REDIRECT] 
2026-10-01 23:58:30,884 [ERROR] LogOutputStream:75 - [STDERR_REDIRECT] [Fatal Error] :1:1: Premature end of file.
2026-10-01 23:58:30,885 [ERROR] LogOutputStream:75 - [STDERR_REDIRECT] 
2026-10-01 23:58:31,891 [ERROR] LogOutputStream:75 - [STDERR_REDIRECT] [Fatal Error] :1:1: Premature end of file.
2026-10-01 23:58:31,891 [ERROR] LogOutputStream:75 - [STDERR_REDIRECT] 
2026-10-01 23:58:32,886 [ERROR] LogOutputStream:75 - [STDERR_REDIRECT] [Fatal Error] :1:1: Premature end of file.
2026-10-01 23:58:32,887 [ERROR] LogOutputStream:75 - [STDERR_REDIRECT] 
2026-10-01 23:58:33,896 [ERROR] LogOutputStream:75 - [STDERR_REDIRECT] [Fatal Error] :1:1: Premature end of file.
2026-10-01 23:58:33,897 [ERROR] LogOutputStream:75 - [STDERR_REDIRECT] 
2026-10-01 23:58:34,887 [ERROR] LogOutputStream:75 - [STDERR_REDIRECT] [Fatal Error] :1:1: Premature end of file.
2026-10-01 23:58:34,887 [ERROR] LogOutputStream:75 - [STDERR_REDIRECT] 
2026-10-01 23:58:35,887 [ERROR] LogOutputStream:75 - [STDERR_REDIRECT] [Fatal Error] :1:1: Premature end of file.
2026-10-01 23:58:35,887 [ERROR] LogOutputStream:75 - [STDERR_REDIRECT] 
2026-10-01 23:58:36,889 [ERROR] LogOutputStream:75 - [STDERR_REDIRECT] [Fatal Error] :1:1: Premature end of file.
2026-10-01 23:58:36,889 [ERROR] LogOutputStream:75 - [STDERR_REDIRECT] 
2026-10-01 23:58:37,888 [ERROR] LogOutputStream:75 - [STDERR_REDIRECT] [Fatal Error] :1:1: Premature end of file.
2026-10-01 23:58:37,888 [ERROR] LogOutputStream:75 - [STDERR_REDIRECT] 
2026-10-01 23:58:38,888 [ERROR] LogOutputStream:75 - [STDERR_REDIRECT] [Fatal Error] :1:1: Premature end of file.
2026-10-01 23:58:38,888 [ERROR] LogOutputStream:75 - [STDERR_REDIRECT] 
2026-10-01 23:58:39,891 [ERROR] LogOutputStream:75 - [STDERR_REDIRECT] [Fatal Error] :1:1: Premature end of file.
2026-10-01 23:58:39,891 [ERROR] LogOutputStream:75 - [STDERR_REDIRECT] 
2026-10-01 23:58:40,884 [ERROR] LogOutputStream:75 - [STDERR_REDIRECT] [Fatal Error] :1:1: Premature end of file.
2026-10-01 23:58:40,884 [ERROR] LogOutputStream:75 - [STDERR_REDIRECT] 
2026-10-01 23:58:41,885 [ERROR] LogOutputStream:75 - [STDERR_REDIRECT] [Fatal Error] :1:1: Premature end of file.
2026-10-01 23:58:41,885 [ERROR] LogOutputStream:75 - [STDERR_REDIRECT] 
2026-10-01 23:58:42,875 [ERROR] LogOutputStream:75 - [STDERR_REDIRECT] [Fatal Error] :1:1: Premature end of file.
2026-10-01 23:58:42,875 [ERROR] LogOutputStream:75 - [STDERR_REDIRECT] 
2026-10-01 23:58:43,890 [ERROR] LogOutputStream:75 - [STDERR_REDIRECT] [Fatal Error] :1:1: Premature end of file.
2026-10-01 23:58:43,890 [ERROR] LogOutputStream:75 - [STDERR_REDIRECT] 
2026-10-01 23:58:44,884 [ERROR] LogOutputStream:75 - [STDERR_REDIRECT] [Fatal Error] :1:1: Premature end of file.
2026-10-01 23:58:44,884 [ERROR] LogOutputStream:75 - [STDERR_REDIRECT] 
2026-10-01 23:58:45,875 [ERROR] LogOutputStream:75 - [STDERR_REDIRECT] [Fatal Error] :1:1: Premature end of file.
2026-10-01 23:58:45,876 [ERROR] LogOutputStream:75 - [STDERR_REDIRECT] 
2026-10-01 23:58:46,891 [ERROR] LogOutputStream:75 - [STDERR_REDIRECT] [Fatal Error] :1:1: Premature end of file.
2026-10-01 23:58:46,891 [ERROR] LogOutputStream:75 - [STDERR_REDIRECT] 
2026-10-01 23:58:47,889 [ERROR] LogOutputStream:75 - [STDERR_REDIRECT] [Fatal Error] :1:1: Premature end of file.
2026-10-01 23:58:47,889 [ERROR] LogOutputStream:75 - [STDERR_REDIRECT] 
2026-10-01 23:58:48,890 [ERROR] LogOutputStream:75 - [STDERR_REDIRECT] [Fatal Error] :1:1: Premature end of file.
2026-10-01 23:58:48,890 [ERROR] LogOutputStream:75 - [STDERR_REDIRECT] 
2026-10-01 23:58:49,885 [ERROR] LogOutputStream:75 - [STDERR_REDIRECT] [Fatal Error] :1:1: Premature end of file.
2026-10-01 23:58:49,885 [ERROR] LogOutputStream:75 - [STDERR_REDIRECT] 
2026-10-01 23:58:50,880 [ERROR] LogOutputStream:75 - [STDERR_REDIRECT] [Fatal Error] :1:1: Premature end of file.
2026-10-01 23:58:50,881 [ERROR] LogOutputStream:75 - [STDERR_REDIRECT] 
2026-10-01 23:58:51,888 [ERROR] LogOutputStream:75 - [STDERR_REDIRECT] [Fatal Error] :1:1: Premature end of file.
2026-10-01 23:58:51,888 [ERROR] LogOutputStream:75 - [STDERR_REDIRECT] 
2026-10-01 23:58:52,885 [ERROR] LogOutputStream:75 - [STDERR_REDIRECT] [Fatal Error] :1:1: Premature end of file.
2026-10-01 23:58:52,885 [ERROR] LogOutputStream:75 - [STDERR_REDIRECT] 
2026-10-01 23:58:53,886 [ERROR] LogOutputStream:75 - [STDERR_REDIRECT] [Fatal Error] :1:1: Premature end of file.
2026-10-01 23:58:53,886 [ERROR] LogOutputStream:75 - [STDERR_REDIRECT] 
2026-10-01 23:58:54,886 [ERROR] LogOutputStream:75 - [STDERR_REDIRECT] [Fatal Error] :1:1: Premature end of file.
2026-10-01 23:58:54,886 [ERROR] LogOutputStream:75 - [STDERR_REDIRECT] 
2026-10-01 23:58:55,891 [ERROR] LogOutputStream:75 - [STDERR_REDIRECT] [Fatal Error] :1:1: Premature end of file.
2026-10-01 23:58:55,891 [ERROR] LogOutputStream:75 - [STDERR_REDIRECT] 
2026-10-01 23:58:56,893 [ERROR] LogOutputStream:75 - [STDERR_REDIRECT] [Fatal Error] :1:1: Premature end of file.
2026-10-01 23:58:56,893 [ERROR] LogOutputStream:75 - [STDERR_REDIRECT] 
2026-10-01 23:58:57,901 [ERROR] LogOutputStream:75 - [STDERR_REDIRECT] [Fatal Error] :1:1: Premature end of file.
2026-10-01 23:58:57,901 [ERROR] LogOutputStream:75 - [STDERR_REDIRECT] 
2026-10-01 23:58:58,934 [ERROR] LogOutputStream:75 - [STDERR_REDIRECT] [Fatal Error] :1:1: Premature end of file.
2026-10-01 23:58:58,934 [ERROR] LogOutputStream:75 - [STDERR_REDIRECT] 
2026-10-01 23:58:59,898 [ERROR] LogOutputStream:75 - [STDERR_REDIRECT] [Fatal Error] :1:1: Premature end of file.
2026-10-01 23:58:59,898 [ERROR] LogOutputStream:75 - [STDERR_REDIRECT] 
2026-10-01 23:59:00,904 [ERROR] LogOutputStream:75 - [STDERR_REDIRECT] [Fatal Error] :1:1: Premature end of file.
2026-10-01 23:59:00,904 [ERROR] LogOutputStream:75 - [STDERR_REDIRECT] 
2026-10-01 23:59:01,899 [ERROR] LogOutputStream:75 - [STDERR_REDIRECT] [Fatal Error] :1:1: Premature end of file.
2026-10-01 23:59:01,899 [ERROR] LogOutputStream:75 - [STDERR_REDIRECT] 
2026-10-01 23:59:02,916 [ERROR] LogOutputStream:75 - [STDERR_REDIRECT] [Fatal Error] :1:1: Premature end of file.
2026-10-01 23:59:02,916 [ERROR] LogOutputStream:75 - [STDERR_REDIRECT] 
2026-10-01 23:59:03,889 [ERROR] LogOutputStream:75 - [STDERR_REDIRECT] [Fatal Error] :1:1: Premature end of file.
2026-10-01 23:59:03,889 [ERROR] LogOutputStream:75 - [STDERR_REDIRECT] 
2026-10-01 23:59:04,879 [ERROR] LogOutputStream:75 - [STDERR_REDIRECT] [Fatal Error] :1:1: Premature end of file.
2026-10-01 23:59:04,879 [ERROR] LogOutputStream:75 - [STDERR_REDIRECT] 
2026-10-01 23:59:05,899 [ERROR] LogOutputStream:75 - [STDERR_REDIRECT] [Fatal Error] :1:1: Premature end of file.
2026-10-01 23:59:05,899 [ERROR] LogOutputStream:75 - [STDERR_REDIRECT] 
2026-10-01 23:59:06,894 [ERROR] LogOutputStream:75 - [STDERR_REDIRECT] [Fatal Error] :1:1: Premature end of file.
2026-10-01 23:59:06,894 [ERROR] LogOutputStream:75 - [STDERR_REDIRECT] 
2026-10-01 23:59:07,894 [ERROR] LogOutputStream:75 - [STDERR_REDIRECT] [Fatal Error] :1:1: Premature end of file.
2026-10-01 23:59:07,894 [ERROR] LogOutputStream:75 - [STDERR_REDIRECT] 
2026-10-01 23:59:08,901 [ERROR] LogOutputStream:75 - [STDERR_REDIRECT] [Fatal Error] :1:1: Premature end of file.
2026-10-01 23:59:08,901 [ERROR] LogOutputStream:75 - [STDERR_REDIRECT] 
2026-10-01 23:59:09,900 [ERROR] LogOutputStream:75 - [STDERR_REDIRECT] [Fatal Error] :1:1: Premature end of file.
2026-10-01 23:59:09,901 [ERROR] LogOutputStream:75 - [STDERR_REDIRECT] 
2026-10-01 23:59:10,895 [ERROR] LogOutputStream:75 - [STDERR_REDIRECT] [Fatal Error] :1:1: Premature end of file.
2026-10-01 23:59:10,895 [ERROR] LogOutputStream:75 - [STDERR_REDIRECT] 
2026-10-01 23:59:11,903 [ERROR] LogOutputStream:75 - [STDERR_REDIRECT] [Fatal Error] :1:1: Premature end of file.
2026-10-01 23:59:11,903 [ERROR] LogOutputStream:75 - [STDERR_REDIRECT] 
2026-10-01 23:59:12,895 [ERROR] LogOutputStream:75 - [STDERR_REDIRECT] [Fatal Error] :1:1: Premature end of file.
2026-10-01 23:59:12,895 [ERROR] LogOutputStream:75 - [STDERR_REDIRECT] 
2026-10-01 23:59:13,886 [ERROR] LogOutputStream:75 - [STDERR_REDIRECT] [Fatal Error] :1:1: Premature end of file.
2026-10-01 23:59:13,886 [ERROR] LogOutputStream:75 - [STDERR_REDIRECT] 
2026-10-01 23:59:14,895 [ERROR] LogOutputStream:75 - [STDERR_REDIRECT] [Fatal Error] :1:1: Premature end of file.
2026-10-01 23:59:14,895 [ERROR] LogOutputStream:75 - [STDERR_REDIRECT] 
2026-10-01 23:59:15,895 [ERROR] LogOutputStream:75 - [STDERR_REDIRECT] [Fatal Error] :1:1: Premature end of file.
2026-10-01 23:59:15,895 [ERROR] LogOutputStream:75 - [STDERR_REDIRECT] 
2026-10-01 23:59:16,890 [ERROR] LogOutputStream:75 - [STDERR_REDIRECT] [Fatal Error] :1:1: Premature end of file.
2026-10-01 23:59:16,890 [ERROR] LogOutputStream:75 - [STDERR_REDIRECT] 
2026-10-01 23:59:17,990 [ERROR] LogOutputStream:75 - [STDERR_REDIRECT] [Fatal Error] :1:1: Premature end of file.
2026-10-01 23:59:17,990 [ERROR] LogOutputStream:75 - [STDERR_REDIRECT] 
2026-10-01 23:59:18,898 [ERROR] LogOutputStream:75 - [STDERR_REDIRECT] [Fatal Error] :1:1: Premature end of file.
2026-10-01 23:59:18,898 [ERROR] LogOutputStream:75 - [STDERR_REDIRECT] 
2026-10-01 23:59:19,892 [ERROR] LogOutputStream:75 - [STDERR_REDIRECT] [Fatal Error] :1:1: Premature end of file.
2026-10-01 23:59:19,892 [ERROR] LogOutputStream:75 - [STDERR_REDIRECT] 
2026-10-01 23:59:20,893 [ERROR] LogOutputStream:75 - [STDERR_REDIRECT] [Fatal Error] :1:1: Premature end of file.
2026-10-01 23:59:20,893 [ERROR] LogOutputStream:75 - [STDERR_REDIRECT] 
2026-10-01 23:59:21,902 [ERROR] LogOutputStream:75 - [STDERR_REDIRECT] [Fatal Error] :1:1: Premature end of file.
2026-10-01 23:59:21,902 [ERROR] LogOutputStream:75 - [STDERR_REDIRECT] 
2026-10-01 23:59:22,891 [ERROR] LogOutputStream:75 - [STDERR_REDIRECT] [Fatal Error] :1:1: Premature end of file.
2026-10-01 23:59:22,891 [ERROR] LogOutputStream:75 - [STDERR_REDIRECT] 
2026-10-01 23:59:23,888 [ERROR] LogOutputStream:75 - [STDERR_REDIRECT] [Fatal Error] :1:1: Premature end of file.
2026-10-01 23:59:23,888 [ERROR] LogOutputStream:75 - [STDERR_REDIRECT] 
2026-10-01 23:59:24,900 [ERROR] LogOutputStream:75 - [STDERR_REDIRECT] [Fatal Error] :1:1: Premature end of file.
2026-10-01 23:59:24,900 [ERROR] LogOutputStream:75 - [STDERR_REDIRECT] 
2026-10-01 23:59:25,897 [ERROR] LogOutputStream:75 - [STDERR_REDIRECT] [Fatal Error] :1:1: Premature end of file.
2026-10-01 23:59:25,897 [ERROR] LogOutputStream:75 - [STDERR_REDIRECT] 
2026-10-01 23:59:26,899 [ERROR] LogOutputStream:75 - [STDERR_REDIRECT] [Fatal Error] :1:1: Premature end of file.
2026-10-01 23:59:26,899 [ERROR] LogOutputStream:75 - [STDERR_REDIRECT] 
2026-10-01 23:59:27,902 [ERROR] LogOutputStream:75 - [STDERR_REDIRECT] [Fatal Error] :1:1: Premature end of file.
2026-10-01 23:59:27,903 [ERROR] LogOutputStream:75 - [STDERR_REDIRECT] 
2026-10-01 23:59:28,902 [ERROR] LogOutputStream:75 - [STDERR_REDIRECT] [Fatal Error] :1:1: Premature end of file.
2026-10-01 23:59:28,902 [ERROR] LogOutputStream:75 - [STDERR_REDIRECT] 
2026-10-01 23:59:29,894 [ERROR] LogOutputStream:75 - [STDERR_REDIRECT] [Fatal Error] :1:1: Premature end of file.
2026-10-01 23:59:29,894 [ERROR] LogOutputStream:75 - [STDERR_REDIRECT] 
2026-10-01 23:59:30,919 [ERROR] LogOutputStream:75 - [STDERR_REDIRECT] [Fatal Error] :1:1: Premature end of file.
2026-10-01 23:59:30,919 [ERROR] LogOutputStream:75 - [STDERR_REDIRECT] 
2026-10-01 23:59:31,893 [ERROR] LogOutputStream:75 - [STDERR_REDIRECT] [Fatal Error] :1:1: Premature end of file.
2026-10-01 23:59:31,906 [ERROR] LogOutputStream:75 - [STDERR_REDIRECT] 
2026-10-01 23:59:32,900 [ERROR] LogOutputStream:75 - [STDERR_REDIRECT] [Fatal Error] :1:1: Premature end of file.
2026-10-01 23:59:32,900 [ERROR] LogOutputStream:75 - [STDERR_REDIRECT] 
2026-10-01 23:59:33,882 [ERROR] LogOutputStream:75 - [STDERR_REDIRECT] [Fatal Error] :1:1: Premature end of file.
2026-10-01 23:59:33,882 [ERROR] LogOutputStream:75 - [STDERR_REDIRECT] 
2026-10-01 23:59:35,217 [ERROR] LogOutputStream:75 - [STDERR_REDIRECT] [Fatal Error] :1:1: Premature end of file.
2026-10-01 23:59:35,218 [ERROR] LogOutputStream:75 - [STDERR_REDIRECT] 
2026-10-01 23:59:35,898 [ERROR] LogOutputStream:75 - [STDERR_REDIRECT] [Fatal Error] :1:1: Premature end of file.
2026-10-01 23:59:35,898 [ERROR] LogOutputStream:75 - [STDERR_REDIRECT] 
2026-10-01 23:59:36,887 [ERROR] LogOutputStream:75 - [STDERR_REDIRECT] [Fatal Error] :1:1: Premature end of file.
2026-10-01 23:59:36,887 [ERROR] LogOutputStream:75 - [STDERR_REDIRECT] 
2026-10-01 23:59:38,004 [ERROR] LogOutputStream:75 - [STDERR_REDIRECT] [Fatal Error] :1:1: Premature end of file.
2026-10-01 23:59:38,004 [ERROR] LogOutputStream:75 - [STDERR_REDIRECT] 
2026-10-01 23:59:38,887 [ERROR] LogOutputStream:75 - [STDERR_REDIRECT] [Fatal Error] :1:1: Premature end of file.
2026-10-01 23:59:38,887 [ERROR] LogOutputStream:75 - [STDERR_REDIRECT] 
2026-10-01 23:59:39,902 [ERROR] LogOutputStream:75 - [STDERR_REDIRECT] [Fatal Error] :1:1: Premature end of file.
2026-10-01 23:59:39,904 [ERROR] LogOutputStream:75 - [STDERR_REDIRECT] 
2026-10-01 23:59:40,901 [ERROR] LogOutputStream:75 - [STDERR_REDIRECT] [Fatal Error] :1:1: Premature end of file.
2026-10-01 23:59:40,901 [ERROR] LogOutputStream:75 - [STDERR_REDIRECT] 
2026-10-01 23:59:41,899 [ERROR] LogOutputStream:75 - [STDERR_REDIRECT] [Fatal Error] :1:1: Premature end of file.
2026-10-01 23:59:41,899 [ERROR] LogOutputStream:75 - [STDERR_REDIRECT] 
2026-10-01 23:59:42,873 [ERROR] LogOutputStream:75 - [STDERR_REDIRECT] [Fatal Error] :1:1: Premature end of file.
2026-10-01 23:59:42,873 [ERROR] LogOutputStream:75 - [STDERR_REDIRECT] 
2026-10-01 23:59:43,899 [ERROR] LogOutputStream:75 - [STDERR_REDIRECT] [Fatal Error] :1:1: Premature end of file.
2026-10-01 23:59:43,899 [ERROR] LogOutputStream:75 - [STDERR_REDIRECT] 
2026-10-01 23:59:44,905 [ERROR] LogOutputStream:75 - [STDERR_REDIRECT] [Fatal Error] :1:1: Premature end of file.
2026-10-01 23:59:44,905 [ERROR] LogOutputStream:75 - [STDERR_REDIRECT] 
2026-10-01 23:59:45,896 [ERROR] LogOutputStream:75 - [STDERR_REDIRECT] [Fatal Error] :1:1: Premature end of file.
2026-10-01 23:59:45,896 [ERROR] LogOutputStream:75 - [STDERR_REDIRECT] 
2026-10-01 23:59:46,898 [ERROR] LogOutputStream:75 - [STDERR_REDIRECT] [Fatal Error] :1:1: Premature end of file.
2026-10-01 23:59:46,899 [ERROR] LogOutputStream:75 - [STDERR_REDIRECT] 
2026-10-01 23:59:47,892 [ERROR] LogOutputStream:75 - [STDERR_REDIRECT] [Fatal Error] :1:1: Premature end of file.
2026-10-01 23:59:47,892 [ERROR] LogOutputStream:75 - [STDERR_REDIRECT] 
2026-10-01 23:59:48,886 [ERROR] LogOutputStream:75 - [STDERR_REDIRECT] [Fatal Error] :1:1: Premature end of file.
2026-10-01 23:59:48,886 [ERROR] LogOutputStream:75 - [STDERR_REDIRECT] 
2026-10-01 23:59:49,883 [ERROR] LogOutputStream:75 - [STDERR_REDIRECT] [Fatal Error] :1:1: Premature end of file.
2026-10-01 23:59:49,883 [ERROR] LogOutputStream:75 - [STDERR_REDIRECT] 
2026-10-01 23:59:50,886 [ERROR] LogOutputStream:75 - [STDERR_REDIRECT] [Fatal Error] :1:1: Premature end of file.
2026-10-01 23:59:50,886 [ERROR] LogOutputStream:75 - [STDERR_REDIRECT] 
2026-10-01 23:59:51,899 [ERROR] LogOutputStream:75 - [STDERR_REDIRECT] [Fatal Error] :1:1: Premature end of file.
2026-10-01 23:59:51,899 [ERROR] LogOutputStream:75 - [STDERR_REDIRECT] 
2026-10-01 23:59:52,889 [ERROR] LogOutputStream:75 - [STDERR_REDIRECT] [Fatal Error] :1:1: Premature end of file.
2026-10-01 23:59:52,889 [ERROR] LogOutputStream:75 - [STDERR_REDIRECT] 
2026-10-01 23:59:53,890 [ERROR] LogOutputStream:75 - [STDERR_REDIRECT] [Fatal Error] :1:1: Premature end of file.
2026-10-01 23:59:53,890 [ERROR] LogOutputStream:75 - [STDERR_REDIRECT] 
2026-10-01 23:59:54,900 [ERROR] LogOutputStream:75 - [STDERR_REDIRECT] [Fatal Error] :1:1: Premature end of file.
2026-10-01 23:59:54,900 [ERROR] LogOutputStream:75 - [STDERR_REDIRECT] 
2026-10-01 23:59:55,890 [ERROR] LogOutputStream:75 - [STDERR_REDIRECT] [Fatal Error] :1:1: Premature end of file.
2026-10-01 23:59:55,890 [ERROR] LogOutputStream:75 - [STDERR_REDIRECT] 
2026-10-01 23:59:56,895 [ERROR] LogOutputStream:75 - [STDERR_REDIRECT] [Fatal Error] :1:1: Premature end of file.
2026-10-01 23:59:56,895 [ERROR] LogOutputStream:75 - [STDERR_REDIRECT] 
2026-10-01 23:59:57,886 [ERROR] LogOutputStream:75 - [STDERR_REDIRECT] [Fatal Error] :1:1: Premature end of file.
2026-10-01 23:59:57,886 [ERROR] LogOutputStream:75 - [STDERR_REDIRECT] 
2026-10-01 23:59:58,896 [ERROR] LogOutputStream:75 - [STDERR_REDIRECT] [Fatal Error] :1:1: Premature end of file.
2026-10-01 23:59:58,897 [ERROR] LogOutputStream:75 - [STDERR_REDIRECT] 
2026-10-01 23:59:59,903 [ERROR] LogOutputStream:75 - [STDERR_REDIRECT] [Fatal Error] :1:1: Premature end of file.
2026-10-01 23:59:59,903 [ERROR] LogOutputStream:75 - [STDERR_REDIRECT] 
